{
  "type": "FeatureCollection",
  "features": [
    {
      "type": "Feature",
      "properties": {
        "id": "osm-node-1926277346",
        "name": "新宿",
        "aliases": [
          "M08"
        ],
        "source": [
          "OpenStreetMap"
        ],
        "source_url": [
          "https://www.openstreetmap.org/node/1926277346"
        ],
        "license": "ODbL 1.0",
        "checked": "2026-08-27",
        "confidence": "high",
        "note": "Current-geography OSM extract; this is not evidence of a historical alignment.",
        "type": "station",
        "osm_id": 1926277346
      },
      "geometry": {
        "type": "Point",
        "coordinates": [
          139.7006009,
          35.6922273
        ]
      }
    },
    {
      "type": "Feature",
      "properties": {
        "id": "osm-node-2389061844",
        "name": "新宿",
        "aliases": [
          "SJK"
        ],
        "source": [
          "OpenStreetMap"
        ],
        "source_url": [
          "https://www.openstreetmap.org/node/2389061844"
        ],
        "license": "ODbL 1.0",
        "checked": "2026-08-27",
        "confidence": "high",
        "note": "Current-geography OSM extract; this is not evidence of a historical alignment.",
        "type": "station",
        "osm_id": 2389061844
      },
      "geometry": {
        "type": "Point",
        "coordinates": [
          139.7005142,
          35.6902618
        ]
      }
    },
    {
      "type": "Feature",
      "properties": {
        "id": "osm-node-2389061846",
        "name": "新宿",
        "aliases": [
          "OH01"
        ],
        "source": [
          "OpenStreetMap"
        ],
        "source_url": [
          "https://www.openstreetmap.org/node/2389061846"
        ],
        "license": "ODbL 1.0",
        "checked": "2026-08-27",
        "confidence": "high",
        "note": "Current-geography OSM extract; this is not evidence of a historical alignment.",
        "type": "station",
        "osm_id": 2389061846
      },
      "geometry": {
        "type": "Point",
        "coordinates": [
          139.6996243,
          35.6902156
        ]
      }
    },
    {
      "type": "Feature",
      "properties": {
        "id": "osm-node-2389826024",
        "name": "新宿",
        "aliases": [],
        "source": [
          "OpenStreetMap"
        ],
        "source_url": [
          "https://www.openstreetmap.org/node/2389826024"
        ],
        "license": "ODbL 1.0",
        "checked": "2026-08-27",
        "confidence": "high",
        "note": "Current-geography OSM extract; this is not evidence of a historical alignment.",
        "type": "station",
        "osm_id": 2389826024
      },
      "geometry": {
        "type": "Point",
        "coordinates": [
          139.6990749,
          35.6883635
        ]
      }
    },
    {
      "type": "Feature",
      "properties": {
        "id": "osm-node-2822191201",
        "name": "四ツ谷",
        "aliases": [
          "M12"
        ],
        "source": [
          "OpenStreetMap"
        ],
        "source_url": [
          "https://www.openstreetmap.org/node/2822191201"
        ],
        "license": "ODbL 1.0",
        "checked": "2026-08-27",
        "confidence": "high",
        "note": "Current-geography OSM extract; this is not evidence of a historical alignment.",
        "type": "station",
        "osm_id": 2822191201
      },
      "geometry": {
        "type": "Point",
        "coordinates": [
          139.7299237,
          35.6849915
        ]
      }
    },
    {
      "type": "Feature",
      "properties": {
        "id": "osm-node-4406983223",
        "name": "四ツ谷",
        "aliases": [],
        "source": [
          "OpenStreetMap"
        ],
        "source_url": [
          "https://www.openstreetmap.org/node/4406983223"
        ],
        "license": "ODbL 1.0",
        "checked": "2026-08-27",
        "confidence": "high",
        "note": "Current-geography OSM extract; this is not evidence of a historical alignment.",
        "type": "station",
        "osm_id": 4406983223
      },
      "geometry": {
        "type": "Point",
        "coordinates": [
          139.7306162,
          35.6860348
        ]
      }
    },
    {
      "type": "Feature",
      "properties": {
        "id": "osm-node-5392079473",
        "name": "四ツ谷",
        "aliases": [],
        "source": [
          "OpenStreetMap"
        ],
        "source_url": [
          "https://www.openstreetmap.org/node/5392079473"
        ],
        "license": "ODbL 1.0",
        "checked": "2026-08-27",
        "confidence": "high",
        "note": "Current-geography OSM extract; this is not evidence of a historical alignment.",
        "type": "station",
        "osm_id": 5392079473
      },
      "geometry": {
        "type": "Point",
        "coordinates": [
          139.7295015,
          35.6855979
        ]
      }
    },
    {
      "type": "Feature",
      "properties": {
        "id": "osm-node-6283384525",
        "name": "新宿",
        "aliases": [
          "KO01"
        ],
        "source": [
          "OpenStreetMap"
        ],
        "source_url": [
          "https://www.openstreetmap.org/node/6283384525"
        ],
        "license": "ODbL 1.0",
        "checked": "2026-08-27",
        "confidence": "high",
        "note": "Current-geography OSM extract; this is not evidence of a historical alignment.",
        "type": "station",
        "osm_id": 6283384525
      },
      "geometry": {
        "type": "Point",
        "coordinates": [
          139.6991102,
          35.6905828
        ]
      }
    },
    {
      "type": "Feature",
      "properties": {
        "id": "osm-node-7892696573",
        "name": "高井戸",
        "aliases": [
          "IN12"
        ],
        "source": [
          "OpenStreetMap"
        ],
        "source_url": [
          "https://www.openstreetmap.org/node/7892696573"
        ],
        "license": "ODbL 1.0",
        "checked": "2026-08-27",
        "confidence": "high",
        "note": "Current-geography OSM extract; this is not evidence of a historical alignment.",
        "type": "station",
        "osm_id": 7892696573
      },
      "geometry": {
        "type": "Point",
        "coordinates": [
          139.6149498,
          35.683248
        ]
      }
    },
    {
      "type": "Feature",
      "properties": {
        "id": "osm-way-19020758",
        "name": "甲州街道",
        "aliases": [
          "20"
        ],
        "source": [
          "OpenStreetMap"
        ],
        "source_url": [
          "https://www.openstreetmap.org/way/19020758"
        ],
        "license": "ODbL 1.0",
        "checked": "2026-08-27",
        "confidence": "high",
        "note": "Current-geography OSM extract; this is not evidence of a historical alignment.",
        "type": "road",
        "osm_id": 19020758,
        "ref": "20"
      },
      "geometry": {
        "type": "LineString",
        "coordinates": [
          [
            139.6965518,
            35.6877417
          ],
          [
            139.6967952,
            35.687842
          ],
          [
            139.6977205,
            35.6881887
          ],
          [
            139.6978604,
            35.6882412
          ],
          [
            139.6985254,
            35.688486
          ],
          [
            139.698699,
            35.6885573
          ],
          [
            139.6987493,
            35.688578
          ],
          [
            139.6989409,
            35.688652
          ]
        ]
      }
    },
    {
      "type": "Feature",
      "properties": {
        "id": "osm-way-23044319",
        "name": "新宿通り",
        "aliases": [
          "20"
        ],
        "source": [
          "OpenStreetMap"
        ],
        "source_url": [
          "https://www.openstreetmap.org/way/23044319"
        ],
        "license": "ODbL 1.0",
        "checked": "2026-08-27",
        "confidence": "high",
        "note": "Current-geography OSM extract; this is not evidence of a historical alignment.",
        "type": "road",
        "osm_id": 23044319,
        "ref": "20"
      },
      "geometry": {
        "type": "LineString",
        "coordinates": [
          [
            139.7159426,
            35.6875692
          ],
          [
            139.7161022,
            35.6876033
          ],
          [
            139.7166772,
            35.6876765
          ],
          [
            139.7168989,
            35.6877047
          ],
          [
            139.7177048,
            35.6877853
          ],
          [
            139.7178035,
            35.6877952
          ],
          [
            139.7179615,
            35.6878113
          ],
          [
            139.718636,
            35.6878726
          ],
          [
            139.7194137,
            35.6879429
          ],
          [
            139.7200826,
            35.6879967
          ],
          [
            139.7201637,
            35.6880032
          ],
          [
            139.7203019,
            35.6880172
          ]
        ]
      }
    },
    {
      "type": "Feature",
      "properties": {
        "id": "osm-way-24040095",
        "name": "甲州街道",
        "aliases": [
          "20"
        ],
        "source": [
          "OpenStreetMap"
        ],
        "source_url": [
          "https://www.openstreetmap.org/way/24040095"
        ],
        "license": "ODbL 1.0",
        "checked": "2026-08-27",
        "confidence": "high",
        "note": "Current-geography OSM extract; this is not evidence of a historical alignment.",
        "type": "road",
        "osm_id": 24040095,
        "ref": "20"
      },
      "geometry": {
        "type": "LineString",
        "coordinates": [
          [
            139.6619624,
            35.6728153
          ],
          [
            139.6608249,
            35.6725272
          ],
          [
            139.6606424,
            35.672481
          ],
          [
            139.6604752,
            35.6724383
          ],
          [
            139.6591646,
            35.6721039
          ]
        ]
      }
    },
    {
      "type": "Feature",
      "properties": {
        "id": "osm-way-24053389",
        "name": "甲州街道",
        "aliases": [
          "20"
        ],
        "source": [
          "OpenStreetMap"
        ],
        "source_url": [
          "https://www.openstreetmap.org/way/24053389"
        ],
        "license": "ODbL 1.0",
        "checked": "2026-08-27",
        "confidence": "high",
        "note": "Current-geography OSM extract; this is not evidence of a historical alignment.",
        "type": "road",
        "osm_id": 24053389,
        "ref": "20"
      },
      "geometry": {
        "type": "LineString",
        "coordinates": [
          [
            139.7148242,
            35.6872271
          ],
          [
            139.7141127,
            35.6871439
          ],
          [
            139.7136926,
            35.6871056
          ],
          [
            139.7131032,
            35.6870807
          ],
          [
            139.7125516,
            35.6871113
          ],
          [
            139.711925,
            35.6871981
          ],
          [
            139.7105157,
            35.6875165
          ],
          [
            139.7096366,
            35.6877501
          ],
          [
            139.7089324,
            35.688011
          ],
          [
            139.707034,
            35.6888778
          ],
          [
            139.7061259,
            35.6894037
          ]
        ]
      }
    },
    {
      "type": "Feature",
      "properties": {
        "id": "osm-way-25603812",
        "name": "甲州街道",
        "aliases": [
          "20"
        ],
        "source": [
          "OpenStreetMap"
        ],
        "source_url": [
          "https://www.openstreetmap.org/way/25603812"
        ],
        "license": "ODbL 1.0",
        "checked": "2026-08-27",
        "confidence": "high",
        "note": "Current-geography OSM extract; this is not evidence of a historical alignment.",
        "type": "road",
        "osm_id": 25603812,
        "ref": "20"
      },
      "geometry": {
        "type": "LineString",
        "coordinates": [
          [
            139.6230501,
            35.6707061
          ],
          [
            139.6231691,
            35.6706938
          ],
          [
            139.62327,
            35.6706844
          ],
          [
            139.6233516,
            35.6706768
          ],
          [
            139.6239654,
            35.6706018
          ],
          [
            139.6241687,
            35.6705914
          ],
          [
            139.6243082,
            35.6705843
          ],
          [
            139.6249115,
            35.6705772
          ],
          [
            139.6249833,
            35.6705708
          ],
          [
            139.6251348,
            35.6705609
          ]
        ]
      }
    },
    {
      "type": "Feature",
      "properties": {
        "id": "osm-way-26957827",
        "name": "甲州街道",
        "aliases": [
          "20"
        ],
        "source": [
          "OpenStreetMap"
        ],
        "source_url": [
          "https://www.openstreetmap.org/way/26957827"
        ],
        "license": "ODbL 1.0",
        "checked": "2026-08-27",
        "confidence": "high",
        "note": "Current-geography OSM extract; this is not evidence of a historical alignment.",
        "type": "road",
        "osm_id": 26957827,
        "ref": "20"
      },
      "geometry": {
        "type": "LineString",
        "coordinates": [
          [
            139.7061259,
            35.6894037
          ],
          [
            139.7059099,
            35.6895204
          ],
          [
            139.7057472,
            35.6895909
          ],
          [
            139.7055792,
            35.6896511
          ],
          [
            139.7054371,
            35.6896912
          ],
          [
            139.7053089,
            35.6897198
          ],
          [
            139.7051782,
            35.6897413
          ],
          [
            139.7050058,
            35.6897545
          ],
          [
            139.7045332,
            35.6897446
          ]
        ]
      }
    },
    {
      "type": "Feature",
      "properties": {
        "id": "osm-way-26958231",
        "name": "甲州街道",
        "aliases": [
          "20"
        ],
        "source": [
          "OpenStreetMap"
        ],
        "source_url": [
          "https://www.openstreetmap.org/way/26958231"
        ],
        "license": "ODbL 1.0",
        "checked": "2026-08-27",
        "confidence": "high",
        "note": "Current-geography OSM extract; this is not evidence of a historical alignment.",
        "type": "road",
        "osm_id": 26958231,
        "ref": "20"
      },
      "geometry": {
        "type": "LineString",
        "coordinates": [
          [
            139.7159555,
            35.6874365
          ],
          [
            139.7156195,
            35.6873734
          ],
          [
            139.7154415,
            35.6873412
          ]
        ]
      }
    },
    {
      "type": "Feature",
      "properties": {
        "id": "osm-way-26960357",
        "name": "甲州街道",
        "aliases": [
          "20"
        ],
        "source": [
          "OpenStreetMap"
        ],
        "source_url": [
          "https://www.openstreetmap.org/way/26960357"
        ],
        "license": "ODbL 1.0",
        "checked": "2026-08-27",
        "confidence": "high",
        "note": "Current-geography OSM extract; this is not evidence of a historical alignment.",
        "type": "road",
        "osm_id": 26960357,
        "ref": "20"
      },
      "geometry": {
        "type": "LineString",
        "coordinates": [
          [
            139.6903963,
            35.6837613
          ],
          [
            139.6897263,
            35.6832792
          ],
          [
            139.6886413,
            35.6825363
          ],
          [
            139.6884968,
            35.6824387
          ],
          [
            139.6884311,
            35.6823943
          ],
          [
            139.6883631,
            35.6823476
          ]
        ]
      }
    },
    {
      "type": "Feature",
      "properties": {
        "id": "osm-way-26960595",
        "name": "甲州街道",
        "aliases": [
          "20"
        ],
        "source": [
          "OpenStreetMap"
        ],
        "source_url": [
          "https://www.openstreetmap.org/way/26960595"
        ],
        "license": "ODbL 1.0",
        "checked": "2026-08-27",
        "confidence": "high",
        "note": "Current-geography OSM extract; this is not evidence of a historical alignment.",
        "type": "road",
        "osm_id": 26960595,
        "ref": "20"
      },
      "geometry": {
        "type": "LineString",
        "coordinates": [
          [
            139.6633882,
            35.6733909
          ],
          [
            139.6635682,
            35.6734461
          ],
          [
            139.6638076,
            35.6735183
          ],
          [
            139.664453,
            35.6737143
          ],
          [
            139.6645939,
            35.6737557
          ],
          [
            139.6648193,
            35.6738233
          ],
          [
            139.6650724,
            35.6738982
          ],
          [
            139.6655542,
            35.6740399
          ],
          [
            139.6659785,
            35.6741637
          ],
          [
            139.6664555,
            35.6743013
          ],
          [
            139.6667821,
            35.6743938
          ],
          [
            139.6672332,
            35.6745212
          ]
        ]
      }
    },
    {
      "type": "Feature",
      "properties": {
        "id": "osm-way-28210949",
        "name": "甲州街道",
        "aliases": [
          "20"
        ],
        "source": [
          "OpenStreetMap"
        ],
        "source_url": [
          "https://www.openstreetmap.org/way/28210949"
        ],
        "license": "ODbL 1.0",
        "checked": "2026-08-27",
        "confidence": "high",
        "note": "Current-geography OSM extract; this is not evidence of a historical alignment.",
        "type": "road",
        "osm_id": 28210949,
        "ref": "20"
      },
      "geometry": {
        "type": "LineString",
        "coordinates": [
          [
            139.6568999,
            35.6714513
          ],
          [
            139.6565958,
            35.6713333
          ],
          [
            139.6564066,
            35.6712621
          ],
          [
            139.656076,
            35.6711341
          ],
          [
            139.6556641,
            35.670976
          ]
        ]
      }
    },
    {
      "type": "Feature",
      "properties": {
        "id": "osm-way-28210951",
        "name": "甲州街道",
        "aliases": [
          "20"
        ],
        "source": [
          "OpenStreetMap"
        ],
        "source_url": [
          "https://www.openstreetmap.org/way/28210951"
        ],
        "license": "ODbL 1.0",
        "checked": "2026-08-27",
        "confidence": "high",
        "note": "Current-geography OSM extract; this is not evidence of a historical alignment.",
        "type": "road",
        "osm_id": 28210951,
        "ref": "20"
      },
      "geometry": {
        "type": "LineString",
        "coordinates": [
          [
            139.6554944,
            35.6709143
          ],
          [
            139.6552576,
            35.6708383
          ],
          [
            139.6550462,
            35.6707842
          ],
          [
            139.654804,
            35.6707375
          ],
          [
            139.6544772,
            35.6706929
          ],
          [
            139.6541248,
            35.670661
          ]
        ]
      }
    },
    {
      "type": "Feature",
      "properties": {
        "id": "osm-way-28210952",
        "name": "甲州街道",
        "aliases": [
          "20"
        ],
        "source": [
          "OpenStreetMap"
        ],
        "source_url": [
          "https://www.openstreetmap.org/way/28210952"
        ],
        "license": "ODbL 1.0",
        "checked": "2026-08-27",
        "confidence": "high",
        "note": "Current-geography OSM extract; this is not evidence of a historical alignment.",
        "type": "road",
        "osm_id": 28210952,
        "ref": "20"
      },
      "geometry": {
        "type": "LineString",
        "coordinates": [
          [
            139.6501366,
            35.6700444
          ],
          [
            139.6500153,
            35.6700075
          ],
          [
            139.6497335,
            35.6698922
          ],
          [
            139.6494675,
            35.6697593
          ],
          [
            139.6486071,
            35.6692894
          ],
          [
            139.6482453,
            35.6690755
          ],
          [
            139.6480201,
            35.6689468
          ],
          [
            139.6477762,
            35.6688235
          ],
          [
            139.6475266,
            35.668715
          ],
          [
            139.6472798,
            35.6686185
          ],
          [
            139.6470383,
            35.66853
          ],
          [
            139.6462767,
            35.6682628
          ],
          [
            139.6459845,
            35.6681723
          ],
          [
            139.6456947,
            35.6680831
          ],
          [
            139.6453922,
            35.6680113
          ],
          [
            139.6450871,
            35.667946
          ],
          [
            139.6448899,
            35.6679079
          ],
          [
            139.6444696,
            35.6678355
          ]
        ]
      }
    },
    {
      "type": "Feature",
      "properties": {
        "id": "osm-way-28210954",
        "name": "甲州街道",
        "aliases": [
          "20"
        ],
        "source": [
          "OpenStreetMap"
        ],
        "source_url": [
          "https://www.openstreetmap.org/way/28210954"
        ],
        "license": "ODbL 1.0",
        "checked": "2026-08-27",
        "confidence": "high",
        "note": "Current-geography OSM extract; this is not evidence of a historical alignment.",
        "type": "road",
        "osm_id": 28210954,
        "ref": "20"
      },
      "geometry": {
        "type": "LineString",
        "coordinates": [
          [
            139.6541248,
            35.670661
          ],
          [
            139.6534806,
            35.6706128
          ],
          [
            139.6531484,
            35.67058
          ],
          [
            139.652656,
            35.6705109
          ],
          [
            139.6514032,
            35.670309
          ]
        ]
      }
    },
    {
      "type": "Feature",
      "properties": {
        "id": "osm-way-28210955",
        "name": "甲州街道",
        "aliases": [
          "20"
        ],
        "source": [
          "OpenStreetMap"
        ],
        "source_url": [
          "https://www.openstreetmap.org/way/28210955"
        ],
        "license": "ODbL 1.0",
        "checked": "2026-08-27",
        "confidence": "high",
        "note": "Current-geography OSM extract; this is not evidence of a historical alignment.",
        "type": "road",
        "osm_id": 28210955,
        "ref": "20"
      },
      "geometry": {
        "type": "LineString",
        "coordinates": [
          [
            139.6444696,
            35.6678355
          ],
          [
            139.6428269,
            35.6676212
          ],
          [
            139.6427159,
            35.6676066
          ],
          [
            139.6423416,
            35.6675574
          ]
        ]
      }
    },
    {
      "type": "Feature",
      "properties": {
        "id": "osm-way-28211327",
        "name": "甲州街道",
        "aliases": [
          "20"
        ],
        "source": [
          "OpenStreetMap"
        ],
        "source_url": [
          "https://www.openstreetmap.org/way/28211327"
        ],
        "license": "ODbL 1.0",
        "checked": "2026-08-27",
        "confidence": "high",
        "note": "Current-geography OSM extract; this is not evidence of a historical alignment.",
        "type": "road",
        "osm_id": 28211327,
        "ref": "20"
      },
      "geometry": {
        "type": "LineString",
        "coordinates": [
          [
            139.6281272,
            35.6698495
          ],
          [
            139.6278182,
            35.6698918
          ],
          [
            139.6272276,
            35.6699728
          ],
          [
            139.6268287,
            35.6700281
          ],
          [
            139.6264635,
            35.6700806
          ],
          [
            139.6257538,
            35.6701972
          ],
          [
            139.6256989,
            35.6702076
          ],
          [
            139.6256174,
            35.6702231
          ],
          [
            139.6255103,
            35.67024
          ],
          [
            139.625332,
            35.6702674
          ],
          [
            139.6250188,
            35.6703244
          ],
          [
            139.6249361,
            35.6703383
          ],
          [
            139.6248053,
            35.6703596
          ],
          [
            139.6247185,
            35.6703746
          ]
        ]
      }
    },
    {
      "type": "Feature",
      "properties": {
        "id": "osm-way-28212983",
        "name": "甲州街道",
        "aliases": [
          "20"
        ],
        "source": [
          "OpenStreetMap"
        ],
        "source_url": [
          "https://www.openstreetmap.org/way/28212983"
        ],
        "license": "ODbL 1.0",
        "checked": "2026-08-27",
        "confidence": "high",
        "note": "Current-geography OSM extract; this is not evidence of a historical alignment.",
        "type": "road",
        "osm_id": 28212983,
        "ref": "20"
      },
      "geometry": {
        "type": "LineString",
        "coordinates": [
          [
            139.6447575,
            35.6681133
          ],
          [
            139.6452591,
            35.668191
          ],
          [
            139.6457587,
            35.668307
          ],
          [
            139.6461914,
            35.6684361
          ],
          [
            139.6467251,
            35.6686035
          ],
          [
            139.6471825,
            35.6687655
          ],
          [
            139.6474236,
            35.6688579
          ],
          [
            139.647666,
            35.6689645
          ],
          [
            139.6479017,
            35.6690836
          ],
          [
            139.6481213,
            35.6692027
          ],
          [
            139.6493149,
            35.6699298
          ],
          [
            139.6495953,
            35.6700755
          ],
          [
            139.6499194,
            35.6701925
          ],
          [
            139.6501022,
            35.6702388
          ]
        ]
      }
    },
    {
      "type": "Feature",
      "properties": {
        "id": "osm-way-28212985",
        "name": "甲州街道",
        "aliases": [
          "20"
        ],
        "source": [
          "OpenStreetMap"
        ],
        "source_url": [
          "https://www.openstreetmap.org/way/28212985"
        ],
        "license": "ODbL 1.0",
        "checked": "2026-08-27",
        "confidence": "high",
        "note": "Current-geography OSM extract; this is not evidence of a historical alignment.",
        "type": "road",
        "osm_id": 28212985,
        "ref": "20"
      },
      "geometry": {
        "type": "LineString",
        "coordinates": [
          [
            139.6513712,
            35.67047
          ],
          [
            139.6526027,
            35.6706693
          ],
          [
            139.6531083,
            35.6707427
          ],
          [
            139.6534452,
            35.6707756
          ],
          [
            139.6541028,
            35.670825
          ]
        ]
      }
    },
    {
      "type": "Feature",
      "properties": {
        "id": "osm-way-28212987",
        "name": "甲州街道",
        "aliases": [
          "20"
        ],
        "source": [
          "OpenStreetMap"
        ],
        "source_url": [
          "https://www.openstreetmap.org/way/28212987"
        ],
        "license": "ODbL 1.0",
        "checked": "2026-08-27",
        "confidence": "high",
        "note": "Current-geography OSM extract; this is not evidence of a historical alignment.",
        "type": "road",
        "osm_id": 28212987,
        "ref": "20"
      },
      "geometry": {
        "type": "LineString",
        "coordinates": [
          [
            139.6541028,
            35.670825
          ],
          [
            139.6544315,
            35.6708601
          ],
          [
            139.6547269,
            35.670905
          ],
          [
            139.6549872,
            35.6709599
          ],
          [
            139.6552098,
            35.6710173
          ],
          [
            139.655415,
            35.671079
          ]
        ]
      }
    },
    {
      "type": "Feature",
      "properties": {
        "id": "osm-way-28916832",
        "name": "甲州街道",
        "aliases": [
          "20"
        ],
        "source": [
          "OpenStreetMap"
        ],
        "source_url": [
          "https://www.openstreetmap.org/way/28916832"
        ],
        "license": "ODbL 1.0",
        "checked": "2026-08-27",
        "confidence": "high",
        "note": "Current-geography OSM extract; this is not evidence of a historical alignment.",
        "type": "road",
        "osm_id": 28916832,
        "ref": "20"
      },
      "geometry": {
        "type": "LineString",
        "coordinates": [
          [
            139.661912,
            35.6729446
          ],
          [
            139.6626889,
            35.6731564
          ],
          [
            139.6633882,
            35.6733909
          ]
        ]
      }
    },
    {
      "type": "Feature",
      "properties": {
        "id": "osm-way-28916834",
        "name": "甲州街道",
        "aliases": [
          "20"
        ],
        "source": [
          "OpenStreetMap"
        ],
        "source_url": [
          "https://www.openstreetmap.org/way/28916834"
        ],
        "license": "ODbL 1.0",
        "checked": "2026-08-27",
        "confidence": "high",
        "note": "Current-geography OSM extract; this is not evidence of a historical alignment.",
        "type": "road",
        "osm_id": 28916834,
        "ref": "20"
      },
      "geometry": {
        "type": "LineString",
        "coordinates": [
          [
            139.6591147,
            35.6722227
          ],
          [
            139.660428,
            35.6725546
          ],
          [
            139.6605885,
            35.6725952
          ],
          [
            139.6607739,
            35.6726441
          ],
          [
            139.661912,
            35.6729446
          ]
        ]
      }
    },
    {
      "type": "Feature",
      "properties": {
        "id": "osm-way-28916835",
        "name": "甲州街道",
        "aliases": [
          "20"
        ],
        "source": [
          "OpenStreetMap"
        ],
        "source_url": [
          "https://www.openstreetmap.org/way/28916835"
        ],
        "license": "ODbL 1.0",
        "checked": "2026-08-27",
        "confidence": "high",
        "note": "Current-geography OSM extract; this is not evidence of a historical alignment.",
        "type": "road",
        "osm_id": 28916835,
        "ref": "20"
      },
      "geometry": {
        "type": "LineString",
        "coordinates": [
          [
            139.6591646,
            35.6721039
          ],
          [
            139.6580414,
            35.6718058
          ],
          [
            139.6577141,
            35.6717194
          ],
          [
            139.6574347,
            35.6716373
          ],
          [
            139.6571689,
            35.6715508
          ],
          [
            139.6568999,
            35.6714513
          ]
        ]
      }
    },
    {
      "type": "Feature",
      "properties": {
        "id": "osm-way-39436502",
        "name": "新宿通り",
        "aliases": [
          "430"
        ],
        "source": [
          "OpenStreetMap"
        ],
        "source_url": [
          "https://www.openstreetmap.org/way/39436502"
        ],
        "license": "ODbL 1.0",
        "checked": "2026-08-27",
        "confidence": "high",
        "note": "Current-geography OSM extract; this is not evidence of a historical alignment.",
        "type": "road",
        "osm_id": 39436502,
        "ref": "430"
      },
      "geometry": {
        "type": "LineString",
        "coordinates": [
          [
            139.7004054,
            35.6935537
          ],
          [
            139.70044,
            35.6936163
          ],
          [
            139.7004781,
            35.6936698
          ],
          [
            139.7005156,
            35.6937137
          ],
          [
            139.7005485,
            35.6937495
          ],
          [
            139.700561,
            35.6937654
          ],
          [
            139.7005711,
            35.6937841
          ],
          [
            139.7005735,
            35.6938021
          ]
        ]
      }
    },
    {
      "type": "Feature",
      "properties": {
        "id": "osm-way-39436612",
        "name": "新宿通り",
        "aliases": [],
        "source": [
          "OpenStreetMap"
        ],
        "source_url": [
          "https://www.openstreetmap.org/way/39436612"
        ],
        "license": "ODbL 1.0",
        "checked": "2026-08-27",
        "confidence": "high",
        "note": "Current-geography OSM extract; this is not evidence of a historical alignment.",
        "type": "road",
        "osm_id": 39436612
      },
      "geometry": {
        "type": "LineString",
        "coordinates": [
          [
            139.7066928,
            35.6900319
          ],
          [
            139.7065656,
            35.6900935
          ],
          [
            139.7064975,
            35.6901242
          ],
          [
            139.7060978,
            35.6903042
          ],
          [
            139.7057696,
            35.6904548
          ],
          [
            139.7057559,
            35.690461
          ],
          [
            139.7056113,
            35.6905305
          ],
          [
            139.7050482,
            35.6907866
          ],
          [
            139.7049077,
            35.6908512
          ]
        ]
      }
    },
    {
      "type": "Feature",
      "properties": {
        "id": "osm-way-45365730",
        "name": "甲州街道",
        "aliases": [
          "20"
        ],
        "source": [
          "OpenStreetMap"
        ],
        "source_url": [
          "https://www.openstreetmap.org/way/45365730"
        ],
        "license": "ODbL 1.0",
        "checked": "2026-08-27",
        "confidence": "high",
        "note": "Current-geography OSM extract; this is not evidence of a historical alignment.",
        "type": "road",
        "osm_id": 45365730,
        "ref": "20"
      },
      "geometry": {
        "type": "LineString",
        "coordinates": [
          [
            139.7001174,
            35.6889509
          ],
          [
            139.6999562,
            35.6889121
          ],
          [
            139.6997911,
            35.6888669
          ],
          [
            139.6996405,
            35.6888123
          ],
          [
            139.6994801,
            35.6887488
          ],
          [
            139.6992969,
            35.6886648
          ],
          [
            139.6992095,
            35.6886247
          ],
          [
            139.6989878,
            35.6885407
          ]
        ]
      }
    },
    {
      "type": "Feature",
      "properties": {
        "id": "osm-way-45365731",
        "name": "甲州街道",
        "aliases": [
          "20"
        ],
        "source": [
          "OpenStreetMap"
        ],
        "source_url": [
          "https://www.openstreetmap.org/way/45365731"
        ],
        "license": "ODbL 1.0",
        "checked": "2026-08-27",
        "confidence": "high",
        "note": "Current-geography OSM extract; this is not evidence of a historical alignment.",
        "type": "road",
        "osm_id": 45365731,
        "ref": "20"
      },
      "geometry": {
        "type": "LineString",
        "coordinates": [
          [
            139.7000896,
            35.6890526
          ],
          [
            139.700283,
            35.6890915
          ],
          [
            139.7011442,
            35.6892509
          ],
          [
            139.7014655,
            35.6893179
          ]
        ]
      }
    },
    {
      "type": "Feature",
      "properties": {
        "id": "osm-way-45365732",
        "name": "甲州街道",
        "aliases": [
          "20"
        ],
        "source": [
          "OpenStreetMap"
        ],
        "source_url": [
          "https://www.openstreetmap.org/way/45365732"
        ],
        "license": "ODbL 1.0",
        "checked": "2026-08-27",
        "confidence": "high",
        "note": "Current-geography OSM extract; this is not evidence of a historical alignment.",
        "type": "road",
        "osm_id": 45365732,
        "ref": "20"
      },
      "geometry": {
        "type": "LineString",
        "coordinates": [
          [
            139.7019073,
            35.6893244
          ],
          [
            139.7014953,
            35.6892146
          ],
          [
            139.701172,
            35.6891452
          ],
          [
            139.7004882,
            35.6890208
          ],
          [
            139.7001174,
            35.6889509
          ]
        ]
      }
    },
    {
      "type": "Feature",
      "properties": {
        "id": "osm-way-45365733",
        "name": "甲州街道",
        "aliases": [
          "20"
        ],
        "source": [
          "OpenStreetMap"
        ],
        "source_url": [
          "https://www.openstreetmap.org/way/45365733"
        ],
        "license": "ODbL 1.0",
        "checked": "2026-08-27",
        "confidence": "high",
        "note": "Current-geography OSM extract; this is not evidence of a historical alignment.",
        "type": "road",
        "osm_id": 45365733,
        "ref": "20"
      },
      "geometry": {
        "type": "LineString",
        "coordinates": [
          [
            139.7036414,
            35.6897663
          ],
          [
            139.7039234,
            35.689802
          ],
          [
            139.7039912,
            35.6898107
          ],
          [
            139.7041258,
            35.689825
          ]
        ]
      }
    },
    {
      "type": "Feature",
      "properties": {
        "id": "osm-way-59339114",
        "name": "新宿通り",
        "aliases": [],
        "source": [
          "OpenStreetMap"
        ],
        "source_url": [
          "https://www.openstreetmap.org/way/59339114"
        ],
        "license": "ODbL 1.0",
        "checked": "2026-08-27",
        "confidence": "high",
        "note": "Current-geography OSM extract; this is not evidence of a historical alignment.",
        "type": "road",
        "osm_id": 59339114
      },
      "geometry": {
        "type": "LineString",
        "coordinates": [
          [
            139.7140647,
            35.6878799
          ],
          [
            139.7142485,
            35.6878773
          ]
        ]
      }
    },
    {
      "type": "Feature",
      "properties": {
        "id": "osm-way-59339165",
        "name": "甲州街道",
        "aliases": [
          "20"
        ],
        "source": [
          "OpenStreetMap"
        ],
        "source_url": [
          "https://www.openstreetmap.org/way/59339165"
        ],
        "license": "ODbL 1.0",
        "checked": "2026-08-27",
        "confidence": "high",
        "note": "Current-geography OSM extract; this is not evidence of a historical alignment.",
        "type": "road",
        "osm_id": 59339165,
        "ref": "20"
      },
      "geometry": {
        "type": "LineString",
        "coordinates": [
          [
            139.7062011,
            35.6894807
          ],
          [
            139.7070762,
            35.6889393
          ],
          [
            139.7089867,
            35.6881052
          ],
          [
            139.7097311,
            35.6878409
          ],
          [
            139.7106427,
            35.687603
          ],
          [
            139.7119639,
            35.6873079
          ],
          [
            139.7125182,
            35.6872262
          ],
          [
            139.7130346,
            35.6871885
          ],
          [
            139.7135889,
            35.6872067
          ],
          [
            139.7148405,
            35.6873314
          ]
        ]
      }
    },
    {
      "type": "Feature",
      "properties": {
        "id": "osm-way-136508008",
        "name": "新宿通り",
        "aliases": [
          "20"
        ],
        "source": [
          "OpenStreetMap"
        ],
        "source_url": [
          "https://www.openstreetmap.org/way/136508008"
        ],
        "license": "ODbL 1.0",
        "checked": "2026-08-27",
        "confidence": "high",
        "note": "Current-geography OSM extract; this is not evidence of a historical alignment.",
        "type": "road",
        "osm_id": 136508008,
        "ref": "20"
      },
      "geometry": {
        "type": "LineString",
        "coordinates": [
          [
            139.7440582,
            35.6832123
          ],
          [
            139.7439775,
            35.6833596
          ],
          [
            139.7439611,
            35.6834597
          ],
          [
            139.7439358,
            35.6835673
          ],
          [
            139.7439105,
            35.6836452
          ],
          [
            139.7438583,
            35.6837349
          ],
          [
            139.7438197,
            35.6837798
          ],
          [
            139.7437721,
            35.6838171
          ],
          [
            139.7437078,
            35.6838607
          ],
          [
            139.743631,
            35.6839018
          ],
          [
            139.7435389,
            35.6839343
          ],
          [
            139.7434482,
            35.6839547
          ]
        ]
      }
    },
    {
      "type": "Feature",
      "properties": {
        "id": "osm-way-155235356",
        "name": "新宿通り",
        "aliases": [
          "430"
        ],
        "source": [
          "OpenStreetMap"
        ],
        "source_url": [
          "https://www.openstreetmap.org/way/155235356"
        ],
        "license": "ODbL 1.0",
        "checked": "2026-08-27",
        "confidence": "high",
        "note": "Current-geography OSM extract; this is not evidence of a historical alignment.",
        "type": "road",
        "osm_id": 155235356,
        "ref": "430"
      },
      "geometry": {
        "type": "LineString",
        "coordinates": [
          [
            139.7004018,
            35.6931856
          ],
          [
            139.7004602,
            35.6929559
          ],
          [
            139.7004685,
            35.6929255
          ],
          [
            139.7004776,
            35.6928977
          ],
          [
            139.700489,
            35.6928663
          ],
          [
            139.7005393,
            35.6927581
          ],
          [
            139.7005569,
            35.6927183
          ],
          [
            139.7005771,
            35.6926806
          ],
          [
            139.7006001,
            35.6926447
          ],
          [
            139.7006293,
            35.692612
          ],
          [
            139.7006566,
            35.6925855
          ],
          [
            139.7006858,
            35.6925623
          ],
          [
            139.7007067,
            35.692549
          ],
          [
            139.7007272,
            35.692539
          ],
          [
            139.7007523,
            35.6925268
          ],
          [
            139.7008316,
            35.6924611
          ]
        ]
      }
    },
    {
      "type": "Feature",
      "properties": {
        "id": "osm-way-155235380",
        "name": "新宿通り",
        "aliases": [
          "430"
        ],
        "source": [
          "OpenStreetMap"
        ],
        "source_url": [
          "https://www.openstreetmap.org/way/155235380"
        ],
        "license": "ODbL 1.0",
        "checked": "2026-08-27",
        "confidence": "high",
        "note": "Current-geography OSM extract; this is not evidence of a historical alignment.",
        "type": "road",
        "osm_id": 155235380,
        "ref": "430"
      },
      "geometry": {
        "type": "LineString",
        "coordinates": [
          [
            139.7008316,
            35.6924611
          ],
          [
            139.700719,
            35.6924724
          ],
          [
            139.7006959,
            35.6924836
          ],
          [
            139.7006671,
            35.6924978
          ],
          [
            139.7006316,
            35.692518
          ],
          [
            139.7005962,
            35.6925443
          ],
          [
            139.7005581,
            35.6925814
          ],
          [
            139.7005239,
            35.6926273
          ],
          [
            139.700501,
            35.6926648
          ],
          [
            139.7004798,
            35.6927051
          ],
          [
            139.7004165,
            35.6928468
          ],
          [
            139.7004046,
            35.6928766
          ]
        ]
      }
    },
    {
      "type": "Feature",
      "properties": {
        "id": "osm-way-169380931",
        "name": "甲州街道",
        "aliases": [
          "20"
        ],
        "source": [
          "OpenStreetMap"
        ],
        "source_url": [
          "https://www.openstreetmap.org/way/169380931"
        ],
        "license": "ODbL 1.0",
        "checked": "2026-08-27",
        "confidence": "high",
        "note": "Current-geography OSM extract; this is not evidence of a historical alignment.",
        "type": "road",
        "osm_id": 169380931,
        "ref": "20"
      },
      "geometry": {
        "type": "LineString",
        "coordinates": [
          [
            139.6233602,
            35.6705968
          ],
          [
            139.6232652,
            35.6706068
          ],
          [
            139.6226188,
            35.6706747
          ],
          [
            139.621992,
            35.6707711
          ],
          [
            139.6219173,
            35.6707826
          ],
          [
            139.6218211,
            35.6707974
          ],
          [
            139.6216976,
            35.6708175
          ],
          [
            139.6213531,
            35.6708722
          ],
          [
            139.6206542,
            35.670973
          ],
          [
            139.6206086,
            35.6709784
          ],
          [
            139.61992,
            35.6710603
          ],
          [
            139.619358,
            35.6711282
          ],
          [
            139.6188404,
            35.6711938
          ],
          [
            139.6184264,
            35.6712554
          ],
          [
            139.6178797,
            35.6713304
          ],
          [
            139.6171087,
            35.6714469
          ],
          [
            139.6167279,
            35.6715028
          ],
          [
            139.616671,
            35.6715112
          ],
          [
            139.6166289,
            35.6715174
          ],
          [
            139.6165,
            35.6715337
          ],
          [
            139.6163919,
            35.6715473
          ],
          [
            139.616162,
            35.6715765
          ],
          [
            139.6156259,
            35.671652
          ],
          [
            139.6148859,
            35.6717522
          ],
          [
            139.6142916,
            35.671829
          ],
          [
            139.614199,
            35.6718409
          ],
          [
            139.6138713,
            35.671875
          ],
          [
            139.6137779,
            35.6718859
          ],
          [
            139.6137155,
            35.6718919
          ],
          [
            139.6135659,
            35.6719083
          ]
        ]
      }
    },
    {
      "type": "Feature",
      "properties": {
        "id": "osm-way-169674679",
        "name": "新宿通り",
        "aliases": [
          "20",
          "麹町大通り"
        ],
        "source": [
          "OpenStreetMap"
        ],
        "source_url": [
          "https://www.openstreetmap.org/way/169674679"
        ],
        "license": "ODbL 1.0",
        "checked": "2026-08-27",
        "confidence": "high",
        "note": "Current-geography OSM extract; this is not evidence of a historical alignment.",
        "type": "road",
        "osm_id": 169674679,
        "ref": "20"
      },
      "geometry": {
        "type": "LineString",
        "coordinates": [
          [
            139.7307474,
            35.6856067
          ],
          [
            139.7302651,
            35.6856794
          ]
        ]
      }
    },
    {
      "type": "Feature",
      "properties": {
        "id": "osm-way-169674680",
        "name": "新宿通り",
        "aliases": [
          "20",
          "麹町大通り"
        ],
        "source": [
          "OpenStreetMap"
        ],
        "source_url": [
          "https://www.openstreetmap.org/way/169674680"
        ],
        "license": "ODbL 1.0",
        "checked": "2026-08-27",
        "confidence": "high",
        "note": "Current-geography OSM extract; this is not evidence of a historical alignment.",
        "type": "road",
        "osm_id": 169674680,
        "ref": "20"
      },
      "geometry": {
        "type": "LineString",
        "coordinates": [
          [
            139.7302967,
            35.6858097
          ],
          [
            139.7307196,
            35.6857528
          ]
        ]
      }
    },
    {
      "type": "Feature",
      "properties": {
        "id": "osm-way-169674681",
        "name": "新宿通り",
        "aliases": [
          "20"
        ],
        "source": [
          "OpenStreetMap"
        ],
        "source_url": [
          "https://www.openstreetmap.org/way/169674681"
        ],
        "license": "ODbL 1.0",
        "checked": "2026-08-27",
        "confidence": "high",
        "note": "Current-geography OSM extract; this is not evidence of a historical alignment.",
        "type": "road",
        "osm_id": 169674681,
        "ref": "20"
      },
      "geometry": {
        "type": "LineString",
        "coordinates": [
          [
            139.7293724,
            35.6858334
          ],
          [
            139.7292157,
            35.6858815
          ],
          [
            139.7285754,
            35.6860869
          ],
          [
            139.7277277,
            35.6863693
          ],
          [
            139.7276716,
            35.686388
          ],
          [
            139.7275301,
            35.6864353
          ],
          [
            139.7273802,
            35.6864896
          ],
          [
            139.7270755,
            35.6865998
          ],
          [
            139.7266099,
            35.6867619
          ],
          [
            139.7259563,
            35.6870213
          ],
          [
            139.7259303,
            35.6870316
          ],
          [
            139.7257658,
            35.6870901
          ],
          [
            139.7254431,
            35.687209
          ],
          [
            139.7251154,
            35.6873159
          ],
          [
            139.7250613,
            35.6873336
          ],
          [
            139.7249269,
            35.6873774
          ],
          [
            139.7248078,
            35.6874089
          ],
          [
            139.7239424,
            35.6876327
          ],
          [
            139.7234694,
            35.6877437
          ],
          [
            139.7234182,
            35.6877556
          ],
          [
            139.7232242,
            35.6878012
          ]
        ]
      }
    },
    {
      "type": "Feature",
      "properties": {
        "id": "osm-way-169674682",
        "name": "新宿通り",
        "aliases": [
          "20",
          "麹町大通り"
        ],
        "source": [
          "OpenStreetMap"
        ],
        "source_url": [
          "https://www.openstreetmap.org/way/169674682"
        ],
        "license": "ODbL 1.0",
        "checked": "2026-08-27",
        "confidence": "high",
        "note": "Current-geography OSM extract; this is not evidence of a historical alignment.",
        "type": "road",
        "osm_id": 169674682,
        "ref": "20"
      },
      "geometry": {
        "type": "LineString",
        "coordinates": [
          [
            139.7381314,
            35.6840218
          ],
          [
            139.7382588,
            35.6840329
          ],
          [
            139.7391213,
            35.6841257
          ],
          [
            139.7392961,
            35.6841413
          ],
          [
            139.739439,
            35.684154
          ],
          [
            139.7395312,
            35.6841627
          ],
          [
            139.7401272,
            35.6842229
          ],
          [
            139.7403525,
            35.6842447
          ],
          [
            139.7405657,
            35.6842622
          ],
          [
            139.7407986,
            35.6842722
          ],
          [
            139.7412849,
            35.684263
          ],
          [
            139.7413473,
            35.6842606
          ],
          [
            139.7414719,
            35.6842564
          ]
        ]
      }
    },
    {
      "type": "Feature",
      "properties": {
        "id": "osm-way-182487179",
        "name": "甲州街道",
        "aliases": [
          "20"
        ],
        "source": [
          "OpenStreetMap"
        ],
        "source_url": [
          "https://www.openstreetmap.org/way/182487179"
        ],
        "license": "ODbL 1.0",
        "checked": "2026-08-27",
        "confidence": "high",
        "note": "Current-geography OSM extract; this is not evidence of a historical alignment.",
        "type": "road",
        "osm_id": 182487179,
        "ref": "20"
      },
      "geometry": {
        "type": "LineString",
        "coordinates": [
          [
            139.6881865,
            35.6825536
          ],
          [
            139.6882527,
            35.6825911
          ],
          [
            139.6886616,
            35.6828488
          ],
          [
            139.689342,
            35.6833074
          ],
          [
            139.68968,
            35.6835308
          ],
          [
            139.6898516,
            35.6836443
          ],
          [
            139.6901923,
            35.6838512
          ],
          [
            139.6903289,
            35.6839435
          ]
        ]
      }
    },
    {
      "type": "Feature",
      "properties": {
        "id": "osm-way-183703753",
        "name": "新宿通り",
        "aliases": [
          "20",
          "麹町大通り"
        ],
        "source": [
          "OpenStreetMap"
        ],
        "source_url": [
          "https://www.openstreetmap.org/way/183703753"
        ],
        "license": "ODbL 1.0",
        "checked": "2026-08-27",
        "confidence": "high",
        "note": "Current-geography OSM extract; this is not evidence of a historical alignment.",
        "type": "road",
        "osm_id": 183703753,
        "ref": "20"
      },
      "geometry": {
        "type": "LineString",
        "coordinates": [
          [
            139.7440738,
            35.6839068
          ],
          [
            139.7439241,
            35.6839215
          ],
          [
            139.7437121,
            35.6839366
          ],
          [
            139.7434482,
            35.6839547
          ]
        ]
      }
    },
    {
      "type": "Feature",
      "properties": {
        "id": "osm-way-183938586",
        "name": "甲州街道",
        "aliases": [
          "20"
        ],
        "source": [
          "OpenStreetMap"
        ],
        "source_url": [
          "https://www.openstreetmap.org/way/183938586"
        ],
        "license": "ODbL 1.0",
        "checked": "2026-08-27",
        "confidence": "high",
        "note": "Current-geography OSM extract; this is not evidence of a historical alignment.",
        "type": "road",
        "osm_id": 183938586,
        "ref": "20"
      },
      "geometry": {
        "type": "LineString",
        "coordinates": [
          [
            139.7148405,
            35.6873314
          ],
          [
            139.7154811,
            35.6874544
          ],
          [
            139.715586,
            35.6874772
          ],
          [
            139.7157485,
            35.6875142
          ]
        ]
      }
    },
    {
      "type": "Feature",
      "properties": {
        "id": "osm-way-183938603",
        "name": "新宿通り",
        "aliases": [],
        "source": [
          "OpenStreetMap"
        ],
        "source_url": [
          "https://www.openstreetmap.org/way/183938603"
        ],
        "license": "ODbL 1.0",
        "checked": "2026-08-27",
        "confidence": "high",
        "note": "Current-geography OSM extract; this is not evidence of a historical alignment.",
        "type": "road",
        "osm_id": 183938603
      },
      "geometry": {
        "type": "LineString",
        "coordinates": [
          [
            139.7140647,
            35.6878799
          ],
          [
            139.713902,
            35.6879159
          ],
          [
            139.7129089,
            35.6881234
          ],
          [
            139.7123876,
            35.688233
          ]
        ]
      }
    },
    {
      "type": "Feature",
      "properties": {
        "id": "osm-way-183938604",
        "name": "新宿通り",
        "aliases": [],
        "source": [
          "OpenStreetMap"
        ],
        "source_url": [
          "https://www.openstreetmap.org/way/183938604"
        ],
        "license": "ODbL 1.0",
        "checked": "2026-08-27",
        "confidence": "high",
        "note": "Current-geography OSM extract; this is not evidence of a historical alignment.",
        "type": "road",
        "osm_id": 183938604
      },
      "geometry": {
        "type": "LineString",
        "coordinates": [
          [
            139.7159555,
            35.6874365
          ],
          [
            139.7157485,
            35.6875142
          ]
        ]
      }
    },
    {
      "type": "Feature",
      "properties": {
        "id": "osm-way-199152188",
        "name": "新宿通り",
        "aliases": [
          "20",
          "麹町大通り"
        ],
        "source": [
          "OpenStreetMap"
        ],
        "source_url": [
          "https://www.openstreetmap.org/way/199152188"
        ],
        "license": "ODbL 1.0",
        "checked": "2026-08-27",
        "confidence": "high",
        "note": "Current-geography OSM extract; this is not evidence of a historical alignment.",
        "type": "road",
        "osm_id": 199152188,
        "ref": "20"
      },
      "geometry": {
        "type": "LineString",
        "coordinates": [
          [
            139.7401455,
            35.6841099
          ],
          [
            139.7396267,
            35.6840601
          ],
          [
            139.7394532,
            35.6840434
          ],
          [
            139.7391202,
            35.6840114
          ]
        ]
      }
    },
    {
      "type": "Feature",
      "properties": {
        "id": "osm-way-199152204",
        "name": "甲州街道",
        "aliases": [
          "20"
        ],
        "source": [
          "OpenStreetMap"
        ],
        "source_url": [
          "https://www.openstreetmap.org/way/199152204"
        ],
        "license": "ODbL 1.0",
        "checked": "2026-08-27",
        "confidence": "high",
        "note": "Current-geography OSM extract; this is not evidence of a historical alignment.",
        "type": "road",
        "osm_id": 199152204,
        "ref": "20"
      },
      "geometry": {
        "type": "LineString",
        "coordinates": [
          [
            139.7040462,
            35.6897029
          ],
          [
            139.7039179,
            35.6896921
          ],
          [
            139.7037798,
            35.6896777
          ]
        ]
      }
    },
    {
      "type": "Feature",
      "properties": {
        "id": "osm-way-199152205",
        "name": "甲州街道",
        "aliases": [
          "20"
        ],
        "source": [
          "OpenStreetMap"
        ],
        "source_url": [
          "https://www.openstreetmap.org/way/199152205"
        ],
        "license": "ODbL 1.0",
        "checked": "2026-08-27",
        "confidence": "high",
        "note": "Current-geography OSM extract; this is not evidence of a historical alignment.",
        "type": "road",
        "osm_id": 199152205,
        "ref": "20"
      },
      "geometry": {
        "type": "LineString",
        "coordinates": [
          [
            139.7041519,
            35.689711
          ],
          [
            139.7040462,
            35.6897029
          ]
        ]
      }
    },
    {
      "type": "Feature",
      "properties": {
        "id": "osm-way-199152206",
        "name": "甲州街道",
        "aliases": [
          "20"
        ],
        "source": [
          "OpenStreetMap"
        ],
        "source_url": [
          "https://www.openstreetmap.org/way/199152206"
        ],
        "license": "ODbL 1.0",
        "checked": "2026-08-27",
        "confidence": "high",
        "note": "Current-geography OSM extract; this is not evidence of a historical alignment.",
        "type": "road",
        "osm_id": 199152206,
        "ref": "20"
      },
      "geometry": {
        "type": "LineString",
        "coordinates": [
          [
            139.7045332,
            35.6897446
          ],
          [
            139.7043991,
            35.6897333
          ],
          [
            139.7042972,
            35.6897246
          ],
          [
            139.7041519,
            35.689711
          ]
        ]
      }
    },
    {
      "type": "Feature",
      "properties": {
        "id": "osm-way-199152207",
        "name": "甲州街道",
        "aliases": [
          "20"
        ],
        "source": [
          "OpenStreetMap"
        ],
        "source_url": [
          "https://www.openstreetmap.org/way/199152207"
        ],
        "license": "ODbL 1.0",
        "checked": "2026-08-27",
        "confidence": "high",
        "note": "Current-geography OSM extract; this is not evidence of a historical alignment.",
        "type": "road",
        "osm_id": 199152207,
        "ref": "20"
      },
      "geometry": {
        "type": "LineString",
        "coordinates": [
          [
            139.6883631,
            35.6823476
          ],
          [
            139.6882515,
            35.6822733
          ]
        ]
      }
    },
    {
      "type": "Feature",
      "properties": {
        "id": "osm-way-199152243",
        "name": "新宿通り",
        "aliases": [],
        "source": [
          "OpenStreetMap"
        ],
        "source_url": [
          "https://www.openstreetmap.org/way/199152243"
        ],
        "license": "ODbL 1.0",
        "checked": "2026-08-27",
        "confidence": "high",
        "note": "Current-geography OSM extract; this is not evidence of a historical alignment.",
        "type": "road",
        "osm_id": 199152243
      },
      "geometry": {
        "type": "LineString",
        "coordinates": [
          [
            139.7068502,
            35.6899682
          ],
          [
            139.7066928,
            35.6900319
          ]
        ]
      }
    },
    {
      "type": "Feature",
      "properties": {
        "id": "osm-way-215668343",
        "name": "甲州街道",
        "aliases": [
          "20"
        ],
        "source": [
          "OpenStreetMap"
        ],
        "source_url": [
          "https://www.openstreetmap.org/way/215668343"
        ],
        "license": "ODbL 1.0",
        "checked": "2026-08-27",
        "confidence": "high",
        "note": "Current-geography OSM extract; this is not evidence of a historical alignment.",
        "type": "road",
        "osm_id": 215668343,
        "ref": "20"
      },
      "geometry": {
        "type": "LineString",
        "coordinates": [
          [
            139.6747837,
            35.6767504
          ],
          [
            139.6753538,
            35.6769346
          ],
          [
            139.6757053,
            35.6770472
          ],
          [
            139.6759931,
            35.6771358
          ],
          [
            139.6765274,
            35.6772943
          ]
        ]
      }
    },
    {
      "type": "Feature",
      "properties": {
        "id": "osm-way-229361291",
        "name": "甲州街道",
        "aliases": [
          "20"
        ],
        "source": [
          "OpenStreetMap"
        ],
        "source_url": [
          "https://www.openstreetmap.org/way/229361291"
        ],
        "license": "ODbL 1.0",
        "checked": "2026-08-27",
        "confidence": "high",
        "note": "Current-geography OSM extract; this is not evidence of a historical alignment.",
        "type": "road",
        "osm_id": 229361291,
        "ref": "20"
      },
      "geometry": {
        "type": "LineString",
        "coordinates": [
          [
            139.6882515,
            35.6822733
          ],
          [
            139.6881409,
            35.6821989
          ],
          [
            139.6877631,
            35.6819507
          ],
          [
            139.6872766,
            35.6816474
          ]
        ]
      }
    },
    {
      "type": "Feature",
      "properties": {
        "id": "osm-way-229361293",
        "name": "甲州街道",
        "aliases": [
          "20"
        ],
        "source": [
          "OpenStreetMap"
        ],
        "source_url": [
          "https://www.openstreetmap.org/way/229361293"
        ],
        "license": "ODbL 1.0",
        "checked": "2026-08-27",
        "confidence": "high",
        "note": "Current-geography OSM extract; this is not evidence of a historical alignment.",
        "type": "road",
        "osm_id": 229361293,
        "ref": "20"
      },
      "geometry": {
        "type": "LineString",
        "coordinates": [
          [
            139.6858359,
            35.6807768
          ],
          [
            139.6851664,
            35.6803587
          ],
          [
            139.6848332,
            35.6801665
          ],
          [
            139.6845523,
            35.6800158
          ],
          [
            139.6842469,
            35.6798723
          ],
          [
            139.6837767,
            35.6796724
          ],
          [
            139.6822399,
            35.6790257
          ],
          [
            139.6813149,
            35.678595
          ]
        ]
      }
    },
    {
      "type": "Feature",
      "properties": {
        "id": "osm-way-229361294",
        "name": "甲州街道",
        "aliases": [
          "20"
        ],
        "source": [
          "OpenStreetMap"
        ],
        "source_url": [
          "https://www.openstreetmap.org/way/229361294"
        ],
        "license": "ODbL 1.0",
        "checked": "2026-08-27",
        "confidence": "high",
        "note": "Current-geography OSM extract; this is not evidence of a historical alignment.",
        "type": "road",
        "osm_id": 229361294,
        "ref": "20"
      },
      "geometry": {
        "type": "LineString",
        "coordinates": [
          [
            139.6880448,
            35.6824731
          ],
          [
            139.6881865,
            35.6825536
          ]
        ]
      }
    },
    {
      "type": "Feature",
      "properties": {
        "id": "osm-way-245926142",
        "name": "新宿通り",
        "aliases": [],
        "source": [
          "OpenStreetMap"
        ],
        "source_url": [
          "https://www.openstreetmap.org/way/245926142"
        ],
        "license": "ODbL 1.0",
        "checked": "2026-08-27",
        "confidence": "high",
        "note": "Current-geography OSM extract; this is not evidence of a historical alignment.",
        "type": "road",
        "osm_id": 245926142
      },
      "geometry": {
        "type": "LineString",
        "coordinates": [
          [
            139.7048359,
            35.6908841
          ],
          [
            139.7046884,
            35.6909532
          ],
          [
            139.7038511,
            35.6913278
          ],
          [
            139.7037427,
            35.6913762
          ],
          [
            139.7036972,
            35.6913966
          ],
          [
            139.7036734,
            35.6914073
          ],
          [
            139.7036245,
            35.6914293
          ],
          [
            139.7035226,
            35.6914749
          ],
          [
            139.7033821,
            35.6915378
          ],
          [
            139.7028088,
            35.6917958
          ],
          [
            139.7027497,
            35.6918223
          ],
          [
            139.7026724,
            35.691857
          ],
          [
            139.702653,
            35.6918657
          ],
          [
            139.7026321,
            35.6918752
          ],
          [
            139.7025425,
            35.6919156
          ],
          [
            139.7025019,
            35.691934
          ],
          [
            139.7024423,
            35.6919602
          ],
          [
            139.7020403,
            35.6921409
          ],
          [
            139.701939,
            35.6921857
          ],
          [
            139.7018872,
            35.6922081
          ],
          [
            139.7018355,
            35.6922281
          ],
          [
            139.7017961,
            35.692242
          ],
          [
            139.7017709,
            35.6922507
          ]
        ]
      }
    },
    {
      "type": "Feature",
      "properties": {
        "id": "osm-way-251308514",
        "name": "甲州街道",
        "aliases": [
          "20"
        ],
        "source": [
          "OpenStreetMap"
        ],
        "source_url": [
          "https://www.openstreetmap.org/way/251308514"
        ],
        "license": "ODbL 1.0",
        "checked": "2026-08-27",
        "confidence": "high",
        "note": "Current-geography OSM extract; this is not evidence of a historical alignment.",
        "type": "road",
        "osm_id": 251308514,
        "ref": "20"
      },
      "geometry": {
        "type": "LineString",
        "coordinates": [
          [
            139.6989409,
            35.688652
          ],
          [
            139.699185,
            35.6887457
          ],
          [
            139.6993775,
            35.6888244
          ],
          [
            139.6995872,
            35.6889073
          ],
          [
            139.6997172,
            35.688954
          ],
          [
            139.6999293,
            35.6890151
          ],
          [
            139.7000896,
            35.6890526
          ]
        ]
      }
    },
    {
      "type": "Feature",
      "properties": {
        "id": "osm-way-251308515",
        "name": "甲州街道",
        "aliases": [
          "20"
        ],
        "source": [
          "OpenStreetMap"
        ],
        "source_url": [
          "https://www.openstreetmap.org/way/251308515"
        ],
        "license": "ODbL 1.0",
        "checked": "2026-08-27",
        "confidence": "high",
        "note": "Current-geography OSM extract; this is not evidence of a historical alignment.",
        "type": "road",
        "osm_id": 251308515,
        "ref": "20"
      },
      "geometry": {
        "type": "LineString",
        "coordinates": [
          [
            139.6989878,
            35.6885407
          ],
          [
            139.6988098,
            35.6884753
          ],
          [
            139.697793,
            35.6880767
          ],
          [
            139.6975298,
            35.6879746
          ],
          [
            139.6969042,
            35.6877318
          ],
          [
            139.6968559,
            35.687711
          ],
          [
            139.6964872,
            35.6875519
          ]
        ]
      }
    },
    {
      "type": "Feature",
      "properties": {
        "id": "osm-way-251308516",
        "name": "甲州街道",
        "aliases": [
          "20"
        ],
        "source": [
          "OpenStreetMap"
        ],
        "source_url": [
          "https://www.openstreetmap.org/way/251308516"
        ],
        "license": "ODbL 1.0",
        "checked": "2026-08-27",
        "confidence": "high",
        "note": "Current-geography OSM extract; this is not evidence of a historical alignment.",
        "type": "road",
        "osm_id": 251308516,
        "ref": "20"
      },
      "geometry": {
        "type": "LineString",
        "coordinates": [
          [
            139.7044786,
            35.6898637
          ],
          [
            139.7047125,
            35.6898745
          ],
          [
            139.7048995,
            35.6898763
          ],
          [
            139.7050735,
            35.6898664
          ],
          [
            139.7052417,
            35.6898448
          ],
          [
            139.7054099,
            35.6898106
          ],
          [
            139.7055712,
            35.6897636
          ],
          [
            139.705757,
            35.689696
          ],
          [
            139.7059542,
            35.6896084
          ],
          [
            139.7062011,
            35.6894807
          ]
        ]
      }
    },
    {
      "type": "Feature",
      "properties": {
        "id": "osm-way-251308519",
        "name": "甲州街道",
        "aliases": [
          "20"
        ],
        "source": [
          "OpenStreetMap"
        ],
        "source_url": [
          "https://www.openstreetmap.org/way/251308519"
        ],
        "license": "ODbL 1.0",
        "checked": "2026-08-27",
        "confidence": "high",
        "note": "Current-geography OSM extract; this is not evidence of a historical alignment.",
        "type": "road",
        "osm_id": 251308519,
        "ref": "20"
      },
      "geometry": {
        "type": "LineString",
        "coordinates": [
          [
            139.6929715,
            35.6857227
          ],
          [
            139.6932419,
            35.6859267
          ],
          [
            139.6937544,
            35.6863158
          ],
          [
            139.6941897,
            35.686624
          ],
          [
            139.6943499,
            35.6867327
          ],
          [
            139.6944415,
            35.686791
          ],
          [
            139.694483,
            35.6868174
          ]
        ]
      }
    },
    {
      "type": "Feature",
      "properties": {
        "id": "osm-way-251308524",
        "name": "甲州街道",
        "aliases": [
          "20"
        ],
        "source": [
          "OpenStreetMap"
        ],
        "source_url": [
          "https://www.openstreetmap.org/way/251308524"
        ],
        "license": "ODbL 1.0",
        "checked": "2026-08-27",
        "confidence": "high",
        "note": "Current-geography OSM extract; this is not evidence of a historical alignment.",
        "type": "road",
        "osm_id": 251308524,
        "ref": "20"
      },
      "geometry": {
        "type": "LineString",
        "coordinates": [
          [
            139.6945871,
            35.6867034
          ],
          [
            139.6944518,
            35.6866205
          ],
          [
            139.6943193,
            35.6865372
          ],
          [
            139.6941688,
            35.6864312
          ],
          [
            139.6938769,
            35.6862236
          ],
          [
            139.693621,
            35.6860327
          ],
          [
            139.6934858,
            35.6859318
          ],
          [
            139.6929389,
            35.6855238
          ],
          [
            139.692694,
            35.6853415
          ],
          [
            139.6924054,
            35.6851285
          ],
          [
            139.6923605,
            35.6850954
          ],
          [
            139.6920178,
            35.684855
          ],
          [
            139.6911824,
            35.6842813
          ],
          [
            139.6910962,
            35.684221
          ],
          [
            139.6909721,
            35.6841213
          ]
        ]
      }
    },
    {
      "type": "Feature",
      "properties": {
        "id": "osm-way-251308527",
        "name": "新宿通り",
        "aliases": [],
        "source": [
          "OpenStreetMap"
        ],
        "source_url": [
          "https://www.openstreetmap.org/way/251308527"
        ],
        "license": "ODbL 1.0",
        "checked": "2026-08-27",
        "confidence": "high",
        "note": "Current-geography OSM extract; this is not evidence of a historical alignment.",
        "type": "road",
        "osm_id": 251308527
      },
      "geometry": {
        "type": "LineString",
        "coordinates": [
          [
            139.7099309,
            35.6887603
          ],
          [
            139.7097897,
            35.6887906
          ],
          [
            139.7097114,
            35.6888071
          ],
          [
            139.7093915,
            35.688869
          ],
          [
            139.7091895,
            35.6889223
          ],
          [
            139.7089531,
            35.6890078
          ],
          [
            139.7087306,
            35.6891074
          ],
          [
            139.7084474,
            35.6892337
          ],
          [
            139.7078052,
            35.6895292
          ],
          [
            139.7077561,
            35.6895518
          ],
          [
            139.7076608,
            35.689597
          ]
        ]
      }
    },
    {
      "type": "Feature",
      "properties": {
        "id": "osm-way-251308529",
        "name": "甲州街道",
        "aliases": [
          "20"
        ],
        "source": [
          "OpenStreetMap"
        ],
        "source_url": [
          "https://www.openstreetmap.org/way/251308529"
        ],
        "license": "ODbL 1.0",
        "checked": "2026-08-27",
        "confidence": "high",
        "note": "Current-geography OSM extract; this is not evidence of a historical alignment.",
        "type": "road",
        "osm_id": 251308529,
        "ref": "20"
      },
      "geometry": {
        "type": "LineString",
        "coordinates": [
          [
            139.6947209,
            35.6869402
          ],
          [
            139.6952517,
            35.6871827
          ],
          [
            139.6956383,
            35.6873479
          ]
        ]
      }
    },
    {
      "type": "Feature",
      "properties": {
        "id": "osm-way-258834787",
        "name": "新宿通り",
        "aliases": [
          "20"
        ],
        "source": [
          "OpenStreetMap"
        ],
        "source_url": [
          "https://www.openstreetmap.org/way/258834787"
        ],
        "license": "ODbL 1.0",
        "checked": "2026-08-27",
        "confidence": "high",
        "note": "Current-geography OSM extract; this is not evidence of a historical alignment.",
        "type": "road",
        "osm_id": 258834787,
        "ref": "20"
      },
      "geometry": {
        "type": "LineString",
        "coordinates": [
          [
            139.7202909,
            35.6878796
          ],
          [
            139.7201552,
            35.6878688
          ],
          [
            139.7190886,
            35.6877706
          ],
          [
            139.7181052,
            35.6876752
          ],
          [
            139.7179831,
            35.6876632
          ],
          [
            139.7178218,
            35.6876489
          ]
        ]
      }
    },
    {
      "type": "Feature",
      "properties": {
        "id": "osm-way-258834803",
        "name": "新宿通り",
        "aliases": [
          "20"
        ],
        "source": [
          "OpenStreetMap"
        ],
        "source_url": [
          "https://www.openstreetmap.org/way/258834803"
        ],
        "license": "ODbL 1.0",
        "checked": "2026-08-27",
        "confidence": "high",
        "note": "Current-geography OSM extract; this is not evidence of a historical alignment.",
        "type": "road",
        "osm_id": 258834803,
        "ref": "20"
      },
      "geometry": {
        "type": "LineString",
        "coordinates": [
          [
            139.7232785,
            35.6879322
          ],
          [
            139.7234625,
            35.6878878
          ],
          [
            139.7240705,
            35.6877429
          ],
          [
            139.7246892,
            35.6875871
          ],
          [
            139.7248092,
            35.6875571
          ],
          [
            139.7248895,
            35.687537
          ],
          [
            139.7250205,
            35.6875037
          ],
          [
            139.7251287,
            35.6874664
          ],
          [
            139.7255236,
            35.6873305
          ],
          [
            139.7257803,
            35.6872258
          ],
          [
            139.7258328,
            35.6872044
          ],
          [
            139.7259914,
            35.6871399
          ],
          [
            139.7273851,
            35.6866206
          ],
          [
            139.7274428,
            35.6865991
          ],
          [
            139.7275839,
            35.6865465
          ]
        ]
      }
    },
    {
      "type": "Feature",
      "properties": {
        "id": "osm-way-275655287",
        "name": "甲州街道",
        "aliases": [
          "20"
        ],
        "source": [
          "OpenStreetMap"
        ],
        "source_url": [
          "https://www.openstreetmap.org/way/275655287"
        ],
        "license": "ODbL 1.0",
        "checked": "2026-08-27",
        "confidence": "high",
        "note": "Current-geography OSM extract; this is not evidence of a historical alignment.",
        "type": "road",
        "osm_id": 275655287,
        "ref": "20"
      },
      "geometry": {
        "type": "LineString",
        "coordinates": [
          [
            139.6903289,
            35.6839435
          ],
          [
            139.6905282,
            35.6840763
          ],
          [
            139.6906406,
            35.6841525
          ],
          [
            139.6907969,
            35.6842512
          ]
        ]
      }
    },
    {
      "type": "Feature",
      "properties": {
        "id": "osm-way-275655290",
        "name": "甲州街道",
        "aliases": [
          "20"
        ],
        "source": [
          "OpenStreetMap"
        ],
        "source_url": [
          "https://www.openstreetmap.org/way/275655290"
        ],
        "license": "ODbL 1.0",
        "checked": "2026-08-27",
        "confidence": "high",
        "note": "Current-geography OSM extract; this is not evidence of a historical alignment.",
        "type": "road",
        "osm_id": 275655290,
        "ref": "20"
      },
      "geometry": {
        "type": "LineString",
        "coordinates": [
          [
            139.655415,
            35.671079
          ],
          [
            139.6555938,
            35.6711375
          ],
          [
            139.6556708,
            35.6711651
          ],
          [
            139.6568658,
            35.6716315
          ],
          [
            139.6571226,
            35.6717167
          ],
          [
            139.6573398,
            35.6717812
          ],
          [
            139.6591147,
            35.6722227
          ]
        ]
      }
    },
    {
      "type": "Feature",
      "properties": {
        "id": "osm-way-277209484",
        "name": "甲州街道",
        "aliases": [
          "20"
        ],
        "source": [
          "OpenStreetMap"
        ],
        "source_url": [
          "https://www.openstreetmap.org/way/277209484"
        ],
        "license": "ODbL 1.0",
        "checked": "2026-08-27",
        "confidence": "high",
        "note": "Current-geography OSM extract; this is not evidence of a historical alignment.",
        "type": "road",
        "osm_id": 277209484,
        "ref": "20"
      },
      "geometry": {
        "type": "LineString",
        "coordinates": [
          [
            139.609002,
            35.6728709
          ],
          [
            139.6092591,
            35.6728192
          ],
          [
            139.6096078,
            35.6727533
          ],
          [
            139.6099997,
            35.6726793
          ],
          [
            139.6107571,
            35.6725274
          ],
          [
            139.6108458,
            35.6725106
          ],
          [
            139.6109734,
            35.6724841
          ],
          [
            139.6121436,
            35.6722577
          ]
        ]
      }
    },
    {
      "type": "Feature",
      "properties": {
        "id": "osm-way-277209505",
        "name": "甲州街道",
        "aliases": [
          "20"
        ],
        "source": [
          "OpenStreetMap"
        ],
        "source_url": [
          "https://www.openstreetmap.org/way/277209505"
        ],
        "license": "ODbL 1.0",
        "checked": "2026-08-27",
        "confidence": "high",
        "note": "Current-geography OSM extract; this is not evidence of a historical alignment.",
        "type": "road",
        "osm_id": 277209505,
        "ref": "20"
      },
      "geometry": {
        "type": "LineString",
        "coordinates": [
          [
            139.6133536,
            35.6720165
          ],
          [
            139.6135683,
            35.6719922
          ]
        ]
      }
    },
    {
      "type": "Feature",
      "properties": {
        "id": "osm-way-277209515",
        "name": "甲州街道",
        "aliases": [
          "20"
        ],
        "source": [
          "OpenStreetMap"
        ],
        "source_url": [
          "https://www.openstreetmap.org/way/277209515"
        ],
        "license": "ODbL 1.0",
        "checked": "2026-08-27",
        "confidence": "high",
        "note": "Current-geography OSM extract; this is not evidence of a historical alignment.",
        "type": "road",
        "osm_id": 277209515,
        "ref": "20"
      },
      "geometry": {
        "type": "LineString",
        "coordinates": [
          [
            139.612551,
            35.6721019
          ],
          [
            139.6119627,
            35.6722271
          ],
          [
            139.6109634,
            35.6724222
          ],
          [
            139.6108538,
            35.6724442
          ],
          [
            139.6107655,
            35.6724627
          ],
          [
            139.6096014,
            35.6726885
          ],
          [
            139.608994,
            35.672807
          ],
          [
            139.6088931,
            35.6728269
          ],
          [
            139.607748,
            35.6730531
          ],
          [
            139.6071936,
            35.6731408
          ],
          [
            139.607174,
            35.6731439
          ],
          [
            139.6068241,
            35.6731767
          ],
          [
            139.6064646,
            35.6731799
          ],
          [
            139.6060966,
            35.6731768
          ],
          [
            139.6056565,
            35.673153
          ],
          [
            139.6054871,
            35.6731295
          ],
          [
            139.605308,
            35.6731046
          ],
          [
            139.6048409,
            35.6730299
          ],
          [
            139.6032766,
            35.6727713
          ],
          [
            139.6016293,
            35.6725154
          ],
          [
            139.6015253,
            35.6724992
          ],
          [
            139.6014416,
            35.6724852
          ],
          [
            139.6004824,
            35.672325
          ],
          [
            139.6001591,
            35.6722593
          ],
          [
            139.6000807,
            35.6722434
          ],
          [
            139.5995405,
            35.6720972
          ],
          [
            139.5991265,
            35.6719392
          ],
          [
            139.5988968,
            35.6718515
          ],
          [
            139.5983197,
            35.6715317
          ],
          [
            139.5978616,
            35.6712598
          ],
          [
            139.5975174,
            35.671051
          ],
          [
            139.5974564,
            35.6710138
          ],
          [
            139.5973849,
            35.6709682
          ],
          [
            139.5967122,
            35.6705453
          ],
          [
            139.5962159,
            35.6702329
          ],
          [
            139.5959531,
            35.670068
          ],
          [
            139.5947364,
            35.6693068
          ],
          [
            139.59441,
            35.6691055
          ],
          [
            139.5939153,
            35.668803
          ],
          [
            139.5936238,
            35.6686206
          ]
        ]
      }
    },
    {
      "type": "Feature",
      "properties": {
        "id": "osm-way-277209544",
        "name": "甲州街道",
        "aliases": [
          "20"
        ],
        "source": [
          "OpenStreetMap"
        ],
        "source_url": [
          "https://www.openstreetmap.org/way/277209544"
        ],
        "license": "ODbL 1.0",
        "checked": "2026-08-27",
        "confidence": "high",
        "note": "Current-geography OSM extract; this is not evidence of a historical alignment.",
        "type": "road",
        "osm_id": 277209544,
        "ref": "20"
      },
      "geometry": {
        "type": "LineString",
        "coordinates": [
          [
            139.6135659,
            35.6719083
          ],
          [
            139.6133487,
            35.6719382
          ]
        ]
      }
    },
    {
      "type": "Feature",
      "properties": {
        "id": "osm-way-285189314",
        "name": "甲州街道",
        "aliases": [
          "20"
        ],
        "source": [
          "OpenStreetMap"
        ],
        "source_url": [
          "https://www.openstreetmap.org/way/285189314"
        ],
        "license": "ODbL 1.0",
        "checked": "2026-08-27",
        "confidence": "high",
        "note": "Current-geography OSM extract; this is not evidence of a historical alignment.",
        "type": "road",
        "osm_id": 285189314,
        "ref": "20"
      },
      "geometry": {
        "type": "LineString",
        "coordinates": [
          [
            139.6909721,
            35.6841213
          ],
          [
            139.6907821,
            35.6840007
          ],
          [
            139.6903963,
            35.6837613
          ]
        ]
      }
    },
    {
      "type": "Feature",
      "properties": {
        "id": "osm-way-285189324",
        "name": "甲州街道",
        "aliases": [
          "20"
        ],
        "source": [
          "OpenStreetMap"
        ],
        "source_url": [
          "https://www.openstreetmap.org/way/285189324"
        ],
        "license": "ODbL 1.0",
        "checked": "2026-08-27",
        "confidence": "high",
        "note": "Current-geography OSM extract; this is not evidence of a historical alignment.",
        "type": "road",
        "osm_id": 285189324,
        "ref": "20"
      },
      "geometry": {
        "type": "LineString",
        "coordinates": [
          [
            139.6860565,
            35.6812014
          ],
          [
            139.6865676,
            35.6815511
          ],
          [
            139.6872265,
            35.6819716
          ],
          [
            139.6877504,
            35.682303
          ],
          [
            139.6879419,
            35.6824137
          ],
          [
            139.6880448,
            35.6824731
          ]
        ]
      }
    },
    {
      "type": "Feature",
      "properties": {
        "id": "osm-way-304727896",
        "name": "新宿通り",
        "aliases": [
          "20",
          "麹町大通り"
        ],
        "source": [
          "OpenStreetMap"
        ],
        "source_url": [
          "https://www.openstreetmap.org/way/304727896"
        ],
        "license": "ODbL 1.0",
        "checked": "2026-08-27",
        "confidence": "high",
        "note": "Current-geography OSM extract; this is not evidence of a historical alignment.",
        "type": "road",
        "osm_id": 304727896,
        "ref": "20"
      },
      "geometry": {
        "type": "LineString",
        "coordinates": [
          [
            139.729586,
            35.6859175
          ],
          [
            139.7297486,
            35.6858866
          ],
          [
            139.7302967,
            35.6858097
          ]
        ]
      }
    },
    {
      "type": "Feature",
      "properties": {
        "id": "osm-way-304727897",
        "name": "新宿通り",
        "aliases": [
          "20",
          "麹町大通り"
        ],
        "source": [
          "OpenStreetMap"
        ],
        "source_url": [
          "https://www.openstreetmap.org/way/304727897"
        ],
        "license": "ODbL 1.0",
        "checked": "2026-08-27",
        "confidence": "high",
        "note": "Current-geography OSM extract; this is not evidence of a historical alignment.",
        "type": "road",
        "osm_id": 304727897,
        "ref": "20"
      },
      "geometry": {
        "type": "LineString",
        "coordinates": [
          [
            139.7309868,
            35.6855611
          ],
          [
            139.7307957,
            35.6855997
          ],
          [
            139.7307474,
            35.6856067
          ]
        ]
      }
    },
    {
      "type": "Feature",
      "properties": {
        "id": "osm-way-307856078",
        "name": "甲州街道",
        "aliases": [
          "20"
        ],
        "source": [
          "OpenStreetMap"
        ],
        "source_url": [
          "https://www.openstreetmap.org/way/307856078"
        ],
        "license": "ODbL 1.0",
        "checked": "2026-08-27",
        "confidence": "high",
        "note": "Current-geography OSM extract; this is not evidence of a historical alignment.",
        "type": "road",
        "osm_id": 307856078,
        "ref": "20"
      },
      "geometry": {
        "type": "LineString",
        "coordinates": [
          [
            139.5882908,
            35.665396
          ],
          [
            139.5883227,
            35.6654154
          ],
          [
            139.5891222,
            35.6659017
          ],
          [
            139.590144,
            35.6665346
          ],
          [
            139.5907028,
            35.666885
          ],
          [
            139.5912246,
            35.667204
          ],
          [
            139.5914383,
            35.6673455
          ],
          [
            139.5920582,
            35.6677251
          ],
          [
            139.5926122,
            35.6680725
          ],
          [
            139.5926947,
            35.6681242
          ],
          [
            139.5927732,
            35.6681716
          ],
          [
            139.5938796,
            35.6688563
          ],
          [
            139.5942958,
            35.6691137
          ],
          [
            139.5943659,
            35.6691573
          ],
          [
            139.5959308,
            35.6701318
          ],
          [
            139.5965309,
            35.6705084
          ],
          [
            139.5973327,
            35.6710032
          ],
          [
            139.5974145,
            35.6710544
          ],
          [
            139.5974797,
            35.6710948
          ],
          [
            139.5982285,
            35.6715552
          ],
          [
            139.5988446,
            35.6718987
          ],
          [
            139.5990671,
            35.6719899
          ],
          [
            139.5992577,
            35.6720679
          ],
          [
            139.5993555,
            35.6721079
          ],
          [
            139.6000983,
            35.6723286
          ],
          [
            139.6001763,
            35.6723412
          ],
          [
            139.6003707,
            35.6723727
          ],
          [
            139.6014239,
            35.6725543
          ],
          [
            139.6015045,
            35.6725682
          ],
          [
            139.6016081,
            35.672584
          ],
          [
            139.6026203,
            35.6727381
          ],
          [
            139.6030134,
            35.6727985
          ],
          [
            139.603913,
            35.6729446
          ],
          [
            139.6041117,
            35.672975
          ],
          [
            139.6048232,
            35.6730839
          ],
          [
            139.6054758,
            35.6731837
          ],
          [
            139.6056454,
            35.6732097
          ],
          [
            139.6061781,
            35.6732472
          ],
          [
            139.606537,
            35.6732447
          ],
          [
            139.6067892,
            35.6732396
          ],
          [
            139.6071746,
            35.6732086
          ],
          [
            139.6077025,
            35.6731262
          ],
          [
            139.6081151,
            35.6730451
          ],
          [
            139.6089052,
            35.6728899
          ],
          [
            139.609002,
            35.6728709
          ]
        ]
      }
    },
    {
      "type": "Feature",
      "properties": {
        "id": "osm-way-390536922",
        "name": "甲州街道",
        "aliases": [
          "20"
        ],
        "source": [
          "OpenStreetMap"
        ],
        "source_url": [
          "https://www.openstreetmap.org/way/390536922"
        ],
        "license": "ODbL 1.0",
        "checked": "2026-08-27",
        "confidence": "high",
        "note": "Current-geography OSM extract; this is not evidence of a historical alignment.",
        "type": "road",
        "osm_id": 390536922,
        "ref": "20"
      },
      "geometry": {
        "type": "LineString",
        "coordinates": [
          [
            139.667228,
            35.6742861
          ],
          [
            139.6671683,
            35.6742697
          ],
          [
            139.6664587,
            35.6740673
          ],
          [
            139.6646628,
            35.6735444
          ],
          [
            139.6646127,
            35.6735298
          ],
          [
            139.6641342,
            35.6733905
          ],
          [
            139.6637452,
            35.6732839
          ],
          [
            139.663569,
            35.6732356
          ]
        ]
      }
    },
    {
      "type": "Feature",
      "properties": {
        "id": "osm-way-407608718",
        "name": "甲州街道",
        "aliases": [
          "20"
        ],
        "source": [
          "OpenStreetMap"
        ],
        "source_url": [
          "https://www.openstreetmap.org/way/407608718"
        ],
        "license": "ODbL 1.0",
        "checked": "2026-08-27",
        "confidence": "high",
        "note": "Current-geography OSM extract; this is not evidence of a historical alignment.",
        "type": "road",
        "osm_id": 407608718,
        "ref": "20"
      },
      "geometry": {
        "type": "LineString",
        "coordinates": [
          [
            139.7019314,
            35.6894317
          ],
          [
            139.7024261,
            35.6895534
          ],
          [
            139.7028787,
            35.6896496
          ],
          [
            139.7031844,
            35.689702
          ]
        ]
      }
    },
    {
      "type": "Feature",
      "properties": {
        "id": "osm-way-407608719",
        "name": "甲州街道",
        "aliases": [
          "20"
        ],
        "source": [
          "OpenStreetMap"
        ],
        "source_url": [
          "https://www.openstreetmap.org/way/407608719"
        ],
        "license": "ODbL 1.0",
        "checked": "2026-08-27",
        "confidence": "high",
        "note": "Current-geography OSM extract; this is not evidence of a historical alignment.",
        "type": "road",
        "osm_id": 407608719,
        "ref": "20"
      },
      "geometry": {
        "type": "LineString",
        "coordinates": [
          [
            139.7032044,
            35.6896101
          ],
          [
            139.7029028,
            35.6895601
          ],
          [
            139.70247,
            35.6894681
          ],
          [
            139.702172,
            35.6893929
          ],
          [
            139.7020105,
            35.6893527
          ]
        ]
      }
    },
    {
      "type": "Feature",
      "properties": {
        "id": "osm-way-415221584",
        "name": "新宿通り",
        "aliases": [],
        "source": [
          "OpenStreetMap"
        ],
        "source_url": [
          "https://www.openstreetmap.org/way/415221584"
        ],
        "license": "ODbL 1.0",
        "checked": "2026-08-27",
        "confidence": "high",
        "note": "Current-geography OSM extract; this is not evidence of a historical alignment.",
        "type": "road",
        "osm_id": 415221584
      },
      "geometry": {
        "type": "LineString",
        "coordinates": [
          [
            139.7049077,
            35.6908512
          ],
          [
            139.7048359,
            35.6908841
          ]
        ]
      }
    },
    {
      "type": "Feature",
      "properties": {
        "id": "osm-way-645599601",
        "name": "甲州街道",
        "aliases": [
          "20"
        ],
        "source": [
          "OpenStreetMap"
        ],
        "source_url": [
          "https://www.openstreetmap.org/way/645599601"
        ],
        "license": "ODbL 1.0",
        "checked": "2026-08-27",
        "confidence": "high",
        "note": "Current-geography OSM extract; this is not evidence of a historical alignment.",
        "type": "road",
        "osm_id": 645599601,
        "ref": "20"
      },
      "geometry": {
        "type": "LineString",
        "coordinates": [
          [
            139.6416428,
            35.667471
          ],
          [
            139.6415021,
            35.6674573
          ],
          [
            139.6414035,
            35.6674476
          ],
          [
            139.6410016,
            35.6674057
          ],
          [
            139.6407753,
            35.6673934
          ],
          [
            139.6405525,
            35.6673799
          ],
          [
            139.6398683,
            35.6673386
          ],
          [
            139.6393163,
            35.6673239
          ],
          [
            139.6391975,
            35.6673225
          ],
          [
            139.6388676,
            35.6673328
          ],
          [
            139.6385663,
            35.6673547
          ],
          [
            139.6383836,
            35.6673823
          ],
          [
            139.6383732,
            35.6673839
          ],
          [
            139.6381788,
            35.6674191
          ],
          [
            139.6376889,
            35.6675476
          ],
          [
            139.6373316,
            35.667658
          ],
          [
            139.6368981,
            35.6678055
          ],
          [
            139.6364518,
            35.6679389
          ],
          [
            139.6356564,
            35.66821
          ],
          [
            139.6346821,
            35.6685362
          ],
          [
            139.634075,
            35.6687307
          ],
          [
            139.6337124,
            35.6688532
          ],
          [
            139.6332921,
            35.6689983
          ],
          [
            139.6331668,
            35.6690387
          ],
          [
            139.6331336,
            35.6690494
          ],
          [
            139.633083,
            35.6690657
          ],
          [
            139.6330101,
            35.6690894
          ],
          [
            139.6329076,
            35.6691225
          ],
          [
            139.6328168,
            35.6691519
          ],
          [
            139.6324925,
            35.6692385
          ],
          [
            139.632249,
            35.669286
          ],
          [
            139.6320375,
            35.669321
          ],
          [
            139.6315974,
            35.6693714
          ],
          [
            139.6313745,
            35.6693956
          ],
          [
            139.6309303,
            35.6694437
          ],
          [
            139.6304889,
            35.669502
          ],
          [
            139.6301081,
            35.6695582
          ],
          [
            139.6293488,
            35.6696736
          ],
          [
            139.629034,
            35.6697226
          ],
          [
            139.628641,
            35.6697796
          ],
          [
            139.6283193,
            35.6698227
          ],
          [
            139.6281272,
            35.6698495
          ]
        ]
      }
    },
    {
      "type": "Feature",
      "properties": {
        "id": "osm-way-645599602",
        "name": "甲州街道",
        "aliases": [
          "20"
        ],
        "source": [
          "OpenStreetMap"
        ],
        "source_url": [
          "https://www.openstreetmap.org/way/645599602"
        ],
        "license": "ODbL 1.0",
        "checked": "2026-08-27",
        "confidence": "high",
        "note": "Current-geography OSM extract; this is not evidence of a historical alignment.",
        "type": "road",
        "osm_id": 645599602,
        "ref": "20"
      },
      "geometry": {
        "type": "LineString",
        "coordinates": [
          [
            139.6423416,
            35.6675574
          ],
          [
            139.6420458,
            35.6675187
          ],
          [
            139.6418628,
            35.6674982
          ],
          [
            139.6416428,
            35.667471
          ]
        ]
      }
    },
    {
      "type": "Feature",
      "properties": {
        "id": "osm-way-647994516",
        "name": "甲州街道",
        "aliases": [
          "20"
        ],
        "source": [
          "OpenStreetMap"
        ],
        "source_url": [
          "https://www.openstreetmap.org/way/647994516"
        ],
        "license": "ODbL 1.0",
        "checked": "2026-08-27",
        "confidence": "high",
        "note": "Current-geography OSM extract; this is not evidence of a historical alignment.",
        "type": "road",
        "osm_id": 647994516,
        "ref": "20"
      },
      "geometry": {
        "type": "LineString",
        "coordinates": [
          [
            139.6121436,
            35.6722577
          ],
          [
            139.6131677,
            35.6720528
          ],
          [
            139.6133536,
            35.6720165
          ]
        ]
      }
    },
    {
      "type": "Feature",
      "properties": {
        "id": "osm-way-650639330",
        "name": "甲州街道",
        "aliases": [
          "20"
        ],
        "source": [
          "OpenStreetMap"
        ],
        "source_url": [
          "https://www.openstreetmap.org/way/650639330"
        ],
        "license": "ODbL 1.0",
        "checked": "2026-08-27",
        "confidence": "high",
        "note": "Current-geography OSM extract; this is not evidence of a historical alignment.",
        "type": "road",
        "osm_id": 650639330,
        "ref": "20"
      },
      "geometry": {
        "type": "LineString",
        "coordinates": [
          [
            139.6281625,
            35.6700797
          ],
          [
            139.6281803,
            35.6700743
          ],
          [
            139.6285312,
            35.670019
          ],
          [
            139.6288776,
            35.6699646
          ],
          [
            139.6290926,
            35.6699349
          ],
          [
            139.629485,
            35.6698762
          ],
          [
            139.6300033,
            35.6697984
          ],
          [
            139.630274,
            35.6697578
          ],
          [
            139.6308409,
            35.6696793
          ],
          [
            139.6313299,
            35.6696197
          ],
          [
            139.6315605,
            35.6695889
          ],
          [
            139.6319416,
            35.6695381
          ],
          [
            139.6322997,
            35.6694903
          ],
          [
            139.6326746,
            35.6694224
          ],
          [
            139.6328987,
            35.6693586
          ],
          [
            139.6329435,
            35.6693458
          ],
          [
            139.6330016,
            35.6693293
          ],
          [
            139.6331034,
            35.6692975
          ],
          [
            139.6331713,
            35.6692774
          ],
          [
            139.6332675,
            35.669245
          ],
          [
            139.6333382,
            35.6692212
          ],
          [
            139.6337236,
            35.6690914
          ],
          [
            139.6338738,
            35.6690408
          ],
          [
            139.635113,
            35.6686355
          ],
          [
            139.6355253,
            35.6684959
          ],
          [
            139.6357363,
            35.6684255
          ],
          [
            139.6361197,
            35.6682894
          ],
          [
            139.6365013,
            35.6681652
          ],
          [
            139.6366412,
            35.6681185
          ],
          [
            139.6370426,
            35.6679846
          ],
          [
            139.6375363,
            35.66783
          ],
          [
            139.6378858,
            35.6677235
          ],
          [
            139.6379346,
            35.6677084
          ],
          [
            139.6382693,
            35.6676235
          ],
          [
            139.6383609,
            35.6676022
          ],
          [
            139.6387041,
            35.6675559
          ],
          [
            139.6388491,
            35.6675492
          ],
          [
            139.63947,
            35.667546
          ],
          [
            139.639954,
            35.6675663
          ],
          [
            139.6405363,
            35.6675977
          ],
          [
            139.6413678,
            35.6676635
          ],
          [
            139.6414681,
            35.6676752
          ],
          [
            139.6416171,
            35.6676926
          ]
        ]
      }
    },
    {
      "type": "Feature",
      "properties": {
        "id": "osm-way-657121035",
        "name": "甲州街道",
        "aliases": [],
        "source": [
          "OpenStreetMap"
        ],
        "source_url": [
          "https://www.openstreetmap.org/way/657121035"
        ],
        "license": "ODbL 1.0",
        "checked": "2026-08-27",
        "confidence": "high",
        "note": "Current-geography OSM extract; this is not evidence of a historical alignment.",
        "type": "road",
        "osm_id": 657121035
      },
      "geometry": {
        "type": "LineString",
        "coordinates": [
          [
            139.7000665,
            35.6891677
          ],
          [
            139.7003308,
            35.6892148
          ],
          [
            139.7014409,
            35.6894095
          ],
          [
            139.7015319,
            35.6894274
          ],
          [
            139.7021959,
            35.6895685
          ],
          [
            139.7024815,
            35.6896381
          ],
          [
            139.7027158,
            35.6896897
          ],
          [
            139.7029219,
            35.689731
          ],
          [
            139.7031529,
            35.6897689
          ],
          [
            139.7031843,
            35.6897812
          ]
        ]
      }
    },
    {
      "type": "Feature",
      "properties": {
        "id": "osm-way-692356901",
        "name": "新宿通り",
        "aliases": [
          "430"
        ],
        "source": [
          "OpenStreetMap"
        ],
        "source_url": [
          "https://www.openstreetmap.org/way/692356901"
        ],
        "license": "ODbL 1.0",
        "checked": "2026-08-27",
        "confidence": "high",
        "note": "Current-geography OSM extract; this is not evidence of a historical alignment.",
        "type": "road",
        "osm_id": 692356901,
        "ref": "430"
      },
      "geometry": {
        "type": "LineString",
        "coordinates": [
          [
            139.7017709,
            35.6922507
          ],
          [
            139.701665,
            35.6922807
          ],
          [
            139.701616,
            35.6922923
          ],
          [
            139.7009837,
            35.6924275
          ],
          [
            139.7009321,
            35.6924389
          ],
          [
            139.7008316,
            35.6924611
          ]
        ]
      }
    },
    {
      "type": "Feature",
      "properties": {
        "id": "osm-way-692488020",
        "name": "甲州街道",
        "aliases": [
          "20"
        ],
        "source": [
          "OpenStreetMap"
        ],
        "source_url": [
          "https://www.openstreetmap.org/way/692488020"
        ],
        "license": "ODbL 1.0",
        "checked": "2026-08-27",
        "confidence": "high",
        "note": "Current-geography OSM extract; this is not evidence of a historical alignment.",
        "type": "road",
        "osm_id": 692488020,
        "ref": "20"
      },
      "geometry": {
        "type": "LineString",
        "coordinates": [
          [
            139.6737893,
            35.6762087
          ],
          [
            139.6731176,
            35.6760017
          ],
          [
            139.6711072,
            35.6754013
          ],
          [
            139.6709014,
            35.6753403
          ]
        ]
      }
    },
    {
      "type": "Feature",
      "properties": {
        "id": "osm-way-692488022",
        "name": "甲州街道",
        "aliases": [
          "20"
        ],
        "source": [
          "OpenStreetMap"
        ],
        "source_url": [
          "https://www.openstreetmap.org/way/692488022"
        ],
        "license": "ODbL 1.0",
        "checked": "2026-08-27",
        "confidence": "high",
        "note": "Current-geography OSM extract; this is not evidence of a historical alignment.",
        "type": "road",
        "osm_id": 692488022,
        "ref": "20"
      },
      "geometry": {
        "type": "LineString",
        "coordinates": [
          [
            139.6708484,
            35.6755844
          ],
          [
            139.6710092,
            35.6756325
          ],
          [
            139.6713568,
            35.6757366
          ],
          [
            139.6717804,
            35.6758621
          ],
          [
            139.6722076,
            35.6759875
          ],
          [
            139.6725688,
            35.6760946
          ],
          [
            139.6730099,
            35.6762151
          ],
          [
            139.6733439,
            35.6763101
          ],
          [
            139.6737106,
            35.6764147
          ]
        ]
      }
    },
    {
      "type": "Feature",
      "properties": {
        "id": "osm-way-692488024",
        "name": "甲州街道",
        "aliases": [
          "20"
        ],
        "source": [
          "OpenStreetMap"
        ],
        "source_url": [
          "https://www.openstreetmap.org/way/692488024"
        ],
        "license": "ODbL 1.0",
        "checked": "2026-08-27",
        "confidence": "high",
        "note": "Current-geography OSM extract; this is not evidence of a historical alignment.",
        "type": "road",
        "osm_id": 692488024,
        "ref": "20"
      },
      "geometry": {
        "type": "LineString",
        "coordinates": [
          [
            139.6903963,
            35.6837613
          ],
          [
            139.6896988,
            35.6833111
          ]
        ]
      }
    },
    {
      "type": "Feature",
      "properties": {
        "id": "osm-way-692500949",
        "name": "甲州街道",
        "aliases": [
          "20"
        ],
        "source": [
          "OpenStreetMap"
        ],
        "source_url": [
          "https://www.openstreetmap.org/way/692500949"
        ],
        "license": "ODbL 1.0",
        "checked": "2026-08-27",
        "confidence": "high",
        "note": "Current-geography OSM extract; this is not evidence of a historical alignment.",
        "type": "road",
        "osm_id": 692500949,
        "ref": "20"
      },
      "geometry": {
        "type": "LineString",
        "coordinates": [
          [
            139.6446094,
            35.6680898
          ],
          [
            139.6447575,
            35.6681133
          ]
        ]
      }
    },
    {
      "type": "Feature",
      "properties": {
        "id": "osm-way-787569318",
        "name": "甲州街道",
        "aliases": [
          "20"
        ],
        "source": [
          "OpenStreetMap"
        ],
        "source_url": [
          "https://www.openstreetmap.org/way/787569318"
        ],
        "license": "ODbL 1.0",
        "checked": "2026-08-27",
        "confidence": "high",
        "note": "Current-geography OSM extract; this is not evidence of a historical alignment.",
        "type": "road",
        "osm_id": 787569318,
        "ref": "20"
      },
      "geometry": {
        "type": "LineString",
        "coordinates": [
          [
            139.6886913,
            35.6828126
          ],
          [
            139.6895969,
            35.6834293
          ]
        ]
      }
    },
    {
      "type": "Feature",
      "properties": {
        "id": "osm-way-787569321",
        "name": "甲州街道",
        "aliases": [
          "20"
        ],
        "source": [
          "OpenStreetMap"
        ],
        "source_url": [
          "https://www.openstreetmap.org/way/787569321"
        ],
        "license": "ODbL 1.0",
        "checked": "2026-08-27",
        "confidence": "high",
        "note": "Current-geography OSM extract; this is not evidence of a historical alignment.",
        "type": "road",
        "osm_id": 787569321,
        "ref": "20"
      },
      "geometry": {
        "type": "LineString",
        "coordinates": [
          [
            139.6876375,
            35.6819517
          ],
          [
            139.6866506,
            35.6813216
          ]
        ]
      }
    },
    {
      "type": "Feature",
      "properties": {
        "id": "osm-way-794279396",
        "name": "新宿通り",
        "aliases": [
          "20",
          "麹町大通り"
        ],
        "source": [
          "OpenStreetMap"
        ],
        "source_url": [
          "https://www.openstreetmap.org/way/794279396"
        ],
        "license": "ODbL 1.0",
        "checked": "2026-08-27",
        "confidence": "high",
        "note": "Current-geography OSM extract; this is not evidence of a historical alignment.",
        "type": "road",
        "osm_id": 794279396,
        "ref": "20"
      },
      "geometry": {
        "type": "LineString",
        "coordinates": [
          [
            139.7302651,
            35.6856794
          ],
          [
            139.729784,
            35.6857489
          ],
          [
            139.7297239,
            35.6857576
          ],
          [
            139.7295494,
            35.6857898
          ]
        ]
      }
    },
    {
      "type": "Feature",
      "properties": {
        "id": "osm-way-815861585",
        "name": "甲州街道",
        "aliases": [
          "20"
        ],
        "source": [
          "OpenStreetMap"
        ],
        "source_url": [
          "https://www.openstreetmap.org/way/815861585"
        ],
        "license": "ODbL 1.0",
        "checked": "2026-08-27",
        "confidence": "high",
        "note": "Current-geography OSM extract; this is not evidence of a historical alignment.",
        "type": "road",
        "osm_id": 815861585,
        "ref": "20"
      },
      "geometry": {
        "type": "LineString",
        "coordinates": [
          [
            139.6251348,
            35.6705609
          ],
          [
            139.6255318,
            35.6704677
          ],
          [
            139.625653,
            35.670453
          ]
        ]
      }
    },
    {
      "type": "Feature",
      "properties": {
        "id": "osm-way-815861586",
        "name": "甲州街道",
        "aliases": [
          "20"
        ],
        "source": [
          "OpenStreetMap"
        ],
        "source_url": [
          "https://www.openstreetmap.org/way/815861586"
        ],
        "license": "ODbL 1.0",
        "checked": "2026-08-27",
        "confidence": "high",
        "note": "Current-geography OSM extract; this is not evidence of a historical alignment.",
        "type": "road",
        "osm_id": 815861586,
        "ref": "20"
      },
      "geometry": {
        "type": "LineString",
        "coordinates": [
          [
            139.6247185,
            35.6703746
          ],
          [
            139.624349,
            35.6704316
          ],
          [
            139.6236011,
            35.6705605
          ],
          [
            139.6233602,
            35.6705968
          ]
        ]
      }
    },
    {
      "type": "Feature",
      "properties": {
        "id": "osm-way-815861587",
        "name": "甲州街道",
        "aliases": [
          "20"
        ],
        "source": [
          "OpenStreetMap"
        ],
        "source_url": [
          "https://www.openstreetmap.org/way/815861587"
        ],
        "license": "ODbL 1.0",
        "checked": "2026-08-27",
        "confidence": "high",
        "note": "Current-geography OSM extract; this is not evidence of a historical alignment.",
        "type": "road",
        "osm_id": 815861587,
        "ref": "20"
      },
      "geometry": {
        "type": "LineString",
        "coordinates": [
          [
            139.6416171,
            35.6676926
          ],
          [
            139.6446094,
            35.6680898
          ]
        ]
      }
    },
    {
      "type": "Feature",
      "properties": {
        "id": "osm-way-815861588",
        "name": "甲州街道",
        "aliases": [
          "20"
        ],
        "source": [
          "OpenStreetMap"
        ],
        "source_url": [
          "https://www.openstreetmap.org/way/815861588"
        ],
        "license": "ODbL 1.0",
        "checked": "2026-08-27",
        "confidence": "high",
        "note": "Current-geography OSM extract; this is not evidence of a historical alignment.",
        "type": "road",
        "osm_id": 815861588,
        "ref": "20"
      },
      "geometry": {
        "type": "LineString",
        "coordinates": [
          [
            139.625653,
            35.670453
          ],
          [
            139.6257417,
            35.6704405
          ],
          [
            139.6263726,
            35.6703513
          ],
          [
            139.6267214,
            35.6703019
          ],
          [
            139.6271175,
            35.6702459
          ],
          [
            139.6273149,
            35.6702179
          ],
          [
            139.6275622,
            35.6701831
          ],
          [
            139.6281625,
            35.6700797
          ]
        ]
      }
    },
    {
      "type": "Feature",
      "properties": {
        "id": "osm-way-856432637",
        "name": "新宿通り",
        "aliases": [
          "430"
        ],
        "source": [
          "OpenStreetMap"
        ],
        "source_url": [
          "https://www.openstreetmap.org/way/856432637"
        ],
        "license": "ODbL 1.0",
        "checked": "2026-08-27",
        "confidence": "high",
        "note": "Current-geography OSM extract; this is not evidence of a historical alignment.",
        "type": "road",
        "osm_id": 856432637,
        "ref": "430"
      },
      "geometry": {
        "type": "LineString",
        "coordinates": [
          [
            139.7004046,
            35.6928766
          ],
          [
            139.7003884,
            35.6929234
          ],
          [
            139.7003753,
            35.6929729
          ],
          [
            139.7003152,
            35.6932282
          ],
          [
            139.7003054,
            35.6932712
          ],
          [
            139.7002919,
            35.6933387
          ]
        ]
      }
    },
    {
      "type": "Feature",
      "properties": {
        "id": "osm-way-856440219",
        "name": "甲州街道",
        "aliases": [
          "20"
        ],
        "source": [
          "OpenStreetMap"
        ],
        "source_url": [
          "https://www.openstreetmap.org/way/856440219"
        ],
        "license": "ODbL 1.0",
        "checked": "2026-08-27",
        "confidence": "high",
        "note": "Current-geography OSM extract; this is not evidence of a historical alignment.",
        "type": "road",
        "osm_id": 856440219,
        "ref": "20"
      },
      "geometry": {
        "type": "LineString",
        "coordinates": [
          [
            139.7157485,
            35.6875142
          ],
          [
            139.7159426,
            35.6875692
          ]
        ]
      }
    },
    {
      "type": "Feature",
      "properties": {
        "id": "osm-way-856440220",
        "name": "新宿通り",
        "aliases": [],
        "source": [
          "OpenStreetMap"
        ],
        "source_url": [
          "https://www.openstreetmap.org/way/856440220"
        ],
        "license": "ODbL 1.0",
        "checked": "2026-08-27",
        "confidence": "high",
        "note": "Current-geography OSM extract; this is not evidence of a historical alignment.",
        "type": "road",
        "osm_id": 856440220
      },
      "geometry": {
        "type": "LineString",
        "coordinates": [
          [
            139.7157485,
            35.6875142
          ],
          [
            139.7155756,
            35.6875477
          ],
          [
            139.7153856,
            35.6875802
          ],
          [
            139.7142236,
            35.6878086
          ]
        ]
      }
    },
    {
      "type": "Feature",
      "properties": {
        "id": "osm-way-858780335",
        "name": "新宿通り",
        "aliases": [],
        "source": [
          "OpenStreetMap"
        ],
        "source_url": [
          "https://www.openstreetmap.org/way/858780335"
        ],
        "license": "ODbL 1.0",
        "checked": "2026-08-27",
        "confidence": "high",
        "note": "Current-geography OSM extract; this is not evidence of a historical alignment.",
        "type": "road",
        "osm_id": 858780335
      },
      "geometry": {
        "type": "LineString",
        "coordinates": [
          [
            139.7142236,
            35.6878086
          ],
          [
            139.7140647,
            35.6878799
          ]
        ]
      }
    },
    {
      "type": "Feature",
      "properties": {
        "id": "osm-way-859701909",
        "name": "甲州街道",
        "aliases": [
          "20"
        ],
        "source": [
          "OpenStreetMap"
        ],
        "source_url": [
          "https://www.openstreetmap.org/way/859701909"
        ],
        "license": "ODbL 1.0",
        "checked": "2026-08-27",
        "confidence": "high",
        "note": "Current-geography OSM extract; this is not evidence of a historical alignment.",
        "type": "road",
        "osm_id": 859701909,
        "ref": "20"
      },
      "geometry": {
        "type": "LineString",
        "coordinates": [
          [
            139.7154415,
            35.6873412
          ],
          [
            139.7148242,
            35.6872271
          ]
        ]
      }
    },
    {
      "type": "Feature",
      "properties": {
        "id": "osm-way-859701910",
        "name": "新宿通り",
        "aliases": [],
        "source": [
          "OpenStreetMap"
        ],
        "source_url": [
          "https://www.openstreetmap.org/way/859701910"
        ],
        "license": "ODbL 1.0",
        "checked": "2026-08-27",
        "confidence": "high",
        "note": "Current-geography OSM extract; this is not evidence of a historical alignment.",
        "type": "road",
        "osm_id": 859701910
      },
      "geometry": {
        "type": "LineString",
        "coordinates": [
          [
            139.7149376,
            35.6877405
          ],
          [
            139.7154243,
            35.6876409
          ],
          [
            139.7155843,
            35.6876032
          ],
          [
            139.7156758,
            35.6875918
          ],
          [
            139.7158215,
            35.6876029
          ],
          [
            139.715864,
            35.6875983
          ],
          [
            139.7159011,
            35.6875865
          ],
          [
            139.7159426,
            35.6875692
          ]
        ]
      }
    },
    {
      "type": "Feature",
      "properties": {
        "id": "osm-way-885931594",
        "name": "甲州街道",
        "aliases": [
          "20"
        ],
        "source": [
          "OpenStreetMap"
        ],
        "source_url": [
          "https://www.openstreetmap.org/way/885931594"
        ],
        "license": "ODbL 1.0",
        "checked": "2026-08-27",
        "confidence": "high",
        "note": "Current-geography OSM extract; this is not evidence of a historical alignment.",
        "type": "road",
        "osm_id": 885931594,
        "ref": "20"
      },
      "geometry": {
        "type": "LineString",
        "coordinates": [
          [
            139.6768705,
            35.6771243
          ],
          [
            139.6751208,
            35.6765841
          ]
        ]
      }
    },
    {
      "type": "Feature",
      "properties": {
        "id": "osm-way-885931596",
        "name": "甲州街道",
        "aliases": [
          "20"
        ],
        "source": [
          "OpenStreetMap"
        ],
        "source_url": [
          "https://www.openstreetmap.org/way/885931596"
        ],
        "license": "ODbL 1.0",
        "checked": "2026-08-27",
        "confidence": "high",
        "note": "Current-geography OSM extract; this is not evidence of a historical alignment.",
        "type": "road",
        "osm_id": 885931596,
        "ref": "20"
      },
      "geometry": {
        "type": "LineString",
        "coordinates": [
          [
            139.6811516,
            35.6788117
          ],
          [
            139.6813117,
            35.6788901
          ],
          [
            139.6817441,
            35.679087
          ],
          [
            139.6822418,
            35.6793032
          ],
          [
            139.6827083,
            35.6795096
          ],
          [
            139.6830886,
            35.6796677
          ],
          [
            139.6834968,
            35.6798236
          ],
          [
            139.6841115,
            35.6800509
          ],
          [
            139.6843964,
            35.6801761
          ],
          [
            139.6846446,
            35.680298
          ],
          [
            139.6848856,
            35.6804291
          ],
          [
            139.6854742,
            35.6807913
          ],
          [
            139.6855222,
            35.6808201
          ]
        ]
      }
    },
    {
      "type": "Feature",
      "properties": {
        "id": "osm-way-885931597",
        "name": "甲州街道",
        "aliases": [
          "20"
        ],
        "source": [
          "OpenStreetMap"
        ],
        "source_url": [
          "https://www.openstreetmap.org/way/885931597"
        ],
        "license": "ODbL 1.0",
        "checked": "2026-08-27",
        "confidence": "high",
        "note": "Current-geography OSM extract; this is not evidence of a historical alignment.",
        "type": "road",
        "osm_id": 885931597,
        "ref": "20"
      },
      "geometry": {
        "type": "LineString",
        "coordinates": [
          [
            139.6765274,
            35.6772943
          ],
          [
            139.6767652,
            35.6773624
          ]
        ]
      }
    },
    {
      "type": "Feature",
      "properties": {
        "id": "osm-way-885931600",
        "name": "甲州街道",
        "aliases": [
          "20"
        ],
        "source": [
          "OpenStreetMap"
        ],
        "source_url": [
          "https://www.openstreetmap.org/way/885931600"
        ],
        "license": "ODbL 1.0",
        "checked": "2026-08-27",
        "confidence": "high",
        "note": "Current-geography OSM extract; this is not evidence of a historical alignment.",
        "type": "road",
        "osm_id": 885931600,
        "ref": "20"
      },
      "geometry": {
        "type": "LineString",
        "coordinates": [
          [
            139.6767652,
            35.6773624
          ],
          [
            139.6771194,
            35.6774643
          ]
        ]
      }
    },
    {
      "type": "Feature",
      "properties": {
        "id": "osm-way-886386616",
        "name": "甲州街道",
        "aliases": [
          "20"
        ],
        "source": [
          "OpenStreetMap"
        ],
        "source_url": [
          "https://www.openstreetmap.org/way/886386616"
        ],
        "license": "ODbL 1.0",
        "checked": "2026-08-27",
        "confidence": "high",
        "note": "Current-geography OSM extract; this is not evidence of a historical alignment.",
        "type": "road",
        "osm_id": 886386616,
        "ref": "20"
      },
      "geometry": {
        "type": "LineString",
        "coordinates": [
          [
            139.7041258,
            35.689825
          ],
          [
            139.7042333,
            35.6898384
          ]
        ]
      }
    },
    {
      "type": "Feature",
      "properties": {
        "id": "osm-way-886671961",
        "name": "甲州街道",
        "aliases": [
          "20"
        ],
        "source": [
          "OpenStreetMap"
        ],
        "source_url": [
          "https://www.openstreetmap.org/way/886671961"
        ],
        "license": "ODbL 1.0",
        "checked": "2026-08-27",
        "confidence": "high",
        "note": "Current-geography OSM extract; this is not evidence of a historical alignment.",
        "type": "road",
        "osm_id": 886671961,
        "ref": "20"
      },
      "geometry": {
        "type": "LineString",
        "coordinates": [
          [
            139.6907969,
            35.6842512
          ],
          [
            139.6909777,
            35.684361
          ],
          [
            139.6913318,
            35.6845708
          ],
          [
            139.6916841,
            35.6848029
          ],
          [
            139.6919233,
            35.6849628
          ]
        ]
      }
    },
    {
      "type": "Feature",
      "properties": {
        "id": "osm-way-887779303",
        "name": "甲州街道",
        "aliases": [
          "20"
        ],
        "source": [
          "OpenStreetMap"
        ],
        "source_url": [
          "https://www.openstreetmap.org/way/887779303"
        ],
        "license": "ODbL 1.0",
        "checked": "2026-08-27",
        "confidence": "high",
        "note": "Current-geography OSM extract; this is not evidence of a historical alignment.",
        "type": "road",
        "osm_id": 887779303,
        "ref": "20"
      },
      "geometry": {
        "type": "LineString",
        "coordinates": [
          [
            139.7014655,
            35.6893179
          ],
          [
            139.7017676,
            35.6893917
          ],
          [
            139.7019314,
            35.6894317
          ]
        ]
      }
    },
    {
      "type": "Feature",
      "properties": {
        "id": "osm-way-887779304",
        "name": "甲州街道",
        "aliases": [
          "20"
        ],
        "source": [
          "OpenStreetMap"
        ],
        "source_url": [
          "https://www.openstreetmap.org/way/887779304"
        ],
        "license": "ODbL 1.0",
        "checked": "2026-08-27",
        "confidence": "high",
        "note": "Current-geography OSM extract; this is not evidence of a historical alignment.",
        "type": "road",
        "osm_id": 887779304,
        "ref": "20"
      },
      "geometry": {
        "type": "LineString",
        "coordinates": [
          [
            139.7020105,
            35.6893527
          ],
          [
            139.7019073,
            35.6893244
          ]
        ]
      }
    },
    {
      "type": "Feature",
      "properties": {
        "id": "osm-way-887779306",
        "name": "甲州街道",
        "aliases": [],
        "source": [
          "OpenStreetMap"
        ],
        "source_url": [
          "https://www.openstreetmap.org/way/887779306"
        ],
        "license": "ODbL 1.0",
        "checked": "2026-08-27",
        "confidence": "high",
        "note": "Current-geography OSM extract; this is not evidence of a historical alignment.",
        "type": "road",
        "osm_id": 887779306
      },
      "geometry": {
        "type": "LineString",
        "coordinates": [
          [
            139.7018425,
            35.6892176
          ],
          [
            139.7013993,
            35.689116
          ],
          [
            139.7012729,
            35.6890899
          ],
          [
            139.7011121,
            35.6890567
          ],
          [
            139.7007525,
            35.6889877
          ],
          [
            139.7004034,
            35.6889207
          ],
          [
            139.7002491,
            35.688891
          ],
          [
            139.7001376,
            35.6888695
          ]
        ]
      }
    },
    {
      "type": "Feature",
      "properties": {
        "id": "osm-way-887779311",
        "name": "甲州街道",
        "aliases": [
          "20"
        ],
        "source": [
          "OpenStreetMap"
        ],
        "source_url": [
          "https://www.openstreetmap.org/way/887779311"
        ],
        "license": "ODbL 1.0",
        "checked": "2026-08-27",
        "confidence": "high",
        "note": "Current-geography OSM extract; this is not evidence of a historical alignment.",
        "type": "road",
        "osm_id": 887779311,
        "ref": "20"
      },
      "geometry": {
        "type": "LineString",
        "coordinates": [
          [
            139.7031844,
            35.689702
          ],
          [
            139.703422,
            35.6897353
          ]
        ]
      }
    },
    {
      "type": "Feature",
      "properties": {
        "id": "osm-way-893332467",
        "name": "甲州街道",
        "aliases": [
          "20"
        ],
        "source": [
          "OpenStreetMap"
        ],
        "source_url": [
          "https://www.openstreetmap.org/way/893332467"
        ],
        "license": "ODbL 1.0",
        "checked": "2026-08-27",
        "confidence": "high",
        "note": "Current-geography OSM extract; this is not evidence of a historical alignment.",
        "type": "road",
        "osm_id": 893332467,
        "ref": "20"
      },
      "geometry": {
        "type": "LineString",
        "coordinates": [
          [
            139.6866506,
            35.6813216
          ],
          [
            139.6858359,
            35.6807768
          ]
        ]
      }
    },
    {
      "type": "Feature",
      "properties": {
        "id": "osm-way-893332468",
        "name": "甲州街道",
        "aliases": [
          "20"
        ],
        "source": [
          "OpenStreetMap"
        ],
        "source_url": [
          "https://www.openstreetmap.org/way/893332468"
        ],
        "license": "ODbL 1.0",
        "checked": "2026-08-27",
        "confidence": "high",
        "note": "Current-geography OSM extract; this is not evidence of a historical alignment.",
        "type": "road",
        "osm_id": 893332468,
        "ref": "20"
      },
      "geometry": {
        "type": "LineString",
        "coordinates": [
          [
            139.6896988,
            35.6833111
          ],
          [
            139.6888024,
            35.6827015
          ]
        ]
      }
    },
    {
      "type": "Feature",
      "properties": {
        "id": "osm-way-893332469",
        "name": "甲州街道",
        "aliases": [
          "20"
        ],
        "source": [
          "OpenStreetMap"
        ],
        "source_url": [
          "https://www.openstreetmap.org/way/893332469"
        ],
        "license": "ODbL 1.0",
        "checked": "2026-08-27",
        "confidence": "high",
        "note": "Current-geography OSM extract; this is not evidence of a historical alignment.",
        "type": "road",
        "osm_id": 893332469,
        "ref": "20"
      },
      "geometry": {
        "type": "LineString",
        "coordinates": [
          [
            139.6888024,
            35.6827015
          ],
          [
            139.6876375,
            35.6819517
          ]
        ]
      }
    },
    {
      "type": "Feature",
      "properties": {
        "id": "osm-way-893332471",
        "name": "甲州街道",
        "aliases": [
          "20"
        ],
        "source": [
          "OpenStreetMap"
        ],
        "source_url": [
          "https://www.openstreetmap.org/way/893332471"
        ],
        "license": "ODbL 1.0",
        "checked": "2026-08-27",
        "confidence": "high",
        "note": "Current-geography OSM extract; this is not evidence of a historical alignment.",
        "type": "road",
        "osm_id": 893332471,
        "ref": "20"
      },
      "geometry": {
        "type": "LineString",
        "coordinates": [
          [
            139.6855222,
            35.6808201
          ],
          [
            139.6865216,
            35.6814247
          ]
        ]
      }
    },
    {
      "type": "Feature",
      "properties": {
        "id": "osm-way-893338021",
        "name": "甲州街道",
        "aliases": [
          "20"
        ],
        "source": [
          "OpenStreetMap"
        ],
        "source_url": [
          "https://www.openstreetmap.org/way/893338021"
        ],
        "license": "ODbL 1.0",
        "checked": "2026-08-27",
        "confidence": "high",
        "note": "Current-geography OSM extract; this is not evidence of a historical alignment.",
        "type": "road",
        "osm_id": 893338021,
        "ref": "20"
      },
      "geometry": {
        "type": "LineString",
        "coordinates": [
          [
            139.6731105,
            35.6760329
          ],
          [
            139.6692779,
            35.6749108
          ],
          [
            139.668839,
            35.6747789
          ]
        ]
      }
    },
    {
      "type": "Feature",
      "properties": {
        "id": "osm-way-893338022",
        "name": "甲州街道",
        "aliases": [
          "20"
        ],
        "source": [
          "OpenStreetMap"
        ],
        "source_url": [
          "https://www.openstreetmap.org/way/893338022"
        ],
        "license": "ODbL 1.0",
        "checked": "2026-08-27",
        "confidence": "high",
        "note": "Current-geography OSM extract; this is not evidence of a historical alignment.",
        "type": "road",
        "osm_id": 893338022,
        "ref": "20"
      },
      "geometry": {
        "type": "LineString",
        "coordinates": [
          [
            139.668839,
            35.6747789
          ],
          [
            139.6681304,
            35.67457
          ]
        ]
      }
    },
    {
      "type": "Feature",
      "properties": {
        "id": "osm-way-893338023",
        "name": "甲州街道",
        "aliases": [
          "20"
        ],
        "source": [
          "OpenStreetMap"
        ],
        "source_url": [
          "https://www.openstreetmap.org/way/893338023"
        ],
        "license": "ODbL 1.0",
        "checked": "2026-08-27",
        "confidence": "high",
        "note": "Current-geography OSM extract; this is not evidence of a historical alignment.",
        "type": "road",
        "osm_id": 893338023,
        "ref": "20"
      },
      "geometry": {
        "type": "LineString",
        "coordinates": [
          [
            139.6737893,
            35.6762087
          ],
          [
            139.6731105,
            35.6760329
          ]
        ]
      }
    },
    {
      "type": "Feature",
      "properties": {
        "id": "osm-way-893338024",
        "name": "甲州街道",
        "aliases": [
          "20"
        ],
        "source": [
          "OpenStreetMap"
        ],
        "source_url": [
          "https://www.openstreetmap.org/way/893338024"
        ],
        "license": "ODbL 1.0",
        "checked": "2026-08-27",
        "confidence": "high",
        "note": "Current-geography OSM extract; this is not evidence of a historical alignment.",
        "type": "road",
        "osm_id": 893338024,
        "ref": "20"
      },
      "geometry": {
        "type": "LineString",
        "coordinates": [
          [
            139.6709014,
            35.6753403
          ],
          [
            139.6707332,
            35.6752893
          ],
          [
            139.6700576,
            35.675095
          ],
          [
            139.6699223,
            35.6750549
          ],
          [
            139.6698293,
            35.6750272
          ],
          [
            139.6689469,
            35.6747663
          ],
          [
            139.6681384,
            35.6745308
          ]
        ]
      }
    },
    {
      "type": "Feature",
      "properties": {
        "id": "osm-way-893338026",
        "name": "甲州街道",
        "aliases": [
          "20"
        ],
        "source": [
          "OpenStreetMap"
        ],
        "source_url": [
          "https://www.openstreetmap.org/way/893338026"
        ],
        "license": "ODbL 1.0",
        "checked": "2026-08-27",
        "confidence": "high",
        "note": "Current-geography OSM extract; this is not evidence of a historical alignment.",
        "type": "road",
        "osm_id": 893338026,
        "ref": "20"
      },
      "geometry": {
        "type": "LineString",
        "coordinates": [
          [
            139.6751208,
            35.6765841
          ],
          [
            139.6743598,
            35.6763649
          ]
        ]
      }
    },
    {
      "type": "Feature",
      "properties": {
        "id": "osm-way-893338027",
        "name": "甲州街道",
        "aliases": [
          "20"
        ],
        "source": [
          "OpenStreetMap"
        ],
        "source_url": [
          "https://www.openstreetmap.org/way/893338027"
        ],
        "license": "ODbL 1.0",
        "checked": "2026-08-27",
        "confidence": "high",
        "note": "Current-geography OSM extract; this is not evidence of a historical alignment.",
        "type": "road",
        "osm_id": 893338027,
        "ref": "20"
      },
      "geometry": {
        "type": "LineString",
        "coordinates": [
          [
            139.6680999,
            35.6747764
          ],
          [
            139.6693952,
            35.6751505
          ],
          [
            139.6698338,
            35.6752816
          ],
          [
            139.6706575,
            35.6755265
          ],
          [
            139.6708484,
            35.6755844
          ]
        ]
      }
    },
    {
      "type": "Feature",
      "properties": {
        "id": "osm-way-893338028",
        "name": "甲州街道",
        "aliases": [
          "20"
        ],
        "source": [
          "OpenStreetMap"
        ],
        "source_url": [
          "https://www.openstreetmap.org/way/893338028"
        ],
        "license": "ODbL 1.0",
        "checked": "2026-08-27",
        "confidence": "high",
        "note": "Current-geography OSM extract; this is not evidence of a historical alignment.",
        "type": "road",
        "osm_id": 893338028,
        "ref": "20"
      },
      "geometry": {
        "type": "LineString",
        "coordinates": [
          [
            139.6687683,
            35.6749328
          ],
          [
            139.6692135,
            35.6750594
          ],
          [
            139.6730505,
            35.6761881
          ]
        ]
      }
    },
    {
      "type": "Feature",
      "properties": {
        "id": "osm-way-893338029",
        "name": "甲州街道",
        "aliases": [
          "20"
        ],
        "source": [
          "OpenStreetMap"
        ],
        "source_url": [
          "https://www.openstreetmap.org/way/893338029"
        ],
        "license": "ODbL 1.0",
        "checked": "2026-08-27",
        "confidence": "high",
        "note": "Current-geography OSM extract; this is not evidence of a historical alignment.",
        "type": "road",
        "osm_id": 893338029,
        "ref": "20"
      },
      "geometry": {
        "type": "LineString",
        "coordinates": [
          [
            139.6737106,
            35.6764147
          ],
          [
            139.6742596,
            35.676579
          ]
        ]
      }
    },
    {
      "type": "Feature",
      "properties": {
        "id": "osm-way-893338030",
        "name": "甲州街道",
        "aliases": [
          "20"
        ],
        "source": [
          "OpenStreetMap"
        ],
        "source_url": [
          "https://www.openstreetmap.org/way/893338030"
        ],
        "license": "ODbL 1.0",
        "checked": "2026-08-27",
        "confidence": "high",
        "note": "Current-geography OSM extract; this is not evidence of a historical alignment.",
        "type": "road",
        "osm_id": 893338030,
        "ref": "20"
      },
      "geometry": {
        "type": "LineString",
        "coordinates": [
          [
            139.6730505,
            35.6761881
          ],
          [
            139.6737106,
            35.6764147
          ]
        ]
      }
    },
    {
      "type": "Feature",
      "properties": {
        "id": "osm-way-893338031",
        "name": "甲州街道",
        "aliases": [
          "20"
        ],
        "source": [
          "OpenStreetMap"
        ],
        "source_url": [
          "https://www.openstreetmap.org/way/893338031"
        ],
        "license": "ODbL 1.0",
        "checked": "2026-08-27",
        "confidence": "high",
        "note": "Current-geography OSM extract; this is not evidence of a historical alignment.",
        "type": "road",
        "osm_id": 893338031,
        "ref": "20"
      },
      "geometry": {
        "type": "LineString",
        "coordinates": [
          [
            139.6673948,
            35.6745675
          ],
          [
            139.6680389,
            35.6747271
          ],
          [
            139.6681045,
            35.6747424
          ]
        ]
      }
    },
    {
      "type": "Feature",
      "properties": {
        "id": "osm-way-893348980",
        "name": "甲州街道",
        "aliases": [
          "20"
        ],
        "source": [
          "OpenStreetMap"
        ],
        "source_url": [
          "https://www.openstreetmap.org/way/893348980"
        ],
        "license": "ODbL 1.0",
        "checked": "2026-08-27",
        "confidence": "high",
        "note": "Current-geography OSM extract; this is not evidence of a historical alignment.",
        "type": "road",
        "osm_id": 893348980,
        "ref": "20"
      },
      "geometry": {
        "type": "LineString",
        "coordinates": [
          [
            139.6681304,
            35.67457
          ],
          [
            139.6680538,
            35.6745465
          ],
          [
            139.6674985,
            35.6743593
          ]
        ]
      }
    },
    {
      "type": "Feature",
      "properties": {
        "id": "osm-way-893348982",
        "name": "甲州街道",
        "aliases": [
          "20"
        ],
        "source": [
          "OpenStreetMap"
        ],
        "source_url": [
          "https://www.openstreetmap.org/way/893348982"
        ],
        "license": "ODbL 1.0",
        "checked": "2026-08-27",
        "confidence": "high",
        "note": "Current-geography OSM extract; this is not evidence of a historical alignment.",
        "type": "road",
        "osm_id": 893348982,
        "ref": "20"
      },
      "geometry": {
        "type": "LineString",
        "coordinates": [
          [
            139.6681045,
            35.6747424
          ],
          [
            139.6687683,
            35.6749328
          ]
        ]
      }
    },
    {
      "type": "Feature",
      "properties": {
        "id": "osm-way-893348984",
        "name": "甲州街道",
        "aliases": [
          "20"
        ],
        "source": [
          "OpenStreetMap"
        ],
        "source_url": [
          "https://www.openstreetmap.org/way/893348984"
        ],
        "license": "ODbL 1.0",
        "checked": "2026-08-27",
        "confidence": "high",
        "note": "Current-geography OSM extract; this is not evidence of a historical alignment.",
        "type": "road",
        "osm_id": 893348984,
        "ref": "20"
      },
      "geometry": {
        "type": "LineString",
        "coordinates": [
          [
            139.6743598,
            35.6763649
          ],
          [
            139.6737893,
            35.6762087
          ]
        ]
      }
    },
    {
      "type": "Feature",
      "properties": {
        "id": "osm-way-893348985",
        "name": "甲州街道",
        "aliases": [
          "20"
        ],
        "source": [
          "OpenStreetMap"
        ],
        "source_url": [
          "https://www.openstreetmap.org/way/893348985"
        ],
        "license": "ODbL 1.0",
        "checked": "2026-08-27",
        "confidence": "high",
        "note": "Current-geography OSM extract; this is not evidence of a historical alignment.",
        "type": "road",
        "osm_id": 893348985,
        "ref": "20"
      },
      "geometry": {
        "type": "LineString",
        "coordinates": [
          [
            139.6742596,
            35.676579
          ],
          [
            139.6747837,
            35.6767504
          ]
        ]
      }
    },
    {
      "type": "Feature",
      "properties": {
        "id": "osm-way-893372312",
        "name": "甲州街道",
        "aliases": [
          "20"
        ],
        "source": [
          "OpenStreetMap"
        ],
        "source_url": [
          "https://www.openstreetmap.org/way/893372312"
        ],
        "license": "ODbL 1.0",
        "checked": "2026-08-27",
        "confidence": "high",
        "note": "Current-geography OSM extract; this is not evidence of a historical alignment.",
        "type": "road",
        "osm_id": 893372312,
        "ref": "20"
      },
      "geometry": {
        "type": "LineString",
        "coordinates": [
          [
            139.6919233,
            35.6849628
          ],
          [
            139.6920999,
            35.6850897
          ],
          [
            139.6922375,
            35.6851913
          ],
          [
            139.6924046,
            35.6853113
          ],
          [
            139.6929715,
            35.6857227
          ]
        ]
      }
    },
    {
      "type": "Feature",
      "properties": {
        "id": "osm-way-893372313",
        "name": "甲州街道",
        "aliases": [
          "20"
        ],
        "source": [
          "OpenStreetMap"
        ],
        "source_url": [
          "https://www.openstreetmap.org/way/893372313"
        ],
        "license": "ODbL 1.0",
        "checked": "2026-08-27",
        "confidence": "high",
        "note": "Current-geography OSM extract; this is not evidence of a historical alignment.",
        "type": "road",
        "osm_id": 893372313,
        "ref": "20"
      },
      "geometry": {
        "type": "LineString",
        "coordinates": [
          [
            139.6865216,
            35.6814247
          ],
          [
            139.687529,
            35.6820666
          ]
        ]
      }
    },
    {
      "type": "Feature",
      "properties": {
        "id": "osm-way-893372314",
        "name": "甲州街道",
        "aliases": [
          "20"
        ],
        "source": [
          "OpenStreetMap"
        ],
        "source_url": [
          "https://www.openstreetmap.org/way/893372314"
        ],
        "license": "ODbL 1.0",
        "checked": "2026-08-27",
        "confidence": "high",
        "note": "Current-geography OSM extract; this is not evidence of a historical alignment.",
        "type": "road",
        "osm_id": 893372314,
        "ref": "20"
      },
      "geometry": {
        "type": "LineString",
        "coordinates": [
          [
            139.687529,
            35.6820666
          ],
          [
            139.6886913,
            35.6828126
          ]
        ]
      }
    },
    {
      "type": "Feature",
      "properties": {
        "id": "osm-way-893372315",
        "name": "甲州街道",
        "aliases": [
          "20"
        ],
        "source": [
          "OpenStreetMap"
        ],
        "source_url": [
          "https://www.openstreetmap.org/way/893372315"
        ],
        "license": "ODbL 1.0",
        "checked": "2026-08-27",
        "confidence": "high",
        "note": "Current-geography OSM extract; this is not evidence of a historical alignment.",
        "type": "road",
        "osm_id": 893372315,
        "ref": "20"
      },
      "geometry": {
        "type": "LineString",
        "coordinates": [
          [
            139.6895969,
            35.6834293
          ],
          [
            139.6903289,
            35.6839435
          ]
        ]
      }
    },
    {
      "type": "Feature",
      "properties": {
        "id": "osm-way-916526029",
        "name": "甲州街道",
        "aliases": [
          "20"
        ],
        "source": [
          "OpenStreetMap"
        ],
        "source_url": [
          "https://www.openstreetmap.org/way/916526029"
        ],
        "license": "ODbL 1.0",
        "checked": "2026-08-27",
        "confidence": "high",
        "note": "Current-geography OSM extract; this is not evidence of a historical alignment.",
        "type": "road",
        "osm_id": 916526029,
        "ref": "20"
      },
      "geometry": {
        "type": "LineString",
        "coordinates": [
          [
            139.6502419,
            35.6702746
          ],
          [
            139.6506935,
            35.6703604
          ],
          [
            139.6513712,
            35.67047
          ]
        ]
      }
    },
    {
      "type": "Feature",
      "properties": {
        "id": "osm-way-916526030",
        "name": "甲州街道",
        "aliases": [
          "20"
        ],
        "source": [
          "OpenStreetMap"
        ],
        "source_url": [
          "https://www.openstreetmap.org/way/916526030"
        ],
        "license": "ODbL 1.0",
        "checked": "2026-08-27",
        "confidence": "high",
        "note": "Current-geography OSM extract; this is not evidence of a historical alignment.",
        "type": "road",
        "osm_id": 916526030,
        "ref": "20"
      },
      "geometry": {
        "type": "LineString",
        "coordinates": [
          [
            139.6501022,
            35.6702388
          ],
          [
            139.6502419,
            35.6702746
          ]
        ]
      }
    },
    {
      "type": "Feature",
      "properties": {
        "id": "osm-way-916526031",
        "name": "甲州街道",
        "aliases": [
          "20"
        ],
        "source": [
          "OpenStreetMap"
        ],
        "source_url": [
          "https://www.openstreetmap.org/way/916526031"
        ],
        "license": "ODbL 1.0",
        "checked": "2026-08-27",
        "confidence": "high",
        "note": "Current-geography OSM extract; this is not evidence of a historical alignment.",
        "type": "road",
        "osm_id": 916526031,
        "ref": "20"
      },
      "geometry": {
        "type": "LineString",
        "coordinates": [
          [
            139.6514032,
            35.670309
          ],
          [
            139.6507303,
            35.6701947
          ],
          [
            139.6502785,
            35.6700851
          ]
        ]
      }
    },
    {
      "type": "Feature",
      "properties": {
        "id": "osm-way-916526032",
        "name": "甲州街道",
        "aliases": [
          "20"
        ],
        "source": [
          "OpenStreetMap"
        ],
        "source_url": [
          "https://www.openstreetmap.org/way/916526032"
        ],
        "license": "ODbL 1.0",
        "checked": "2026-08-27",
        "confidence": "high",
        "note": "Current-geography OSM extract; this is not evidence of a historical alignment.",
        "type": "road",
        "osm_id": 916526032,
        "ref": "20"
      },
      "geometry": {
        "type": "LineString",
        "coordinates": [
          [
            139.6502785,
            35.6700851
          ],
          [
            139.6501366,
            35.6700444
          ]
        ]
      }
    },
    {
      "type": "Feature",
      "properties": {
        "id": "osm-way-924378577",
        "name": "甲州街道",
        "aliases": [
          "20"
        ],
        "source": [
          "OpenStreetMap"
        ],
        "source_url": [
          "https://www.openstreetmap.org/way/924378577"
        ],
        "license": "ODbL 1.0",
        "checked": "2026-08-27",
        "confidence": "high",
        "note": "Current-geography OSM extract; this is not evidence of a historical alignment.",
        "type": "road",
        "osm_id": 924378577,
        "ref": "20"
      },
      "geometry": {
        "type": "LineString",
        "coordinates": [
          [
            139.7042333,
            35.6898384
          ],
          [
            139.7043793,
            35.6898556
          ],
          [
            139.7044786,
            35.6898637
          ]
        ]
      }
    },
    {
      "type": "Feature",
      "properties": {
        "id": "osm-way-924378579",
        "name": "甲州街道",
        "aliases": [
          "20"
        ],
        "source": [
          "OpenStreetMap"
        ],
        "source_url": [
          "https://www.openstreetmap.org/way/924378579"
        ],
        "license": "ODbL 1.0",
        "checked": "2026-08-27",
        "confidence": "high",
        "note": "Current-geography OSM extract; this is not evidence of a historical alignment.",
        "type": "road",
        "osm_id": 924378579,
        "ref": "20"
      },
      "geometry": {
        "type": "LineString",
        "coordinates": [
          [
            139.7037798,
            35.6896777
          ],
          [
            139.7035596,
            35.6896521
          ],
          [
            139.7032044,
            35.6896101
          ]
        ]
      }
    },
    {
      "type": "Feature",
      "properties": {
        "id": "osm-way-924844760",
        "name": "甲州街道",
        "aliases": [
          "20"
        ],
        "source": [
          "OpenStreetMap"
        ],
        "source_url": [
          "https://www.openstreetmap.org/way/924844760"
        ],
        "license": "ODbL 1.0",
        "checked": "2026-08-27",
        "confidence": "high",
        "note": "Current-geography OSM extract; this is not evidence of a historical alignment.",
        "type": "road",
        "osm_id": 924844760,
        "ref": "20"
      },
      "geometry": {
        "type": "LineString",
        "coordinates": [
          [
            139.703422,
            35.6897353
          ],
          [
            139.7036414,
            35.6897663
          ]
        ]
      }
    },
    {
      "type": "Feature",
      "properties": {
        "id": "osm-way-926526957",
        "name": "新宿通り",
        "aliases": [
          "20",
          "麹町大通り"
        ],
        "source": [
          "OpenStreetMap"
        ],
        "source_url": [
          "https://www.openstreetmap.org/way/926526957"
        ],
        "license": "ODbL 1.0",
        "checked": "2026-08-27",
        "confidence": "high",
        "note": "Current-geography OSM extract; this is not evidence of a historical alignment.",
        "type": "road",
        "osm_id": 926526957,
        "ref": "20"
      },
      "geometry": {
        "type": "LineString",
        "coordinates": [
          [
            139.7414719,
            35.6842564
          ],
          [
            139.741649,
            35.6842451
          ],
          [
            139.7425834,
            35.684152
          ],
          [
            139.7426337,
            35.6841471
          ],
          [
            139.7427431,
            35.6841374
          ]
        ]
      }
    },
    {
      "type": "Feature",
      "properties": {
        "id": "osm-way-926526958",
        "name": "新宿通り",
        "aliases": [
          "20",
          "麹町大通り"
        ],
        "source": [
          "OpenStreetMap"
        ],
        "source_url": [
          "https://www.openstreetmap.org/way/926526958"
        ],
        "license": "ODbL 1.0",
        "checked": "2026-08-27",
        "confidence": "high",
        "note": "Current-geography OSM extract; this is not evidence of a historical alignment.",
        "type": "road",
        "osm_id": 926526958,
        "ref": "20"
      },
      "geometry": {
        "type": "LineString",
        "coordinates": [
          [
            139.7345425,
            35.6842397
          ],
          [
            139.7346454,
            35.6842028
          ],
          [
            139.7347775,
            35.6841652
          ],
          [
            139.7349739,
            35.68413
          ],
          [
            139.7351855,
            35.6841038
          ],
          [
            139.7359427,
            35.684031
          ],
          [
            139.7360291,
            35.6840227
          ],
          [
            139.7361316,
            35.6840154
          ],
          [
            139.7366443,
            35.6839811
          ],
          [
            139.7369463,
            35.6839713
          ],
          [
            139.7372303,
            35.6839685
          ],
          [
            139.7373699,
            35.6839724
          ],
          [
            139.7374621,
            35.683978
          ],
          [
            139.7376339,
            35.6839865
          ]
        ]
      }
    },
    {
      "type": "Feature",
      "properties": {
        "id": "osm-way-926526959",
        "name": "新宿通り",
        "aliases": [
          "20",
          "麹町大通り"
        ],
        "source": [
          "OpenStreetMap"
        ],
        "source_url": [
          "https://www.openstreetmap.org/way/926526959"
        ],
        "license": "ODbL 1.0",
        "checked": "2026-08-27",
        "confidence": "high",
        "note": "Current-geography OSM extract; this is not evidence of a historical alignment.",
        "type": "road",
        "osm_id": 926526959,
        "ref": "20"
      },
      "geometry": {
        "type": "LineString",
        "coordinates": [
          [
            139.7313298,
            35.6856185
          ],
          [
            139.7314221,
            35.6855903
          ],
          [
            139.7320618,
            35.685367
          ],
          [
            139.7326027,
            35.6851806
          ],
          [
            139.7327779,
            35.6851205
          ],
          [
            139.7330154,
            35.6850291
          ],
          [
            139.7332677,
            35.684915
          ]
        ]
      }
    },
    {
      "type": "Feature",
      "properties": {
        "id": "osm-way-926526960",
        "name": "新宿通り",
        "aliases": [
          "20",
          "麹町大通り"
        ],
        "source": [
          "OpenStreetMap"
        ],
        "source_url": [
          "https://www.openstreetmap.org/way/926526960"
        ],
        "license": "ODbL 1.0",
        "checked": "2026-08-27",
        "confidence": "high",
        "note": "Current-geography OSM extract; this is not evidence of a historical alignment.",
        "type": "road",
        "osm_id": 926526960,
        "ref": "20"
      },
      "geometry": {
        "type": "LineString",
        "coordinates": [
          [
            139.7310538,
            35.6856915
          ],
          [
            139.7312397,
            35.685646
          ],
          [
            139.7313298,
            35.6856185
          ]
        ]
      }
    },
    {
      "type": "Feature",
      "properties": {
        "id": "osm-way-942571959",
        "name": "新宿通り",
        "aliases": [],
        "source": [
          "OpenStreetMap"
        ],
        "source_url": [
          "https://www.openstreetmap.org/way/942571959"
        ],
        "license": "ODbL 1.0",
        "checked": "2026-08-27",
        "confidence": "high",
        "note": "Current-geography OSM extract; this is not evidence of a historical alignment.",
        "type": "road",
        "osm_id": 942571959
      },
      "geometry": {
        "type": "LineString",
        "coordinates": [
          [
            139.7142485,
            35.6878773
          ],
          [
            139.7145171,
            35.6878249
          ],
          [
            139.7149376,
            35.6877405
          ]
        ]
      }
    },
    {
      "type": "Feature",
      "properties": {
        "id": "osm-way-944625359",
        "name": "新宿通り",
        "aliases": [
          "20"
        ],
        "source": [
          "OpenStreetMap"
        ],
        "source_url": [
          "https://www.openstreetmap.org/way/944625359"
        ],
        "license": "ODbL 1.0",
        "checked": "2026-08-27",
        "confidence": "high",
        "note": "Current-geography OSM extract; this is not evidence of a historical alignment.",
        "type": "road",
        "osm_id": 944625359,
        "ref": "20"
      },
      "geometry": {
        "type": "LineString",
        "coordinates": [
          [
            139.7178218,
            35.6876489
          ],
          [
            139.7169211,
            35.687564
          ]
        ]
      }
    },
    {
      "type": "Feature",
      "properties": {
        "id": "osm-way-965405375",
        "name": "甲州街道",
        "aliases": [
          "20"
        ],
        "source": [
          "OpenStreetMap"
        ],
        "source_url": [
          "https://www.openstreetmap.org/way/965405375"
        ],
        "license": "ODbL 1.0",
        "checked": "2026-08-27",
        "confidence": "high",
        "note": "Current-geography OSM extract; this is not evidence of a historical alignment.",
        "type": "road",
        "osm_id": 965405375,
        "ref": "20"
      },
      "geometry": {
        "type": "LineString",
        "coordinates": [
          [
            139.6957195,
            35.6872197
          ],
          [
            139.69535,
            35.6870662
          ],
          [
            139.6948321,
            35.6868321
          ],
          [
            139.6947206,
            35.6867766
          ]
        ]
      }
    },
    {
      "type": "Feature",
      "properties": {
        "id": "osm-way-991401526",
        "name": "新宿通り",
        "aliases": [
          "20",
          "麹町大通り"
        ],
        "source": [
          "OpenStreetMap"
        ],
        "source_url": [
          "https://www.openstreetmap.org/way/991401526"
        ],
        "license": "ODbL 1.0",
        "checked": "2026-08-27",
        "confidence": "high",
        "note": "Current-geography OSM extract; this is not evidence of a historical alignment.",
        "type": "road",
        "osm_id": 991401526,
        "ref": "20"
      },
      "geometry": {
        "type": "LineString",
        "coordinates": [
          [
            139.7343033,
            35.6842047
          ],
          [
            139.7339353,
            35.6843973
          ],
          [
            139.7335387,
            35.684616
          ],
          [
            139.7335112,
            35.6846312
          ],
          [
            139.7334359,
            35.6846729
          ]
        ]
      }
    },
    {
      "type": "Feature",
      "properties": {
        "id": "osm-way-1018771104",
        "name": "甲州街道",
        "aliases": [
          "20"
        ],
        "source": [
          "OpenStreetMap"
        ],
        "source_url": [
          "https://www.openstreetmap.org/way/1018771104"
        ],
        "license": "ODbL 1.0",
        "checked": "2026-08-27",
        "confidence": "high",
        "note": "Current-geography OSM extract; this is not evidence of a historical alignment.",
        "type": "road",
        "osm_id": 1018771104,
        "ref": "20"
      },
      "geometry": {
        "type": "LineString",
        "coordinates": [
          [
            139.6133487,
            35.6719382
          ],
          [
            139.612551,
            35.6721019
          ]
        ]
      }
    },
    {
      "type": "Feature",
      "properties": {
        "id": "osm-way-1018771105",
        "name": "甲州街道",
        "aliases": [
          "20"
        ],
        "source": [
          "OpenStreetMap"
        ],
        "source_url": [
          "https://www.openstreetmap.org/way/1018771105"
        ],
        "license": "ODbL 1.0",
        "checked": "2026-08-27",
        "confidence": "high",
        "note": "Current-geography OSM extract; this is not evidence of a historical alignment.",
        "type": "road",
        "osm_id": 1018771105,
        "ref": "20"
      },
      "geometry": {
        "type": "LineString",
        "coordinates": [
          [
            139.6135683,
            35.6719922
          ],
          [
            139.6137232,
            35.67197
          ],
          [
            139.6142083,
            35.6719051
          ],
          [
            139.6146018,
            35.6718541
          ],
          [
            139.6148767,
            35.6718132
          ],
          [
            139.6156057,
            35.6717206
          ],
          [
            139.615641,
            35.6717165
          ],
          [
            139.6159453,
            35.6716769
          ],
          [
            139.6161582,
            35.6716456
          ],
          [
            139.6161935,
            35.6716397
          ],
          [
            139.61635,
            35.6716204
          ],
          [
            139.6164041,
            35.6716138
          ],
          [
            139.6165079,
            35.671601
          ],
          [
            139.6166363,
            35.671585
          ],
          [
            139.6166871,
            35.6715774
          ],
          [
            139.6171145,
            35.6715132
          ],
          [
            139.6179078,
            35.6713995
          ],
          [
            139.6181047,
            35.6713731
          ],
          [
            139.6184376,
            35.6713183
          ],
          [
            139.6186139,
            35.6712899
          ],
          [
            139.6188396,
            35.67126
          ],
          [
            139.6191671,
            35.6712225
          ],
          [
            139.6193654,
            35.6711997
          ],
          [
            139.619607,
            35.6711695
          ],
          [
            139.6198862,
            35.6711337
          ],
          [
            139.6199294,
            35.6711282
          ],
          [
            139.6201638,
            35.6710983
          ],
          [
            139.6205677,
            35.6710497
          ],
          [
            139.6209788,
            35.6710011
          ],
          [
            139.6213221,
            35.6709437
          ],
          [
            139.6215573,
            35.6709071
          ],
          [
            139.6215976,
            35.6709008
          ],
          [
            139.6217087,
            35.6708856
          ],
          [
            139.6218202,
            35.6708692
          ],
          [
            139.6219352,
            35.6708529
          ],
          [
            139.622833,
            35.6707269
          ],
          [
            139.6230501,
            35.6707061
          ]
        ]
      }
    },
    {
      "type": "Feature",
      "properties": {
        "id": "osm-way-1062968293",
        "name": "新宿通り",
        "aliases": [
          "20",
          "麹町大通り"
        ],
        "source": [
          "OpenStreetMap"
        ],
        "source_url": [
          "https://www.openstreetmap.org/way/1062968293"
        ],
        "license": "ODbL 1.0",
        "checked": "2026-08-27",
        "confidence": "high",
        "note": "Current-geography OSM extract; this is not evidence of a historical alignment.",
        "type": "road",
        "osm_id": 1062968293,
        "ref": "20"
      },
      "geometry": {
        "type": "LineString",
        "coordinates": [
          [
            139.7307196,
            35.6857528
          ],
          [
            139.7308237,
            35.6857347
          ],
          [
            139.7310538,
            35.6856915
          ]
        ]
      }
    },
    {
      "type": "Feature",
      "properties": {
        "id": "osm-way-1105847974",
        "name": "新宿通り",
        "aliases": [
          "20",
          "麹町大通り"
        ],
        "source": [
          "OpenStreetMap"
        ],
        "source_url": [
          "https://www.openstreetmap.org/way/1105847974"
        ],
        "license": "ODbL 1.0",
        "checked": "2026-08-27",
        "confidence": "high",
        "note": "Current-geography OSM extract; this is not evidence of a historical alignment.",
        "type": "road",
        "osm_id": 1105847974,
        "ref": "20"
      },
      "geometry": {
        "type": "LineString",
        "coordinates": [
          [
            139.7312827,
            35.6854874
          ],
          [
            139.7312023,
            35.6855074
          ],
          [
            139.7309868,
            35.6855611
          ]
        ]
      }
    },
    {
      "type": "Feature",
      "properties": {
        "id": "osm-way-1143901790",
        "name": "新宿通り",
        "aliases": [
          "20"
        ],
        "source": [
          "OpenStreetMap"
        ],
        "source_url": [
          "https://www.openstreetmap.org/way/1143901790"
        ],
        "license": "ODbL 1.0",
        "checked": "2026-08-27",
        "confidence": "high",
        "note": "Current-geography OSM extract; this is not evidence of a historical alignment.",
        "type": "road",
        "osm_id": 1143901790,
        "ref": "20"
      },
      "geometry": {
        "type": "LineString",
        "coordinates": [
          [
            139.7295494,
            35.6857898
          ],
          [
            139.7293724,
            35.6858334
          ]
        ]
      }
    },
    {
      "type": "Feature",
      "properties": {
        "id": "osm-way-1157968453",
        "name": "新宿通り",
        "aliases": [],
        "source": [
          "OpenStreetMap"
        ],
        "source_url": [
          "https://www.openstreetmap.org/way/1157968453"
        ],
        "license": "ODbL 1.0",
        "checked": "2026-08-27",
        "confidence": "high",
        "note": "Current-geography OSM extract; this is not evidence of a historical alignment.",
        "type": "road",
        "osm_id": 1157968453
      },
      "geometry": {
        "type": "LineString",
        "coordinates": [
          [
            139.7076608,
            35.689597
          ],
          [
            139.7075683,
            35.6896408
          ],
          [
            139.7075151,
            35.689666
          ],
          [
            139.7070921,
            35.6898579
          ],
          [
            139.7070417,
            35.6898809
          ],
          [
            139.7069872,
            35.6899057
          ],
          [
            139.7068502,
            35.6899682
          ]
        ]
      }
    },
    {
      "type": "Feature",
      "properties": {
        "id": "osm-way-1279684817",
        "name": "新宿通り",
        "aliases": [],
        "source": [
          "OpenStreetMap"
        ],
        "source_url": [
          "https://www.openstreetmap.org/way/1279684817"
        ],
        "license": "ODbL 1.0",
        "checked": "2026-08-27",
        "confidence": "high",
        "note": "Current-geography OSM extract; this is not evidence of a historical alignment.",
        "type": "road",
        "osm_id": 1279684817
      },
      "geometry": {
        "type": "LineString",
        "coordinates": [
          [
            139.711823,
            35.6883523
          ],
          [
            139.7108149,
            35.6885659
          ]
        ]
      }
    },
    {
      "type": "Feature",
      "properties": {
        "id": "osm-way-1279684818",
        "name": "新宿通り",
        "aliases": [],
        "source": [
          "OpenStreetMap"
        ],
        "source_url": [
          "https://www.openstreetmap.org/way/1279684818"
        ],
        "license": "ODbL 1.0",
        "checked": "2026-08-27",
        "confidence": "high",
        "note": "Current-geography OSM extract; this is not evidence of a historical alignment.",
        "type": "road",
        "osm_id": 1279684818
      },
      "geometry": {
        "type": "LineString",
        "coordinates": [
          [
            139.7108149,
            35.6885659
          ],
          [
            139.7107031,
            35.6885894
          ],
          [
            139.710138,
            35.6887158
          ],
          [
            139.7100752,
            35.6887303
          ],
          [
            139.7099309,
            35.6887603
          ]
        ]
      }
    },
    {
      "type": "Feature",
      "properties": {
        "id": "osm-way-1279684819",
        "name": "新宿通り",
        "aliases": [],
        "source": [
          "OpenStreetMap"
        ],
        "source_url": [
          "https://www.openstreetmap.org/way/1279684819"
        ],
        "license": "ODbL 1.0",
        "checked": "2026-08-27",
        "confidence": "high",
        "note": "Current-geography OSM extract; this is not evidence of a historical alignment.",
        "type": "road",
        "osm_id": 1279684819
      },
      "geometry": {
        "type": "LineString",
        "coordinates": [
          [
            139.7123876,
            35.688233
          ],
          [
            139.7119083,
            35.6883347
          ]
        ]
      }
    },
    {
      "type": "Feature",
      "properties": {
        "id": "osm-way-1279684820",
        "name": "新宿通り",
        "aliases": [],
        "source": [
          "OpenStreetMap"
        ],
        "source_url": [
          "https://www.openstreetmap.org/way/1279684820"
        ],
        "license": "ODbL 1.0",
        "checked": "2026-08-27",
        "confidence": "high",
        "note": "Current-geography OSM extract; this is not evidence of a historical alignment.",
        "type": "road",
        "osm_id": 1279684820
      },
      "geometry": {
        "type": "LineString",
        "coordinates": [
          [
            139.7119083,
            35.6883347
          ],
          [
            139.711823,
            35.6883523
          ]
        ]
      }
    },
    {
      "type": "Feature",
      "properties": {
        "id": "osm-way-1282096836",
        "name": "新宿通り",
        "aliases": [
          "20",
          "麹町大通り"
        ],
        "source": [
          "OpenStreetMap"
        ],
        "source_url": [
          "https://www.openstreetmap.org/way/1282096836"
        ],
        "license": "ODbL 1.0",
        "checked": "2026-08-27",
        "confidence": "high",
        "note": "Current-geography OSM extract; this is not evidence of a historical alignment.",
        "type": "road",
        "osm_id": 1282096836,
        "ref": "20"
      },
      "geometry": {
        "type": "LineString",
        "coordinates": [
          [
            139.7433425,
            35.6839655
          ],
          [
            139.7428882,
            35.6840118
          ],
          [
            139.7428254,
            35.6840175
          ],
          [
            139.7427358,
            35.6840262
          ]
        ]
      }
    },
    {
      "type": "Feature",
      "properties": {
        "id": "osm-way-1282096837",
        "name": "新宿通り",
        "aliases": [
          "20",
          "麹町大通り"
        ],
        "source": [
          "OpenStreetMap"
        ],
        "source_url": [
          "https://www.openstreetmap.org/way/1282096837"
        ],
        "license": "ODbL 1.0",
        "checked": "2026-08-27",
        "confidence": "high",
        "note": "Current-geography OSM extract; this is not evidence of a historical alignment.",
        "type": "road",
        "osm_id": 1282096837,
        "ref": "20"
      },
      "geometry": {
        "type": "LineString",
        "coordinates": [
          [
            139.7434482,
            35.6839547
          ],
          [
            139.7433425,
            35.6839655
          ]
        ]
      }
    },
    {
      "type": "Feature",
      "properties": {
        "id": "osm-way-1282096838",
        "name": "新宿通り",
        "aliases": [
          "20",
          "麹町大通り"
        ],
        "source": [
          "OpenStreetMap"
        ],
        "source_url": [
          "https://www.openstreetmap.org/way/1282096838"
        ],
        "license": "ODbL 1.0",
        "checked": "2026-08-27",
        "confidence": "high",
        "note": "Current-geography OSM extract; this is not evidence of a historical alignment.",
        "type": "road",
        "osm_id": 1282096838,
        "ref": "20"
      },
      "geometry": {
        "type": "LineString",
        "coordinates": [
          [
            139.7427358,
            35.6840262
          ],
          [
            139.7426168,
            35.6840364
          ],
          [
            139.742064,
            35.6840875
          ]
        ]
      }
    },
    {
      "type": "Feature",
      "properties": {
        "id": "osm-way-1282096839",
        "name": "新宿通り",
        "aliases": [
          "20",
          "麹町大通り"
        ],
        "source": [
          "OpenStreetMap"
        ],
        "source_url": [
          "https://www.openstreetmap.org/way/1282096839"
        ],
        "license": "ODbL 1.0",
        "checked": "2026-08-27",
        "confidence": "high",
        "note": "Current-geography OSM extract; this is not evidence of a historical alignment.",
        "type": "road",
        "osm_id": 1282096839,
        "ref": "20"
      },
      "geometry": {
        "type": "LineString",
        "coordinates": [
          [
            139.742064,
            35.6840875
          ],
          [
            139.7417261,
            35.6841188
          ],
          [
            139.7416581,
            35.6841251
          ],
          [
            139.7415091,
            35.6841325
          ]
        ]
      }
    },
    {
      "type": "Feature",
      "properties": {
        "id": "osm-way-1282096840",
        "name": "新宿通り",
        "aliases": [
          "20",
          "麹町大通り"
        ],
        "source": [
          "OpenStreetMap"
        ],
        "source_url": [
          "https://www.openstreetmap.org/way/1282096840"
        ],
        "license": "ODbL 1.0",
        "checked": "2026-08-27",
        "confidence": "high",
        "note": "Current-geography OSM extract; this is not evidence of a historical alignment.",
        "type": "road",
        "osm_id": 1282096840,
        "ref": "20"
      },
      "geometry": {
        "type": "LineString",
        "coordinates": [
          [
            139.7427431,
            35.6841374
          ],
          [
            139.7428391,
            35.6841287
          ],
          [
            139.7438636,
            35.6840208
          ]
        ]
      }
    },
    {
      "type": "Feature",
      "properties": {
        "id": "osm-way-1319817772",
        "name": "甲州街道",
        "aliases": [
          "20"
        ],
        "source": [
          "OpenStreetMap"
        ],
        "source_url": [
          "https://www.openstreetmap.org/way/1319817772"
        ],
        "license": "ODbL 1.0",
        "checked": "2026-08-27",
        "confidence": "high",
        "note": "Current-geography OSM extract; this is not evidence of a historical alignment.",
        "type": "road",
        "osm_id": 1319817772,
        "ref": "20"
      },
      "geometry": {
        "type": "LineString",
        "coordinates": [
          [
            139.6964872,
            35.6875519
          ],
          [
            139.6963523,
            35.6874932
          ],
          [
            139.6960129,
            35.6873455
          ]
        ]
      }
    },
    {
      "type": "Feature",
      "properties": {
        "id": "osm-way-1319974947",
        "name": "甲州街道",
        "aliases": [
          "20"
        ],
        "source": [
          "OpenStreetMap"
        ],
        "source_url": [
          "https://www.openstreetmap.org/way/1319974947"
        ],
        "license": "ODbL 1.0",
        "checked": "2026-08-27",
        "confidence": "high",
        "note": "Current-geography OSM extract; this is not evidence of a historical alignment.",
        "type": "road",
        "osm_id": 1319974947,
        "ref": "20"
      },
      "geometry": {
        "type": "LineString",
        "coordinates": [
          [
            139.6960245,
            35.6875142
          ],
          [
            139.6962693,
            35.6876199
          ],
          [
            139.6965518,
            35.6877417
          ]
        ]
      }
    },
    {
      "type": "Feature",
      "properties": {
        "id": "osm-way-1347764362",
        "name": "新宿通り",
        "aliases": [
          "20",
          "麹町大通り"
        ],
        "source": [
          "OpenStreetMap"
        ],
        "source_url": [
          "https://www.openstreetmap.org/way/1347764362"
        ],
        "license": "ODbL 1.0",
        "checked": "2026-08-27",
        "confidence": "high",
        "note": "Current-geography OSM extract; this is not evidence of a historical alignment.",
        "type": "road",
        "osm_id": 1347764362,
        "ref": "20"
      },
      "geometry": {
        "type": "LineString",
        "coordinates": [
          [
            139.73352,
            35.6847788
          ],
          [
            139.7335982,
            35.6847363
          ],
          [
            139.734301,
            35.6843542
          ]
        ]
      }
    },
    {
      "type": "Feature",
      "properties": {
        "id": "osm-way-1347764363",
        "name": "新宿通り",
        "aliases": [
          "20",
          "麹町大通り"
        ],
        "source": [
          "OpenStreetMap"
        ],
        "source_url": [
          "https://www.openstreetmap.org/way/1347764363"
        ],
        "license": "ODbL 1.0",
        "checked": "2026-08-27",
        "confidence": "high",
        "note": "Current-geography OSM extract; this is not evidence of a historical alignment.",
        "type": "road",
        "osm_id": 1347764363,
        "ref": "20"
      },
      "geometry": {
        "type": "LineString",
        "coordinates": [
          [
            139.7334,
            35.6848446
          ],
          [
            139.73352,
            35.6847788
          ]
        ]
      }
    },
    {
      "type": "Feature",
      "properties": {
        "id": "osm-way-1347764364",
        "name": "新宿通り",
        "aliases": [
          "20",
          "麹町大通り"
        ],
        "source": [
          "OpenStreetMap"
        ],
        "source_url": [
          "https://www.openstreetmap.org/way/1347764364"
        ],
        "license": "ODbL 1.0",
        "checked": "2026-08-27",
        "confidence": "high",
        "note": "Current-geography OSM extract; this is not evidence of a historical alignment.",
        "type": "road",
        "osm_id": 1347764364,
        "ref": "20"
      },
      "geometry": {
        "type": "LineString",
        "coordinates": [
          [
            139.7333208,
            35.684736
          ],
          [
            139.7332283,
            35.6847839
          ],
          [
            139.7329388,
            35.6849147
          ],
          [
            139.7326344,
            35.6850279
          ],
          [
            139.7316997,
            35.6853409
          ],
          [
            139.7312827,
            35.6854874
          ]
        ]
      }
    },
    {
      "type": "Feature",
      "properties": {
        "id": "osm-way-1347764365",
        "name": "新宿通り",
        "aliases": [
          "20",
          "麹町大通り"
        ],
        "source": [
          "OpenStreetMap"
        ],
        "source_url": [
          "https://www.openstreetmap.org/way/1347764365"
        ],
        "license": "ODbL 1.0",
        "checked": "2026-08-27",
        "confidence": "high",
        "note": "Current-geography OSM extract; this is not evidence of a historical alignment.",
        "type": "road",
        "osm_id": 1347764365,
        "ref": "20"
      },
      "geometry": {
        "type": "LineString",
        "coordinates": [
          [
            139.7334359,
            35.6846729
          ],
          [
            139.7333208,
            35.684736
          ]
        ]
      }
    },
    {
      "type": "Feature",
      "properties": {
        "id": "osm-way-1367650186",
        "name": "新宿通り",
        "aliases": [
          "20"
        ],
        "source": [
          "OpenStreetMap"
        ],
        "source_url": [
          "https://www.openstreetmap.org/way/1367650186"
        ],
        "license": "ODbL 1.0",
        "checked": "2026-08-27",
        "confidence": "high",
        "note": "Current-geography OSM extract; this is not evidence of a historical alignment.",
        "type": "road",
        "osm_id": 1367650186,
        "ref": "20"
      },
      "geometry": {
        "type": "LineString",
        "coordinates": [
          [
            139.7232242,
            35.6878012
          ],
          [
            139.7230084,
            35.687851
          ],
          [
            139.7228852,
            35.6878773
          ],
          [
            139.7225494,
            35.6879487
          ],
          [
            139.7222585,
            35.6879914
          ],
          [
            139.7219975,
            35.688011
          ],
          [
            139.7218126,
            35.6880158
          ],
          [
            139.7215524,
            35.6880039
          ],
          [
            139.7210431,
            35.6879529
          ],
          [
            139.7206213,
            35.6879101
          ],
          [
            139.7205394,
            35.6879018
          ],
          [
            139.720391,
            35.6878866
          ]
        ]
      }
    },
    {
      "type": "Feature",
      "properties": {
        "id": "osm-way-1367650190",
        "name": "新宿通り",
        "aliases": [
          "20"
        ],
        "source": [
          "OpenStreetMap"
        ],
        "source_url": [
          "https://www.openstreetmap.org/way/1367650190"
        ],
        "license": "ODbL 1.0",
        "checked": "2026-08-27",
        "confidence": "high",
        "note": "Current-geography OSM extract; this is not evidence of a historical alignment.",
        "type": "road",
        "osm_id": 1367650190,
        "ref": "20"
      },
      "geometry": {
        "type": "LineString",
        "coordinates": [
          [
            139.7204031,
            35.6880278
          ],
          [
            139.7205536,
            35.6880444
          ],
          [
            139.7212549,
            35.6881243
          ],
          [
            139.7215221,
            35.6881507
          ],
          [
            139.7217826,
            35.6881666
          ],
          [
            139.7220039,
            35.6881635
          ],
          [
            139.7222171,
            35.6881482
          ],
          [
            139.7224411,
            35.6881247
          ],
          [
            139.7228613,
            35.688028
          ],
          [
            139.7229243,
            35.6880135
          ],
          [
            139.7232785,
            35.6879322
          ]
        ]
      }
    },
    {
      "type": "Feature",
      "properties": {
        "id": "osm-way-1368012340",
        "name": "新宿通り",
        "aliases": [
          "20"
        ],
        "source": [
          "OpenStreetMap"
        ],
        "source_url": [
          "https://www.openstreetmap.org/way/1368012340"
        ],
        "license": "ODbL 1.0",
        "checked": "2026-08-27",
        "confidence": "high",
        "note": "Current-geography OSM extract; this is not evidence of a historical alignment.",
        "type": "road",
        "osm_id": 1368012340,
        "ref": "20"
      },
      "geometry": {
        "type": "LineString",
        "coordinates": [
          [
            139.7203019,
            35.6880172
          ],
          [
            139.7204031,
            35.6880278
          ]
        ]
      }
    },
    {
      "type": "Feature",
      "properties": {
        "id": "osm-way-1368012341",
        "name": "新宿通り",
        "aliases": [
          "20"
        ],
        "source": [
          "OpenStreetMap"
        ],
        "source_url": [
          "https://www.openstreetmap.org/way/1368012341"
        ],
        "license": "ODbL 1.0",
        "checked": "2026-08-27",
        "confidence": "high",
        "note": "Current-geography OSM extract; this is not evidence of a historical alignment.",
        "type": "road",
        "osm_id": 1368012341,
        "ref": "20"
      },
      "geometry": {
        "type": "LineString",
        "coordinates": [
          [
            139.720391,
            35.6878866
          ],
          [
            139.7202909,
            35.6878796
          ]
        ]
      }
    },
    {
      "type": "Feature",
      "properties": {
        "id": "osm-way-1381312861",
        "name": "甲州街道",
        "aliases": [
          "20"
        ],
        "source": [
          "OpenStreetMap"
        ],
        "source_url": [
          "https://www.openstreetmap.org/way/1381312861"
        ],
        "license": "ODbL 1.0",
        "checked": "2026-08-27",
        "confidence": "high",
        "note": "Current-geography OSM extract; this is not evidence of a historical alignment.",
        "type": "road",
        "osm_id": 1381312861,
        "ref": "20"
      },
      "geometry": {
        "type": "LineString",
        "coordinates": [
          [
            139.663569,
            35.6732356
          ],
          [
            139.6619624,
            35.6728153
          ]
        ]
      }
    },
    {
      "type": "Feature",
      "properties": {
        "id": "osm-way-1381387150",
        "name": "新宿通り",
        "aliases": [
          "430"
        ],
        "source": [
          "OpenStreetMap"
        ],
        "source_url": [
          "https://www.openstreetmap.org/way/1381387150"
        ],
        "license": "ODbL 1.0",
        "checked": "2026-08-27",
        "confidence": "high",
        "note": "Current-geography OSM extract; this is not evidence of a historical alignment.",
        "type": "road",
        "osm_id": 1381387150,
        "ref": "430"
      },
      "geometry": {
        "type": "LineString",
        "coordinates": [
          [
            139.7004054,
            35.6935537
          ],
          [
            139.7003804,
            35.6934893
          ],
          [
            139.7003661,
            35.6934383
          ],
          [
            139.7003631,
            35.6933914
          ],
          [
            139.7003662,
            35.6933495
          ],
          [
            139.7003785,
            35.693281
          ],
          [
            139.7004018,
            35.6931856
          ]
        ]
      }
    },
    {
      "type": "Feature",
      "properties": {
        "id": "osm-way-1382188765",
        "name": "甲州街道",
        "aliases": [
          "20"
        ],
        "source": [
          "OpenStreetMap"
        ],
        "source_url": [
          "https://www.openstreetmap.org/way/1382188765"
        ],
        "license": "ODbL 1.0",
        "checked": "2026-08-27",
        "confidence": "high",
        "note": "Current-geography OSM extract; this is not evidence of a historical alignment.",
        "type": "road",
        "osm_id": 1382188765,
        "ref": "20"
      },
      "geometry": {
        "type": "LineString",
        "coordinates": [
          [
            139.6872766,
            35.6816474
          ],
          [
            139.6866904,
            35.6812819
          ],
          [
            139.6861994,
            35.6809886
          ]
        ]
      }
    },
    {
      "type": "Feature",
      "properties": {
        "id": "osm-way-1382188766",
        "name": "甲州街道",
        "aliases": [
          "20"
        ],
        "source": [
          "OpenStreetMap"
        ],
        "source_url": [
          "https://www.openstreetmap.org/way/1382188766"
        ],
        "license": "ODbL 1.0",
        "checked": "2026-08-27",
        "confidence": "high",
        "note": "Current-geography OSM extract; this is not evidence of a historical alignment.",
        "type": "road",
        "osm_id": 1382188766,
        "ref": "20"
      },
      "geometry": {
        "type": "LineString",
        "coordinates": [
          [
            139.6861994,
            35.6809886
          ],
          [
            139.6858359,
            35.6807768
          ]
        ]
      }
    },
    {
      "type": "Feature",
      "properties": {
        "id": "osm-way-1382297066",
        "name": "甲州街道",
        "aliases": [
          "20"
        ],
        "source": [
          "OpenStreetMap"
        ],
        "source_url": [
          "https://www.openstreetmap.org/way/1382297066"
        ],
        "license": "ODbL 1.0",
        "checked": "2026-08-27",
        "confidence": "high",
        "note": "Current-geography OSM extract; this is not evidence of a historical alignment.",
        "type": "road",
        "osm_id": 1382297066,
        "ref": "20"
      },
      "geometry": {
        "type": "LineString",
        "coordinates": [
          [
            139.6681384,
            35.6745308
          ],
          [
            139.668059,
            35.6745085
          ],
          [
            139.6674985,
            35.6743593
          ],
          [
            139.6673593,
            35.6743201
          ],
          [
            139.667228,
            35.6742861
          ]
        ]
      }
    },
    {
      "type": "Feature",
      "properties": {
        "id": "osm-way-1382297067",
        "name": "甲州街道",
        "aliases": [
          "20"
        ],
        "source": [
          "OpenStreetMap"
        ],
        "source_url": [
          "https://www.openstreetmap.org/way/1382297067"
        ],
        "license": "ODbL 1.0",
        "checked": "2026-08-27",
        "confidence": "high",
        "note": "Current-geography OSM extract; this is not evidence of a historical alignment.",
        "type": "road",
        "osm_id": 1382297067,
        "ref": "20"
      },
      "geometry": {
        "type": "LineString",
        "coordinates": [
          [
            139.6672332,
            35.6745212
          ],
          [
            139.66726,
            35.6745287
          ],
          [
            139.6673948,
            35.6745675
          ],
          [
            139.6680369,
            35.6747575
          ],
          [
            139.6680999,
            35.6747764
          ]
        ]
      }
    },
    {
      "type": "Feature",
      "properties": {
        "id": "osm-way-1387804010",
        "name": "新宿通り",
        "aliases": [
          "20",
          "麹町大通り"
        ],
        "source": [
          "OpenStreetMap"
        ],
        "source_url": [
          "https://www.openstreetmap.org/way/1387804010"
        ],
        "license": "ODbL 1.0",
        "checked": "2026-08-27",
        "confidence": "high",
        "note": "Current-geography OSM extract; this is not evidence of a historical alignment.",
        "type": "road",
        "osm_id": 1387804010,
        "ref": "20"
      },
      "geometry": {
        "type": "LineString",
        "coordinates": [
          [
            139.7332677,
            35.684915
          ],
          [
            139.7333139,
            35.6848918
          ],
          [
            139.7334,
            35.6848446
          ]
        ]
      }
    },
    {
      "type": "Feature",
      "properties": {
        "id": "osm-way-1387804011",
        "name": "新宿通り",
        "aliases": [
          "20",
          "麹町大通り"
        ],
        "source": [
          "OpenStreetMap"
        ],
        "source_url": [
          "https://www.openstreetmap.org/way/1387804011"
        ],
        "license": "ODbL 1.0",
        "checked": "2026-08-27",
        "confidence": "high",
        "note": "Current-geography OSM extract; this is not evidence of a historical alignment.",
        "type": "road",
        "osm_id": 1387804011,
        "ref": "20"
      },
      "geometry": {
        "type": "LineString",
        "coordinates": [
          [
            139.734301,
            35.6843542
          ],
          [
            139.7343271,
            35.6843401
          ],
          [
            139.7343731,
            35.6843152
          ]
        ]
      }
    },
    {
      "type": "Feature",
      "properties": {
        "id": "osm-way-1391465728",
        "name": "甲州街道",
        "aliases": [
          "20"
        ],
        "source": [
          "OpenStreetMap"
        ],
        "source_url": [
          "https://www.openstreetmap.org/way/1391465728"
        ],
        "license": "ODbL 1.0",
        "checked": "2026-08-27",
        "confidence": "high",
        "note": "Current-geography OSM extract; this is not evidence of a historical alignment.",
        "type": "road",
        "osm_id": 1391465728,
        "ref": "20"
      },
      "geometry": {
        "type": "LineString",
        "coordinates": [
          [
            139.6556641,
            35.670976
          ],
          [
            139.6554944,
            35.6709143
          ]
        ]
      }
    },
    {
      "type": "Feature",
      "properties": {
        "id": "osm-way-1410853753",
        "name": "甲州街道",
        "aliases": [
          "20"
        ],
        "source": [
          "OpenStreetMap"
        ],
        "source_url": [
          "https://www.openstreetmap.org/way/1410853753"
        ],
        "license": "ODbL 1.0",
        "checked": "2026-08-27",
        "confidence": "high",
        "note": "Current-geography OSM extract; this is not evidence of a historical alignment.",
        "type": "road",
        "osm_id": 1410853753,
        "ref": "20"
      },
      "geometry": {
        "type": "LineString",
        "coordinates": [
          [
            139.6813149,
            35.678595
          ],
          [
            139.6807409,
            35.6783193
          ],
          [
            139.6803774,
            35.6781498
          ],
          [
            139.6801015,
            35.6780617
          ],
          [
            139.6797022,
            35.6779387
          ],
          [
            139.6792273,
            35.6778025
          ],
          [
            139.6778925,
            35.6774076
          ],
          [
            139.6778365,
            35.6773904
          ],
          [
            139.6768705,
            35.6771243
          ]
        ]
      }
    },
    {
      "type": "Feature",
      "properties": {
        "id": "osm-way-1410853754",
        "name": "甲州街道",
        "aliases": [
          "20"
        ],
        "source": [
          "OpenStreetMap"
        ],
        "source_url": [
          "https://www.openstreetmap.org/way/1410853754"
        ],
        "license": "ODbL 1.0",
        "checked": "2026-08-27",
        "confidence": "high",
        "note": "Current-geography OSM extract; this is not evidence of a historical alignment.",
        "type": "road",
        "osm_id": 1410853754,
        "ref": "20"
      },
      "geometry": {
        "type": "LineString",
        "coordinates": [
          [
            139.6771194,
            35.6774643
          ],
          [
            139.6774749,
            35.6775676
          ],
          [
            139.677808,
            35.6776673
          ],
          [
            139.6784587,
            35.6778549
          ],
          [
            139.6792249,
            35.678078
          ],
          [
            139.6795949,
            35.6781823
          ],
          [
            139.6798563,
            35.6782581
          ],
          [
            139.6802832,
            35.6784063
          ],
          [
            139.6811516,
            35.6788117
          ]
        ]
      }
    },
    {
      "type": "Feature",
      "properties": {
        "id": "osm-way-1410853755",
        "name": "甲州街道",
        "aliases": [
          "20"
        ],
        "source": [
          "OpenStreetMap"
        ],
        "source_url": [
          "https://www.openstreetmap.org/way/1410853755"
        ],
        "license": "ODbL 1.0",
        "checked": "2026-08-27",
        "confidence": "high",
        "note": "Current-geography OSM extract; this is not evidence of a historical alignment.",
        "type": "road",
        "osm_id": 1410853755,
        "ref": "20"
      },
      "geometry": {
        "type": "LineString",
        "coordinates": [
          [
            139.6855222,
            35.6808201
          ],
          [
            139.6860565,
            35.6812014
          ]
        ]
      }
    },
    {
      "type": "Feature",
      "properties": {
        "id": "osm-way-1417467400",
        "name": "新宿通り",
        "aliases": [
          "20",
          "麹町大通り"
        ],
        "source": [
          "OpenStreetMap"
        ],
        "source_url": [
          "https://www.openstreetmap.org/way/1417467400"
        ],
        "license": "ODbL 1.0",
        "checked": "2026-08-27",
        "confidence": "high",
        "note": "Current-geography OSM extract; this is not evidence of a historical alignment.",
        "type": "road",
        "osm_id": 1417467400,
        "ref": "20"
      },
      "geometry": {
        "type": "LineString",
        "coordinates": [
          [
            139.7381428,
            35.6839136
          ],
          [
            139.7377682,
            35.6838831
          ],
          [
            139.7376484,
            35.6838736
          ]
        ]
      }
    },
    {
      "type": "Feature",
      "properties": {
        "id": "osm-way-1417467401",
        "name": "新宿通り",
        "aliases": [
          "20",
          "麹町大通り"
        ],
        "source": [
          "OpenStreetMap"
        ],
        "source_url": [
          "https://www.openstreetmap.org/way/1417467401"
        ],
        "license": "ODbL 1.0",
        "checked": "2026-08-27",
        "confidence": "high",
        "note": "Current-geography OSM extract; this is not evidence of a historical alignment.",
        "type": "road",
        "osm_id": 1417467401,
        "ref": "20"
      },
      "geometry": {
        "type": "LineString",
        "coordinates": [
          [
            139.7376339,
            35.6839865
          ],
          [
            139.7380644,
            35.684018
          ],
          [
            139.7381314,
            35.6840218
          ]
        ]
      }
    },
    {
      "type": "Feature",
      "properties": {
        "id": "osm-way-1417467402",
        "name": "新宿通り",
        "aliases": [
          "20",
          "麹町大通り"
        ],
        "source": [
          "OpenStreetMap"
        ],
        "source_url": [
          "https://www.openstreetmap.org/way/1417467402"
        ],
        "license": "ODbL 1.0",
        "checked": "2026-08-27",
        "confidence": "high",
        "note": "Current-geography OSM extract; this is not evidence of a historical alignment.",
        "type": "road",
        "osm_id": 1417467402,
        "ref": "20"
      },
      "geometry": {
        "type": "LineString",
        "coordinates": [
          [
            139.7376484,
            35.6838736
          ],
          [
            139.737464,
            35.6838657
          ],
          [
            139.7372425,
            35.6838569
          ],
          [
            139.7370284,
            35.6838511
          ],
          [
            139.7369438,
            35.6838505
          ],
          [
            139.7366376,
            35.683858
          ],
          [
            139.7361837,
            35.6838814
          ],
          [
            139.7361189,
            35.6838872
          ],
          [
            139.7360641,
            35.6838921
          ],
          [
            139.735159,
            35.6839795
          ],
          [
            139.7349228,
            35.6840177
          ],
          [
            139.7347413,
            35.6840563
          ],
          [
            139.7345836,
            35.6840975
          ],
          [
            139.7345352,
            35.6841137
          ],
          [
            139.7344756,
            35.6841332
          ]
        ]
      }
    },
    {
      "type": "Feature",
      "properties": {
        "id": "osm-way-1428432920",
        "name": "新宿通り",
        "aliases": [
          "20",
          "麹町大通り"
        ],
        "source": [
          "OpenStreetMap"
        ],
        "source_url": [
          "https://www.openstreetmap.org/way/1428432920"
        ],
        "license": "ODbL 1.0",
        "checked": "2026-08-27",
        "confidence": "high",
        "note": "Current-geography OSM extract; this is not evidence of a historical alignment.",
        "type": "road",
        "osm_id": 1428432920,
        "ref": "20"
      },
      "geometry": {
        "type": "LineString",
        "coordinates": [
          [
            139.7415091,
            35.6841325
          ],
          [
            139.7413427,
            35.6841409
          ],
          [
            139.7410686,
            35.68415
          ],
          [
            139.7408377,
            35.6841507
          ],
          [
            139.7405858,
            35.6841445
          ],
          [
            139.7403659,
            35.6841305
          ],
          [
            139.7401455,
            35.6841099
          ]
        ]
      }
    },
    {
      "type": "Feature",
      "properties": {
        "id": "osm-way-1428432921",
        "name": "新宿通り",
        "aliases": [
          "20",
          "麹町大通り"
        ],
        "source": [
          "OpenStreetMap"
        ],
        "source_url": [
          "https://www.openstreetmap.org/way/1428432921"
        ],
        "license": "ODbL 1.0",
        "checked": "2026-08-27",
        "confidence": "high",
        "note": "Current-geography OSM extract; this is not evidence of a historical alignment.",
        "type": "road",
        "osm_id": 1428432921,
        "ref": "20"
      },
      "geometry": {
        "type": "LineString",
        "coordinates": [
          [
            139.7391202,
            35.6840114
          ],
          [
            139.738875,
            35.6839862
          ],
          [
            139.7383274,
            35.6839322
          ],
          [
            139.7382765,
            35.6839272
          ],
          [
            139.7381428,
            35.6839136
          ]
        ]
      }
    },
    {
      "type": "Feature",
      "properties": {
        "id": "osm-way-1466490365",
        "name": "新宿通り",
        "aliases": [
          "20"
        ],
        "source": [
          "OpenStreetMap"
        ],
        "source_url": [
          "https://www.openstreetmap.org/way/1466490365"
        ],
        "license": "ODbL 1.0",
        "checked": "2026-08-27",
        "confidence": "high",
        "note": "Current-geography OSM extract; this is not evidence of a historical alignment.",
        "type": "road",
        "osm_id": 1466490365,
        "ref": "20"
      },
      "geometry": {
        "type": "LineString",
        "coordinates": [
          [
            139.7278159,
            35.6864678
          ],
          [
            139.7286865,
            35.686179
          ],
          [
            139.7291676,
            35.6860223
          ],
          [
            139.7292534,
            35.6859951
          ],
          [
            139.729402,
            35.6859599
          ],
          [
            139.729586,
            35.6859175
          ]
        ]
      }
    },
    {
      "type": "Feature",
      "properties": {
        "id": "osm-way-1466490366",
        "name": "新宿通り",
        "aliases": [
          "20"
        ],
        "source": [
          "OpenStreetMap"
        ],
        "source_url": [
          "https://www.openstreetmap.org/way/1466490366"
        ],
        "license": "ODbL 1.0",
        "checked": "2026-08-27",
        "confidence": "high",
        "note": "Current-geography OSM extract; this is not evidence of a historical alignment.",
        "type": "road",
        "osm_id": 1466490366,
        "ref": "20"
      },
      "geometry": {
        "type": "LineString",
        "coordinates": [
          [
            139.7275839,
            35.6865465
          ],
          [
            139.7277362,
            35.6864946
          ],
          [
            139.7278159,
            35.6864678
          ]
        ]
      }
    },
    {
      "type": "Feature",
      "properties": {
        "id": "osm-way-1509646820",
        "name": "新宿通り",
        "aliases": [
          "430"
        ],
        "source": [
          "OpenStreetMap"
        ],
        "source_url": [
          "https://www.openstreetmap.org/way/1509646820"
        ],
        "license": "ODbL 1.0",
        "checked": "2026-08-27",
        "confidence": "high",
        "note": "Current-geography OSM extract; this is not evidence of a historical alignment.",
        "type": "road",
        "osm_id": 1509646820,
        "ref": "430"
      },
      "geometry": {
        "type": "LineString",
        "coordinates": [
          [
            139.7002919,
            35.6933387
          ],
          [
            139.700297,
            35.6933898
          ],
          [
            139.7003143,
            35.6934359
          ],
          [
            139.7003548,
            35.6934924
          ],
          [
            139.7004054,
            35.6935537
          ]
        ]
      }
    }
  ]
}
