{"type":"FeatureCollection","features":[{"type":"Feature","properties":{"railway":"station","name":"日暮里","name:ja":null,"name:en":"Nippori","operator":"京成電鉄","ref":"KS02","public_transport":"station","wikidata":"Q124799427","wikipedia":"ja:日暮里駅","osm_element_type":"node","osm_element_id":172670767,"sourceType":"openstreetmap","entityType":"modern-rail-station","geometryType":"Point","sourceGeometryType":"Point","network":"京成電鉄","station":null,"layer":null,"usage":null,"osm_way_id":null,"id":"station:node:172670767","type":"station"},"geometry":{"type":"Point","coordinates":[139.7709817,35.7283798]}},{"type":"Feature","properties":{"railway":"station","name":"御徒町","name:ja":"御徒町","name:en":"Okachimachi","operator":"東日本旅客鉄道","ref":"JK29;JY04","public_transport":"station","wikidata":"Q801296","wikipedia":"ja:御徒町駅","osm_element_type":"node","osm_element_id":236578383,"sourceType":"openstreetmap","entityType":"modern-rail-station","geometryType":"Point","sourceGeometryType":"Point","network":null,"station":null,"layer":null,"usage":null,"osm_way_id":null,"id":"station:node:236578383","type":"station"},"geometry":{"type":"Point","coordinates":[139.7746303,35.7069531]}},{"type":"Feature","properties":{"railway":"station","name":"上野","name:ja":"上野","name:en":"Ueno","operator":"東日本旅客鉄道","ref":"UEN","public_transport":"station","wikidata":"Q801551","wikipedia":"ja:上野駅","osm_element_type":"node","osm_element_id":236578444,"sourceType":"openstreetmap","entityType":"modern-rail-station","geometryType":"Point","sourceGeometryType":"Point","network":null,"station":null,"layer":null,"usage":null,"osm_way_id":null,"id":"station:node:236578444","type":"station"},"geometry":{"type":"Point","coordinates":[139.7765418,35.7134128]}},{"type":"Feature","properties":{"railway":"station","name":"鶯谷","name:ja":"鶯谷","name:en":"Uguisudani","operator":"東日本旅客鉄道","ref":"JK31;JY06","public_transport":"station","wikidata":"Q801546","wikipedia":"ja:鶯谷駅","osm_element_type":"node","osm_element_id":236578577,"sourceType":"openstreetmap","entityType":"modern-rail-station","geometryType":"Point","sourceGeometryType":"Point","network":null,"station":null,"layer":null,"usage":null,"osm_way_id":null,"id":"station:node:236578577","type":"station"},"geometry":{"type":"Point","coordinates":[139.7779166,35.7217035]}},{"type":"Feature","properties":{"railway":"station","name":"日暮里","name:ja":null,"name:en":"Nippori","operator":"東日本旅客鉄道","ref":"NPR","public_transport":"station","wikidata":"Q124799406","wikipedia":null,"osm_element_type":"node","osm_element_id":236578667,"sourceType":"openstreetmap","entityType":"modern-rail-station","geometryType":"Point","sourceGeometryType":"Point","network":null,"station":null,"layer":null,"usage":null,"osm_way_id":null,"id":"station:node:236578667","type":"station"},"geometry":{"type":"Point","coordinates":[139.7706579,35.7281495]}},{"type":"Feature","properties":{"railway":"station","name":"西日暮里","name:ja":"西日暮里","name:en":"Nishi-Nippori","operator":"東日本旅客鉄道","ref":"JK33;JY08","public_transport":"station","wikidata":"Q636845","wikipedia":"ja:西日暮里駅","osm_element_type":"node","osm_element_id":236578741,"sourceType":"openstreetmap","entityType":"modern-rail-station","geometryType":"Point","sourceGeometryType":"Point","network":"東京近郊区間","station":null,"layer":null,"usage":null,"osm_way_id":null,"id":"station:node:236578741","type":"station"},"geometry":{"type":"Point","coordinates":[139.7666684,35.7322021]}},{"type":"Feature","properties":{"railway":"station","name":"田端","name:ja":"田端","name:en":"Tabata","operator":"東日本旅客鉄道","ref":"JY09;JK34","public_transport":"station","wikidata":"Q801503","wikipedia":"ja:田端駅","osm_element_type":"node","osm_element_id":236578838,"sourceType":"openstreetmap","entityType":"modern-rail-station","geometryType":"Point","sourceGeometryType":"Point","network":null,"station":null,"layer":null,"usage":null,"osm_way_id":null,"id":"station:node:236578838","type":"station"},"geometry":{"type":"Point","coordinates":[139.761707,35.7373723]}},{"type":"Feature","properties":{"railway":"station","name":"駒込","name:ja":"駒込","name:en":"Komagome","operator":"東日本旅客鉄道","ref":"JY10","public_transport":"station","wikidata":"Q801032","wikipedia":"ja:駒込駅","osm_element_type":"node","osm_element_id":236579053,"sourceType":"openstreetmap","entityType":"modern-rail-station","geometryType":"Point","sourceGeometryType":"Point","network":null,"station":null,"layer":null,"usage":null,"osm_way_id":null,"id":"station:node:236579053","type":"station"},"geometry":{"type":"Point","coordinates":[139.7472412,35.7365848]}},{"type":"Feature","properties":{"railway":"station","name":"巣鴨","name:ja":"巣鴨","name:en":"Sugamo","operator":"東日本旅客鉄道","ref":"JY11","public_transport":"station","wikidata":"Q801500","wikipedia":"ja:巣鴨駅","osm_element_type":"node","osm_element_id":236579126,"sourceType":"openstreetmap","entityType":"modern-rail-station","geometryType":"Point","sourceGeometryType":"Point","network":null,"station":null,"layer":null,"usage":null,"osm_way_id":null,"id":"station:node:236579126","type":"station"},"geometry":{"type":"Point","coordinates":[139.7394273,35.7334119]}},{"type":"Feature","properties":{"railway":"station","name":"大塚","name:ja":"大塚","name:en":"Otsuka","operator":"東日本旅客鉄道","ref":"JY12","public_transport":"station","wikidata":"Q801696","wikipedia":"ja:大塚駅 (東京都)","osm_element_type":"node","osm_element_id":236579274,"sourceType":"openstreetmap","entityType":"modern-rail-station","geometryType":"Point","sourceGeometryType":"Point","network":null,"station":null,"layer":null,"usage":null,"osm_way_id":null,"id":"station:node:236579274","type":"station"},"geometry":{"type":"Point","coordinates":[139.7285879,35.7316851]}},{"type":"Feature","properties":{"railway":"station","name":"新大久保","name:ja":null,"name:en":"Shin-Ōkubo","operator":"東日本旅客鉄道","ref":"JY16","public_transport":"station","wikidata":"Q589599","wikipedia":"ja:新大久保駅","osm_element_type":"node","osm_element_id":236579696,"sourceType":"openstreetmap","entityType":"modern-rail-station","geometryType":"Point","sourceGeometryType":"Point","network":null,"station":null,"layer":null,"usage":null,"osm_way_id":null,"id":"station:node:236579696","type":"station"},"geometry":{"type":"Point","coordinates":[139.7002421,35.7013007]}},{"type":"Feature","properties":{"railway":"station","name":"三河島","name:ja":"三河島","name:en":"Mikawashima","operator":"東日本旅客鉄道","ref":"JJ03","public_transport":"station","wikidata":"Q865170","wikipedia":"ja:三河島駅","osm_element_type":"node","osm_element_id":240510683,"sourceType":"openstreetmap","entityType":"modern-rail-station","geometryType":"Point","sourceGeometryType":"Point","network":null,"station":null,"layer":null,"usage":null,"osm_way_id":null,"id":"station:node:240510683","type":"station"},"geometry":{"type":"Point","coordinates":[139.7773921,35.7333434]}},{"type":"Feature","properties":{"railway":"station","name":"大崎","name:ja":"大崎","name:en":"Osaki","operator":"東日本旅客鉄道;東京臨海高速鉄道","ref":"OSK","public_transport":"station","wikidata":"Q801695","wikipedia":"ja:大崎駅","osm_element_type":"node","osm_element_id":241815384,"sourceType":"openstreetmap","entityType":"modern-rail-station","geometryType":"Point","sourceGeometryType":"Point","network":"りんかい線","station":null,"layer":null,"usage":null,"osm_way_id":null,"id":"station:node:241815384","type":"station"},"geometry":{"type":"Point","coordinates":[139.7284866,35.6193903]}},{"type":"Feature","properties":{"railway":"station","name":"渋谷","name:ja":"渋谷","name:en":"Shibuya","operator":"東日本旅客鉄道","ref":"SBY","public_transport":"station","wikidata":"Q428811","wikipedia":"ja:渋谷駅","osm_element_type":"node","osm_element_id":241896099,"sourceType":"openstreetmap","entityType":"modern-rail-station","geometryType":"Point","sourceGeometryType":"Point","network":null,"station":null,"layer":null,"usage":null,"osm_way_id":null,"id":"station:node:241896099","type":"station"},"geometry":{"type":"Point","coordinates":[139.7017647,35.65808]}},{"type":"Feature","properties":{"railway":"station","name":"朝霞","name:ja":"朝霞","name:en":"Asaka","operator":"東武鉄道","ref":"TJ-12","public_transport":"station","wikidata":"Q4803419","wikipedia":"ja:朝霞駅","osm_element_type":"node","osm_element_id":243887260,"sourceType":"openstreetmap","entityType":"modern-rail-station","geometryType":"Point","sourceGeometryType":"Point","network":"東武鉄道","station":null,"layer":null,"usage":null,"osm_way_id":null,"id":"station:node:243887260","type":"station"},"geometry":{"type":"Point","coordinates":[139.6002238,35.79703]}},{"type":"Feature","properties":{"railway":"station","name":"中目黒","name:ja":"中目黒","name:en":"Naka-meguro","operator":"東京急行電鉄;東京地下鉄","ref":"TY03","public_transport":"station","wikidata":"Q1132605","wikipedia":"ja:中目黒駅","osm_element_type":"node","osm_element_id":243887391,"sourceType":"openstreetmap","entityType":"modern-rail-station","geometryType":"Point","sourceGeometryType":"Point","network":null,"station":"subway","layer":null,"usage":null,"osm_way_id":null,"id":"station:node:243887391","type":"station"},"geometry":{"type":"Point","coordinates":[139.6988317,35.6441395]}},{"type":"Feature","properties":{"railway":"station","name":"梁川","name:ja":"梁川","name:en":"Yanagawa","operator":"東日本旅客鉄道","ref":"JC29","public_transport":"station","wikidata":"Q8017468","wikipedia":"ja:梁川駅 (山梨県)","osm_element_type":"node","osm_element_id":243887757,"sourceType":"openstreetmap","entityType":"modern-rail-station","geometryType":"Point","sourceGeometryType":"Point","network":null,"station":null,"layer":null,"usage":null,"osm_way_id":null,"id":"station:node:243887757","type":"station"},"geometry":{"type":"Point","coordinates":[139.0376821,35.606018]}},{"type":"Feature","properties":{"railway":"station","name":"猿橋","name:ja":null,"name:en":"Saruhashi","operator":"東日本旅客鉄道","ref":"JC31","public_transport":"station","wikidata":"Q7424710","wikipedia":"ja:猿橋駅","osm_element_type":"node","osm_element_id":243887820,"sourceType":"openstreetmap","entityType":"modern-rail-station","geometryType":"Point","sourceGeometryType":"Point","network":null,"station":null,"layer":null,"usage":null,"osm_way_id":null,"id":"station:node:243887820","type":"station"},"geometry":{"type":"Point","coordinates":[138.9680239,35.6128739]}},{"type":"Feature","properties":{"railway":"station","name":"門前仲町","name:ja":"門前仲町","name:en":"Monzen-nakacho","operator":"東京地下鉄","ref":"T12","public_transport":"station","wikidata":"Q80576","wikipedia":"ja:門前仲町駅","osm_element_type":"node","osm_element_id":251465504,"sourceType":"openstreetmap","entityType":"modern-rail-station","geometryType":"Point","sourceGeometryType":"Point","network":null,"station":"subway","layer":null,"usage":null,"osm_way_id":null,"id":"station:node:251465504","type":"station"},"geometry":{"type":"Point","coordinates":[139.7950674,35.6722878]}},{"type":"Feature","properties":{"railway":"station","name":"恵比寿","name:ja":"恵比寿","name:en":"Ebisu","operator":"東京地下鉄","ref":"H02","public_transport":"station","wikidata":"Q800715","wikipedia":"ja:恵比寿駅","osm_element_type":"node","osm_element_id":262449251,"sourceType":"openstreetmap","entityType":"modern-rail-station","geometryType":"Point","sourceGeometryType":"Point","network":"日比谷線","station":"subway","layer":null,"usage":null,"osm_way_id":null,"id":"station:node:262449251","type":"station"},"geometry":{"type":"Point","coordinates":[139.7086461,35.6469738]}},{"type":"Feature","properties":{"railway":"station","name":"西国立","name:ja":"西国立","name:en":"Nishi-Kunitachi","operator":"東日本旅客鉄道","ref":"JN25","public_transport":"station","wikidata":"Q5366355","wikipedia":"ja:西国立駅","osm_element_type":"node","osm_element_id":264813299,"sourceType":"openstreetmap","entityType":"modern-rail-station","geometryType":"Point","sourceGeometryType":"Point","network":null,"station":null,"layer":null,"usage":null,"osm_way_id":null,"id":"station:node:264813299","type":"station"},"geometry":{"type":"Point","coordinates":[139.4240559,35.6934726]}},{"type":"Feature","properties":{"railway":"station","name":"登戸","name:ja":"登戸","name:en":"Noborito","operator":"東日本旅客鉄道","ref":"JN14","public_transport":"station","wikidata":"Q801266","wikipedia":"ja:登戸駅","osm_element_type":"node","osm_element_id":264813889,"sourceType":"openstreetmap","entityType":"modern-rail-station","geometryType":"Point","sourceGeometryType":"Point","network":null,"station":null,"layer":null,"usage":null,"osm_way_id":null,"id":"station:node:264813889","type":"station"},"geometry":{"type":"Point","coordinates":[139.570006,35.6208193]}},{"type":"Feature","properties":{"railway":"station","name":"府中本町","name:ja":"府中本町","name:en":"Fuchu-Hommachi","operator":"東日本旅客鉄道","ref":"JN20;JM35","public_transport":"station","wikidata":"Q800794","wikipedia":"ja:府中本町駅","osm_element_type":"node","osm_element_id":264813956,"sourceType":"openstreetmap","entityType":"modern-rail-station","geometryType":"Point","sourceGeometryType":"Point","network":null,"station":null,"layer":null,"usage":null,"osm_way_id":null,"id":"station:node:264813956","type":"station"},"geometry":{"type":"Point","coordinates":[139.4771038,35.6661053]}},{"type":"Feature","properties":{"railway":"station","name":"青葉台","name:ja":"青葉台","name:en":"Aobadai","operator":"東京急行電鉄","ref":"DT20","public_transport":"station","wikidata":"Q857586","wikipedia":"ja:青葉台駅","osm_element_type":"node","osm_element_id":266084129,"sourceType":"openstreetmap","entityType":"modern-rail-station","geometryType":"Point","sourceGeometryType":"Point","network":null,"station":null,"layer":null,"usage":null,"osm_way_id":null,"id":"station:node:266084129","type":"station"},"geometry":{"type":"Point","coordinates":[139.5172312,35.5428783]}},{"type":"Feature","properties":{"railway":"station","name":"梶が谷","name:ja":"梶が谷","name:en":"Kajigaya","operator":"東京急行電鉄","ref":"DT11","public_transport":"station","wikidata":"Q11538785","wikipedia":"ja:梶が谷駅","osm_element_type":"node","osm_element_id":266084310,"sourceType":"openstreetmap","entityType":"modern-rail-station","geometryType":"Point","sourceGeometryType":"Point","network":null,"station":null,"layer":null,"usage":null,"osm_way_id":null,"id":"station:node:266084310","type":"station"},"geometry":{"type":"Point","coordinates":[139.6054789,35.5936505]}},{"type":"Feature","properties":{"railway":"station","name":"江田","name:ja":"江田","name:en":"Eda","operator":"東急電鉄","ref":"DT17","public_transport":"station","wikidata":"Q5335639","wikipedia":"ja:江田駅 (神奈川県)","osm_element_type":"node","osm_element_id":266084537,"sourceType":"openstreetmap","entityType":"modern-rail-station","geometryType":"Point","sourceGeometryType":"Point","network":null,"station":null,"layer":null,"usage":null,"osm_way_id":null,"id":"station:node:266084537","type":"station"},"geometry":{"type":"Point","coordinates":[139.5514544,35.5585746]}},{"type":"Feature","properties":{"railway":"station","name":"溝の口","name:ja":"溝の口","name:en":"Mizonokuchi","operator":"東急電鉄","ref":"DT10;OM12","public_transport":"station","wikidata":"Q5366296","wikipedia":"ja:溝の口駅","osm_element_type":"node","osm_element_id":266084776,"sourceType":"openstreetmap","entityType":"modern-rail-station","geometryType":"Point","sourceGeometryType":"Point","network":"東急電鉄","station":null,"layer":null,"usage":null,"osm_way_id":null,"id":"station:node:266084776","type":"station"},"geometry":{"type":"Point","coordinates":[139.6105114,35.5999254]}},{"type":"Feature","properties":{"railway":"station","name":"目黒","name:ja":"目黒","name:en":"Meguro","operator":"東京地下鉄","ref":"I01;N01;MG01","public_transport":"station","wikidata":"Q678461","wikipedia":"ja:目黒駅","osm_element_type":"node","osm_element_id":266085875,"sourceType":"openstreetmap","entityType":"modern-rail-station","geometryType":"Point","sourceGeometryType":"Point","network":null,"station":"subway","layer":null,"usage":null,"osm_way_id":null,"id":"station:node:266085875","type":"station"},"geometry":{"type":"Point","coordinates":[139.7157717,35.6325078]}},{"type":"Feature","properties":{"railway":"station","name":"八王子みなみ野","name:ja":"八王子みなみ野","name:en":"Hachiojiminamino","operator":"東日本旅客鉄道","ref":"JH30","public_transport":"station","wikidata":"Q844693","wikipedia":"ja:八王子みなみ野駅","osm_element_type":"node","osm_element_id":280475835,"sourceType":"openstreetmap","entityType":"modern-rail-station","geometryType":"Point","sourceGeometryType":"Point","network":null,"station":null,"layer":null,"usage":null,"osm_way_id":null,"id":"station:node:280475835","type":"station"},"geometry":{"type":"Point","coordinates":[139.3309341,35.6312559]}},{"type":"Feature","properties":{"railway":"station","name":"片倉","name:ja":"片倉","name:en":"Katakura","operator":"東日本旅客鉄道","ref":"JH31","public_transport":"station","wikidata":"Q844653","wikipedia":"ja:片倉駅","osm_element_type":"node","osm_element_id":280475844,"sourceType":"openstreetmap","entityType":"modern-rail-station","geometryType":"Point","sourceGeometryType":"Point","network":null,"station":null,"layer":null,"usage":null,"osm_way_id":null,"id":"station:node:280475844","type":"station"},"geometry":{"type":"Point","coordinates":[139.3414342,35.6398013]}},{"type":"Feature","properties":{"railway":"station","name":"相原","name:ja":"相原","name:en":"Aihara","operator":"東日本旅客鉄道","ref":null,"public_transport":"station","wikidata":"Q844635","wikipedia":"ja:相原駅","osm_element_type":"node","osm_element_id":280476769,"sourceType":"openstreetmap","entityType":"modern-rail-station","geometryType":"Point","sourceGeometryType":"Point","network":null,"station":null,"layer":null,"usage":null,"osm_way_id":null,"id":"station:node:280476769","type":"station"},"geometry":{"type":"Point","coordinates":[139.3316885,35.6068438]}},{"type":"Feature","properties":{"railway":"station","name":"京王永山","name:ja":"京王永山","name:en":"Keio-Nagayama","operator":"京王電鉄","ref":"KO40","public_transport":"station","wikidata":"Q1061400","wikipedia":"ja:永山駅 (東京都)","osm_element_type":"node","osm_element_id":280623187,"sourceType":"openstreetmap","entityType":"modern-rail-station","geometryType":"Point","sourceGeometryType":"Point","network":null,"station":null,"layer":null,"usage":null,"osm_way_id":null,"id":"station:node:280623187","type":"station"},"geometry":{"type":"Point","coordinates":[139.4483564,35.6302581]}},{"type":"Feature","properties":{"railway":"station","name":"調布","name:ja":"調布","name:en":"Chofu","operator":"京王電鉄","ref":"KO18","public_transport":"station","wikidata":"Q1063956","wikipedia":"ja:調布駅","osm_element_type":"node","osm_element_id":280623691,"sourceType":"openstreetmap","entityType":"modern-rail-station","geometryType":"Point","sourceGeometryType":"Point","network":null,"station":null,"layer":null,"usage":null,"osm_way_id":null,"id":"station:node:280623691","type":"station"},"geometry":{"type":"Point","coordinates":[139.5448061,35.6517768]}},{"type":"Feature","properties":{"railway":"station","name":"玉川上水","name:ja":"玉川上水","name:en":"Tamagawa-Josui","operator":"多摩都市モノレール","ref":"SS33","public_transport":"station","wikidata":"Q842489","wikipedia":"ja:玉川上水駅","osm_element_type":"node","osm_element_id":280630323,"sourceType":"openstreetmap","entityType":"modern-rail-station","geometryType":"Point","sourceGeometryType":"Point","network":null,"station":"monorail","layer":null,"usage":null,"osm_way_id":null,"id":"station:node:280630323","type":"station"},"geometry":{"type":"Point","coordinates":[139.4178727,35.7322373]}},{"type":"Feature","properties":{"railway":"station","name":"高幡不動","name:ja":"高幡不動","name:en":"Takahatafudo","operator":"多摩都市モノレール","ref":null,"public_transport":"station","wikidata":"Q1064614","wikipedia":"ja:高幡不動駅","osm_element_type":"node","osm_element_id":280630702,"sourceType":"openstreetmap","entityType":"modern-rail-station","geometryType":"Point","sourceGeometryType":"Point","network":null,"station":"monorail","layer":null,"usage":null,"osm_way_id":null,"id":"station:node:280630702","type":"station"},"geometry":{"type":"Point","coordinates":[139.4151494,35.66128]}},{"type":"Feature","properties":{"railway":"station","name":"立川北","name:ja":"立川北","name:en":"Tachikawa-Kita","operator":"多摩都市モノレール","ref":null,"public_transport":"station","wikidata":"Q844136","wikipedia":"ja:立川北駅","osm_element_type":"node","osm_element_id":280630995,"sourceType":"openstreetmap","entityType":"modern-rail-station","geometryType":"Point","sourceGeometryType":"Point","network":null,"station":"monorail","layer":null,"usage":null,"osm_way_id":null,"id":"station:node:280630995","type":"station"},"geometry":{"type":"Point","coordinates":[139.4124953,35.6994167]}},{"type":"Feature","properties":{"railway":"station","name":"唐木田","name:ja":"唐木田","name:en":"Karakida","operator":"小田急電鉄","ref":"OT07","public_transport":"station","wikidata":"Q4213880","wikipedia":"ja:唐木田駅","osm_element_type":"node","osm_element_id":280653191,"sourceType":"openstreetmap","entityType":"modern-rail-station","geometryType":"Point","sourceGeometryType":"Point","network":null,"station":null,"layer":null,"usage":null,"osm_way_id":null,"id":"station:node:280653191","type":"station"},"geometry":{"type":"Point","coordinates":[139.4111316,35.6158467]}},{"type":"Feature","properties":{"railway":"station","name":"成城学園前","name:ja":"成城学園前","name:en":"Seijogakuen-mae","operator":"小田急電鉄","ref":"OH14","public_transport":"station","wikidata":"Q4448389","wikipedia":"ja:成城学園前駅","osm_element_type":"node","osm_element_id":281365074,"sourceType":"openstreetmap","entityType":"modern-rail-station","geometryType":"Point","sourceGeometryType":"Point","network":null,"station":null,"layer":null,"usage":null,"osm_way_id":null,"id":"station:node:281365074","type":"station"},"geometry":{"type":"Point","coordinates":[139.5984426,35.6399444]}},{"type":"Feature","properties":{"railway":"station","name":"生田","name:ja":"生田","name:en":"Ikuta","operator":"小田急電鉄","ref":"OH20","public_transport":"station","wikidata":"Q4199128","wikipedia":"ja:生田駅 (神奈川県)","osm_element_type":"node","osm_element_id":281365135,"sourceType":"openstreetmap","entityType":"modern-rail-station","geometryType":"Point","sourceGeometryType":"Point","network":null,"station":null,"layer":null,"usage":null,"osm_way_id":null,"id":"station:node:281365135","type":"station"},"geometry":{"type":"Point","coordinates":[139.5419324,35.6149907]}},{"type":"Feature","properties":{"railway":"station","name":"鶴川","name:ja":"鶴川","name:en":"Tsurukawa","operator":"小田急電鉄","ref":"OH25","public_transport":"station","wikidata":"Q4506208","wikipedia":"ja:鶴川駅","osm_element_type":"node","osm_element_id":281365138,"sourceType":"openstreetmap","entityType":"modern-rail-station","geometryType":"Point","sourceGeometryType":"Point","network":null,"station":null,"layer":null,"usage":null,"osm_way_id":null,"id":"station:node:281365138","type":"station"},"geometry":{"type":"Point","coordinates":[139.4816019,35.5831049]}},{"type":"Feature","properties":{"railway":"station","name":"百合ヶ丘","name:ja":"百合ヶ丘","name:en":"Yurigaoka","operator":"小田急電鉄","ref":"OH22","public_transport":"station","wikidata":"Q4534822","wikipedia":"ja:百合ヶ丘駅","osm_element_type":"node","osm_element_id":281365143,"sourceType":"openstreetmap","entityType":"modern-rail-station","geometryType":"Point","sourceGeometryType":"Point","network":null,"station":null,"layer":null,"usage":null,"osm_way_id":null,"id":"station:node:281365143","type":"station"},"geometry":{"type":"Point","coordinates":[139.5160744,35.6090225]}},{"type":"Feature","properties":{"railway":"station","name":"柿生","name:ja":"柿生","name:en":"Kakio","operator":"小田急電鉄","ref":"OH24","public_transport":"station","wikidata":"Q4208911","wikipedia":"ja:柿生駅","osm_element_type":"node","osm_element_id":281365561,"sourceType":"openstreetmap","entityType":"modern-rail-station","geometryType":"Point","sourceGeometryType":"Point","network":"小田急電鉄","station":null,"layer":null,"usage":null,"osm_way_id":null,"id":"station:node:281365561","type":"station"},"geometry":{"type":"Point","coordinates":[139.4975838,35.5896107]}},{"type":"Feature","properties":{"railway":"station","name":"玉川学園前","name:ja":"玉川学園前","name:en":"Tamagawagakuen-mae","operator":"小田急電鉄","ref":"OH26","public_transport":"station","wikidata":"Q7680544","wikipedia":"ja:玉川学園前駅","osm_element_type":"node","osm_element_id":281366404,"sourceType":"openstreetmap","entityType":"modern-rail-station","geometryType":"Point","sourceGeometryType":"Point","network":null,"station":null,"layer":null,"usage":null,"osm_way_id":null,"id":"station:node:281366404","type":"station"},"geometry":{"type":"Point","coordinates":[139.4635266,35.5636494]}},{"type":"Feature","properties":{"railway":"station","name":"梅ヶ丘","name:ja":null,"name:en":"Umegaoka","operator":"小田急電鉄","ref":"OH09","public_transport":"station","wikidata":"Q4475573","wikipedia":"ja:梅ヶ丘駅","osm_element_type":"node","osm_element_id":281366410,"sourceType":"openstreetmap","entityType":"modern-rail-station","geometryType":"Point","sourceGeometryType":"Point","network":"小田急電鉄","station":null,"layer":null,"usage":null,"osm_way_id":null,"id":"station:node:281366410","type":"station"},"geometry":{"type":"Point","coordinates":[139.6541274,35.6561754]}},{"type":"Feature","properties":{"railway":"station","name":"祖師ヶ谷大蔵","name:ja":"祖師ヶ谷大蔵","name:en":"Soshigaya-Okura","operator":"小田急電鉄","ref":"OH13","public_transport":"station","wikidata":"Q4429457","wikipedia":"ja:祖師ヶ谷大蔵駅","osm_element_type":"node","osm_element_id":281366428,"sourceType":"openstreetmap","entityType":"modern-rail-station","geometryType":"Point","sourceGeometryType":"Point","network":"小田急電鉄","station":null,"layer":null,"usage":null,"osm_way_id":null,"id":"station:node:281366428","type":"station"},"geometry":{"type":"Point","coordinates":[139.6097472,35.6432802]}},{"type":"Feature","properties":{"railway":"station","name":"読売ランド前","name:ja":"読売ランド前","name:en":"Yomiuriland-mae","operator":"小田急電鉄","ref":"OH21","public_transport":"station","wikidata":"Q4053762","wikipedia":"ja:読売ランド前駅","osm_element_type":"node","osm_element_id":281366436,"sourceType":"openstreetmap","entityType":"modern-rail-station","geometryType":"Point","sourceGeometryType":"Point","network":"小田急電鉄","station":null,"layer":null,"usage":null,"osm_way_id":null,"id":"station:node:281366436","type":"station"},"geometry":{"type":"Point","coordinates":[139.5278883,35.6147779]}},{"type":"Feature","properties":{"railway":"station","name":"代々木八幡","name:ja":"代々木八幡","name:en":"Yoyogi-Hachiman","operator":"小田急電鉄","ref":"OH04","public_transport":"station","wikidata":"Q1083866","wikipedia":"ja:代々木八幡駅","osm_element_type":"node","osm_element_id":281366568,"sourceType":"openstreetmap","entityType":"modern-rail-station","geometryType":"Point","sourceGeometryType":"Point","network":"小田急電鉄","station":null,"layer":null,"usage":null,"osm_way_id":null,"id":"station:node:281366568","type":"station"},"geometry":{"type":"Point","coordinates":[139.6888398,35.6696211]}},{"type":"Feature","properties":{"railway":"station","name":"経堂","name:ja":"経堂","name:en":"Kyodo","operator":"小田急電鉄","ref":"OH11","public_transport":"station","wikidata":"Q4251372","wikipedia":"ja:経堂駅","osm_element_type":"node","osm_element_id":281366584,"sourceType":"openstreetmap","entityType":"modern-rail-station","geometryType":"Point","sourceGeometryType":"Point","network":"小田急電鉄","station":null,"layer":null,"usage":null,"osm_way_id":null,"id":"station:node:281366584","type":"station"},"geometry":{"type":"Point","coordinates":[139.636679,35.6512791]}},{"type":"Feature","properties":{"railway":"station","name":"千歳船橋","name:ja":"千歳船橋","name:en":"Chitose-Funabashi","operator":"小田急電鉄","ref":"OH12","public_transport":"station","wikidata":"Q4458343","wikipedia":"ja:千歳船橋駅","osm_element_type":"node","osm_element_id":281366586,"sourceType":"openstreetmap","entityType":"modern-rail-station","geometryType":"Point","sourceGeometryType":"Point","network":"小田急電鉄","station":null,"layer":null,"usage":null,"osm_way_id":null,"id":"station:node:281366586","type":"station"},"geometry":{"type":"Point","coordinates":[139.6238215,35.6473986]}},{"type":"Feature","properties":{"railway":"station","name":"狛江","name:ja":"狛江","name:en":"Komae","operator":"小田急電鉄","ref":"OH16","public_transport":"station","wikidata":"Q4229429","wikipedia":"ja:狛江駅","osm_element_type":"node","osm_element_id":281366638,"sourceType":"openstreetmap","entityType":"modern-rail-station","geometryType":"Point","sourceGeometryType":"Point","network":"小田急電鉄","station":null,"layer":null,"usage":null,"osm_way_id":null,"id":"station:node:281366638","type":"station"},"geometry":{"type":"Point","coordinates":[139.5774238,35.632315]}},{"type":"Feature","properties":{"railway":"station","name":"向ヶ丘遊園","name:ja":"向ヶ丘遊園","name:en":"Mukogaoka-Yuen","operator":"小田急電鉄","ref":"OH19","public_transport":"station","wikidata":"Q801204","wikipedia":"ja:向ヶ丘遊園駅","osm_element_type":"node","osm_element_id":281366650,"sourceType":"openstreetmap","entityType":"modern-rail-station","geometryType":"Point","sourceGeometryType":"Point","network":null,"station":null,"layer":null,"usage":null,"osm_way_id":null,"id":"station:node:281366650","type":"station"},"geometry":{"type":"Point","coordinates":[139.5645472,35.6172082]}},{"type":"Feature","properties":{"railway":"station","name":"代々木上原","name:ja":"代々木上原","name:en":"Yoyogi-Uehara","operator":"小田急電鉄;東京地下鉄","ref":"OH05;C01","public_transport":"station","wikidata":"Q1131825","wikipedia":"ja:代々木上原駅","osm_element_type":"node","osm_element_id":281366963,"sourceType":"openstreetmap","entityType":"modern-rail-station","geometryType":"Point","sourceGeometryType":"Point","network":"小田急線;千代田線","station":null,"layer":null,"usage":null,"osm_way_id":null,"id":"station:node:281366963","type":"station"},"geometry":{"type":"Point","coordinates":[139.6797884,35.6690082]}},{"type":"Feature","properties":{"railway":"station","name":"豪徳寺","name:ja":"豪徳寺","name:en":"Gotokuji","operator":"小田急電鉄","ref":"OH10","public_transport":"station","wikidata":"Q4147064","wikipedia":"ja:豪徳寺駅","osm_element_type":"node","osm_element_id":281366971,"sourceType":"openstreetmap","entityType":"modern-rail-station","geometryType":"Point","sourceGeometryType":"Point","network":"小田急電鉄","station":null,"layer":null,"usage":null,"osm_way_id":null,"id":"station:node:281366971","type":"station"},"geometry":{"type":"Point","coordinates":[139.6468507,35.6535429]}},{"type":"Feature","properties":{"railway":"station","name":"西調布","name:ja":"西調布","name:en":"Nishi-chofu","operator":"京王電鉄","ref":"KO19","public_transport":"station","wikidata":"Q4321505","wikipedia":"ja:西調布駅","osm_element_type":"node","osm_element_id":281417535,"sourceType":"openstreetmap","entityType":"modern-rail-station","geometryType":"Point","sourceGeometryType":"Point","network":null,"station":null,"layer":null,"usage":null,"osm_way_id":null,"id":"station:node:281417535","type":"station"},"geometry":{"type":"Point","coordinates":[139.530194,35.6570625]}},{"type":"Feature","properties":{"railway":"station","name":"新線新宿","name:ja":"新線新宿","name:en":"Shinsen-Shinjuku","operator":null,"ref":"S01","public_transport":"station","wikidata":"Q11503937","wikipedia":"ja:新線新宿駅","osm_element_type":"node","osm_element_id":281417661,"sourceType":"openstreetmap","entityType":"modern-rail-station","geometryType":"Point","sourceGeometryType":"Point","network":"都営地下鉄","station":"subway","layer":null,"usage":null,"osm_way_id":null,"id":"station:node:281417661","type":"station"},"geometry":{"type":"Point","coordinates":[139.699177,35.6886028]}},{"type":"Feature","properties":{"railway":"station","name":"武蔵野台","name:ja":"武蔵野台","name:en":"Musashinodai","operator":"京王電鉄","ref":"KO21","public_transport":"station","wikidata":"Q4308321","wikipedia":"ja:武蔵野台駅","osm_element_type":"node","osm_element_id":281417843,"sourceType":"openstreetmap","entityType":"modern-rail-station","geometryType":"Point","sourceGeometryType":"Point","network":null,"station":null,"layer":null,"usage":null,"osm_way_id":null,"id":"station:node:281417843","type":"station"},"geometry":{"type":"Point","coordinates":[139.5109606,35.6642284]}},{"type":"Feature","properties":{"railway":"station","name":"飛田給","name:ja":"飛田給","name:en":"Tobitakyu","operator":"京王電鉄","ref":"KO20","public_transport":"station","wikidata":"Q4459114","wikipedia":"ja:飛田給駅","osm_element_type":"node","osm_element_id":281417962,"sourceType":"openstreetmap","entityType":"modern-rail-station","geometryType":"Point","sourceGeometryType":"Point","network":null,"station":null,"layer":null,"usage":null,"osm_way_id":null,"id":"station:node:281417962","type":"station"},"geometry":{"type":"Point","coordinates":[139.5232293,35.660248]}},{"type":"Feature","properties":{"railway":"station","name":"狭間","name:ja":"狭間","name:en":"Hazama","operator":"京王電鉄","ref":"KO51","public_transport":"station","wikidata":"Q4494570","wikipedia":"ja:狭間駅","osm_element_type":"node","osm_element_id":281458957,"sourceType":"openstreetmap","entityType":"modern-rail-station","geometryType":"Point","sourceGeometryType":"Point","network":null,"station":null,"layer":null,"usage":null,"osm_way_id":null,"id":"station:node:281458957","type":"station"},"geometry":{"type":"Point","coordinates":[139.2933098,35.6405959]}},{"type":"Feature","properties":{"railway":"station","name":"めじろ台","name:ja":"めじろ台","name:en":"Mejirodai","operator":"京王電鉄","ref":"KO50","public_transport":"station","wikidata":"Q6810499","wikipedia":"ja:めじろ台駅","osm_element_type":"node","osm_element_id":281459052,"sourceType":"openstreetmap","entityType":"modern-rail-station","geometryType":"Point","sourceGeometryType":"Point","network":null,"station":null,"layer":null,"usage":null,"osm_way_id":null,"id":"station:node:281459052","type":"station"},"geometry":{"type":"Point","coordinates":[139.30772,35.6434031]}},{"type":"Feature","properties":{"railway":"station","name":"山田","name:ja":"山田","name:en":"Yamada","operator":"京王電鉄","ref":"KO49","public_transport":"station","wikidata":"Q4537539","wikipedia":"ja:山田駅 (東京都)","osm_element_type":"node","osm_element_id":281459064,"sourceType":"openstreetmap","entityType":"modern-rail-station","geometryType":"Point","sourceGeometryType":"Point","network":null,"station":null,"layer":null,"usage":null,"osm_way_id":null,"id":"station:node:281459064","type":"station"},"geometry":{"type":"Point","coordinates":[139.3211783,35.6444148]}},{"type":"Feature","properties":{"railway":"station","name":"京王片倉","name:ja":"京王片倉","name:en":"Keio-katakura","operator":"京王電鉄","ref":"KO48","public_transport":"station","wikidata":"Q4251056","wikipedia":"ja:京王片倉駅","osm_element_type":"node","osm_element_id":281459067,"sourceType":"openstreetmap","entityType":"modern-rail-station","geometryType":"Point","sourceGeometryType":"Point","network":null,"station":null,"layer":null,"usage":null,"osm_way_id":null,"id":"station:node:281459067","type":"station"},"geometry":{"type":"Point","coordinates":[139.3370743,35.6443504]}},{"type":"Feature","properties":{"railway":"station","name":"上溝","name:ja":"上溝","name:en":"Kamimizo","operator":"東日本旅客鉄道","ref":null,"public_transport":"station","wikidata":"Q6358129","wikipedia":"ja:上溝駅","osm_element_type":"node","osm_element_id":281469591,"sourceType":"openstreetmap","entityType":"modern-rail-station","geometryType":"Point","sourceGeometryType":"Point","network":null,"station":null,"layer":null,"usage":null,"osm_way_id":null,"id":"station:node:281469591","type":"station"},"geometry":{"type":"Point","coordinates":[139.3631816,35.5577447]}},{"type":"Feature","properties":{"railway":"station","name":"番田","name:ja":"番田","name:en":"Banda","operator":"東日本旅客鉄道","ref":null,"public_transport":"station","wikidata":"Q4854306","wikipedia":"ja:番田駅 (神奈川県)","osm_element_type":"node","osm_element_id":281469983,"sourceType":"openstreetmap","entityType":"modern-rail-station","geometryType":"Point","sourceGeometryType":"Point","network":null,"station":null,"layer":null,"usage":null,"osm_way_id":null,"id":"station:node:281469983","type":"station"},"geometry":{"type":"Point","coordinates":[139.3629739,35.5453357]}},{"type":"Feature","properties":{"railway":"station","name":"箱根ヶ崎","name:ja":"箱根ヶ崎","name:en":"Hakonegasaki","operator":null,"ref":null,"public_transport":"station","wikidata":"Q844354","wikipedia":"ja:箱根ケ崎駅","osm_element_type":"node","osm_element_id":298329478,"sourceType":"openstreetmap","entityType":"modern-rail-station","geometryType":"Point","sourceGeometryType":"Point","network":null,"station":null,"layer":null,"usage":null,"osm_way_id":null,"id":"station:node:298329478","type":"station"},"geometry":{"type":"Point","coordinates":[139.3467422,35.7713447]}},{"type":"Feature","properties":{"railway":"station","name":"北八王子","name:ja":"北八王子","name:en":"Kita-Hachiōji","operator":null,"ref":null,"public_transport":"station","wikidata":"Q844347","wikipedia":"ja:北八王子駅","osm_element_type":"node","osm_element_id":298329480,"sourceType":"openstreetmap","entityType":"modern-rail-station","geometryType":"Point","sourceGeometryType":"Point","network":null,"station":null,"layer":null,"usage":null,"osm_way_id":null,"id":"station:node:298329480","type":"station"},"geometry":{"type":"Point","coordinates":[139.3634506,35.6694474]}},{"type":"Feature","properties":{"railway":"station","name":"小宮","name:ja":"小宮","name:en":"Komiya","operator":null,"ref":null,"public_transport":null,"wikidata":"Q844334","wikipedia":"ja:小宮駅","osm_element_type":"node","osm_element_id":298330909,"sourceType":"openstreetmap","entityType":"modern-rail-station","geometryType":"Point","sourceGeometryType":"Point","network":null,"station":null,"layer":null,"usage":null,"osm_way_id":null,"id":"station:node:298330909","type":"station"},"geometry":{"type":"Point","coordinates":[139.3688288,35.6855706]}},{"type":"Feature","properties":{"railway":"station","name":"東福生","name:ja":"東福生","name:en":"Higashi-Fussa","operator":"East Japan Railway","ref":null,"public_transport":"station","wikidata":"Q844330","wikipedia":"ja:東福生駅","osm_element_type":"node","osm_element_id":298330916,"sourceType":"openstreetmap","entityType":"modern-rail-station","geometryType":"Point","sourceGeometryType":"Point","network":"JR八高線(八王子～高麗川)","station":null,"layer":null,"usage":null,"osm_way_id":null,"id":"station:node:298330916","type":"station"},"geometry":{"type":"Point","coordinates":[139.3359519,35.7457424]}},{"type":"Feature","properties":{"railway":"station","name":"昭島","name:ja":"昭島","name:en":"Akishima","operator":null,"ref":null,"public_transport":"station","wikidata":"Q844152","wikipedia":"ja:昭島駅","osm_element_type":"node","osm_element_id":305545683,"sourceType":"openstreetmap","entityType":"modern-rail-station","geometryType":"Point","sourceGeometryType":"Point","network":null,"station":null,"layer":null,"usage":null,"osm_way_id":null,"id":"station:node:305545683","type":"station"},"geometry":{"type":"Point","coordinates":[139.3608938,35.7135703]}},{"type":"Feature","properties":{"railway":"station","name":"恩田","name:ja":"恩田","name:en":"Onda","operator":"東急電鉄","ref":"KD02","public_transport":"station","wikidata":"Q7092149","wikipedia":"ja:恩田駅","osm_element_type":"node","osm_element_id":307882453,"sourceType":"openstreetmap","entityType":"modern-rail-station","geometryType":"Point","sourceGeometryType":"Point","network":"東急電鉄","station":null,"layer":null,"usage":null,"osm_way_id":null,"id":"station:node:307882453","type":"station"},"geometry":{"type":"Point","coordinates":[139.4921288,35.5455896]}},{"type":"Feature","properties":{"railway":"station","name":"牛田","name:ja":"牛田","name:en":"Ushida","operator":"東武鉄道","ref":"TS08","public_transport":"station","wikidata":"Q7901940","wikipedia":"ja:牛田駅 (東京都)","osm_element_type":"node","osm_element_id":308840568,"sourceType":"openstreetmap","entityType":"modern-rail-station","geometryType":"Point","sourceGeometryType":"Point","network":"東武鉄道","station":null,"layer":null,"usage":null,"osm_way_id":null,"id":"station:node:308840568","type":"station"},"geometry":{"type":"Point","coordinates":[139.8121358,35.7446629]}},{"type":"Feature","properties":{"railway":"station","name":"多摩センター","name:ja":"多摩センター","name:en":"Tama Center","operator":"多摩都市モノレール","ref":null,"public_transport":"station","wikidata":"Q988468","wikipedia":"ja:多摩センター駅","osm_element_type":"node","osm_element_id":311094336,"sourceType":"openstreetmap","entityType":"modern-rail-station","geometryType":"Point","sourceGeometryType":"Point","network":null,"station":"monorail","layer":"5","usage":null,"osm_way_id":null,"id":"station:node:311094336","type":"station"},"geometry":{"type":"Point","coordinates":[139.4228734,35.6239385]}},{"type":"Feature","properties":{"railway":"station","name":"高幡不動","name:ja":"高幡不動","name:en":"Takahatafudo","operator":"京王電鉄","ref":"KO29","public_transport":"station","wikidata":"Q1064614","wikipedia":"ja:高幡不動駅","osm_element_type":"node","osm_element_id":339082698,"sourceType":"openstreetmap","entityType":"modern-rail-station","geometryType":"Point","sourceGeometryType":"Point","network":null,"station":null,"layer":null,"usage":null,"osm_way_id":null,"id":"station:node:339082698","type":"station"},"geometry":{"type":"Point","coordinates":[139.4133069,35.6621725]}},{"type":"Feature","properties":{"railway":"station","name":"是政","name:ja":"是政","name:en":"Koremasa","operator":"西武鉄道","ref":"SW06","public_transport":"station","wikidata":"Q5367981","wikipedia":"ja:是政駅","osm_element_type":"node","osm_element_id":412187550,"sourceType":"openstreetmap","entityType":"modern-rail-station","geometryType":"Point","sourceGeometryType":"Point","network":"西武鉄道","station":null,"layer":null,"usage":null,"osm_way_id":null,"id":"station:node:412187550","type":"station"},"geometry":{"type":"Point","coordinates":[139.4893214,35.656312]}},{"type":"Feature","properties":{"railway":"station","name":"五反田","name:ja":"五反田","name:en":"Gotanda","operator":"東日本旅客鉄道","ref":"JY23","public_transport":"station","wikidata":"Q736018","wikipedia":"ja:五反田駅","osm_element_type":"node","osm_element_id":427973657,"sourceType":"openstreetmap","entityType":"modern-rail-station","geometryType":"Point","sourceGeometryType":"Point","network":null,"station":null,"layer":null,"usage":null,"osm_way_id":null,"id":"station:node:427973657","type":"station"},"geometry":{"type":"Point","coordinates":[139.7236303,35.6262562]}},{"type":"Feature","properties":{"railway":"station","name":"武蔵五日市","name:ja":"武蔵五日市","name:en":"Musashi-Itsukaichi","operator":"東日本旅客鉄道","ref":null,"public_transport":"station","wikidata":"Q6940131","wikipedia":"ja:武蔵五日市駅","osm_element_type":"node","osm_element_id":473210451,"sourceType":"openstreetmap","entityType":"modern-rail-station","geometryType":"Point","sourceGeometryType":"Point","network":null,"station":null,"layer":null,"usage":null,"osm_way_id":null,"id":"station:node:473210451","type":"station"},"geometry":{"type":"Point","coordinates":[139.2281606,35.7323496]}},{"type":"Feature","properties":{"railway":"station","name":"若松河田","name:ja":"若松河田","name:en":"Wakamatsu-kawada","operator":"東京都交通局","ref":"E03","public_transport":"station","wikidata":"Q246173","wikipedia":"ja:若松河田駅","osm_element_type":"node","osm_element_id":475369200,"sourceType":"openstreetmap","entityType":"modern-rail-station","geometryType":"Point","sourceGeometryType":"Point","network":"都営地下鉄","station":"subway","layer":null,"usage":null,"osm_way_id":null,"id":"station:node:475369200","type":"station"},"geometry":{"type":"Point","coordinates":[139.7184084,35.6992849]}},{"type":"Feature","properties":{"railway":"halt","name":"山頂駅","name:ja":null,"name:en":"Sanchō","operator":"東京都北区","ref":null,"public_transport":"stop_position","wikidata":null,"wikipedia":null,"osm_element_type":"node","osm_element_id":502964478,"sourceType":"openstreetmap","entityType":"modern-rail-station","geometryType":"Point","sourceGeometryType":"Point","network":null,"station":null,"layer":null,"usage":null,"osm_way_id":null,"id":"station:node:502964478","type":"station"},"geometry":{"type":"Point","coordinates":[139.7367734,35.7524438]}},{"type":"Feature","properties":{"railway":"halt","name":"公園入口駅","name:ja":null,"name:en":"Kōen-iriguchi","operator":"東京都北区","ref":null,"public_transport":"stop_position","wikidata":null,"wikipedia":null,"osm_element_type":"node","osm_element_id":502964481,"sourceType":"openstreetmap","entityType":"modern-rail-station","geometryType":"Point","sourceGeometryType":"Point","network":null,"station":null,"layer":null,"usage":null,"osm_way_id":null,"id":"station:node:502964481","type":"station"},"geometry":{"type":"Point","coordinates":[139.7370704,35.7527009]}},{"type":"Feature","properties":{"railway":"station","name":"秋津","name:ja":"秋津","name:en":"Akitsu","operator":"西武鉄道","ref":"SI16","public_transport":"station","wikidata":"Q842513","wikipedia":"ja:秋津駅","osm_element_type":"node","osm_element_id":664579528,"sourceType":"openstreetmap","entityType":"modern-rail-station","geometryType":"Point","sourceGeometryType":"Point","network":"西武鉄道","station":null,"layer":null,"usage":null,"osm_way_id":null,"id":"station:node:664579528","type":"station"},"geometry":{"type":"Point","coordinates":[139.496609,35.7785324]}},{"type":"Feature","properties":{"railway":"station","name":"石神井公園","name:ja":"石神井公園","name:en":"Shakujii-kōen Station","operator":"西武鉄道","ref":"SI10","public_transport":"station","wikidata":"Q8016003","wikipedia":"ja:石神井公園駅","osm_element_type":"node","osm_element_id":664579530,"sourceType":"openstreetmap","entityType":"modern-rail-station","geometryType":"Point","sourceGeometryType":"Point","network":"西武鉄道","station":null,"layer":null,"usage":null,"osm_way_id":null,"id":"station:node:664579530","type":"station"},"geometry":{"type":"Point","coordinates":[139.6061566,35.7438271]}},{"type":"Feature","properties":{"railway":"station","name":"富士見台","name:ja":"富士見台","name:en":"Fujimidai","operator":"西武鉄道","ref":"SI08","public_transport":"station","wikidata":"Q5507443","wikipedia":"ja:富士見台駅","osm_element_type":"node","osm_element_id":664579533,"sourceType":"openstreetmap","entityType":"modern-rail-station","geometryType":"Point","sourceGeometryType":"Point","network":"西武鉄道","station":null,"layer":null,"usage":null,"osm_way_id":null,"id":"station:node:664579533","type":"station"},"geometry":{"type":"Point","coordinates":[139.6300042,35.7359523]}},{"type":"Feature","properties":{"railway":"station","name":"練馬高野台","name:ja":"練馬高野台","name:en":"Nerima-Takanodai","operator":"西武鉄道","ref":"SI09","public_transport":"station","wikidata":"Q843164","wikipedia":"ja:練馬高野台駅","osm_element_type":"node","osm_element_id":664579534,"sourceType":"openstreetmap","entityType":"modern-rail-station","geometryType":"Point","sourceGeometryType":"Point","network":null,"station":null,"layer":null,"usage":null,"osm_way_id":null,"id":"station:node:664579534","type":"station"},"geometry":{"type":"Point","coordinates":[139.6163048,35.7409213]}},{"type":"Feature","properties":{"railway":"station","name":"椎名町","name:ja":"椎名町","name:en":"Shiinamachi","operator":"西武鉄道","ref":"SI02","public_transport":"station","wikidata":"Q7496494","wikipedia":"ja:椎名町駅","osm_element_type":"node","osm_element_id":664579553,"sourceType":"openstreetmap","entityType":"modern-rail-station","geometryType":"Point","sourceGeometryType":"Point","network":"西武鉄道","station":null,"layer":null,"usage":null,"osm_way_id":null,"id":"station:node:664579553","type":"station"},"geometry":{"type":"Point","coordinates":[139.6948922,35.7264476]}},{"type":"Feature","properties":{"railway":"station","name":"池袋","name:ja":"池袋","name:en":"Ikebukuro","operator":"西武鉄道","ref":"SI01","public_transport":"station","wikidata":"Q173919","wikipedia":"ja:池袋駅","osm_element_type":"node","osm_element_id":664579562,"sourceType":"openstreetmap","entityType":"modern-rail-station","geometryType":"Point","sourceGeometryType":"Point","network":"西武鉄道","station":null,"layer":null,"usage":null,"osm_way_id":null,"id":"station:node:664579562","type":"station"},"geometry":{"type":"Point","coordinates":[139.7110372,35.7280917]}},{"type":"Feature","properties":{"railway":"station","name":"清滝","name:ja":"清滝","name:en":"Kiyotaki","operator":null,"ref":null,"public_transport":"station","wikidata":"Q11669253","wikipedia":"ja:高尾登山電鉄の駅","osm_element_type":"node","osm_element_id":675449217,"sourceType":"openstreetmap","entityType":"modern-rail-station","geometryType":"Point","sourceGeometryType":"Point","network":null,"station":"funicular","layer":null,"usage":null,"osm_way_id":null,"id":"station:node:675449217","type":"station"},"geometry":{"type":"Point","coordinates":[139.2668989,35.6311026]}},{"type":"Feature","properties":{"railway":"station","name":"高尾山","name:ja":"高尾山","name:en":"Takaosan","operator":null,"ref":null,"public_transport":"station","wikidata":"Q11669253","wikipedia":"ja:高尾登山電鉄の駅","osm_element_type":"node","osm_element_id":676637945,"sourceType":"openstreetmap","entityType":"modern-rail-station","geometryType":"Point","sourceGeometryType":"Point","network":null,"station":"funicular","layer":null,"usage":null,"osm_way_id":null,"id":"station:node:676637945","type":"station"},"geometry":{"type":"Point","coordinates":[139.2560936,35.6310943]}},{"type":"Feature","properties":{"railway":"station","name":"滝本","name:ja":"滝本","name:en":"Takimoto","operator":null,"ref":null,"public_transport":"station","wikidata":"Q11488942","wikipedia":"ja:御岳登山鉄道の駅","osm_element_type":"node","osm_element_id":722188489,"sourceType":"openstreetmap","entityType":"modern-rail-station","geometryType":"Point","sourceGeometryType":"Point","network":null,"station":"funicular","layer":null,"usage":null,"osm_way_id":null,"id":"station:node:722188489","type":"station"},"geometry":{"type":"Point","coordinates":[139.1613433,35.7960037]}},{"type":"Feature","properties":{"railway":"station","name":"御岳山","name:ja":"御岳山","name:en":"Mount Mitake","operator":null,"ref":null,"public_transport":"station","wikidata":"Q11488942","wikipedia":"ja:御岳登山鉄道の駅","osm_element_type":"node","osm_element_id":722188531,"sourceType":"openstreetmap","entityType":"modern-rail-station","geometryType":"Point","sourceGeometryType":"Point","network":null,"station":null,"layer":null,"usage":null,"osm_way_id":null,"id":"station:node:722188531","type":"station"},"geometry":{"type":"Point","coordinates":[139.1536401,35.7897155]}},{"type":"Feature","properties":{"railway":"station","name":"北千住","name:ja":"北千住","name:en":"Kita-Senju","operator":"首都圏新都市鉄道","ref":"TX05","public_transport":"station","wikidata":"Q801026","wikipedia":"ja:北千住駅","osm_element_type":"node","osm_element_id":760985649,"sourceType":"openstreetmap","entityType":"modern-rail-station","geometryType":"Point","sourceGeometryType":"Point","network":null,"station":null,"layer":null,"usage":null,"osm_way_id":null,"id":"station:node:760985649","type":"station"},"geometry":{"type":"Point","coordinates":[139.8050915,35.7495401]}},{"type":"Feature","properties":{"railway":"station","name":"京成金町","name:ja":"京成金町","name:en":"Keisei Kanamachi","operator":"京成電鉄","ref":"KS51","public_transport":"station","wikidata":"Q6383841","wikipedia":"ja:京成金町駅","osm_element_type":"node","osm_element_id":769422102,"sourceType":"openstreetmap","entityType":"modern-rail-station","geometryType":"Point","sourceGeometryType":"Point","network":null,"station":null,"layer":null,"usage":null,"osm_way_id":null,"id":"station:node:769422102","type":"station"},"geometry":{"type":"Point","coordinates":[139.8704721,35.7686276]}},{"type":"Feature","properties":{"railway":"station","name":"西日暮里","name:ja":"西日暮里","name:en":"Nishi-nippori","operator":"東京都交通局","ref":"NT02","public_transport":"station","wikidata":"Q636845","wikipedia":"ja:西日暮里駅","osm_element_type":"node","osm_element_id":772364943,"sourceType":"openstreetmap","entityType":"modern-rail-station","geometryType":"Point","sourceGeometryType":"Point","network":null,"station":"light_rail","layer":"5","usage":null,"osm_way_id":null,"id":"station:node:772364943","type":"station"},"geometry":{"type":"Point","coordinates":[139.7681087,35.7337333]}},{"type":"Feature","properties":{"railway":"station","name":"日暮里","name:ja":"日暮里","name:en":"Nippori","operator":"東京都交通局","ref":"NT01","public_transport":"station","wikidata":"Q801262","wikipedia":"ja:日暮里駅","osm_element_type":"node","osm_element_id":772389775,"sourceType":"openstreetmap","entityType":"modern-rail-station","geometryType":"Point","sourceGeometryType":"Point","network":null,"station":"light_rail","layer":"5","usage":null,"osm_way_id":null,"id":"station:node:772389775","type":"station"},"geometry":{"type":"Point","coordinates":[139.7713635,35.7289204]}},{"type":"Feature","properties":{"railway":"station","name":"本郷三丁目","name:ja":"本郷三丁目","name:en":"Hongo-sanchome","operator":"東京地下鉄","ref":"M21","public_transport":"station","wikidata":"Q80774","wikipedia":"ja:本郷三丁目駅","osm_element_type":"node","osm_element_id":789405355,"sourceType":"openstreetmap","entityType":"modern-rail-station","geometryType":"Point","sourceGeometryType":"Point","network":null,"station":"subway","layer":null,"usage":null,"osm_way_id":null,"id":"station:node:789405355","type":"station"},"geometry":{"type":"Point","coordinates":[139.7599627,35.7066386]}},{"type":"Feature","properties":{"railway":"station","name":"目白","name:ja":"目白","name:en":"Mejiro","operator":"東日本旅客鉄道","ref":"JY14","public_transport":"station","wikidata":"Q375154","wikipedia":"ja:目白駅","osm_element_type":"node","osm_element_id":832289046,"sourceType":"openstreetmap","entityType":"modern-rail-station","geometryType":"Point","sourceGeometryType":"Point","network":null,"station":null,"layer":null,"usage":null,"osm_way_id":null,"id":"station:node:832289046","type":"station"},"geometry":{"type":"Point","coordinates":[139.7064645,35.7211919]}},{"type":"Feature","properties":{"railway":"station","name":"ウエスタンリバー鉄道","name:ja":null,"name:en":null,"operator":null,"ref":null,"public_transport":"station","wikidata":null,"wikipedia":null,"osm_element_type":"node","osm_element_id":859663338,"sourceType":"openstreetmap","entityType":"modern-rail-station","geometryType":"Point","sourceGeometryType":"Point","network":null,"station":null,"layer":null,"usage":null,"osm_way_id":null,"id":"station:node:859663338","type":"station"},"geometry":{"type":"Point","coordinates":[139.8823855,35.6337187]}},{"type":"Feature","properties":{"railway":"station","name":"ポートディスカバリー・ステーション","name:ja":"ポートディスカバリー・ステーション","name:en":"Port Discovery Station","operator":null,"ref":null,"public_transport":"station","wikidata":"Q50437418","wikipedia":null,"osm_element_type":"node","osm_element_id":859682633,"sourceType":"openstreetmap","entityType":"modern-rail-station","geometryType":"Point","sourceGeometryType":"Point","network":null,"station":null,"layer":null,"usage":"tourism","osm_way_id":null,"id":"station:node:859682633","type":"station"},"geometry":{"type":"Point","coordinates":[139.8830972,35.625393]}},{"type":"Feature","properties":{"railway":"station","name":"アメリカンウォーターフロント・ステーション","name:ja":"アメリカンウォーターフロント・ステーション","name:en":"American Waterfront","operator":null,"ref":null,"public_transport":"station","wikidata":"Q50437130","wikipedia":null,"osm_element_type":"node","osm_element_id":859682692,"sourceType":"openstreetmap","entityType":"modern-rail-station","geometryType":"Point","sourceGeometryType":"Point","network":null,"station":null,"layer":null,"usage":"tourism","osm_way_id":null,"id":"station:node:859682692","type":"station"},"geometry":{"type":"Point","coordinates":[139.8877946,35.6248634]}},{"type":"Feature","properties":{"railway":"station","name":"西府","name:ja":"西府","name:en":"Nishifu","operator":"東日本旅客鉄道","ref":"JN22","public_transport":"station","wikidata":"Q5366323","wikipedia":"ja:西府駅","osm_element_type":"node","osm_element_id":906705739,"sourceType":"openstreetmap","entityType":"modern-rail-station","geometryType":"Point","sourceGeometryType":"Point","network":null,"station":null,"layer":null,"usage":null,"osm_way_id":null,"id":"station:node:906705739","type":"station"},"geometry":{"type":"Point","coordinates":[139.4573995,35.6709626]}},{"type":"Feature","properties":{"railway":"station","name":"王子神谷","name:ja":"王子神谷","name:en":"Oji-kamiya","operator":"東京地下鉄","ref":"N17","public_transport":"station","wikidata":"Q151406","wikipedia":"ja:王子神谷駅","osm_element_type":"node","osm_element_id":1078841212,"sourceType":"openstreetmap","entityType":"modern-rail-station","geometryType":"Point","sourceGeometryType":"Point","network":"東京メトロ","station":"subway","layer":null,"usage":null,"osm_way_id":null,"id":"station:node:1078841212","type":"station"},"geometry":{"type":"Point","coordinates":[139.7357178,35.7650552]}},{"type":"Feature","properties":{"railway":"station","name":"淵野辺","name:ja":"淵野辺","name:en":"Fuchinobe","operator":"東日本旅客鉄道","ref":"JH25","public_transport":"station","wikidata":"Q844699","wikipedia":"ja:淵野辺駅","osm_element_type":"node","osm_element_id":1135519511,"sourceType":"openstreetmap","entityType":"modern-rail-station","geometryType":"Point","sourceGeometryType":"Point","network":null,"station":null,"layer":null,"usage":null,"osm_way_id":null,"id":"station:node:1135519511","type":"station"},"geometry":{"type":"Point","coordinates":[139.3948202,35.568732]}},{"type":"Feature","properties":{"railway":"station","name":"相模原","name:ja":"相模原","name:en":"Sagamihara","operator":"東日本旅客鉄道","ref":"JH27","public_transport":"station","wikidata":"Q844696","wikipedia":"ja:相模原駅","osm_element_type":"node","osm_element_id":1135519820,"sourceType":"openstreetmap","entityType":"modern-rail-station","geometryType":"Point","sourceGeometryType":"Point","network":null,"station":null,"layer":null,"usage":null,"osm_way_id":null,"id":"station:node:1135519820","type":"station"},"geometry":{"type":"Point","coordinates":[139.37074,35.5814551]}},{"type":"Feature","properties":{"railway":"station","name":"古淵","name:ja":"古淵","name:en":"Kobuchi","operator":"東日本旅客鉄道","ref":"JH24","public_transport":"station","wikidata":"Q844706","wikipedia":"ja:古淵駅","osm_element_type":"node","osm_element_id":1135521236,"sourceType":"openstreetmap","entityType":"modern-rail-station","geometryType":"Point","sourceGeometryType":"Point","network":null,"station":null,"layer":null,"usage":null,"osm_way_id":null,"id":"station:node:1135521236","type":"station"},"geometry":{"type":"Point","coordinates":[139.4193144,35.5559505]}},{"type":"Feature","properties":{"railway":"station","name":"矢部","name:ja":"矢部","name:en":"Yabe","operator":"東日本旅客鉄道","ref":"JH24","public_transport":"station","wikidata":"Q844663","wikipedia":"ja:矢部駅","osm_element_type":"node","osm_element_id":1135522062,"sourceType":"openstreetmap","entityType":"modern-rail-station","geometryType":"Point","sourceGeometryType":"Point","network":null,"station":null,"layer":null,"usage":null,"osm_way_id":null,"id":"station:node:1135522062","type":"station"},"geometry":{"type":"Point","coordinates":[139.3867585,35.5730985]}},{"type":"Feature","properties":{"railway":"station","name":"亀戸","name:ja":"亀戸","name:en":"Kameido","operator":"東日本旅客鉄道","ref":"JB23","public_transport":"station","wikidata":"Q1036376","wikipedia":"ja:亀戸駅","osm_element_type":"node","osm_element_id":1152742616,"sourceType":"openstreetmap","entityType":"modern-rail-station","geometryType":"Point","sourceGeometryType":"Point","network":null,"station":null,"layer":null,"usage":null,"osm_way_id":null,"id":"station:node:1152742616","type":"station"},"geometry":{"type":"Point","coordinates":[139.8267025,35.6973327]}},{"type":"Feature","properties":{"railway":"station","name":"二子玉川","name:ja":"二子玉川","name:en":"Futako-tamagawa","operator":null,"ref":"OM15;DT08","public_transport":"station","wikidata":"Q1042466","wikipedia":"ja:二子玉川駅","osm_element_type":"node","osm_element_id":1252108021,"sourceType":"openstreetmap","entityType":"modern-rail-station","geometryType":"Point","sourceGeometryType":"Point","network":null,"station":null,"layer":null,"usage":null,"osm_way_id":null,"id":"station:node:1252108021","type":"station"},"geometry":{"type":"Point","coordinates":[139.6268002,35.6117897]}},{"type":"Feature","properties":{"railway":"station","name":"南千住","name:ja":"南千住","name:en":"Minami-Senju","operator":"東日本旅客鉄道","ref":"JJ04","public_transport":"station","wikidata":"Q80570","wikipedia":"ja:南千住駅","osm_element_type":"node","osm_element_id":1314411833,"sourceType":"openstreetmap","entityType":"modern-rail-station","geometryType":"Point","sourceGeometryType":"Point","network":null,"station":null,"layer":null,"usage":null,"osm_way_id":null,"id":"station:node:1314411833","type":"station"},"geometry":{"type":"Point","coordinates":[139.7990144,35.7333017]}},{"type":"Feature","properties":{"railway":"station","name":"西武球場前","name:ja":"西武球場前","name:en":"Seibukyujo-mae","operator":"西武鉄道","ref":"SY03","public_transport":"station","wikidata":"Q7446591","wikipedia":"ja:西武球場前駅","osm_element_type":"node","osm_element_id":1424084428,"sourceType":"openstreetmap","entityType":"modern-rail-station","geometryType":"Point","sourceGeometryType":"Point","network":"西武鉄道","station":"light_rail","layer":null,"usage":null,"osm_way_id":null,"id":"station:node:1424084428","type":"station"},"geometry":{"type":"Point","coordinates":[139.4197824,35.7704505]}},{"type":"Feature","properties":{"railway":"station","name":"東大前","name:ja":"東大前","name:en":"Todaimae","operator":"東京地下鉄","ref":"N12","public_transport":"station","wikidata":"Q1073411","wikipedia":"ja:東大前駅","osm_element_type":"node","osm_element_id":1456006005,"sourceType":"openstreetmap","entityType":"modern-rail-station","geometryType":"Point","sourceGeometryType":"Point","network":"東京メトロ","station":"subway","layer":null,"usage":null,"osm_way_id":null,"id":"station:node:1456006005","type":"station"},"geometry":{"type":"Point","coordinates":[139.7581767,35.7173365]}},{"type":"Feature","properties":{"railway":"station","name":"浮間舟渡","name:ja":"浮間舟渡","name:en":"Ukimafunado","operator":"東日本旅客鉄道","ref":"JA17","public_transport":"station","wikidata":"Q844434","wikipedia":"ja:浮間舟渡駅","osm_element_type":"node","osm_element_id":1640176211,"sourceType":"openstreetmap","entityType":"modern-rail-station","geometryType":"Point","sourceGeometryType":"Point","network":null,"station":null,"layer":null,"usage":null,"osm_way_id":null,"id":"station:node:1640176211","type":"station"},"geometry":{"type":"Point","coordinates":[139.6915101,35.7911796]}},{"type":"Feature","properties":{"railway":"station","name":"北赤羽","name:ja":"北赤羽","name:en":"Kita-Akabane","operator":"東日本旅客鉄道","ref":"JA16","public_transport":"station","wikidata":"Q844401","wikipedia":"ja:北赤羽駅","osm_element_type":"node","osm_element_id":1646881158,"sourceType":"openstreetmap","entityType":"modern-rail-station","geometryType":"Point","sourceGeometryType":"Point","network":null,"station":null,"layer":null,"usage":null,"osm_way_id":null,"id":"station:node:1646881158","type":"station"},"geometry":{"type":"Point","coordinates":[139.7060288,35.7867812]}},{"type":"Feature","properties":{"railway":"station","name":"三ノ輪橋","name:ja":"三ノ輪橋","name:en":"Minowabashi","operator":"東京都交通局","ref":null,"public_transport":"station","wikidata":"Q9027040","wikipedia":"ja:三ノ輪橋駅","osm_element_type":"node","osm_element_id":1895223197,"sourceType":"openstreetmap","entityType":"modern-rail-station","geometryType":"Point","sourceGeometryType":"Point","network":null,"station":null,"layer":null,"usage":null,"osm_way_id":null,"id":"station:node:1895223197","type":"station"},"geometry":{"type":"Point","coordinates":[139.7915752,35.7321207]}},{"type":"Feature","properties":{"railway":"station","name":"荒川一中前","name:ja":"荒川一中前","name:en":"Arakawa-itchumae","operator":"東京都交通局","ref":"SA02","public_transport":"station","wikidata":"Q11618515","wikipedia":"ja:荒川一中前駅","osm_element_type":"node","osm_element_id":1895223210,"sourceType":"openstreetmap","entityType":"modern-rail-station","geometryType":"Point","sourceGeometryType":"Point","network":null,"station":null,"layer":null,"usage":null,"osm_way_id":null,"id":"station:node:1895223210","type":"station"},"geometry":{"type":"Point","coordinates":[139.7889304,35.7337167]}},{"type":"Feature","properties":{"railway":"station","name":"荒川二丁目","name:ja":"荒川二丁目","name:en":"Arakawa-nichome","operator":"東京都交通局","ref":"SA04","public_transport":"station","wikidata":"Q11618522","wikipedia":"ja:荒川二丁目駅","osm_element_type":"node","osm_element_id":1895223231,"sourceType":"openstreetmap","entityType":"modern-rail-station","geometryType":"Point","sourceGeometryType":"Point","network":"東京都電車","station":null,"layer":null,"usage":null,"osm_way_id":null,"id":"station:node:1895223231","type":"station"},"geometry":{"type":"Point","coordinates":[139.7846639,35.7386835]}},{"type":"Feature","properties":{"railway":"station","name":"荒川区役所前","name:ja":"荒川区役所前","name:en":"Arakawa-kuyakushomae","operator":"東京都交通局","ref":"SA02","public_transport":"station","wikidata":"Q11618540","wikipedia":"ja:荒川区役所前駅","osm_element_type":"node","osm_element_id":1895223270,"sourceType":"openstreetmap","entityType":"modern-rail-station","geometryType":"Point","sourceGeometryType":"Point","network":"都電荒川線","station":null,"layer":null,"usage":null,"osm_way_id":null,"id":"station:node:1895223270","type":"station"},"geometry":{"type":"Point","coordinates":[139.7864577,35.7349219]}},{"type":"Feature","properties":{"railway":"station","name":"町屋駅前","name:ja":"町屋駅前","name:en":"Machiya-ekimae","operator":"東京都交通局","ref":"SA07","public_transport":"station","wikidata":"Q390638","wikipedia":"ja:町屋駅","osm_element_type":"node","osm_element_id":1895738589,"sourceType":"openstreetmap","entityType":"modern-rail-station","geometryType":"Point","sourceGeometryType":"Point","network":null,"station":null,"layer":null,"usage":null,"osm_way_id":null,"id":"station:node:1895738589","type":"station"},"geometry":{"type":"Point","coordinates":[139.7809588,35.742778]}},{"type":"Feature","properties":{"railway":"station","name":"栄町","name:ja":"栄町","name:en":"Sakaecho","operator":"東京都交通局","ref":"SA15","public_transport":"station","wikidata":"Q11535715","wikipedia":"ja:栄町 (東京都北区)","osm_element_type":"node","osm_element_id":1901864569,"sourceType":"openstreetmap","entityType":"modern-rail-station","geometryType":"Point","sourceGeometryType":"Point","network":null,"station":null,"layer":null,"usage":null,"osm_way_id":null,"id":"station:node:1901864569","type":"station"},"geometry":{"type":"Point","coordinates":[139.7422541,35.7509144]}},{"type":"Feature","properties":{"railway":"station","name":"梶原","name:ja":"梶原","name:en":"Kajiwara","operator":"東京都交通局","ref":"SA14","public_transport":"station","wikidata":"Q11116153","wikipedia":"ja:梶原駅","osm_element_type":"node","osm_element_id":1901864575,"sourceType":"openstreetmap","entityType":"modern-rail-station","geometryType":"Point","sourceGeometryType":"Point","network":null,"station":null,"layer":null,"usage":null,"osm_way_id":null,"id":"station:node:1901864575","type":"station"},"geometry":{"type":"Point","coordinates":[139.7478469,35.7510769]}},{"type":"Feature","properties":{"railway":"station","name":"滝野川一丁目","name:ja":"滝野川一丁目","name:en":"Takinogawa-itchome","operator":"東京都交通局","ref":"SA18","public_transport":"station","wikidata":"Q11565314","wikipedia":"ja:滝野川一丁目停留所","osm_element_type":"node","osm_element_id":1901864580,"sourceType":"openstreetmap","entityType":"modern-rail-station","geometryType":"Point","sourceGeometryType":"Point","network":null,"station":null,"layer":null,"usage":null,"osm_way_id":null,"id":"station:node:1901864580","type":"station"},"geometry":{"type":"Point","coordinates":[139.7353992,35.7473062]}},{"type":"Feature","properties":{"railway":"station","name":"飛鳥山","name:ja":"飛鳥山","name:en":"Asukayama","operator":"東京都交通局","ref":"SA17","public_transport":"station","wikidata":"Q4811868","wikipedia":"ja:飛鳥山停留所","osm_element_type":"node","osm_element_id":1901864597,"sourceType":"openstreetmap","entityType":"modern-rail-station","geometryType":"Point","sourceGeometryType":"Point","network":null,"station":null,"layer":null,"usage":null,"osm_way_id":null,"id":"station:node:1901864597","type":"station"},"geometry":{"type":"Point","coordinates":[139.7373997,35.7501777]}},{"type":"Feature","properties":{"railway":"station","name":"西葛西","name:ja":"西葛西","name:en":"Nishi-kasai","operator":"東京地下鉄","ref":"T16","public_transport":"station","wikidata":"Q126768","wikipedia":"ja:西葛西駅","osm_element_type":"node","osm_element_id":1923746848,"sourceType":"openstreetmap","entityType":"modern-rail-station","geometryType":"Point","sourceGeometryType":"Point","network":null,"station":"subway","layer":null,"usage":null,"osm_way_id":null,"id":"station:node:1923746848","type":"station"},"geometry":{"type":"Point","coordinates":[139.8593173,35.6645795]}},{"type":"Feature","properties":{"railway":"station","name":"行徳","name:ja":"行徳","name:en":"Gyotoku","operator":"東京地下鉄","ref":"T20","public_transport":"station","wikidata":"Q128806","wikipedia":"ja:行徳駅","osm_element_type":"node","osm_element_id":1923746849,"sourceType":"openstreetmap","entityType":"modern-rail-station","geometryType":"Point","sourceGeometryType":"Point","network":null,"station":"subway","layer":null,"usage":null,"osm_way_id":null,"id":"station:node:1923746849","type":"station"},"geometry":{"type":"Point","coordinates":[139.9145062,35.6828816]}},{"type":"Feature","properties":{"railway":"station","name":"南砂町","name:ja":"南砂町","name:en":"Minami-sunamachi","operator":"東京地下鉄","ref":"T15","public_transport":"station","wikidata":"Q126760","wikipedia":"ja:南砂町駅","osm_element_type":"node","osm_element_id":1923746850,"sourceType":"openstreetmap","entityType":"modern-rail-station","geometryType":"Point","sourceGeometryType":"Point","network":null,"station":"subway","layer":null,"usage":null,"osm_way_id":null,"id":"station:node:1923746850","type":"station"},"geometry":{"type":"Point","coordinates":[139.8318642,35.6683446]}},{"type":"Feature","properties":{"railway":"station","name":"南行徳","name:ja":"南行徳","name:en":"Minami-gyotoku","operator":"東京地下鉄","ref":"T19","public_transport":"station","wikidata":"Q128797","wikipedia":"ja:南行徳駅","osm_element_type":"node","osm_element_id":1923746852,"sourceType":"openstreetmap","entityType":"modern-rail-station","geometryType":"Point","sourceGeometryType":"Point","network":null,"station":"subway","layer":null,"usage":null,"osm_way_id":null,"id":"station:node:1923746852","type":"station"},"geometry":{"type":"Point","coordinates":[139.902279,35.6727318]}},{"type":"Feature","properties":{"railway":"station","name":"東陽町","name:ja":"東陽町","name:en":"Toyocho","operator":"東京地下鉄","ref":"T14","public_transport":"station","wikidata":"Q126765","wikipedia":"ja:東陽町駅","osm_element_type":"node","osm_element_id":1923746858,"sourceType":"openstreetmap","entityType":"modern-rail-station","geometryType":"Point","sourceGeometryType":"Point","network":null,"station":"subway","layer":null,"usage":null,"osm_way_id":null,"id":"station:node:1923746858","type":"station"},"geometry":{"type":"Point","coordinates":[139.8174761,35.6695961]}},{"type":"Feature","properties":{"railway":"station","name":"葛西","name:ja":"葛西","name:en":"Kasai","operator":"東京地下鉄","ref":"T17","public_transport":"station","wikidata":"Q126762","wikipedia":"ja:葛西駅","osm_element_type":"node","osm_element_id":1923746881,"sourceType":"openstreetmap","entityType":"modern-rail-station","geometryType":"Point","sourceGeometryType":"Point","network":null,"station":"subway","layer":null,"usage":null,"osm_way_id":null,"id":"station:node:1923746881","type":"station"},"geometry":{"type":"Point","coordinates":[139.8726921,35.6636282]}},{"type":"Feature","properties":{"railway":"station","name":"浦安","name:ja":"浦安","name:en":"Urayasu","operator":"東京地下鉄","ref":"T18","public_transport":"station","wikidata":"Q1077988","wikipedia":"ja:浦安駅 (千葉県)","osm_element_type":"node","osm_element_id":1923746886,"sourceType":"openstreetmap","entityType":"modern-rail-station","geometryType":"Point","sourceGeometryType":"Point","network":null,"station":"subway","layer":null,"usage":null,"osm_way_id":null,"id":"station:node:1923746886","type":"station"},"geometry":{"type":"Point","coordinates":[139.8930133,35.6658445]}},{"type":"Feature","properties":{"railway":"station","name":"木場","name:ja":"木場","name:en":"Kiba","operator":"東京地下鉄","ref":"T13","public_transport":"station","wikidata":"Q126770","wikipedia":"ja:木場駅","osm_element_type":"node","osm_element_id":1923761823,"sourceType":"openstreetmap","entityType":"modern-rail-station","geometryType":"Point","sourceGeometryType":"Point","network":null,"station":"subway","layer":null,"usage":null,"osm_way_id":null,"id":"station:node:1923761823","type":"station"},"geometry":{"type":"Point","coordinates":[139.8065455,35.669416]}},{"type":"Feature","properties":{"railway":"station","name":"大手町","name:ja":"大手町","name:en":"Otemachi","operator":"東京地下鉄","ref":"T09","public_transport":"station","wikidata":"Q1326767","wikipedia":"ja:大手町駅 (東京都)","osm_element_type":"node","osm_element_id":1923768928,"sourceType":"openstreetmap","entityType":"modern-rail-station","geometryType":"Point","sourceGeometryType":"Point","network":null,"station":"subway","layer":null,"usage":null,"osm_way_id":null,"id":"station:node:1923768928","type":"station"},"geometry":{"type":"Point","coordinates":[139.7664613,35.6846087]}},{"type":"Feature","properties":{"railway":"station","name":"北千住","name:ja":"北千住","name:en":"Kita-Senju","operator":"東京地下鉄","ref":"C18","public_transport":"station","wikidata":"Q801026","wikipedia":"ja:北千住駅","osm_element_type":"node","osm_element_id":1926239447,"sourceType":"openstreetmap","entityType":"modern-rail-station","geometryType":"Point","sourceGeometryType":"Point","network":null,"station":"subway","layer":"-2","usage":null,"osm_way_id":null,"id":"station:node:1926239447","type":"station"},"geometry":{"type":"Point","coordinates":[139.8045026,35.7496649]}},{"type":"Feature","properties":{"railway":"station","name":"西日暮里","name:ja":"西日暮里","name:en":"Nishi-nippori","operator":"東京地下鉄","ref":"C16","public_transport":"station","wikidata":"Q636845","wikipedia":"ja:西日暮里駅","osm_element_type":"node","osm_element_id":1926239471,"sourceType":"openstreetmap","entityType":"modern-rail-station","geometryType":"Point","sourceGeometryType":"Point","network":"東京メトロ","station":"subway","layer":null,"usage":null,"osm_way_id":null,"id":"station:node:1926239471","type":"station"},"geometry":{"type":"Point","coordinates":[139.7672175,35.7325841]}},{"type":"Feature","properties":{"railway":"station","name":"大手町","name:ja":"大手町","name:en":"Otemachi","operator":"東京地下鉄","ref":"Z08","public_transport":"station","wikidata":"Q1326767","wikipedia":"ja:大手町駅 (東京都)","osm_element_type":"node","osm_element_id":1926277330,"sourceType":"openstreetmap","entityType":"modern-rail-station","geometryType":"Point","sourceGeometryType":"Point","network":"東京メトロ","station":"subway","layer":null,"usage":null,"osm_way_id":null,"id":"station:node:1926277330","type":"station"},"geometry":{"type":"Point","coordinates":[139.7650376,35.6866919]}},{"type":"Feature","properties":{"railway":"station","name":"大手町","name:ja":"大手町","name:en":"Otemachi","operator":"東京地下鉄","ref":"C11","public_transport":"station","wikidata":"Q1326767","wikipedia":"ja:大手町駅 (東京都)","osm_element_type":"node","osm_element_id":1926277338,"sourceType":"openstreetmap","entityType":"modern-rail-station","geometryType":"Point","sourceGeometryType":"Point","network":"東京メトロ","station":"subway","layer":null,"usage":null,"osm_way_id":null,"id":"station:node:1926277338","type":"station"},"geometry":{"type":"Point","coordinates":[139.7636157,35.686757]}},{"type":"Feature","properties":{"railway":"station","name":"新宿","name:ja":"新宿","name:en":"Shinjuku","operator":"東京地下鉄","ref":"M08","public_transport":"station","wikidata":"Q801447","wikipedia":"ja:新宿駅","osm_element_type":"node","osm_element_id":1926277346,"sourceType":"openstreetmap","entityType":"modern-rail-station","geometryType":"Point","sourceGeometryType":"Point","network":"東京メトロ","station":"subway","layer":null,"usage":null,"osm_way_id":null,"id":"station:node:1926277346","type":"station"},"geometry":{"type":"Point","coordinates":[139.7006009,35.6922273]}},{"type":"Feature","properties":{"railway":"station","name":"人形町 (都営地下鉄浅草線)","name:ja":"人形町 (都営地下鉄浅草線)","name:en":"Ningyōchō","operator":null,"ref":"A14","public_transport":"station","wikidata":"Q1147003","wikipedia":"ja:人形町駅","osm_element_type":"node","osm_element_id":1926355396,"sourceType":"openstreetmap","entityType":"modern-rail-station","geometryType":"Point","sourceGeometryType":"Point","network":"都営地下鉄","station":"subway","layer":null,"usage":null,"osm_way_id":null,"id":"station:node:1926355396","type":"station"},"geometry":{"type":"Point","coordinates":[139.7821879,35.6862799]}},{"type":"Feature","properties":{"railway":"station","name":"東銀座","name:ja":"東銀座","name:en":"Higashi-Ginza","operator":"東京地下鉄","ref":"H09","public_transport":"station","wikidata":"Q1078393","wikipedia":"ja:東銀座駅","osm_element_type":"node","osm_element_id":1926355402,"sourceType":"openstreetmap","entityType":"modern-rail-station","geometryType":"Point","sourceGeometryType":"Point","network":"東京メトロ","station":"subway","layer":null,"usage":null,"osm_way_id":null,"id":"station:node:1926355402","type":"station"},"geometry":{"type":"Point","coordinates":[139.7669476,35.6696837]}},{"type":"Feature","properties":{"railway":"station","name":"築地","name:ja":"築地","name:en":"Tsukiji","operator":"東京地下鉄","ref":"H10","public_transport":"station","wikidata":"Q1072938","wikipedia":"ja:築地駅","osm_element_type":"node","osm_element_id":1926355405,"sourceType":"openstreetmap","entityType":"modern-rail-station","geometryType":"Point","sourceGeometryType":"Point","network":"東京メトロ","station":"subway","layer":null,"usage":null,"osm_way_id":null,"id":"station:node:1926355405","type":"station"},"geometry":{"type":"Point","coordinates":[139.7725918,35.6680848]}},{"type":"Feature","properties":{"railway":"station","name":"千川","name:ja":"千川","name:en":"Senkawa","operator":"東京メトロ","ref":"F07;Y07","public_transport":"station","wikidata":"Q128304","wikipedia":"ja:千川駅","osm_element_type":"node","osm_element_id":1926376076,"sourceType":"openstreetmap","entityType":"modern-rail-station","geometryType":"Point","sourceGeometryType":"Point","network":null,"station":"subway","layer":null,"usage":null,"osm_way_id":null,"id":"station:node:1926376076","type":"station"},"geometry":{"type":"Point","coordinates":[139.689366,35.7383242]}},{"type":"Feature","properties":{"railway":"station","name":"東池袋","name:ja":"東池袋","name:en":"Higashi-ikebukuro","operator":"東京地下鉄","ref":"Y10","public_transport":"station","wikidata":"Q331193","wikipedia":"ja:東池袋駅","osm_element_type":"node","osm_element_id":1926376079,"sourceType":"openstreetmap","entityType":"modern-rail-station","geometryType":"Point","sourceGeometryType":"Point","network":null,"station":"subway","layer":null,"usage":null,"osm_way_id":null,"id":"station:node:1926376079","type":"station"},"geometry":{"type":"Point","coordinates":[139.7193857,35.7256214]}},{"type":"Feature","properties":{"railway":"station","name":"永田町","name:ja":"永田町","name:en":"Nagatacho","operator":"東京地下鉄","ref":"Y16;Z04;N07","public_transport":"station","wikidata":"Q1142211","wikipedia":"ja:永田町駅","osm_element_type":"node","osm_element_id":1926376081,"sourceType":"openstreetmap","entityType":"modern-rail-station","geometryType":"Point","sourceGeometryType":"Point","network":null,"station":"subway","layer":null,"usage":null,"osm_way_id":null,"id":"station:node:1926376081","type":"station"},"geometry":{"type":"Point","coordinates":[139.7415775,35.6779456]}},{"type":"Feature","properties":{"railway":"station","name":"池袋","name:ja":"池袋","name:en":"Ikebukuro","operator":null,"ref":"Y09","public_transport":"station","wikidata":"Q173919","wikipedia":"ja:池袋駅","osm_element_type":"node","osm_element_id":1926376083,"sourceType":"openstreetmap","entityType":"modern-rail-station","geometryType":"Point","sourceGeometryType":"Point","network":null,"station":"subway","layer":null,"usage":null,"osm_way_id":null,"id":"station:node:1926376083","type":"station"},"geometry":{"type":"Point","coordinates":[139.7096856,35.729643]}},{"type":"Feature","properties":{"railway":"station","name":"要町","name:ja":"要町","name:en":"Kanamecho","operator":"東京地下鉄","ref":"Y08;F08","public_transport":"station","wikidata":"Q128296","wikipedia":"ja:要町駅","osm_element_type":"node","osm_element_id":1926376084,"sourceType":"openstreetmap","entityType":"modern-rail-station","geometryType":"Point","sourceGeometryType":"Point","network":null,"station":"subway","layer":null,"usage":null,"osm_way_id":null,"id":"station:node:1926376084","type":"station"},"geometry":{"type":"Point","coordinates":[139.6986842,35.7332405]}},{"type":"Feature","properties":{"railway":"station","name":"新富町","name:ja":"新富町","name:en":"Shintomicho","operator":"東京地下鉄","ref":"Y20","public_transport":"station","wikidata":"Q332002","wikipedia":"ja:新富町駅 (東京都)","osm_element_type":"node","osm_element_id":1926417053,"sourceType":"openstreetmap","entityType":"modern-rail-station","geometryType":"Point","sourceGeometryType":"Point","network":null,"station":"subway","layer":null,"usage":null,"osm_way_id":null,"id":"station:node:1926417053","type":"station"},"geometry":{"type":"Point","coordinates":[139.7734197,35.6706344]}},{"type":"Feature","properties":{"railway":"station","name":"月島","name:ja":"月島","name:en":"Tsukishima","operator":"東京都交通局","ref":"E16","public_transport":"station","wikidata":"Q112337","wikipedia":"ja:月島駅","osm_element_type":"node","osm_element_id":1926417056,"sourceType":"openstreetmap","entityType":"modern-rail-station","geometryType":"Point","sourceGeometryType":"Point","network":"都営大江戸線","station":"subway","layer":null,"usage":null,"osm_way_id":null,"id":"station:node:1926417056","type":"station"},"geometry":{"type":"Point","coordinates":[139.7844793,35.6641695]}},{"type":"Feature","properties":{"railway":"station","name":"池袋","name:ja":"池袋","name:en":"Ikebukuro","operator":"東京地下鉄","ref":"M25","public_transport":"station","wikidata":"Q173919","wikipedia":"ja:池袋駅","osm_element_type":"node","osm_element_id":1926700040,"sourceType":"openstreetmap","entityType":"modern-rail-station","geometryType":"Point","sourceGeometryType":"Point","network":null,"station":"subway","layer":null,"usage":null,"osm_way_id":null,"id":"station:node:1926700040","type":"station"},"geometry":{"type":"Point","coordinates":[139.7114846,35.7302282]}},{"type":"Feature","properties":{"railway":"station","name":"茗荷谷","name:ja":"茗荷谷","name:en":"Myogadani","operator":"東京地下鉄","ref":"M23","public_transport":"station","wikidata":"Q1078367","wikipedia":"ja:茗荷谷駅","osm_element_type":"node","osm_element_id":1926700041,"sourceType":"openstreetmap","entityType":"modern-rail-station","geometryType":"Point","sourceGeometryType":"Point","network":null,"station":"subway","layer":null,"usage":null,"osm_way_id":null,"id":"station:node:1926700041","type":"station"},"geometry":{"type":"Point","coordinates":[139.7369396,35.7171896]}},{"type":"Feature","properties":{"railway":"station","name":"三越前","name:ja":"三越前","name:en":"Mitsukoshimae","operator":"東京地下鉄","ref":"Z09","public_transport":"station","wikidata":"Q76898","wikipedia":"ja:三越前駅","osm_element_type":"node","osm_element_id":1926703932,"sourceType":"openstreetmap","entityType":"modern-rail-station","geometryType":"Point","sourceGeometryType":"Point","network":"東京メトロ半蔵門線","station":"subway","layer":null,"usage":null,"osm_way_id":null,"id":"station:node:1926703932","type":"station"},"geometry":{"type":"Point","coordinates":[139.7730743,35.6849516]}},{"type":"Feature","properties":{"railway":"station","name":"大門","name:ja":"大門","name:en":"Daimon","operator":"東京都交通局","ref":"A09","public_transport":"station","wikidata":"Q247129","wikipedia":"ja:大門駅 (東京都)","osm_element_type":"node","osm_element_id":1926726026,"sourceType":"openstreetmap","entityType":"modern-rail-station","geometryType":"Point","sourceGeometryType":"Point","network":"浅草線","station":"subway","layer":null,"usage":null,"osm_way_id":null,"id":"station:node:1926726026","type":"station"},"geometry":{"type":"Point","coordinates":[139.7547098,35.6569261]}},{"type":"Feature","properties":{"railway":"station","name":"新川崎","name:ja":"新川崎","name:en":"Shin-Kawasaki","operator":"東日本旅客鉄道","ref":"JO14;JS14","public_transport":"station","wikidata":"Q801434","wikipedia":"ja:新川崎駅","osm_element_type":"node","osm_element_id":1927385340,"sourceType":"openstreetmap","entityType":"modern-rail-station","geometryType":"Point","sourceGeometryType":"Point","network":null,"station":null,"layer":null,"usage":null,"osm_way_id":null,"id":"station:node:1927385340","type":"station"},"geometry":{"type":"Point","coordinates":[139.6717821,35.5515835]}},{"type":"Feature","properties":{"railway":"station","name":"大塚駅前","name:ja":"大塚駅前","name:en":"Otsuka-ekimae","operator":"東京都交通局","ref":"SA23","public_transport":"station","wikidata":"Q801696","wikipedia":"ja:大塚駅 (東京都)","osm_element_type":"node","osm_element_id":1931878067,"sourceType":"openstreetmap","entityType":"modern-rail-station","geometryType":"Point","sourceGeometryType":"Point","network":null,"station":null,"layer":null,"usage":null,"osm_way_id":null,"id":"station:node:1931878067","type":"station"},"geometry":{"type":"Point","coordinates":[139.72926,35.7314483]}},{"type":"Feature","properties":{"railway":"station","name":"葛西臨海公園","name:ja":"葛西臨海公園","name:en":"Kasai-Rinkai Park","operator":null,"ref":"JE06","public_transport":"station","wikidata":"Q844280","wikipedia":"ja:葛西臨海公園駅","osm_element_type":"node","osm_element_id":1947656218,"sourceType":"openstreetmap","entityType":"modern-rail-station","geometryType":"Point","sourceGeometryType":"Point","network":null,"station":null,"layer":null,"usage":"main","osm_way_id":null,"id":"station:node:1947656218","type":"station"},"geometry":{"type":"Point","coordinates":[139.8615992,35.6444075]}},{"type":"Feature","properties":{"railway":"station","name":"落合","name:ja":"落合","name:en":"Ochiai","operator":"東京地下鉄","ref":"T02","public_transport":"station","wikidata":"Q80579","wikipedia":"ja:落合駅 (東京都)","osm_element_type":"node","osm_element_id":1950328487,"sourceType":"openstreetmap","entityType":"modern-rail-station","geometryType":"Point","sourceGeometryType":"Point","network":null,"station":"subway","layer":null,"usage":null,"osm_way_id":null,"id":"station:node:1950328487","type":"station"},"geometry":{"type":"Point","coordinates":[139.6859133,35.7106637]}},{"type":"Feature","properties":{"railway":"station","name":"東新宿","name:ja":"東新宿","name:en":"Higashi-shinjuku","operator":"東京地下鉄","ref":"F12","public_transport":"station","wikidata":"Q112503","wikipedia":"ja:東新宿駅","osm_element_type":"node","osm_element_id":1951953898,"sourceType":"openstreetmap","entityType":"modern-rail-station","geometryType":"Point","sourceGeometryType":"Point","network":null,"station":"subway","layer":null,"usage":null,"osm_way_id":null,"id":"station:node:1951953898","type":"station"},"geometry":{"type":"Point","coordinates":[139.707695,35.698933]}},{"type":"Feature","properties":{"railway":"station","name":"雑司が谷","name:ja":"雑司が谷","name:en":"Zoshigaya","operator":"東京地下鉄","ref":"F10","public_transport":"station","wikidata":"Q128312","wikipedia":"ja:雑司が谷駅","osm_element_type":"node","osm_element_id":1951959623,"sourceType":"openstreetmap","entityType":"modern-rail-station","geometryType":"Point","sourceGeometryType":"Point","network":null,"station":"subway","layer":null,"usage":null,"osm_way_id":null,"id":"station:node:1951959623","type":"station"},"geometry":{"type":"Point","coordinates":[139.7147782,35.7202465]}},{"type":"Feature","properties":{"railway":"station","name":"六町","name:ja":"六町","name:en":"Rokucho","operator":"首都圏新都市鉄道","ref":"07","public_transport":"station","wikidata":"Q5369300","wikipedia":"ja:六町駅","osm_element_type":"node","osm_element_id":1956007334,"sourceType":"openstreetmap","entityType":"modern-rail-station","geometryType":"Point","sourceGeometryType":"Point","network":null,"station":null,"layer":null,"usage":null,"osm_way_id":null,"id":"station:node:1956007334","type":"station"},"geometry":{"type":"Point","coordinates":[139.8218681,35.7848565]}},{"type":"Feature","properties":{"railway":"station","name":"青井","name:ja":"青井","name:en":"Aoi","operator":"首都圏新都市鉄道","ref":"06","public_transport":"station","wikidata":"Q850623","wikipedia":"ja:青井駅","osm_element_type":"node","osm_element_id":1956007338,"sourceType":"openstreetmap","entityType":"modern-rail-station","geometryType":"Point","sourceGeometryType":"Point","network":null,"station":null,"layer":null,"usage":null,"osm_way_id":null,"id":"station:node:1956007338","type":"station"},"geometry":{"type":"Point","coordinates":[139.8203104,35.7717439]}},{"type":"Feature","properties":{"railway":"station","name":"白金台","name:ja":"白金台","name:en":"Shirokanedai","operator":"東京都交通局","ref":"I02;N02","public_transport":"station","wikidata":"Q112357","wikipedia":"ja:白金台駅","osm_element_type":"node","osm_element_id":2012000223,"sourceType":"openstreetmap","entityType":"modern-rail-station","geometryType":"Point","sourceGeometryType":"Point","network":"都営地下鉄","station":"subway","layer":null,"usage":null,"osm_way_id":null,"id":"station:node:2012000223","type":"station"},"geometry":{"type":"Point","coordinates":[139.7265652,35.6381027]}},{"type":"Feature","properties":{"railway":"station","name":"登戸","name:ja":"登戸","name:en":"Noborito","operator":"小田急電鉄","ref":"OH18","public_transport":"station","wikidata":"Q801266","wikipedia":"ja:登戸駅","osm_element_type":"node","osm_element_id":2091354340,"sourceType":"openstreetmap","entityType":"modern-rail-station","geometryType":"Point","sourceGeometryType":"Point","network":null,"station":null,"layer":null,"usage":null,"osm_way_id":null,"id":"station:node:2091354340","type":"station"},"geometry":{"type":"Point","coordinates":[139.5693852,35.6209079]}},{"type":"Feature","properties":{"railway":"station","name":"戸越銀座","name:ja":"戸越銀座","name:en":"Togoshi-ginza","operator":null,"ref":"IK03","public_transport":"station","wikidata":"Q11496630","wikipedia":"ja:戸越銀座駅","osm_element_type":"node","osm_element_id":2099275526,"sourceType":"openstreetmap","entityType":"modern-rail-station","geometryType":"Point","sourceGeometryType":"Point","network":null,"station":null,"layer":null,"usage":null,"osm_way_id":null,"id":"station:node:2099275526","type":"station"},"geometry":{"type":"Point","coordinates":[139.7150774,35.616206]}},{"type":"Feature","properties":{"railway":"station","name":"新座","name:ja":"新座","name:en":"Niiza","operator":"東日本旅客鉄道","ref":"JM29","public_transport":"station","wikidata":"Q7034510","wikipedia":"ja:新座駅","osm_element_type":"node","osm_element_id":2106545423,"sourceType":"openstreetmap","entityType":"modern-rail-station","geometryType":"Point","sourceGeometryType":"Point","network":null,"station":null,"layer":null,"usage":null,"osm_way_id":null,"id":"station:node:2106545423","type":"station"},"geometry":{"type":"Point","coordinates":[139.5561947,35.8037291]}},{"type":"Feature","properties":{"railway":"station","name":"東京","name:ja":"東京","name:en":"Tōkyō","operator":"東日本旅客鉄道","ref":"TYO","public_transport":"station","wikidata":"Q283196","wikipedia":"ja:東京駅","osm_element_type":"node","osm_element_id":2149761647,"sourceType":"openstreetmap","entityType":"modern-rail-station","geometryType":"Point","sourceGeometryType":"Point","network":null,"station":null,"layer":null,"usage":"main","osm_way_id":null,"id":"station:node:2149761647","type":"station"},"geometry":{"type":"Point","coordinates":[139.766706,35.6812546]}},{"type":"Feature","properties":{"railway":"station","name":"白金高輪","name:ja":"白金高輪","name:en":"Shirokane-takanawa","operator":"東京都交通局","ref":"I03","public_transport":"station","wikidata":"Q112323","wikipedia":"ja:白金高輪駅","osm_element_type":"node","osm_element_id":2179133140,"sourceType":"openstreetmap","entityType":"modern-rail-station","geometryType":"Point","sourceGeometryType":"Point","network":"都営地下鉄","station":"subway","layer":null,"usage":null,"osm_way_id":null,"id":"station:node:2179133140","type":"station"},"geometry":{"type":"Point","coordinates":[139.734168,35.6429531]}},{"type":"Feature","properties":{"railway":"station","name":"羽田空港第1ターミナル","name:ja":"羽田空港第1ターミナル","name:en":"Haneda Airport Terminal 1","operator":"東京モノレール","ref":"MO10","public_transport":"station","wikidata":"Q5647752","wikipedia":"ja:羽田空港第1ターミナル駅","osm_element_type":"node","osm_element_id":2206530973,"sourceType":"openstreetmap","entityType":"modern-rail-station","geometryType":"Point","sourceGeometryType":"Point","network":null,"station":null,"layer":null,"usage":null,"osm_way_id":null,"id":"station:node:2206530973","type":"station"},"geometry":{"type":"Point","coordinates":[139.7845527,35.5491583]}},{"type":"Feature","properties":{"railway":"station","name":"羽田空港第2ターミナル","name:ja":"羽田空港第2ターミナル","name:en":"Haneda Airport Terminal 2","operator":"東京モノレール","ref":"MO11","public_transport":"station","wikidata":"Q5647754","wikipedia":"ja:羽田空港第2ターミナル駅","osm_element_type":"node","osm_element_id":2206531138,"sourceType":"openstreetmap","entityType":"modern-rail-station","geometryType":"Point","sourceGeometryType":"Point","network":null,"station":null,"layer":null,"usage":null,"osm_way_id":null,"id":"station:node:2206531138","type":"station"},"geometry":{"type":"Point","coordinates":[139.7882659,35.5508205]}},{"type":"Feature","properties":{"railway":"station","name":"新整備場","name:ja":"新整備場","name:en":"Shinseibijo","operator":"東京モノレール","ref":"MO09","public_transport":"station","wikidata":"Q5362517","wikipedia":"ja:新整備場駅","osm_element_type":"node","osm_element_id":2206531158,"sourceType":"openstreetmap","entityType":"modern-rail-station","geometryType":"Point","sourceGeometryType":"Point","network":null,"station":null,"layer":null,"usage":null,"osm_way_id":null,"id":"station:node:2206531158","type":"station"},"geometry":{"type":"Point","coordinates":[139.7868344,35.5428212]}},{"type":"Feature","properties":{"railway":"station","name":"下北沢","name:ja":null,"name:en":"Shimo-Kitazawa","operator":"小田急電鉄","ref":"OH07","public_transport":"station","wikidata":"Q1059947","wikipedia":"ja:下北沢駅","osm_element_type":"node","osm_element_id":2217212323,"sourceType":"openstreetmap","entityType":"modern-rail-station","geometryType":"Point","sourceGeometryType":"Point","network":"小田急電鉄","station":null,"layer":null,"usage":null,"osm_way_id":null,"id":"station:node:2217212323","type":"station"},"geometry":{"type":"Point","coordinates":[139.666822,35.6611356]}},{"type":"Feature","properties":{"railway":"station","name":"東北沢","name:ja":"東北沢","name:en":"Higashi-Kitazawa","operator":"小田急電鉄","ref":"OH06","public_transport":"station","wikidata":"Q4497457","wikipedia":"ja:東北沢駅","osm_element_type":"node","osm_element_id":2217212325,"sourceType":"openstreetmap","entityType":"modern-rail-station","geometryType":"Point","sourceGeometryType":"Point","network":"小田急電鉄","station":null,"layer":null,"usage":null,"osm_way_id":null,"id":"station:node:2217212325","type":"station"},"geometry":{"type":"Point","coordinates":[139.6724982,35.6651291]}},{"type":"Feature","properties":{"railway":"station","name":"赤羽","name:ja":"赤羽","name:en":"Akabane","operator":"東日本旅客鉄道","ref":"ABN","public_transport":"station","wikidata":"Q800369","wikipedia":"ja:赤羽駅","osm_element_type":"node","osm_element_id":2230287460,"sourceType":"openstreetmap","entityType":"modern-rail-station","geometryType":"Point","sourceGeometryType":"Point","network":null,"station":null,"layer":null,"usage":null,"osm_way_id":null,"id":"station:node:2230287460","type":"station"},"geometry":{"type":"Point","coordinates":[139.7207129,35.7781004]}},{"type":"Feature","properties":{"railway":"station","name":"小岩","name:ja":"小岩","name:en":"Koiwa","operator":"東日本旅客鉄道","ref":"JB26","public_transport":"station","wikidata":"Q1067969","wikipedia":"ja:小岩駅","osm_element_type":"node","osm_element_id":2250286185,"sourceType":"openstreetmap","entityType":"modern-rail-station","geometryType":"Point","sourceGeometryType":"Point","network":null,"station":null,"layer":null,"usage":null,"osm_way_id":null,"id":"station:node:2250286185","type":"station"},"geometry":{"type":"Point","coordinates":[139.881843,35.7332364]}},{"type":"Feature","properties":{"railway":"station","name":"大泉学園","name:ja":"大泉学園","name:en":"Oizumi-gakuen","operator":"西武鉄道","ref":"SI11","public_transport":"station","wikidata":"Q8016303","wikipedia":"ja:大泉学園駅","osm_element_type":"node","osm_element_id":2330644212,"sourceType":"openstreetmap","entityType":"modern-rail-station","geometryType":"Point","sourceGeometryType":"Point","network":"西武鉄道","station":null,"layer":null,"usage":null,"osm_way_id":null,"id":"station:node:2330644212","type":"station"},"geometry":{"type":"Point","coordinates":[139.5865223,35.7495045]}},{"type":"Feature","properties":{"railway":"station","name":"新宿","name:ja":"新宿","name:en":"Shinjuku","operator":"東日本旅客鉄道;JR東日本","ref":"SJK","public_transport":"station","wikidata":"Q801447","wikipedia":"ja:新宿駅","osm_element_type":"node","osm_element_id":2389061844,"sourceType":"openstreetmap","entityType":"modern-rail-station","geometryType":"Point","sourceGeometryType":"Point","network":"JR成田エクスプレス","station":null,"layer":null,"usage":null,"osm_way_id":null,"id":"station:node:2389061844","type":"station"},"geometry":{"type":"Point","coordinates":[139.7005142,35.6902618]}},{"type":"Feature","properties":{"railway":"station","name":"新宿","name:ja":"新宿","name:en":"Shinjuku","operator":"小田急電鉄","ref":"OH01","public_transport":"station","wikidata":"Q801447","wikipedia":"ja:新宿駅","osm_element_type":"node","osm_element_id":2389061846,"sourceType":"openstreetmap","entityType":"modern-rail-station","geometryType":"Point","sourceGeometryType":"Point","network":"小田急電鉄","station":null,"layer":null,"usage":null,"osm_way_id":null,"id":"station:node:2389061846","type":"station"},"geometry":{"type":"Point","coordinates":[139.6996243,35.6902156]}},{"type":"Feature","properties":{"railway":"station","name":"新宿","name:ja":"新宿","name:en":"Shinjuku","operator":"東京都交通局","ref":null,"public_transport":"station","wikidata":"Q801447","wikipedia":"ja:新宿駅","osm_element_type":"node","osm_element_id":2389826024,"sourceType":"openstreetmap","entityType":"modern-rail-station","geometryType":"Point","sourceGeometryType":"Point","network":"都営地下鉄","station":"subway","layer":null,"usage":null,"osm_way_id":null,"id":"station:node:2389826024","type":"station"},"geometry":{"type":"Point","coordinates":[139.6990749,35.6883635]}},{"type":"Feature","properties":{"railway":"station","name":"新宿西口","name:ja":"新宿西口","name:en":"Shinjuku-nishiguchi","operator":"東京都交通局","ref":"E01","public_transport":"station","wikidata":"Q246198","wikipedia":"ja:新宿西口駅","osm_element_type":"node","osm_element_id":2389826102,"sourceType":"openstreetmap","entityType":"modern-rail-station","geometryType":"Point","sourceGeometryType":"Point","network":"都営地下鉄","station":"subway","layer":null,"usage":null,"osm_way_id":null,"id":"station:node:2389826102","type":"station"},"geometry":{"type":"Point","coordinates":[139.6991763,35.6931366]}},{"type":"Feature","properties":{"railway":"station","name":"牛込柳町","name:ja":"牛込柳町","name:en":"Ushigome-yanagicho","operator":"東京都交通局","ref":"E04","public_transport":"station","wikidata":"Q247099","wikipedia":"ja:牛込柳町駅","osm_element_type":"node","osm_element_id":2389826186,"sourceType":"openstreetmap","entityType":"modern-rail-station","geometryType":"Point","sourceGeometryType":"Point","network":"都営地下鉄","station":"subway","layer":null,"usage":null,"osm_way_id":null,"id":"station:node:2389826186","type":"station"},"geometry":{"type":"Point","coordinates":[139.7255744,35.6994561]}},{"type":"Feature","properties":{"railway":"station","name":"牛込神楽坂","name:ja":"牛込神楽坂","name:en":"Ushigome-kagurazaka","operator":"東京都交通局","ref":"E05","public_transport":"station","wikidata":"Q246195","wikipedia":"ja:牛込神楽坂駅","osm_element_type":"node","osm_element_id":2389826225,"sourceType":"openstreetmap","entityType":"modern-rail-station","geometryType":"Point","sourceGeometryType":"Point","network":"都営地下鉄","station":"subway","layer":null,"usage":null,"osm_way_id":null,"id":"station:node:2389826225","type":"station"},"geometry":{"type":"Point","coordinates":[139.7359501,35.7009139]}},{"type":"Feature","properties":{"railway":"station","name":"京成上野","name:ja":"京成上野","name:en":"Keisei-Ueno","operator":"京成電鉄","ref":"KS01","public_transport":"station","wikidata":"Q907059","wikipedia":"ja:京成上野駅","osm_element_type":"node","osm_element_id":2407466991,"sourceType":"openstreetmap","entityType":"modern-rail-station","geometryType":"Point","sourceGeometryType":"Point","network":"京成","station":null,"layer":null,"usage":null,"osm_way_id":null,"id":"station:node:2407466991","type":"station"},"geometry":{"type":"Point","coordinates":[139.7735044,35.7109406]}},{"type":"Feature","properties":{"railway":"station","name":"新百合ヶ丘","name:ja":"新百合ヶ丘","name:en":"Shin-Yurigaoka","operator":"小田急電鉄","ref":"OH23","public_transport":"station","wikidata":"Q1061373","wikipedia":"ja:新百合ヶ丘駅","osm_element_type":"node","osm_element_id":2461068499,"sourceType":"openstreetmap","entityType":"modern-rail-station","geometryType":"Point","sourceGeometryType":"Point","network":null,"station":null,"layer":null,"usage":null,"osm_way_id":null,"id":"station:node:2461068499","type":"station"},"geometry":{"type":"Point","coordinates":[139.507684,35.6038674]}},{"type":"Feature","properties":{"railway":"station","name":"町田","name:ja":"町田","name:en":"Machida","operator":"小田急電鉄","ref":"OH27","public_transport":"station","wikidata":"Q801146","wikipedia":"ja:町田駅#小田急電鉄 3","osm_element_type":"node","osm_element_id":2466240758,"sourceType":"openstreetmap","entityType":"modern-rail-station","geometryType":"Point","sourceGeometryType":"Point","network":null,"station":null,"layer":null,"usage":null,"osm_way_id":null,"id":"station:node:2466240758","type":"station"},"geometry":{"type":"Point","coordinates":[139.4451253,35.5440456]}},{"type":"Feature","properties":{"railway":"station","name":"新高島平","name:ja":"新高島平","name:en":"Shin-takashimadaira","operator":"東京都交通局","ref":"I26","public_transport":"station","wikidata":"Q1039572","wikipedia":"ja:新高島平駅","osm_element_type":"node","osm_element_id":2467422036,"sourceType":"openstreetmap","entityType":"modern-rail-station","geometryType":"Point","sourceGeometryType":"Point","network":"都営地下鉄","station":"subway","layer":null,"usage":null,"osm_way_id":null,"id":"station:node:2467422036","type":"station"},"geometry":{"type":"Point","coordinates":[139.6544258,35.7902142]}},{"type":"Feature","properties":{"railway":"station","name":"センター北","name:ja":"センター北","name:en":"Center Kita","operator":"横浜市交通局","ref":"B30","public_transport":"station","wikidata":"Q847363","wikipedia":"ja:センター北駅","osm_element_type":"node","osm_element_id":2468944535,"sourceType":"openstreetmap","entityType":"modern-rail-station","geometryType":"Point","sourceGeometryType":"Point","network":"横浜市営地下鉄","station":"subway","layer":null,"usage":null,"osm_way_id":null,"id":"station:node:2468944535","type":"station"},"geometry":{"type":"Point","coordinates":[139.5782611,35.5534049]}},{"type":"Feature","properties":{"railway":"station","name":"西武園ゆうえんち","name:ja":null,"name:en":"Seibuen-yūenchi","operator":null,"ref":null,"public_transport":"station","wikidata":"Q8014583","wikipedia":"ja:西武園ゆうえんち駅","osm_element_type":"node","osm_element_id":2469862610,"sourceType":"openstreetmap","entityType":"modern-rail-station","geometryType":"Point","sourceGeometryType":"Point","network":null,"station":null,"layer":null,"usage":null,"osm_way_id":null,"id":"station:node:2469862610","type":"station"},"geometry":{"type":"Point","coordinates":[139.4400558,35.7693627]}},{"type":"Feature","properties":{"railway":"station","name":"羽田空港第3ターミナル","name:ja":"羽田空港第3ターミナル","name:en":"Haneda Airport Terminal 3","operator":"東京モノレール株式会社","ref":"MO08","public_transport":"station","wikidata":"Q5364359","wikipedia":"ja:羽田空港第3ターミナル駅","osm_element_type":"node","osm_element_id":2496988966,"sourceType":"openstreetmap","entityType":"modern-rail-station","geometryType":"Point","sourceGeometryType":"Point","network":"東京モノレール","station":null,"layer":null,"usage":null,"osm_way_id":null,"id":"station:node:2496988966","type":"station"},"geometry":{"type":"Point","coordinates":[139.7686524,35.5438875]}},{"type":"Feature","properties":{"railway":"station","name":"本郷三丁目","name:ja":"本郷三丁目","name:en":"Hongo-sanchome","operator":"東京都交通局","ref":"E08","public_transport":"station","wikidata":"Q80774","wikipedia":"ja:本郷三丁目駅","osm_element_type":"node","osm_element_id":2540852495,"sourceType":"openstreetmap","entityType":"modern-rail-station","geometryType":"Point","sourceGeometryType":"Point","network":"都営地下鉄","station":"subway","layer":null,"usage":null,"osm_way_id":null,"id":"station:node:2540852495","type":"station"},"geometry":{"type":"Point","coordinates":[139.7605489,35.7075159]}},{"type":"Feature","properties":{"railway":"station","name":"青砥","name:ja":"青砥","name:en":"Aoto","operator":"京成電鉄","ref":"KS09","public_transport":"station","wikidata":"Q4132960","wikipedia":"ja:青砥駅","osm_element_type":"node","osm_element_id":2543426281,"sourceType":"openstreetmap","entityType":"modern-rail-station","geometryType":"Point","sourceGeometryType":"Point","network":"京成電鉄","station":null,"layer":null,"usage":null,"osm_way_id":null,"id":"station:node:2543426281","type":"station"},"geometry":{"type":"Point","coordinates":[139.8560545,35.7455741]}},{"type":"Feature","properties":{"railway":"station","name":"京成高砂","name:ja":"京成高砂","name:en":"Keisei Takasago","operator":"京成電鉄;北総鉄道","ref":"KS10","public_transport":"station","wikidata":"Q4162460","wikipedia":"ja:京成高砂駅","osm_element_type":"node","osm_element_id":2543426602,"sourceType":"openstreetmap","entityType":"modern-rail-station","geometryType":"Point","sourceGeometryType":"Point","network":"京成;北総","station":null,"layer":null,"usage":null,"osm_way_id":null,"id":"station:node:2543426602","type":"station"},"geometry":{"type":"Point","coordinates":[139.8671221,35.7509396]}},{"type":"Feature","properties":{"railway":"station","name":"京成曳舟","name:ja":"京成曳舟","name:en":"Keisei Hikifune","operator":"京成電鉄","ref":"KS46","public_transport":"station","wikidata":"Q5366562","wikipedia":"ja:京成曳舟駅","osm_element_type":"node","osm_element_id":2545151221,"sourceType":"openstreetmap","entityType":"modern-rail-station","geometryType":"Point","sourceGeometryType":"Point","network":null,"station":null,"layer":null,"usage":null,"osm_way_id":null,"id":"station:node:2545151221","type":"station"},"geometry":{"type":"Point","coordinates":[139.8197495,35.7181883]}},{"type":"Feature","properties":{"railway":"station","name":"柴又","name:ja":null,"name:en":"Shibamata","operator":"京成電鉄","ref":"KS50","public_transport":"station","wikidata":"Q7496017","wikipedia":"ja:柴又駅","osm_element_type":"node","osm_element_id":2545214081,"sourceType":"openstreetmap","entityType":"modern-rail-station","geometryType":"Point","sourceGeometryType":"Point","network":"京成電鉄","station":null,"layer":null,"usage":null,"osm_way_id":null,"id":"station:node:2545214081","type":"station"},"geometry":{"type":"Point","coordinates":[139.8751807,35.7564295]}},{"type":"Feature","properties":{"railway":"station","name":"京急蒲田","name:ja":"京急蒲田","name:en":"Keikyu-Kamata","operator":"京浜急行電鉄","ref":"KK11","public_transport":"station","wikidata":"Q841552","wikipedia":"ja:京急蒲田駅","osm_element_type":"node","osm_element_id":2546879670,"sourceType":"openstreetmap","entityType":"modern-rail-station","geometryType":"Point","sourceGeometryType":"Point","network":null,"station":"subway","layer":null,"usage":null,"osm_way_id":null,"id":"station:node:2546879670","type":"station"},"geometry":{"type":"Point","coordinates":[139.7241595,35.5613307]}},{"type":"Feature","properties":{"railway":"station","name":"品川","name:ja":"品川","name:en":"Shinagawa","operator":"京浜急行電鉄","ref":"KK01","public_transport":"station","wikidata":"Q801442","wikipedia":"ja:品川駅","osm_element_type":"node","osm_element_id":2546879674,"sourceType":"openstreetmap","entityType":"modern-rail-station","geometryType":"Point","sourceGeometryType":"Point","network":null,"station":null,"layer":null,"usage":null,"osm_way_id":null,"id":"station:node:2546879674","type":"station"},"geometry":{"type":"Point","coordinates":[139.7380078,35.6280038]}},{"type":"Feature","properties":{"railway":"station","name":"北品川","name:ja":"北品川","name:en":"Kitashinagawa","operator":"京浜急行電鉄","ref":"KK02","public_transport":"station","wikidata":"Q858214","wikipedia":"ja:北品川駅","osm_element_type":"node","osm_element_id":2550872406,"sourceType":"openstreetmap","entityType":"modern-rail-station","geometryType":"Point","sourceGeometryType":"Point","network":"Keikyu Main Line","station":null,"layer":null,"usage":null,"osm_way_id":null,"id":"station:node:2550872406","type":"station"},"geometry":{"type":"Point","coordinates":[139.7392733,35.6220705]}},{"type":"Feature","properties":{"railway":"station","name":"鮫洲","name:ja":"鮫洲","name:en":"Samezu","operator":"京浜急行電鉄","ref":"KK05","public_transport":"station","wikidata":"Q3019291","wikipedia":"ja:鮫洲駅","osm_element_type":"node","osm_element_id":2550872520,"sourceType":"openstreetmap","entityType":"modern-rail-station","geometryType":"Point","sourceGeometryType":"Point","network":null,"station":null,"layer":null,"usage":null,"osm_way_id":null,"id":"station:node:2550872520","type":"station"},"geometry":{"type":"Point","coordinates":[139.7422644,35.6050235]}},{"type":"Feature","properties":{"railway":"station","name":"立会川","name:ja":"立会川","name:en":"Tachiaigawa","operator":"京浜急行電鉄","ref":"KK06","public_transport":"station","wikidata":"Q3019280","wikipedia":"ja:立会川駅","osm_element_type":"node","osm_element_id":2550872531,"sourceType":"openstreetmap","entityType":"modern-rail-station","geometryType":"Point","sourceGeometryType":"Point","network":null,"station":null,"layer":null,"usage":null,"osm_way_id":null,"id":"station:node:2550872531","type":"station"},"geometry":{"type":"Point","coordinates":[139.7389803,35.5986986]}},{"type":"Feature","properties":{"railway":"station","name":"恵比寿","name:ja":"恵比寿","name:en":"Ebisu","operator":"東日本旅客鉄道","ref":"EBS","public_transport":"station","wikidata":"Q800715","wikipedia":"ja:恵比寿駅","osm_element_type":"node","osm_element_id":2558121904,"sourceType":"openstreetmap","entityType":"modern-rail-station","geometryType":"Point","sourceGeometryType":"Point","network":null,"station":null,"layer":null,"usage":null,"osm_way_id":null,"id":"station:node:2558121904","type":"station"},"geometry":{"type":"Point","coordinates":[139.7102082,35.6464413]}},{"type":"Feature","properties":{"railway":"station","name":"浜松町","name:ja":"浜松町","name:en":"Hamamatsucho","operator":"東日本旅客鉄道","ref":"HMC","public_transport":"station","wikidata":"Q800873","wikipedia":"ja:浜松町駅","osm_element_type":"node","osm_element_id":2558121907,"sourceType":"openstreetmap","entityType":"modern-rail-station","geometryType":"Point","sourceGeometryType":"Point","network":null,"station":null,"layer":null,"usage":null,"osm_way_id":null,"id":"station:node:2558121907","type":"station"},"geometry":{"type":"Point","coordinates":[139.7570576,35.6551115]}},{"type":"Feature","properties":{"railway":"station","name":"市ケ谷","name:ja":null,"name:en":"Ichigaya","operator":null,"ref":null,"public_transport":"station","wikidata":"Q800947","wikipedia":"ja:市ケ谷駅","osm_element_type":"node","osm_element_id":2558121912,"sourceType":"openstreetmap","entityType":"modern-rail-station","geometryType":"Point","sourceGeometryType":"Point","network":null,"station":null,"layer":null,"usage":null,"osm_way_id":null,"id":"station:node:2558121912","type":"station"},"geometry":{"type":"Point","coordinates":[139.7355526,35.6913465]}},{"type":"Feature","properties":{"railway":"station","name":"池袋","name:ja":"池袋","name:en":"Ikebukuro","operator":"東日本旅客鉄道","ref":"JA12;JS21;JY13","public_transport":"station","wikidata":"Q173919","wikipedia":"ja:池袋駅","osm_element_type":"node","osm_element_id":2558121915,"sourceType":"openstreetmap","entityType":"modern-rail-station","geometryType":"Point","sourceGeometryType":"Point","network":null,"station":null,"layer":null,"usage":null,"osm_way_id":null,"id":"station:node:2558121915","type":"station"},"geometry":{"type":"Point","coordinates":[139.7111512,35.730185]}},{"type":"Feature","properties":{"railway":"station","name":"神田","name:ja":"神田","name:en":"Kanda","operator":"東日本旅客鉄道","ref":"KND","public_transport":"station","wikidata":"Q800989","wikipedia":"ja:神田駅 (東京都)","osm_element_type":"node","osm_element_id":2558121917,"sourceType":"openstreetmap","entityType":"modern-rail-station","geometryType":"Point","sourceGeometryType":"Point","network":null,"station":null,"layer":null,"usage":null,"osm_way_id":null,"id":"station:node:2558121917","type":"station"},"geometry":{"type":"Point","coordinates":[139.7709112,35.6917939]}},{"type":"Feature","properties":{"railway":"station","name":"高円寺","name:ja":"高円寺","name:en":"Kōenji","operator":"東日本旅客鉄道","ref":"JB06;JC07","public_transport":"station","wikidata":"Q801056","wikipedia":"ja:高円寺駅","osm_element_type":"node","osm_element_id":2558121920,"sourceType":"openstreetmap","entityType":"modern-rail-station","geometryType":"Point","sourceGeometryType":"Point","network":null,"station":null,"layer":null,"usage":null,"osm_way_id":null,"id":"station:node:2558121920","type":"station"},"geometry":{"type":"Point","coordinates":[139.649953,35.7053348]}},{"type":"Feature","properties":{"railway":"station","name":"目黒","name:ja":"目黒","name:en":"Meguro","operator":"東日本旅客鉄道","ref":"JY22","public_transport":"station","wikidata":"Q678461","wikipedia":"ja:目黒駅","osm_element_type":"node","osm_element_id":2558121925,"sourceType":"openstreetmap","entityType":"modern-rail-station","geometryType":"Point","sourceGeometryType":"Point","network":null,"station":null,"layer":null,"usage":null,"osm_way_id":null,"id":"station:node:2558121925","type":"station"},"geometry":{"type":"Point","coordinates":[139.7157332,35.6340669]}},{"type":"Feature","properties":{"railway":"station","name":"荻窪","name:ja":"荻窪","name:en":"Ogikubo","operator":"東日本旅客鉄道","ref":null,"public_transport":"station","wikidata":"Q801294","wikipedia":"ja:荻窪駅","osm_element_type":"node","osm_element_id":2558121936,"sourceType":"openstreetmap","entityType":"modern-rail-station","geometryType":"Point","sourceGeometryType":"Point","network":null,"station":null,"layer":null,"usage":null,"osm_way_id":null,"id":"station:node:2558121936","type":"station"},"geometry":{"type":"Point","coordinates":[139.6201587,35.7044803]}},{"type":"Feature","properties":{"railway":"station","name":"両国","name:ja":"両国","name:en":"Ryogoku","operator":"東日本旅客鉄道","ref":"JB21","public_transport":"station","wikidata":"Q801389","wikipedia":"ja:両国駅","osm_element_type":"node","osm_element_id":2558121937,"sourceType":"openstreetmap","entityType":"modern-rail-station","geometryType":"Point","sourceGeometryType":"Point","network":null,"station":null,"layer":null,"usage":null,"osm_way_id":null,"id":"station:node:2558121937","type":"station"},"geometry":{"type":"Point","coordinates":[139.7929667,35.6958204]}},{"type":"Feature","properties":{"railway":"station","name":"千駄ケ谷","name:ja":"千駄ケ谷","name:en":"Sendagaya","operator":"東日本旅客鉄道","ref":"JB12","public_transport":"station","wikidata":"Q801428","wikipedia":"ja:千駄ケ谷駅","osm_element_type":"node","osm_element_id":2558121938,"sourceType":"openstreetmap","entityType":"modern-rail-station","geometryType":"Point","sourceGeometryType":"Point","network":null,"station":null,"layer":null,"usage":null,"osm_way_id":null,"id":"station:node:2558121938","type":"station"},"geometry":{"type":"Point","coordinates":[139.7113637,35.6812678]}},{"type":"Feature","properties":{"railway":"station","name":"水道橋","name:ja":"水道橋","name:en":"Suidobashi","operator":"東日本旅客鉄道","ref":null,"public_transport":"station","wikidata":"Q801496","wikipedia":"ja:水道橋駅","osm_element_type":"node","osm_element_id":2558121946,"sourceType":"openstreetmap","entityType":"modern-rail-station","geometryType":"Point","sourceGeometryType":"Point","network":null,"station":null,"layer":null,"usage":null,"osm_way_id":null,"id":"station:node:2558121946","type":"station"},"geometry":{"type":"Point","coordinates":[139.7537382,35.7020455]}},{"type":"Feature","properties":{"railway":"station","name":"代々木","name:ja":"代々木","name:en":"Yoyogi","operator":"東日本旅客鉄道","ref":"JY18;JB11","public_transport":"station","wikidata":"Q590162","wikipedia":"ja:代々木駅","osm_element_type":"node","osm_element_id":2558121954,"sourceType":"openstreetmap","entityType":"modern-rail-station","geometryType":"Point","sourceGeometryType":"Point","network":null,"station":null,"layer":null,"usage":null,"osm_way_id":null,"id":"station:node:2558121954","type":"station"},"geometry":{"type":"Point","coordinates":[139.7020806,35.6839514]}},{"type":"Feature","properties":{"railway":"station","name":"有楽町","name:ja":"有楽町","name:en":"Yurakucho","operator":"東日本旅客鉄道","ref":"JK25;JY30","public_transport":"station","wikidata":"Q801655","wikipedia":"ja:有楽町駅","osm_element_type":"node","osm_element_id":2558121955,"sourceType":"openstreetmap","entityType":"modern-rail-station","geometryType":"Point","sourceGeometryType":"Point","network":null,"station":null,"layer":null,"usage":null,"osm_way_id":null,"id":"station:node:2558121955","type":"station"},"geometry":{"type":"Point","coordinates":[139.7630446,35.6749572]}},{"type":"Feature","properties":{"railway":"station","name":"志茂","name:ja":"志茂","name:en":"Shimo","operator":"東京地下鉄","ref":"N18","public_transport":"station","wikidata":"Q151416","wikipedia":"ja:志茂駅","osm_element_type":"node","osm_element_id":2558151864,"sourceType":"openstreetmap","entityType":"modern-rail-station","geometryType":"Point","sourceGeometryType":"Point","network":null,"station":"subway","layer":null,"usage":null,"osm_way_id":null,"id":"station:node:2558151864","type":"station"},"geometry":{"type":"Point","coordinates":[139.7325256,35.7779045]}},{"type":"Feature","properties":{"railway":"station","name":"阿佐ケ谷","name:ja":"阿佐ケ谷","name:en":"Asagaya","operator":"東日本旅客鉄道","ref":null,"public_transport":"station","wikidata":"Q800402","wikipedia":"ja:阿佐ケ谷駅","osm_element_type":"node","osm_element_id":2559434097,"sourceType":"openstreetmap","entityType":"modern-rail-station","geometryType":"Point","sourceGeometryType":"Point","network":null,"station":null,"layer":null,"usage":null,"osm_way_id":null,"id":"station:node:2559434097","type":"station"},"geometry":{"type":"Point","coordinates":[139.6354724,35.7048403]}},{"type":"Feature","properties":{"railway":"station","name":"八王子","name:ja":"八王子","name:en":"Hachioji","operator":"東日本旅客鉄道","ref":"JC22;JH32","public_transport":"station","wikidata":"Q800868","wikipedia":"ja:八王子駅","osm_element_type":"node","osm_element_id":2559434104,"sourceType":"openstreetmap","entityType":"modern-rail-station","geometryType":"Point","sourceGeometryType":"Point","network":null,"station":null,"layer":null,"usage":null,"osm_way_id":null,"id":"station:node:2559434104","type":"station"},"geometry":{"type":"Point","coordinates":[139.3394669,35.655389]}},{"type":"Feature","properties":{"railway":"station","name":"東小金井","name:ja":"東小金井","name:en":"Higashi-Koganei","operator":"東日本旅客鉄道","ref":"JC14","public_transport":"station","wikidata":"Q800920","wikipedia":"ja:東小金井駅","osm_element_type":"node","osm_element_id":2559434105,"sourceType":"openstreetmap","entityType":"modern-rail-station","geometryType":"Point","sourceGeometryType":"Point","network":null,"station":null,"layer":null,"usage":null,"osm_way_id":null,"id":"station:node:2559434105","type":"station"},"geometry":{"type":"Point","coordinates":[139.5240561,35.7015414]}},{"type":"Feature","properties":{"railway":"station","name":"日野","name:ja":null,"name:en":"Hino","operator":"東日本旅客鉄道","ref":"JC20","public_transport":"station","wikidata":"Q800923","wikipedia":"ja:日野駅 (東京都)","osm_element_type":"node","osm_element_id":2559434109,"sourceType":"openstreetmap","entityType":"modern-rail-station","geometryType":"Point","sourceGeometryType":"Point","network":null,"station":null,"layer":null,"usage":null,"osm_way_id":null,"id":"station:node:2559434109","type":"station"},"geometry":{"type":"Point","coordinates":[139.3938458,35.679389]}},{"type":"Feature","properties":{"railway":"station","name":"飯田橋","name:ja":null,"name:en":"Iidabashi","operator":null,"ref":null,"public_transport":"station","wikidata":"Q800953","wikipedia":"ja:飯田橋駅","osm_element_type":"node","osm_element_id":2559434114,"sourceType":"openstreetmap","entityType":"modern-rail-station","geometryType":"Point","sourceGeometryType":"Point","network":null,"station":null,"layer":null,"usage":null,"osm_way_id":null,"id":"station:node:2559434114","type":"station"},"geometry":{"type":"Point","coordinates":[139.7439955,35.7007552]}},{"type":"Feature","properties":{"railway":"station","name":"吉祥寺","name:ja":"吉祥寺","name:en":"Kichijoji","operator":"東日本旅客鉄道","ref":"JB02;JC11","public_transport":"station","wikidata":"Q801004","wikipedia":"ja:吉祥寺駅","osm_element_type":"node","osm_element_id":2559434118,"sourceType":"openstreetmap","entityType":"modern-rail-station","geometryType":"Point","sourceGeometryType":"Point","network":null,"station":null,"layer":null,"usage":null,"osm_way_id":null,"id":"station:node:2559434118","type":"station"},"geometry":{"type":"Point","coordinates":[139.5802187,35.7031389]}},{"type":"Feature","properties":{"railway":"station","name":"国分寺","name:ja":"国分寺","name:en":"Kokubunji","operator":"東日本旅客鉄道","ref":"JC16","public_transport":"station","wikidata":"Q251693","wikipedia":"ja:国分寺駅","osm_element_type":"node","osm_element_id":2559434121,"sourceType":"openstreetmap","entityType":"modern-rail-station","geometryType":"Point","sourceGeometryType":"Point","network":null,"station":null,"layer":null,"usage":null,"osm_way_id":null,"id":"station:node:2559434121","type":"station"},"geometry":{"type":"Point","coordinates":[139.4803582,35.7001003]}},{"type":"Feature","properties":{"railway":"station","name":"国立","name:ja":"国立","name:en":"Kunitachi","operator":"東日本旅客鉄道","ref":"JC18","public_transport":"station","wikidata":"Q474512","wikipedia":"ja:国立駅","osm_element_type":"node","osm_element_id":2559434122,"sourceType":"openstreetmap","entityType":"modern-rail-station","geometryType":"Point","sourceGeometryType":"Point","network":null,"station":null,"layer":null,"usage":null,"osm_way_id":null,"id":"station:node:2559434122","type":"station"},"geometry":{"type":"Point","coordinates":[139.4465312,35.6992413]}},{"type":"Feature","properties":{"railway":"station","name":"三鷹","name:ja":"三鷹","name:en":"Mitaka","operator":"東日本旅客鉄道","ref":"JB01;JC12","public_transport":"station","wikidata":"Q546655","wikipedia":"ja:三鷹駅","osm_element_type":"node","osm_element_id":2559434129,"sourceType":"openstreetmap","entityType":"modern-rail-station","geometryType":"Point","sourceGeometryType":"Point","network":null,"station":null,"layer":null,"usage":null,"osm_way_id":null,"id":"station:node:2559434129","type":"station"},"geometry":{"type":"Point","coordinates":[139.5609329,35.7027159]}},{"type":"Feature","properties":{"railway":"station","name":"武蔵小金井","name:ja":"武蔵小金井","name:en":"Musashi-Koganei","operator":"東日本旅客鉄道","ref":"JC15","public_transport":"station","wikidata":"Q801206","wikipedia":"ja:武蔵小金井駅","osm_element_type":"node","osm_element_id":2559434132,"sourceType":"openstreetmap","entityType":"modern-rail-station","geometryType":"Point","sourceGeometryType":"Point","network":null,"station":null,"layer":"2","usage":null,"osm_way_id":null,"id":"station:node:2559434132","type":"station"},"geometry":{"type":"Point","coordinates":[139.5067873,35.7011261]}},{"type":"Feature","properties":{"railway":"station","name":"武蔵境","name:ja":"武蔵境","name:en":"Musashi-Sakai","operator":"東日本旅客鉄道","ref":"JC13","public_transport":"station","wikidata":"Q137550","wikipedia":"ja:武蔵境駅","osm_element_type":"node","osm_element_id":2559434133,"sourceType":"openstreetmap","entityType":"modern-rail-station","geometryType":"Point","sourceGeometryType":"Point","network":null,"station":null,"layer":null,"usage":null,"osm_way_id":null,"id":"station:node:2559434133","type":"station"},"geometry":{"type":"Point","coordinates":[139.5440803,35.7021298]}},{"type":"Feature","properties":{"railway":"station","name":"中野","name:ja":"中野","name:en":"Nakano","operator":"東日本旅客鉄道;東京地下鉄","ref":"JB07;JC06;T01","public_transport":"station","wikidata":"Q801234","wikipedia":"ja:中野駅 (東京都)","osm_element_type":"node","osm_element_id":2559434134,"sourceType":"openstreetmap","entityType":"modern-rail-station","geometryType":"Point","sourceGeometryType":"Point","network":null,"station":"subway","layer":null,"usage":null,"osm_way_id":null,"id":"station:node:2559434134","type":"station"},"geometry":{"type":"Point","coordinates":[139.665537,35.7058282]}},{"type":"Feature","properties":{"railway":"station","name":"西国分寺","name:ja":"西国分寺","name:en":"Nishi-Kokubunji","operator":"東日本旅客鉄道","ref":"JC17;JM33","public_transport":"station","wikidata":"Q801259","wikipedia":"ja:西国分寺駅","osm_element_type":"node","osm_element_id":2559434140,"sourceType":"openstreetmap","entityType":"modern-rail-station","geometryType":"Point","sourceGeometryType":"Point","network":null,"station":null,"layer":null,"usage":null,"osm_way_id":null,"id":"station:node:2559434140","type":"station"},"geometry":{"type":"Point","coordinates":[139.4660825,35.6997484]}},{"type":"Feature","properties":{"railway":"station","name":"西荻窪","name:ja":"西荻窪","name:en":"Nishi-Ogikubo","operator":"東日本旅客鉄道","ref":null,"public_transport":"station","wikidata":"Q801263","wikipedia":"ja:西荻窪駅","osm_element_type":"node","osm_element_id":2559434141,"sourceType":"openstreetmap","entityType":"modern-rail-station","geometryType":"Point","sourceGeometryType":"Point","network":null,"station":null,"layer":null,"usage":null,"osm_way_id":null,"id":"station:node:2559434141","type":"station"},"geometry":{"type":"Point","coordinates":[139.5996053,35.7037331]}},{"type":"Feature","properties":{"railway":"station","name":"西八王子","name:ja":null,"name:en":"Nishi-Hachioji","operator":"東日本旅客鉄道","ref":"JC23","public_transport":"station","wikidata":"Q500790","wikipedia":"ja:西八王子駅","osm_element_type":"node","osm_element_id":2559434142,"sourceType":"openstreetmap","entityType":"modern-rail-station","geometryType":"Point","sourceGeometryType":"Point","network":null,"station":null,"layer":null,"usage":null,"osm_way_id":null,"id":"station:node:2559434142","type":"station"},"geometry":{"type":"Point","coordinates":[139.3124161,35.6565227]}},{"type":"Feature","properties":{"railway":"station","name":"御茶ノ水","name:ja":"御茶ノ水","name:en":"Ochanomizu","operator":"東日本旅客鉄道","ref":null,"public_transport":"station","wikidata":"Q801289","wikipedia":"ja:御茶ノ水駅","osm_element_type":"node","osm_element_id":2559434143,"sourceType":"openstreetmap","entityType":"modern-rail-station","geometryType":"Point","sourceGeometryType":"Point","network":null,"station":null,"layer":null,"usage":null,"osm_way_id":null,"id":"station:node:2559434143","type":"station"},"geometry":{"type":"Point","coordinates":[139.7650173,35.699598]}},{"type":"Feature","properties":{"railway":"station","name":"立川","name:ja":"立川","name:en":"Tachikawa","operator":"東日本旅客鉄道","ref":"JC19;JN26","public_transport":"station","wikidata":"Q801501","wikipedia":"ja:立川駅","osm_element_type":"node","osm_element_id":2559434164,"sourceType":"openstreetmap","entityType":"modern-rail-station","geometryType":"Point","sourceGeometryType":"Point","network":null,"station":null,"layer":null,"usage":null,"osm_way_id":null,"id":"station:node:2559434164","type":"station"},"geometry":{"type":"Point","coordinates":[139.4135508,35.6979822]}},{"type":"Feature","properties":{"railway":"station","name":"高田馬場","name:ja":"高田馬場","name:en":"Takadanobaba","operator":"西武鉄道","ref":"SS02","public_transport":"station","wikidata":"Q801506","wikipedia":"ja:高田馬場駅","osm_element_type":"node","osm_element_id":2559434165,"sourceType":"openstreetmap","entityType":"modern-rail-station","geometryType":"Point","sourceGeometryType":"Point","network":"西武鉄道","station":null,"layer":null,"usage":null,"osm_way_id":null,"id":"station:node:2559434165","type":"station"},"geometry":{"type":"Point","coordinates":[139.7038744,35.7126401]}},{"type":"Feature","properties":{"railway":"station","name":"高田馬場","name:ja":"高田馬場","name:en":"Takadanobaba","operator":"東日本旅客鉄道","ref":"JY15","public_transport":"station","wikidata":"Q801506","wikipedia":"ja:高田馬場駅","osm_element_type":"node","osm_element_id":2559434166,"sourceType":"openstreetmap","entityType":"modern-rail-station","geometryType":"Point","sourceGeometryType":"Point","network":null,"station":null,"layer":null,"usage":null,"osm_way_id":null,"id":"station:node:2559434166","type":"station"},"geometry":{"type":"Point","coordinates":[139.7036425,35.7126839]}},{"type":"Feature","properties":{"railway":"station","name":"豊田","name:ja":"豊田","name:en":"Toyoda","operator":"東日本旅客鉄道","ref":"JC21","public_transport":"station","wikidata":"Q867338","wikipedia":"ja:豊田駅","osm_element_type":"node","osm_element_id":2559434167,"sourceType":"openstreetmap","entityType":"modern-rail-station","geometryType":"Point","sourceGeometryType":"Point","network":null,"station":null,"layer":null,"usage":null,"osm_way_id":null,"id":"station:node:2559434167","type":"station"},"geometry":{"type":"Point","coordinates":[139.3814849,35.6595146]}},{"type":"Feature","properties":{"railway":"station","name":"二子新地","name:ja":"二子新地","name:en":"Futako-shinchi","operator":"東急電鉄","ref":"DT08","public_transport":"station","wikidata":"Q5510461","wikipedia":"ja:二子新地駅","osm_element_type":"node","osm_element_id":2574447314,"sourceType":"openstreetmap","entityType":"modern-rail-station","geometryType":"Point","sourceGeometryType":"Point","network":null,"station":null,"layer":null,"usage":null,"osm_way_id":null,"id":"station:node:2574447314","type":"station"},"geometry":{"type":"Point","coordinates":[139.6224456,35.6071968]}},{"type":"Feature","properties":{"railway":"station","name":"高津","name:ja":"高津","name:en":"Takatsu","operator":"東京急行電鉄","ref":"DT09","public_transport":"station","wikidata":"Q7677439","wikipedia":"ja:高津駅 (神奈川県)","osm_element_type":"node","osm_element_id":2574447319,"sourceType":"openstreetmap","entityType":"modern-rail-station","geometryType":"Point","sourceGeometryType":"Point","network":null,"station":null,"layer":null,"usage":null,"osm_way_id":null,"id":"station:node:2574447319","type":"station"},"geometry":{"type":"Point","coordinates":[139.6169636,35.603179]}},{"type":"Feature","properties":{"railway":"station","name":"九品仏","name:ja":"九品仏","name:en":"Kuhombutsu","operator":"東急電鉄","ref":"OM11","public_transport":"station","wikidata":"Q6442177","wikipedia":"ja:九品仏駅","osm_element_type":"node","osm_element_id":2574536692,"sourceType":"openstreetmap","entityType":"modern-rail-station","geometryType":"Point","sourceGeometryType":"Point","network":"東急電鉄","station":null,"layer":null,"usage":null,"osm_way_id":null,"id":"station:node:2574536692","type":"station"},"geometry":{"type":"Point","coordinates":[139.6612181,35.6054056]}},{"type":"Feature","properties":{"railway":"station","name":"等々力","name:ja":"等々力","name:en":"Todoroki","operator":"東急電鉄","ref":"OM13","public_transport":"station","wikidata":"Q7812857","wikipedia":"ja:等々力駅","osm_element_type":"node","osm_element_id":2574536696,"sourceType":"openstreetmap","entityType":"modern-rail-station","geometryType":"Point","sourceGeometryType":"Point","network":"東急電鉄","station":null,"layer":null,"usage":null,"osm_way_id":null,"id":"station:node:2574536696","type":"station"},"geometry":{"type":"Point","coordinates":[139.6480235,35.608362]}},{"type":"Feature","properties":{"railway":"station","name":"新浦安","name:ja":"新浦安","name:en":"Shin-Urayasu","operator":"東日本旅客鉄道","ref":"JE08","public_transport":"station","wikidata":"Q844256","wikipedia":"ja:新浦安駅","osm_element_type":"node","osm_element_id":2597276891,"sourceType":"openstreetmap","entityType":"modern-rail-station","geometryType":"Point","sourceGeometryType":"Point","network":null,"station":null,"layer":null,"usage":"main","osm_way_id":null,"id":"station:node:2597276891","type":"station"},"geometry":{"type":"Point","coordinates":[139.9124954,35.6495336]}},{"type":"Feature","properties":{"railway":"station","name":"舞浜","name:ja":"舞浜","name:en":"Maihama","operator":"東日本旅客鉄道","ref":"JE07","public_transport":"station","wikidata":"Q801154","wikipedia":"ja:舞浜駅","osm_element_type":"node","osm_element_id":2597276892,"sourceType":"openstreetmap","entityType":"modern-rail-station","geometryType":"Point","sourceGeometryType":"Point","network":null,"station":null,"layer":null,"usage":"main","osm_way_id":null,"id":"station:node:2597276892","type":"station"},"geometry":{"type":"Point","coordinates":[139.8836057,35.636259]}},{"type":"Feature","properties":{"railway":"station","name":"小竹向原","name:ja":"小竹向原","name:en":"Kotake-mukaihara","operator":"西武鉄道;東京地下鉄","ref":"Y06;F06;SI37","public_transport":"station","wikidata":"Q93684","wikipedia":"ja:小竹向原駅","osm_element_type":"node","osm_element_id":2600954688,"sourceType":"openstreetmap","entityType":"modern-rail-station","geometryType":"Point","sourceGeometryType":"Point","network":null,"station":"subway","layer":null,"usage":null,"osm_way_id":null,"id":"station:node:2600954688","type":"station"},"geometry":{"type":"Point","coordinates":[139.6795267,35.7433734]}},{"type":"Feature","properties":{"railway":"station","name":"西ケ原","name:ja":"西ケ原","name:en":"Nishigahara","operator":"東京地下鉄","ref":"N15","public_transport":"station","wikidata":"Q151561","wikipedia":"ja:西ケ原駅","osm_element_type":"node","osm_element_id":2613600680,"sourceType":"openstreetmap","entityType":"modern-rail-station","geometryType":"Point","sourceGeometryType":"Point","network":null,"station":"subway","layer":null,"usage":null,"osm_way_id":null,"id":"station:node:2613600680","type":"station"},"geometry":{"type":"Point","coordinates":[139.7421722,35.7460496]}},{"type":"Feature","properties":{"railway":"station","name":"東十条","name:ja":"東十条","name:en":"Higashi-Jujo","operator":"東日本旅客鉄道","ref":"JK37","public_transport":"station","wikidata":"Q800919","wikipedia":"ja:東十条駅","osm_element_type":"node","osm_element_id":2620090842,"sourceType":"openstreetmap","entityType":"modern-rail-station","geometryType":"Point","sourceGeometryType":"Point","network":null,"station":null,"layer":null,"usage":null,"osm_way_id":null,"id":"station:node:2620090842","type":"station"},"geometry":{"type":"Point","coordinates":[139.726895,35.7638573]}},{"type":"Feature","properties":{"railway":"station","name":"赤土小学校前","name:ja":"赤土小学校前","name:en":"Akado-shogakkomae","operator":"東京都交通局","ref":"NT03","public_transport":"station","wikidata":"Q4700094","wikipedia":"ja:赤土小学校前駅","osm_element_type":"node","osm_element_id":2632036488,"sourceType":"openstreetmap","entityType":"modern-rail-station","geometryType":"Point","sourceGeometryType":"Point","network":null,"station":"light_rail","layer":null,"usage":null,"osm_way_id":null,"id":"station:node:2632036488","type":"station"},"geometry":{"type":"Point","coordinates":[139.7690418,35.7428607]}},{"type":"Feature","properties":{"railway":"station","name":"川口","name:ja":"川口","name:en":"Kawaguchi","operator":"東日本旅客鉄道","ref":"JK39","public_transport":"station","wikidata":"Q735498","wikipedia":"ja:川口駅","osm_element_type":"node","osm_element_id":2670191219,"sourceType":"openstreetmap","entityType":"modern-rail-station","geometryType":"Point","sourceGeometryType":"Point","network":null,"station":null,"layer":null,"usage":null,"osm_way_id":null,"id":"station:node:2670191219","type":"station"},"geometry":{"type":"Point","coordinates":[139.7175268,35.8019199]}},{"type":"Feature","properties":{"railway":"station","name":"鬼子母神前","name:ja":"鬼子母神前","name:en":"Kishibojimmae","operator":"東京都交通局","ref":null,"public_transport":"station","wikidata":"Q6416581","wikipedia":"ja:鬼子母神前停留場","osm_element_type":"node","osm_element_id":2696334868,"sourceType":"openstreetmap","entityType":"modern-rail-station","geometryType":"Point","sourceGeometryType":"Point","network":"都電荒川線","station":null,"layer":null,"usage":null,"osm_way_id":null,"id":"station:node:2696334868","type":"station"},"geometry":{"type":"Point","coordinates":[139.7148568,35.7202125]}},{"type":"Feature","properties":{"railway":"station","name":"多摩川","name:ja":"多摩川","name:en":"Tamagawa","operator":"東京急行電鉄","ref":"TY09;MG09;TM01","public_transport":"station","wikidata":"Q7680540","wikipedia":"ja:多摩川駅","osm_element_type":"node","osm_element_id":2702380569,"sourceType":"openstreetmap","entityType":"modern-rail-station","geometryType":"Point","sourceGeometryType":"Point","network":null,"station":null,"layer":null,"usage":null,"osm_way_id":null,"id":"station:node:2702380569","type":"station"},"geometry":{"type":"Point","coordinates":[139.6687943,35.5896908]}},{"type":"Feature","properties":{"railway":"station","name":"新木場","name:ja":"新木場","name:en":"Shin-kiba","operator":"東京臨海高速鉄道","ref":"R01","public_transport":"station","wikidata":"Q1376066","wikipedia":"ja:新木場駅","osm_element_type":"node","osm_element_id":2714358960,"sourceType":"openstreetmap","entityType":"modern-rail-station","geometryType":"Point","sourceGeometryType":"Point","network":null,"station":"subway","layer":null,"usage":null,"osm_way_id":null,"id":"station:node:2714358960","type":"station"},"geometry":{"type":"Point","coordinates":[139.8272901,35.6461392]}},{"type":"Feature","properties":{"railway":"station","name":"板橋","name:ja":"板橋","name:en":"Itabashi","operator":"東日本旅客鉄道","ref":"JA13","public_transport":"station","wikidata":"Q800966","wikipedia":"ja:板橋駅","osm_element_type":"node","osm_element_id":2723855432,"sourceType":"openstreetmap","entityType":"modern-rail-station","geometryType":"Point","sourceGeometryType":"Point","network":null,"station":null,"layer":null,"usage":null,"osm_way_id":null,"id":"station:node:2723855432","type":"station"},"geometry":{"type":"Point","coordinates":[139.7194366,35.7452718]}},{"type":"Feature","properties":{"railway":"station","name":"潮見","name:ja":"潮見","name:en":"Shiomi","operator":"東日本旅客鉄道","ref":"JE04","public_transport":"station","wikidata":"Q844315","wikipedia":"ja:潮見駅","osm_element_type":"node","osm_element_id":2729417341,"sourceType":"openstreetmap","entityType":"modern-rail-station","geometryType":"Point","sourceGeometryType":"Point","network":null,"station":null,"layer":null,"usage":"main","osm_way_id":null,"id":"station:node:2729417341","type":"station"},"geometry":{"type":"Point","coordinates":[139.8171968,35.6589236]}},{"type":"Feature","properties":{"railway":"station","name":"越中島","name:ja":"越中島","name:en":"Etchūjima","operator":"東日本旅客鉄道","ref":"JE03","public_transport":"station","wikidata":"Q844276","wikipedia":"ja:越中島駅","osm_element_type":"node","osm_element_id":2729417356,"sourceType":"openstreetmap","entityType":"modern-rail-station","geometryType":"Point","sourceGeometryType":"Point","network":null,"station":null,"layer":null,"usage":"main","osm_way_id":null,"id":"station:node:2729417356","type":"station"},"geometry":{"type":"Point","coordinates":[139.7926094,35.6679059]}},{"type":"Feature","properties":{"railway":"station","name":"茅場町","name:ja":"茅場町","name:en":"Kayabacho","operator":"東京地下鉄","ref":"T11","public_transport":"station","wikidata":"Q80566","wikipedia":"ja:茅場町駅","osm_element_type":"node","osm_element_id":2730655241,"sourceType":"openstreetmap","entityType":"modern-rail-station","geometryType":"Point","sourceGeometryType":"Point","network":null,"station":"subway","layer":null,"usage":null,"osm_way_id":null,"id":"station:node:2730655241","type":"station"},"geometry":{"type":"Point","coordinates":[139.7794236,35.6802291]}},{"type":"Feature","properties":{"railway":"station","name":"町屋二丁目","name:ja":"町屋二丁目","name:en":"Machiya-nichome","operator":"東京都交通局","ref":"SA07","public_transport":"station","wikidata":"Q11578231","wikipedia":null,"osm_element_type":"node","osm_element_id":2730694910,"sourceType":"openstreetmap","entityType":"modern-rail-station","geometryType":"Point","sourceGeometryType":"Point","network":null,"station":null,"layer":null,"usage":null,"osm_way_id":null,"id":"station:node:2730694910","type":"station"},"geometry":{"type":"Point","coordinates":[139.7767536,35.7437837]}},{"type":"Feature","properties":{"railway":"station","name":"荒川七丁目","name:ja":"荒川七丁目","name:en":"Arakawa-nanachome","operator":"東京都交通局","ref":"SA05","public_transport":"station","wikidata":"Q11618516","wikipedia":null,"osm_element_type":"node","osm_element_id":2730694911,"sourceType":"openstreetmap","entityType":"modern-rail-station","geometryType":"Point","sourceGeometryType":"Point","network":null,"station":null,"layer":null,"usage":null,"osm_way_id":null,"id":"station:node:2730694911","type":"station"},"geometry":{"type":"Point","coordinates":[139.7841403,35.741991]}},{"type":"Feature","properties":{"railway":"station","name":"世田谷代田","name:ja":"世田谷代田","name:en":"Setagaya-Daita","operator":"小田急電鉄","ref":"OH08","public_transport":"station","wikidata":"Q4448445","wikipedia":"ja:世田谷代田駅","osm_element_type":"node","osm_element_id":2732305545,"sourceType":"openstreetmap","entityType":"modern-rail-station","geometryType":"Point","sourceGeometryType":"Point","network":"小田急電鉄","station":null,"layer":null,"usage":null,"osm_way_id":null,"id":"station:node:2732305545","type":"station"},"geometry":{"type":"Point","coordinates":[139.6615307,35.6582913]}},{"type":"Feature","properties":{"railway":"station","name":"沼袋","name:ja":"沼袋","name:en":"Numabukuro","operator":"西武鉄道","ref":"SS06","public_transport":"station","wikidata":"Q843370","wikipedia":"ja:沼袋駅","osm_element_type":"node","osm_element_id":2733671211,"sourceType":"openstreetmap","entityType":"modern-rail-station","geometryType":"Point","sourceGeometryType":"Point","network":"西武鉄道","station":null,"layer":null,"usage":null,"osm_way_id":null,"id":"station:node:2733671211","type":"station"},"geometry":{"type":"Point","coordinates":[139.6646063,35.7192687]}},{"type":"Feature","properties":{"railway":"station","name":"津田山","name:ja":"津田山","name:en":"Tsudayama","operator":"東日本旅客鉄道","ref":"JN11","public_transport":"station","wikidata":"Q211015","wikipedia":"ja:津田山駅","osm_element_type":"node","osm_element_id":2738954712,"sourceType":"openstreetmap","entityType":"modern-rail-station","geometryType":"Point","sourceGeometryType":"Point","network":null,"station":null,"layer":null,"usage":null,"osm_way_id":null,"id":"station:node:2738954712","type":"station"},"geometry":{"type":"Point","coordinates":[139.6004567,35.6038824]}},{"type":"Feature","properties":{"railway":"station","name":"京王多摩センター","name:ja":"京王多摩センター","name:en":"Keio-tama-center","operator":"京王電鉄","ref":"KO41","public_transport":"station","wikidata":"Q988468","wikipedia":"ja:多摩センター駅","osm_element_type":"node","osm_element_id":2744378724,"sourceType":"openstreetmap","entityType":"modern-rail-station","geometryType":"Point","sourceGeometryType":"Point","network":null,"station":null,"layer":"4","usage":null,"osm_way_id":null,"id":"station:node:2744378724","type":"station"},"geometry":{"type":"Point","coordinates":[139.424397,35.6253226]}},{"type":"Feature","properties":{"railway":"station","name":"小田急多摩センター","name:ja":"小田急多摩センター","name:en":"Odakyu Tama Center","operator":"小田急電鉄","ref":"OT06","public_transport":"station","wikidata":"Q988468","wikipedia":"ja:多摩センター駅","osm_element_type":"node","osm_element_id":2744378732,"sourceType":"openstreetmap","entityType":"modern-rail-station","geometryType":"Point","sourceGeometryType":"Point","network":null,"station":null,"layer":"4","usage":null,"osm_way_id":null,"id":"station:node:2744378732","type":"station"},"geometry":{"type":"Point","coordinates":[139.4245522,35.6250229]}},{"type":"Feature","properties":{"railway":"station","name":"町田","name:ja":"町田","name:en":"Machida","operator":"東日本旅客鉄道","ref":"JH23","public_transport":"station","wikidata":"Q801146","wikipedia":"ja:町田駅","osm_element_type":"node","osm_element_id":2744378740,"sourceType":"openstreetmap","entityType":"modern-rail-station","geometryType":"Point","sourceGeometryType":"Point","network":null,"station":null,"layer":null,"usage":null,"osm_way_id":null,"id":"station:node:2744378740","type":"station"},"geometry":{"type":"Point","coordinates":[139.4454358,35.5420722]}},{"type":"Feature","properties":{"railway":"station","name":"八幡山","name:ja":"八幡山","name:en":"Hachimanyama","operator":"京王電鉄","ref":"KO10","public_transport":"station","wikidata":"Q4496530","wikipedia":"ja:八幡山駅","osm_element_type":"node","osm_element_id":2773536829,"sourceType":"openstreetmap","entityType":"modern-rail-station","geometryType":"Point","sourceGeometryType":"Point","network":null,"station":null,"layer":null,"usage":null,"osm_way_id":null,"id":"station:node:2773536829","type":"station"},"geometry":{"type":"Point","coordinates":[139.6157094,35.6698828]}},{"type":"Feature","properties":{"railway":"station","name":"四ツ谷","name:ja":"四ツ谷","name:en":"Yotsuya","operator":"東京地下鉄","ref":"M12","public_transport":"station","wikidata":null,"wikipedia":null,"osm_element_type":"node","osm_element_id":2822191201,"sourceType":"openstreetmap","entityType":"modern-rail-station","geometryType":"Point","sourceGeometryType":"Point","network":"ロ丸ノ内線","station":"subway","layer":null,"usage":null,"osm_way_id":null,"id":"station:node:2822191201","type":"station"},"geometry":{"type":"Point","coordinates":[139.7299237,35.6849915]}},{"type":"Feature","properties":{"railway":"station","name":"大井町","name:ja":"大井町","name:en":"Oimachi","operator":"東急電鉄","ref":"OM01","public_transport":"station","wikidata":"Q801690","wikipedia":"ja:大井町駅","osm_element_type":"node","osm_element_id":2926897392,"sourceType":"openstreetmap","entityType":"modern-rail-station","geometryType":"Point","sourceGeometryType":"Point","network":"東急電鉄","station":null,"layer":null,"usage":null,"osm_way_id":null,"id":"station:node:2926897392","type":"station"},"geometry":{"type":"Point","coordinates":[139.734319,35.6076529]}},{"type":"Feature","properties":{"railway":"station","name":"北松戸","name:ja":"北松戸","name:en":"Kita-Matsudo","operator":"東日本旅客鉄道","ref":null,"public_transport":"station","wikidata":"Q5364690","wikipedia":"ja:北松戸駅","osm_element_type":"node","osm_element_id":3012068695,"sourceType":"openstreetmap","entityType":"modern-rail-station","geometryType":"Point","sourceGeometryType":"Point","network":null,"station":null,"layer":null,"usage":null,"osm_way_id":null,"id":"station:node:3012068695","type":"station"},"geometry":{"type":"Point","coordinates":[139.9117339,35.8006101]}},{"type":"Feature","properties":{"railway":"station","name":"松戸","name:ja":"松戸","name:en":"Matsudo","operator":"京成電鉄","ref":null,"public_transport":"station","wikidata":"Q841460","wikipedia":"ja:松戸駅","osm_element_type":"node","osm_element_id":3012068708,"sourceType":"openstreetmap","entityType":"modern-rail-station","geometryType":"Point","sourceGeometryType":"Point","network":null,"station":null,"layer":null,"usage":null,"osm_way_id":null,"id":"station:node:3012068708","type":"station"},"geometry":{"type":"Point","coordinates":[139.9009417,35.7843061]}},{"type":"Feature","properties":{"railway":"station","name":"松戸","name:ja":"松戸","name:en":"Matsudo","operator":"東日本旅客鉄道","ref":"JJ06;JL22","public_transport":"station","wikidata":"Q841460","wikipedia":"ja:松戸駅","osm_element_type":"node","osm_element_id":3012068709,"sourceType":"openstreetmap","entityType":"modern-rail-station","geometryType":"Point","sourceGeometryType":"Point","network":null,"station":null,"layer":null,"usage":null,"osm_way_id":null,"id":"station:node:3012068709","type":"station"},"geometry":{"type":"Point","coordinates":[139.9006078,35.7844366]}},{"type":"Feature","properties":{"railway":"station","name":"ダム下 山麓","name:ja":null,"name:en":null,"operator":null,"ref":null,"public_transport":"station","wikidata":null,"wikipedia":null,"osm_element_type":"node","osm_element_id":3162565033,"sourceType":"openstreetmap","entityType":"modern-rail-station","geometryType":"Point","sourceGeometryType":"Point","network":null,"station":null,"layer":null,"usage":null,"osm_way_id":null,"id":"station:node:3162565033","type":"station"},"geometry":{"type":"Point","coordinates":[139.2500205,35.5416373]}},{"type":"Feature","properties":{"railway":"station","name":"武蔵砂川","name:ja":null,"name:en":"Musashi-Sunagawa","operator":"西武鉄道","ref":null,"public_transport":"station","wikidata":"Q8015376","wikipedia":"ja:武蔵砂川駅","osm_element_type":"node","osm_element_id":3279736246,"sourceType":"openstreetmap","entityType":"modern-rail-station","geometryType":"Point","sourceGeometryType":"Point","network":"西武鉄道","station":null,"layer":null,"usage":null,"osm_way_id":null,"id":"station:node:3279736246","type":"station"},"geometry":{"type":"Point","coordinates":[139.3922831,35.7289155]}},{"type":"Feature","properties":{"railway":"station","name":"青海","name:ja":"青海","name:en":"Aomi","operator":"ゆりかもめ","ref":"U10","public_transport":"station","wikidata":"Q1042051","wikipedia":"ja:青海駅 (東京都)","osm_element_type":"node","osm_element_id":3349839243,"sourceType":"openstreetmap","entityType":"modern-rail-station","geometryType":"Point","sourceGeometryType":"Point","network":null,"station":"light_rail","layer":null,"usage":null,"osm_way_id":null,"id":"station:node:3349839243","type":"station"},"geometry":{"type":"Point","coordinates":[139.7812328,35.6247166]}},{"type":"Feature","properties":{"railway":"station","name":"台場","name:ja":"台場","name:en":"Daiba","operator":"ゆりかもめ","ref":"U07","public_transport":"station","wikidata":"Q906784","wikipedia":"ja:台場駅","osm_element_type":"node","osm_element_id":3349902307,"sourceType":"openstreetmap","entityType":"modern-rail-station","geometryType":"Point","sourceGeometryType":"Point","network":null,"station":"light_rail","layer":null,"usage":null,"osm_way_id":null,"id":"station:node:3349902307","type":"station"},"geometry":{"type":"Point","coordinates":[139.7714067,35.6258854]}},{"type":"Feature","properties":{"railway":"station","name":"東京国際クルーズターミナル","name:ja":"東京国際クルーズターミナル","name:en":"Tokyo International Cruise Terminal","operator":"ゆりかもめ","ref":"U08","public_transport":"station","wikidata":"Q852902","wikipedia":"ja:東京国際クルーズターミナル駅","osm_element_type":"node","osm_element_id":3349902308,"sourceType":"openstreetmap","entityType":"modern-rail-station","geometryType":"Point","sourceGeometryType":"Point","network":"ゆりかもめ東京臨海新交通臨海線","station":"light_rail","layer":null,"usage":null,"osm_way_id":null,"id":"station:node:3349902308","type":"station"},"geometry":{"type":"Point","coordinates":[139.7730812,35.621401]}},{"type":"Feature","properties":{"railway":"station","name":"お台場海浜公園","name:ja":"お台場海浜公園","name:en":"Odaiba-kaihinkoen","operator":"ゆりかもめ","ref":"U06","public_transport":"station","wikidata":"Q858883","wikipedia":"ja:お台場海浜公園駅","osm_element_type":"node","osm_element_id":3349902309,"sourceType":"openstreetmap","entityType":"modern-rail-station","geometryType":"Point","sourceGeometryType":"Point","network":null,"station":"light_rail","layer":null,"usage":null,"osm_way_id":null,"id":"station:node:3349902309","type":"station"},"geometry":{"type":"Point","coordinates":[139.7788045,35.6299058]}},{"type":"Feature","properties":{"railway":"station","name":"有明","name:ja":"有明","name:en":"Ariake","operator":"ゆりかもめ","ref":"U12","public_transport":"station","wikidata":"Q17719","wikipedia":"ja:有明駅 (東京都)","osm_element_type":"node","osm_element_id":3349961077,"sourceType":"openstreetmap","entityType":"modern-rail-station","geometryType":"Point","sourceGeometryType":"Point","network":null,"station":"light_rail","layer":null,"usage":null,"osm_way_id":null,"id":"station:node:3349961077","type":"station"},"geometry":{"type":"Point","coordinates":[139.7933259,35.6345339]}},{"type":"Feature","properties":{"railway":"station","name":"有明テニスの森","name:ja":"有明テニスの森","name:en":"Ariake-Tennis-no-mori","operator":"ゆりかもめ","ref":"U13","public_transport":"station","wikidata":"Q373913","wikipedia":"ja:有明テニスの森駅","osm_element_type":"node","osm_element_id":3349961078,"sourceType":"openstreetmap","entityType":"modern-rail-station","geometryType":"Point","sourceGeometryType":"Point","network":null,"station":"light_rail","layer":null,"usage":null,"osm_way_id":null,"id":"station:node:3349961078","type":"station"},"geometry":{"type":"Point","coordinates":[139.7887862,35.6401103]}},{"type":"Feature","properties":{"railway":"station","name":"日の出","name:ja":"日の出","name:en":"Hinode","operator":"ゆりかもめ","ref":"U04","public_transport":"station","wikidata":"Q5365974","wikipedia":"ja:日の出駅","osm_element_type":"node","osm_element_id":3349961079,"sourceType":"openstreetmap","entityType":"modern-rail-station","geometryType":"Point","sourceGeometryType":"Point","network":null,"station":"light_rail","layer":null,"usage":null,"osm_way_id":null,"id":"station:node:3349961079","type":"station"},"geometry":{"type":"Point","coordinates":[139.759088,35.6491505]}},{"type":"Feature","properties":{"railway":"station","name":"東京ビッグサイト","name:ja":"東京ビッグサイト","name:en":"Tokyo Big Sight","operator":"ゆりかもめ","ref":"U11","public_transport":"station","wikidata":"Q841620","wikipedia":"ja:東京ビッグサイト駅","osm_element_type":"node","osm_element_id":3349961080,"sourceType":"openstreetmap","entityType":"modern-rail-station","geometryType":"Point","sourceGeometryType":"Point","network":null,"station":"light_rail","layer":null,"usage":null,"osm_way_id":null,"id":"station:node:3349961080","type":"station"},"geometry":{"type":"Point","coordinates":[139.7913707,35.6302189]}},{"type":"Feature","properties":{"railway":"station","name":"芝浦ふ頭","name:ja":"芝浦ふ頭","name:en":"Shibaura-futo","operator":"ゆりかもめ","ref":"U05","public_transport":"station","wikidata":"Q858865","wikipedia":"ja:芝浦ふ頭駅","osm_element_type":"node","osm_element_id":3349961081,"sourceType":"openstreetmap","entityType":"modern-rail-station","geometryType":"Point","sourceGeometryType":"Point","network":null,"station":"light_rail","layer":null,"usage":null,"osm_way_id":null,"id":"station:node:3349961081","type":"station"},"geometry":{"type":"Point","coordinates":[139.7577715,35.6417259]}},{"type":"Feature","properties":{"railway":"station","name":"市場前","name:ja":"市場前","name:en":"Shijo-mae","operator":"ゆりかもめ","ref":"U14","public_transport":"station","wikidata":"Q859054","wikipedia":"ja:市場前駅","osm_element_type":"node","osm_element_id":3349961082,"sourceType":"openstreetmap","entityType":"modern-rail-station","geometryType":"Point","sourceGeometryType":"Point","network":null,"station":"light_rail","layer":null,"usage":null,"osm_way_id":null,"id":"station:node:3349961082","type":"station"},"geometry":{"type":"Point","coordinates":[139.785778,35.6457626]}},{"type":"Feature","properties":{"railway":"station","name":"新橋","name:ja":"新橋","name:en":"Shimbashi","operator":"ゆりかもめ","ref":"U01","public_transport":"station","wikidata":"Q801436","wikipedia":"ja:新橋駅","osm_element_type":"node","osm_element_id":3349961083,"sourceType":"openstreetmap","entityType":"modern-rail-station","geometryType":"Point","sourceGeometryType":"Point","network":"ゆりかもめ東京臨海新交通臨海線","station":"light_rail","layer":null,"usage":null,"osm_way_id":null,"id":"station:node:3349961083","type":"station"},"geometry":{"type":"Point","coordinates":[139.7598367,35.6653649]}},{"type":"Feature","properties":{"railway":"station","name":"新豊洲","name:ja":"新豊洲","name:en":"Shin-Toyosu","operator":"ゆりかもめ","ref":"U15","public_transport":"station","wikidata":"Q766348","wikipedia":"ja:新豊洲駅","osm_element_type":"node","osm_element_id":3349961084,"sourceType":"openstreetmap","entityType":"modern-rail-station","geometryType":"Point","sourceGeometryType":"Point","network":null,"station":"light_rail","layer":null,"usage":null,"osm_way_id":null,"id":"station:node:3349961084","type":"station"},"geometry":{"type":"Point","coordinates":[139.7901891,35.6487492]}},{"type":"Feature","properties":{"railway":"station","name":"汐留","name:ja":"汐留","name:en":"Shiodome","operator":"ゆりかもめ","ref":"U02","public_transport":"station","wikidata":"Q1063299","wikipedia":"ja:汐留駅","osm_element_type":"node","osm_element_id":3349961085,"sourceType":"openstreetmap","entityType":"modern-rail-station","geometryType":"Point","sourceGeometryType":"Point","network":"ゆりかもめ東京臨海新交通臨海線","station":null,"layer":null,"usage":null,"osm_way_id":null,"id":"station:node:3349961085","type":"station"},"geometry":{"type":"Point","coordinates":[139.7599809,35.6629205]}},{"type":"Feature","properties":{"railway":"station","name":"竹芝","name:ja":"竹芝","name:en":"Takeshiba","operator":"ゆりかもめ","ref":"U03","public_transport":"station","wikidata":"Q858876","wikipedia":"ja:竹芝駅","osm_element_type":"node","osm_element_id":3349961086,"sourceType":"openstreetmap","entityType":"modern-rail-station","geometryType":"Point","sourceGeometryType":"Point","network":null,"station":"light_rail","layer":null,"usage":null,"osm_way_id":null,"id":"station:node:3349961086","type":"station"},"geometry":{"type":"Point","coordinates":[139.7619159,35.6539872]}},{"type":"Feature","properties":{"railway":"station","name":"テレコムセンター","name:ja":"テレコムセンター","name:en":"Telecom Center","operator":"ゆりかもめ","ref":"U09","public_transport":"station","wikidata":"Q859177","wikipedia":"ja:テレコムセンター駅","osm_element_type":"node","osm_element_id":3349961087,"sourceType":"openstreetmap","entityType":"modern-rail-station","geometryType":"Point","sourceGeometryType":"Point","network":null,"station":"light_rail","layer":null,"usage":null,"osm_way_id":null,"id":"station:node:3349961087","type":"station"},"geometry":{"type":"Point","coordinates":[139.7794432,35.6175666]}},{"type":"Feature","properties":{"railway":"station","name":"豊洲","name:ja":"豊洲","name:en":"Toyosu","operator":"ゆりかもめ","ref":"U16","public_transport":"station","wikidata":"Q1141968","wikipedia":"ja:豊洲駅","osm_element_type":"node","osm_element_id":3349961088,"sourceType":"openstreetmap","entityType":"modern-rail-station","geometryType":"Point","sourceGeometryType":"Point","network":null,"station":"light_rail","layer":null,"usage":null,"osm_way_id":null,"id":"station:node:3349961088","type":"station"},"geometry":{"type":"Point","coordinates":[139.7954311,35.6537476]}},{"type":"Feature","properties":{"railway":"station","name":"蒲田","name:ja":"蒲田","name:en":"Kamata","operator":"東日本旅客鉄道","ref":"JK17","public_transport":"station","wikidata":"Q800981","wikipedia":"ja:蒲田駅","osm_element_type":"node","osm_element_id":3547330602,"sourceType":"openstreetmap","entityType":"modern-rail-station","geometryType":"Point","sourceGeometryType":"Point","network":null,"station":null,"layer":null,"usage":null,"osm_way_id":null,"id":"station:node:3547330602","type":"station"},"geometry":{"type":"Point","coordinates":[139.715978,35.5624095]}},{"type":"Feature","properties":{"railway":"station","name":"上中里","name:ja":"上中里","name:en":"Kami-Nakazato","operator":"東日本旅客鉄道","ref":"JK35","public_transport":"station","wikidata":"Q910858","wikipedia":"ja:上中里駅","osm_element_type":"node","osm_element_id":3547330603,"sourceType":"openstreetmap","entityType":"modern-rail-station","geometryType":"Point","sourceGeometryType":"Point","network":null,"station":null,"layer":null,"usage":null,"osm_way_id":null,"id":"station:node:3547330603","type":"station"},"geometry":{"type":"Point","coordinates":[139.7463895,35.7469479]}},{"type":"Feature","properties":{"railway":"station","name":"大井町","name:ja":"大井町","name:en":"Oimachi","operator":"東日本旅客鉄道","ref":"JK19","public_transport":"station","wikidata":"Q801690","wikipedia":"ja:大井町駅","osm_element_type":"node","osm_element_id":3547330606,"sourceType":"openstreetmap","entityType":"modern-rail-station","geometryType":"Point","sourceGeometryType":"Point","network":"京浜東北線","station":null,"layer":null,"usage":null,"osm_way_id":null,"id":"station:node:3547330606","type":"station"},"geometry":{"type":"Point","coordinates":[139.7348829,35.6063926]}},{"type":"Feature","properties":{"railway":"station","name":"王子","name:ja":null,"name:en":"Ōji","operator":"東日本旅客鉄道","ref":"JK36","public_transport":"station","wikidata":"Q801689","wikipedia":"ja:王子駅","osm_element_type":"node","osm_element_id":3547330607,"sourceType":"openstreetmap","entityType":"modern-rail-station","geometryType":"Point","sourceGeometryType":"Point","network":null,"station":null,"layer":null,"usage":null,"osm_way_id":null,"id":"station:node:3547330607","type":"station"},"geometry":{"type":"Point","coordinates":[139.7382632,35.7523456]}},{"type":"Feature","properties":{"railway":"station","name":"大森","name:ja":"大森","name:en":"Omori","operator":"東日本旅客鉄道","ref":"JK18","public_transport":"station","wikidata":"Q80420","wikipedia":"ja:大森駅 (東京都)","osm_element_type":"node","osm_element_id":3547330608,"sourceType":"openstreetmap","entityType":"modern-rail-station","geometryType":"Point","sourceGeometryType":"Point","network":null,"station":null,"layer":null,"usage":null,"osm_way_id":null,"id":"station:node:3547330608","type":"station"},"geometry":{"type":"Point","coordinates":[139.7278528,35.5885055]}},{"type":"Feature","properties":{"railway":"station","name":"拝島","name:ja":"拝島","name:en":"Haijima","operator":"東日本旅客鉄道","ref":null,"public_transport":"station","wikidata":"Q1065988","wikipedia":"ja:拝島駅","osm_element_type":"node","osm_element_id":3556466290,"sourceType":"openstreetmap","entityType":"modern-rail-station","geometryType":"Point","sourceGeometryType":"Point","network":null,"station":null,"layer":null,"usage":null,"osm_way_id":null,"id":"station:node:3556466290","type":"station"},"geometry":{"type":"Point","coordinates":[139.3436264,35.7211328]}},{"type":"Feature","properties":{"railway":"station","name":"大師前","name:ja":"大師前","name:en":"Daishimae","operator":"東武鉄道","ref":"TS51","public_transport":"station","wikidata":"Q5209614","wikipedia":"ja:大師前駅","osm_element_type":"node","osm_element_id":3558446593,"sourceType":"openstreetmap","entityType":"modern-rail-station","geometryType":"Point","sourceGeometryType":"Point","network":"東武鉄道","station":null,"layer":null,"usage":null,"osm_way_id":null,"id":"station:node:3558446593","type":"station"},"geometry":{"type":"Point","coordinates":[139.7814629,35.7788753]}},{"type":"Feature","properties":{"railway":"station","name":"西新井","name:ja":"西新井","name:en":"Nishiarai","operator":"東武鉄道","ref":"TS13","public_transport":"station","wikidata":"Q841838","wikipedia":"ja:西新井駅","osm_element_type":"node","osm_element_id":3558446594,"sourceType":"openstreetmap","entityType":"modern-rail-station","geometryType":"Point","sourceGeometryType":"Point","network":"東武鉄道","station":null,"layer":null,"usage":null,"osm_way_id":null,"id":"station:node:3558446594","type":"station"},"geometry":{"type":"Point","coordinates":[139.790321,35.777253]}},{"type":"Feature","properties":{"railway":"station","name":"東あずま","name:ja":"東あずま","name:en":"Higashi-azuma","operator":"東武鉄道","ref":"TS42","public_transport":"station","wikidata":"Q11523777","wikipedia":"ja:東あずま駅","osm_element_type":"node","osm_element_id":3558471784,"sourceType":"openstreetmap","entityType":"modern-rail-station","geometryType":"Point","sourceGeometryType":"Point","network":"東武鉄道","station":null,"layer":null,"usage":null,"osm_way_id":null,"id":"station:node:3558471784","type":"station"},"geometry":{"type":"Point","coordinates":[139.8318081,35.7070693]}},{"type":"Feature","properties":{"railway":"station","name":"曳舟","name:ja":"曳舟","name:en":"Hikifune","operator":"東武鉄道","ref":"TS04","public_transport":"station","wikidata":"Q842038","wikipedia":"ja:曳舟駅","osm_element_type":"node","osm_element_id":3558471786,"sourceType":"openstreetmap","entityType":"modern-rail-station","geometryType":"Point","sourceGeometryType":"Point","network":"東武鉄道","station":null,"layer":null,"usage":null,"osm_way_id":null,"id":"station:node:3558471786","type":"station"},"geometry":{"type":"Point","coordinates":[139.8167501,35.7183056]}},{"type":"Feature","properties":{"railway":"station","name":"亀戸水神","name:ja":"亀戸水神","name:en":"Kameidosuijin","operator":"東武鉄道","ref":"TS43","public_transport":"station","wikidata":"Q6356576","wikipedia":"ja:亀戸水神駅","osm_element_type":"node","osm_element_id":3558471790,"sourceType":"openstreetmap","entityType":"modern-rail-station","geometryType":"Point","sourceGeometryType":"Point","network":null,"station":null,"layer":null,"usage":null,"osm_way_id":null,"id":"station:node:3558471790","type":"station"},"geometry":{"type":"Point","coordinates":[139.8335333,35.7000853]}},{"type":"Feature","properties":{"railway":"station","name":"小村井","name:ja":"小村井","name:en":"Omurai","operator":"東武鉄道","ref":"TS41","public_transport":"station","wikidata":"Q7090805","wikipedia":"ja:小村井駅","osm_element_type":"node","osm_element_id":3558471792,"sourceType":"openstreetmap","entityType":"modern-rail-station","geometryType":"Point","sourceGeometryType":"Point","network":"東武鉄道","station":null,"layer":null,"usage":null,"osm_way_id":null,"id":"station:node:3558471792","type":"station"},"geometry":{"type":"Point","coordinates":[139.8277754,35.7102802]}},{"type":"Feature","properties":{"railway":"station","name":"参宮橋","name:ja":"参宮橋","name:en":"Sangubashi","operator":"小田急電鉄","ref":"OH03","public_transport":"station","wikidata":"Q1010020","wikipedia":"ja:参宮橋駅","osm_element_type":"node","osm_element_id":3613410677,"sourceType":"openstreetmap","entityType":"modern-rail-station","geometryType":"Point","sourceGeometryType":"Point","network":"小田急電鉄","station":null,"layer":null,"usage":null,"osm_way_id":null,"id":"station:node:3613410677","type":"station"},"geometry":{"type":"Point","coordinates":[139.6936737,35.6787414]}},{"type":"Feature","properties":{"railway":"station","name":"高尾","name:ja":null,"name:en":"Takao","operator":"京王電鉄","ref":"KO52","public_transport":"station","wikidata":"Q1065002","wikipedia":"ja:高尾駅 (東京都)","osm_element_type":"node","osm_element_id":3622405815,"sourceType":"openstreetmap","entityType":"modern-rail-station","geometryType":"Point","sourceGeometryType":"Point","network":null,"station":null,"layer":null,"usage":null,"osm_way_id":null,"id":"station:node:3622405815","type":"station"},"geometry":{"type":"Point","coordinates":[139.2816337,35.64166]}},{"type":"Feature","properties":{"railway":"station","name":"高尾","name:ja":null,"name:en":"Takao","operator":"東日本旅客鉄道","ref":"JC24","public_transport":"station","wikidata":"Q1065002","wikipedia":"ja:高尾駅 (東京都)","osm_element_type":"node","osm_element_id":3622405816,"sourceType":"openstreetmap","entityType":"modern-rail-station","geometryType":"Point","sourceGeometryType":"Point","network":null,"station":null,"layer":null,"usage":null,"osm_way_id":null,"id":"station:node:3622405816","type":"station"},"geometry":{"type":"Point","coordinates":[139.2826625,35.6423428]}},{"type":"Feature","properties":{"railway":"station","name":"下北沢","name:ja":null,"name:en":"Shimo-Kitazawa","operator":"京王電鉄","ref":"IN05","public_transport":"station","wikidata":"Q1059947","wikipedia":"ja:下北沢駅","osm_element_type":"node","osm_element_id":3623712582,"sourceType":"openstreetmap","entityType":"modern-rail-station","geometryType":"Point","sourceGeometryType":"Point","network":null,"station":null,"layer":null,"usage":null,"osm_way_id":null,"id":"station:node:3623712582","type":"station"},"geometry":{"type":"Point","coordinates":[139.6670604,35.6615657]}},{"type":"Feature","properties":{"railway":"station","name":"明大前","name:ja":"明大前","name:en":"Meidaimae","operator":"京王電鉄","ref":"KO06;IN08","public_transport":"station","wikidata":"Q906793","wikipedia":"ja:明大前駅","osm_element_type":"node","osm_element_id":3623712584,"sourceType":"openstreetmap","entityType":"modern-rail-station","geometryType":"Point","sourceGeometryType":"Point","network":null,"station":null,"layer":null,"usage":null,"osm_way_id":null,"id":"station:node:3623712584","type":"station"},"geometry":{"type":"Point","coordinates":[139.6504275,35.6684337]}},{"type":"Feature","properties":{"railway":"station","name":"渋谷","name:ja":"渋谷","name:en":"Shibuya","operator":"京王電鉄","ref":"IN01","public_transport":"station","wikidata":"Q428811","wikipedia":"ja:渋谷駅","osm_element_type":"node","osm_element_id":3623713008,"sourceType":"openstreetmap","entityType":"modern-rail-station","geometryType":"Point","sourceGeometryType":"Point","network":null,"station":null,"layer":null,"usage":null,"osm_way_id":null,"id":"station:node:3623713008","type":"station"},"geometry":{"type":"Point","coordinates":[139.6991599,35.6585367]}},{"type":"Feature","properties":{"railway":"station","name":"中村橋","name:ja":"中村橋","name:en":"Nakamurabashi","operator":"西武鉄道","ref":"SI07","public_transport":"station","wikidata":"Q6960255","wikipedia":"ja:中村橋駅","osm_element_type":"node","osm_element_id":3624969353,"sourceType":"openstreetmap","entityType":"modern-rail-station","geometryType":"Point","sourceGeometryType":"Point","network":"西武鉄道","station":null,"layer":null,"usage":null,"osm_way_id":null,"id":"station:node:3624969353","type":"station"},"geometry":{"type":"Point","coordinates":[139.6378105,35.7368176]}},{"type":"Feature","properties":{"railway":"station","name":"清瀬","name:ja":"清瀬","name:en":"Kiyose","operator":"西武鉄道","ref":"SI15","public_transport":"station","wikidata":"Q6419078","wikipedia":"ja:清瀬駅","osm_element_type":"node","osm_element_id":3624969356,"sourceType":"openstreetmap","entityType":"modern-rail-station","geometryType":"Point","sourceGeometryType":"Point","network":"西武鉄道","station":null,"layer":null,"usage":null,"osm_way_id":null,"id":"station:node:3624969356","type":"station"},"geometry":{"type":"Point","coordinates":[139.5198187,35.772084]}},{"type":"Feature","properties":{"railway":"station","name":"ひばりヶ丘","name:ja":"ひばりヶ丘","name:en":"Hibarigaoka","operator":"西武鉄道","ref":"SI13","public_transport":"station","wikidata":"Q8016226","wikipedia":"ja:ひばりヶ丘駅","osm_element_type":"node","osm_element_id":3625068721,"sourceType":"openstreetmap","entityType":"modern-rail-station","geometryType":"Point","sourceGeometryType":"Point","network":"西武鉄道","station":null,"layer":null,"usage":null,"osm_way_id":null,"id":"station:node:3625068721","type":"station"},"geometry":{"type":"Point","coordinates":[139.5455333,35.7515231]}},{"type":"Feature","properties":{"railway":"station","name":"小手指","name:ja":"小手指","name:en":"Kotesashi","operator":"西武鉄道","ref":"SI19","public_transport":"station","wikidata":"Q6433936","wikipedia":"ja:小手指駅","osm_element_type":"node","osm_element_id":3625203341,"sourceType":"openstreetmap","entityType":"modern-rail-station","geometryType":"Point","sourceGeometryType":"Point","network":"西武鉄道","station":null,"layer":null,"usage":null,"osm_way_id":null,"id":"station:node:3625203341","type":"station"},"geometry":{"type":"Point","coordinates":[139.4377917,35.8006184]}},{"type":"Feature","properties":{"railway":"station","name":"西所沢","name:ja":"西所沢","name:en":"Nishi-Tokorozawa","operator":"西武鉄道","ref":"SI18","public_transport":"station","wikidata":"Q7040433","wikipedia":"ja:西所沢駅","osm_element_type":"node","osm_element_id":3625203344,"sourceType":"openstreetmap","entityType":"modern-rail-station","geometryType":"Point","sourceGeometryType":"Point","network":"西武鉄道","station":null,"layer":null,"usage":null,"osm_way_id":null,"id":"station:node:3625203344","type":"station"},"geometry":{"type":"Point","coordinates":[139.4560657,35.7889568]}},{"type":"Feature","properties":{"railway":"station","name":"練馬","name:ja":"練馬","name:en":"Nerima","operator":"西武鉄道","ref":"SI06","public_transport":"station","wikidata":"Q906953","wikipedia":"ja:練馬駅","osm_element_type":"node","osm_element_id":3625262338,"sourceType":"openstreetmap","entityType":"modern-rail-station","geometryType":"Point","sourceGeometryType":"Point","network":"西武鉄道","station":null,"layer":null,"usage":null,"osm_way_id":null,"id":"station:node:3625262338","type":"station"},"geometry":{"type":"Point","coordinates":[139.6540818,35.737877]}},{"type":"Feature","properties":{"railway":"station","name":"東長崎","name:ja":"東長崎","name:en":"Higashi-Nagasaki","operator":"西武鉄道","ref":"SI03","public_transport":"station","wikidata":"Q843275","wikipedia":"ja:東長崎駅","osm_element_type":"node","osm_element_id":3625412826,"sourceType":"openstreetmap","entityType":"modern-rail-station","geometryType":"Point","sourceGeometryType":"Point","network":"西武鉄道","station":null,"layer":null,"usage":null,"osm_way_id":null,"id":"station:node:3625412826","type":"station"},"geometry":{"type":"Point","coordinates":[139.6828643,35.7302608]}},{"type":"Feature","properties":{"railway":"station","name":"代官山","name:ja":"代官山","name:en":"Daikan-yama","operator":"東京急行電鉄","ref":"TY02","public_transport":null,"wikidata":"Q852326","wikipedia":"ja:代官山駅","osm_element_type":"node","osm_element_id":3656056035,"sourceType":"openstreetmap","entityType":"modern-rail-station","geometryType":"Point","sourceGeometryType":"Point","network":null,"station":"subway","layer":null,"usage":null,"osm_way_id":null,"id":"station:node:3656056035","type":"station"},"geometry":{"type":"Point","coordinates":[139.703293,35.648157]}},{"type":"Feature","properties":{"railway":"station","name":"新丸子","name:ja":"新丸子","name:en":"Shin-maruko","operator":"東京急行電鉄","ref":"TY10;MG10","public_transport":"station","wikidata":"Q7497117","wikipedia":"ja:新丸子駅","osm_element_type":"node","osm_element_id":3656056036,"sourceType":"openstreetmap","entityType":"modern-rail-station","geometryType":"Point","sourceGeometryType":"Point","network":null,"station":null,"layer":null,"usage":null,"osm_way_id":null,"id":"station:node:3656056036","type":"station"},"geometry":{"type":"Point","coordinates":[139.6620517,35.5806646]}},{"type":"Feature","properties":{"railway":"station","name":"綾瀬","name:ja":"綾瀬","name:en":"Ayase","operator":"東京地下鉄","ref":"C19","public_transport":"station","wikidata":"Q390691","wikipedia":"ja:綾瀬駅","osm_element_type":"node","osm_element_id":3656464152,"sourceType":"openstreetmap","entityType":"modern-rail-station","geometryType":"Point","sourceGeometryType":"Point","network":null,"station":"subway","layer":null,"usage":null,"osm_way_id":null,"id":"station:node:3656464152","type":"station"},"geometry":{"type":"Point","coordinates":[139.8248669,35.7621283]}},{"type":"Feature","properties":{"railway":"station","name":"浅草","name:ja":"浅草","name:en":"Asakusa","operator":"東武鉄道","ref":"TS01","public_transport":"station","wikidata":"Q800405","wikipedia":"ja:浅草駅","osm_element_type":"node","osm_element_id":3666779220,"sourceType":"openstreetmap","entityType":"modern-rail-station","geometryType":"Point","sourceGeometryType":"Point","network":"東武鉄道","station":null,"layer":null,"usage":null,"osm_way_id":null,"id":"station:node:3666779220","type":"station"},"geometry":{"type":"Point","coordinates":[139.7983683,35.7119514]}},{"type":"Feature","properties":{"railway":"station","name":"とうきょうスカイツリー","name:ja":null,"name:en":"TOKYO SKYTREE","operator":"東武鉄道","ref":"TS02","public_transport":"station","wikidata":"Q900250","wikipedia":"ja:とうきょうスカイツリー駅","osm_element_type":"node","osm_element_id":3666779222,"sourceType":"openstreetmap","entityType":"modern-rail-station","geometryType":"Point","sourceGeometryType":"Point","network":null,"station":null,"layer":null,"usage":null,"osm_way_id":null,"id":"station:node:3666779222","type":"station"},"geometry":{"type":"Point","coordinates":[139.8110139,35.7106916]}},{"type":"Feature","properties":{"railway":"station","name":"押上〈スカイツリー前〉","name:ja":null,"name:en":"Oshiage 'SKYTREE'","operator":"京成電鉄;東京都交通局","ref":"KS45;A20;Z14","public_transport":"station","wikidata":"Q80545","wikipedia":"ja:押上駅","osm_element_type":"node","osm_element_id":3666792383,"sourceType":"openstreetmap","entityType":"modern-rail-station","geometryType":"Point","sourceGeometryType":"Point","network":null,"station":"subway","layer":null,"usage":null,"osm_way_id":null,"id":"station:node:3666792383","type":"station"},"geometry":{"type":"Point","coordinates":[139.8132943,35.7102863]}},{"type":"Feature","properties":{"railway":"station","name":"明治神宮前〈原宿〉","name:ja":null,"name:en":"Meiji-jingumae 'Harajuku'","operator":"東京地下鉄","ref":"C03","public_transport":"station","wikidata":"Q80429","wikipedia":"ja:明治神宮前駅","osm_element_type":"node","osm_element_id":3668999960,"sourceType":"openstreetmap","entityType":"modern-rail-station","geometryType":"Point","sourceGeometryType":"Point","network":"千代田線","station":"subway","layer":null,"usage":null,"osm_way_id":null,"id":"station:node:3668999960","type":"station"},"geometry":{"type":"Point","coordinates":[139.7043604,35.6689704]}},{"type":"Feature","properties":{"railway":"station","name":"西大井","name:ja":"西大井","name:en":"Nishi-Oi","operator":"東日本旅客鉄道","ref":"JO16;JS16","public_transport":"station","wikidata":"Q844193","wikipedia":"ja:西大井駅","osm_element_type":"node","osm_element_id":3692259388,"sourceType":"openstreetmap","entityType":"modern-rail-station","geometryType":"Point","sourceGeometryType":"Point","network":null,"station":null,"layer":null,"usage":null,"osm_way_id":null,"id":"station:node:3692259388","type":"station"},"geometry":{"type":"Point","coordinates":[139.721669,35.60186]}},{"type":"Feature","properties":{"railway":"station","name":"尾久","name:ja":"尾久","name:en":"Oku","operator":"東日本旅客鉄道","ref":"JU03","public_transport":"station","wikidata":"Q845113","wikipedia":"ja:尾久駅","osm_element_type":"node","osm_element_id":3693272761,"sourceType":"openstreetmap","entityType":"modern-rail-station","geometryType":"Point","sourceGeometryType":"Point","network":null,"station":null,"layer":null,"usage":null,"osm_way_id":null,"id":"station:node:3693272761","type":"station"},"geometry":{"type":"Point","coordinates":[139.7536603,35.7469091]}},{"type":"Feature","properties":{"railway":"station","name":"田町","name:ja":"田町","name:en":"Tamachi","operator":"東日本旅客鉄道","ref":"JK22;JY27","public_transport":"station","wikidata":"Q801510","wikipedia":"ja:田町駅","osm_element_type":"node","osm_element_id":3708279828,"sourceType":"openstreetmap","entityType":"modern-rail-station","geometryType":"Point","sourceGeometryType":"Point","network":null,"station":null,"layer":null,"usage":null,"osm_way_id":null,"id":"station:node:3708279828","type":"station"},"geometry":{"type":"Point","coordinates":[139.7476874,35.6457378]}},{"type":"Feature","properties":{"railway":"station","name":"新木場","name:ja":"新木場","name:en":"Shin-Kiba","operator":"東日本旅客鉄道","ref":"JE05","public_transport":"station","wikidata":"Q1376066","wikipedia":"ja:新木場駅","osm_element_type":"node","osm_element_id":3730429174,"sourceType":"openstreetmap","entityType":"modern-rail-station","geometryType":"Point","sourceGeometryType":"Point","network":"JR京葉線","station":null,"layer":null,"usage":"main","osm_way_id":null,"id":"station:node:3730429174","type":"station"},"geometry":{"type":"Point","coordinates":[139.8274057,35.6461534]}},{"type":"Feature","properties":{"railway":"station","name":"東村山","name:ja":"東村山","name:en":"Higashi-Murayama","operator":"西武鉄道","ref":"SS21;SK05","public_transport":"station","wikidata":"Q5753740","wikipedia":"ja:東村山駅","osm_element_type":"node","osm_element_id":3730686206,"sourceType":"openstreetmap","entityType":"modern-rail-station","geometryType":"Point","sourceGeometryType":"Point","network":null,"station":null,"layer":null,"usage":null,"osm_way_id":null,"id":"station:node:3730686206","type":"station"},"geometry":{"type":"Point","coordinates":[139.4659028,35.7604737]}},{"type":"Feature","properties":{"railway":"station","name":"小川","name:ja":"小川","name:en":"Ogawa","operator":"西武鉄道","ref":"SK04;SS31","public_transport":"station","wikidata":"Q7079856","wikipedia":"ja:小川駅 (東京都)","osm_element_type":"node","osm_element_id":3730686211,"sourceType":"openstreetmap","entityType":"modern-rail-station","geometryType":"Point","sourceGeometryType":"Point","network":"西武鉄道","station":null,"layer":null,"usage":null,"osm_way_id":null,"id":"station:node:3730686211","type":"station"},"geometry":{"type":"Point","coordinates":[139.4635507,35.7374095]}},{"type":"Feature","properties":{"railway":"station","name":"豊島園","name:ja":"豊島園","name:en":"Toshimaen","operator":"西武鉄道","ref":"SI39","public_transport":"station","wikidata":"Q906947","wikipedia":"ja:豊島園駅","osm_element_type":"node","osm_element_id":3730686212,"sourceType":"openstreetmap","entityType":"modern-rail-station","geometryType":"Point","sourceGeometryType":"Point","network":null,"station":null,"layer":null,"usage":null,"osm_way_id":null,"id":"station:node:3730686212","type":"station"},"geometry":{"type":"Point","coordinates":[139.6479768,35.7424193]}},{"type":"Feature","properties":{"railway":"station","name":"桜台","name:ja":"桜台","name:en":"Sakuradai","operator":"西武鉄道","ref":"SI05","public_transport":"station","wikidata":"Q843041","wikipedia":"ja:桜台駅 (東京都)","osm_element_type":"node","osm_element_id":3730703333,"sourceType":"openstreetmap","entityType":"modern-rail-station","geometryType":"Point","sourceGeometryType":"Point","network":"西武鉄道","station":null,"layer":null,"usage":null,"osm_way_id":null,"id":"station:node:3730703333","type":"station"},"geometry":{"type":"Point","coordinates":[139.6623844,35.7387537]}},{"type":"Feature","properties":{"railway":"station","name":"所沢","name:ja":"所沢","name:en":"Tokorozawa","operator":"西武鉄道","ref":"SI17;SS22","public_transport":"station","wikidata":"Q842569","wikipedia":"ja:所沢駅","osm_element_type":"node","osm_element_id":3730703334,"sourceType":"openstreetmap","entityType":"modern-rail-station","geometryType":"Point","sourceGeometryType":"Point","network":"西武鉄道","station":null,"layer":null,"usage":null,"osm_way_id":null,"id":"station:node:3730703334","type":"station"},"geometry":{"type":"Point","coordinates":[139.4733096,35.7867907]}},{"type":"Feature","properties":{"railway":"station","name":"橋本","name:ja":"橋本","name:en":"Hashimoto","operator":"東日本旅客鉄道","ref":"JH28","public_transport":"station","wikidata":"Q800895","wikipedia":"ja:橋本駅 (神奈川県)","osm_element_type":"node","osm_element_id":3893393986,"sourceType":"openstreetmap","entityType":"modern-rail-station","geometryType":"Point","sourceGeometryType":"Point","network":null,"station":null,"layer":null,"usage":null,"osm_way_id":null,"id":"station:node:3893393986","type":"station"},"geometry":{"type":"Point","coordinates":[139.3449124,35.5948686]}},{"type":"Feature","properties":{"railway":"station","name":"日向和田","name:ja":"日向和田","name:en":"Hinatawada","operator":null,"ref":null,"public_transport":"station","wikidata":"Q8013228","wikipedia":"ja:日向和田駅","osm_element_type":"node","osm_element_id":3997528178,"sourceType":"openstreetmap","entityType":"modern-rail-station","geometryType":"Point","sourceGeometryType":"Point","network":null,"station":null,"layer":null,"usage":null,"osm_way_id":null,"id":"station:node:3997528178","type":"station"},"geometry":{"type":"Point","coordinates":[139.22997,35.7879558]}},{"type":"Feature","properties":{"railway":"station","name":"新橋","name:ja":"新橋","name:en":"Shimbashi","operator":"東日本旅客鉄道","ref":"SMB","public_transport":"station","wikidata":"Q801436","wikipedia":"ja:新橋駅","osm_element_type":"node","osm_element_id":4011643453,"sourceType":"openstreetmap","entityType":"modern-rail-station","geometryType":"Point","sourceGeometryType":"Point","network":null,"station":null,"layer":null,"usage":null,"osm_way_id":null,"id":"station:node:4011643453","type":"station"},"geometry":{"type":"Point","coordinates":[139.7582202,35.6661713]}},{"type":"Feature","properties":{"railway":"station","name":"品川","name:ja":"品川","name:en":"Shinagawa","operator":"東日本旅客鉄道","ref":"SGW","public_transport":"station","wikidata":"Q801442","wikipedia":"ja:品川駅","osm_element_type":"node","osm_element_id":4011643454,"sourceType":"openstreetmap","entityType":"modern-rail-station","geometryType":"Point","sourceGeometryType":"Point","network":null,"station":null,"layer":null,"usage":null,"osm_way_id":null,"id":"station:node:4011643454","type":"station"},"geometry":{"type":"Point","coordinates":[139.7391673,35.6286688]}},{"type":"Feature","properties":{"railway":"station","name":"福生","name:ja":"福生","name:en":"Fussa","operator":null,"ref":null,"public_transport":"station","wikidata":"Q5510343","wikipedia":"ja:福生駅","osm_element_type":"node","osm_element_id":4351266467,"sourceType":"openstreetmap","entityType":"modern-rail-station","geometryType":"Point","sourceGeometryType":"Point","network":null,"station":null,"layer":null,"usage":null,"osm_way_id":null,"id":"station:node:4351266467","type":"station"},"geometry":{"type":"Point","coordinates":[139.3278791,35.7423308]}},{"type":"Feature","properties":{"railway":"station","name":"二俣尾","name:ja":"二俣尾","name:en":"Futamatao","operator":null,"ref":null,"public_transport":"station","wikidata":"Q5510471","wikipedia":"ja:二俣尾駅","osm_element_type":"node","osm_element_id":4351266468,"sourceType":"openstreetmap","entityType":"modern-rail-station","geometryType":"Point","sourceGeometryType":"Point","network":null,"station":null,"layer":null,"usage":null,"osm_way_id":null,"id":"station:node:4351266468","type":"station"},"geometry":{"type":"Point","coordinates":[139.2159535,35.8042988]}},{"type":"Feature","properties":{"railway":"station","name":"羽村","name:ja":"羽村","name:en":"Hamura","operator":null,"ref":null,"public_transport":"station","wikidata":"Q5646478","wikipedia":"ja:羽村駅","osm_element_type":"node","osm_element_id":4351266479,"sourceType":"openstreetmap","entityType":"modern-rail-station","geometryType":"Point","sourceGeometryType":"Point","network":null,"station":null,"layer":null,"usage":null,"osm_way_id":null,"id":"station:node:4351266479","type":"station"},"geometry":{"type":"Point","coordinates":[139.3160094,35.7583518]}},{"type":"Feature","properties":{"railway":"station","name":"東中神","name:ja":"東中神","name:en":"Higashi-Nakagami","operator":null,"ref":null,"public_transport":"station","wikidata":"Q8014532","wikipedia":"ja:東中神駅","osm_element_type":"node","osm_element_id":4351266481,"sourceType":"openstreetmap","entityType":"modern-rail-station","geometryType":"Point","sourceGeometryType":"Point","network":null,"station":null,"layer":null,"usage":null,"osm_way_id":null,"id":"station:node:4351266481","type":"station"},"geometry":{"type":"Point","coordinates":[139.3844328,35.7063674]}},{"type":"Feature","properties":{"railway":"station","name":"東青梅","name:ja":"東青梅","name:en":"Higashi-Ome","operator":null,"ref":null,"public_transport":"station","wikidata":"Q844198","wikipedia":"ja:東青梅駅","osm_element_type":"node","osm_element_id":4351266483,"sourceType":"openstreetmap","entityType":"modern-rail-station","geometryType":"Point","sourceGeometryType":"Point","network":null,"station":null,"layer":null,"usage":null,"osm_way_id":null,"id":"station:node:4351266483","type":"station"},"geometry":{"type":"Point","coordinates":[139.2725011,35.7899044]}},{"type":"Feature","properties":{"railway":"station","name":"石神前","name:ja":"石神前","name:en":"Ishigamimae","operator":null,"ref":null,"public_transport":"station","wikidata":"Q8013316","wikipedia":"ja:石神前駅","osm_element_type":"node","osm_element_id":4351266487,"sourceType":"openstreetmap","entityType":"modern-rail-station","geometryType":"Point","sourceGeometryType":"Point","network":null,"station":null,"layer":null,"usage":null,"osm_way_id":null,"id":"station:node:4351266487","type":"station"},"geometry":{"type":"Point","coordinates":[139.2250691,35.7967462]}},{"type":"Feature","properties":{"railway":"station","name":"河辺","name:ja":"河辺","name:en":"Kabe","operator":null,"ref":null,"public_transport":"station","wikidata":"Q6344018","wikipedia":"ja:河辺駅","osm_element_type":"node","osm_element_id":4351266488,"sourceType":"openstreetmap","entityType":"modern-rail-station","geometryType":"Point","sourceGeometryType":"Point","network":null,"station":null,"layer":null,"usage":null,"osm_way_id":null,"id":"station:node:4351266488","type":"station"},"geometry":{"type":"Point","coordinates":[139.2847381,35.7845098]}},{"type":"Feature","properties":{"railway":"station","name":"御嶽","name:ja":"御嶽","name:en":"Mitake","operator":null,"ref":null,"public_transport":"station","wikidata":"Q6880751","wikipedia":"ja:御嶽駅","osm_element_type":"node","osm_element_id":4351266691,"sourceType":"openstreetmap","entityType":"modern-rail-station","geometryType":"Point","sourceGeometryType":"Point","network":null,"station":null,"layer":null,"usage":null,"osm_way_id":null,"id":"station:node:4351266691","type":"station"},"geometry":{"type":"Point","coordinates":[139.1823453,35.8014926]}},{"type":"Feature","properties":{"railway":"station","name":"宮ノ平","name:ja":"宮ノ平","name:en":"Miyanohira","operator":null,"ref":null,"public_transport":"station","wikidata":"Q8013443","wikipedia":"ja:宮ノ平駅","osm_element_type":"node","osm_element_id":4351266692,"sourceType":"openstreetmap","entityType":"modern-rail-station","geometryType":"Point","sourceGeometryType":"Point","network":null,"station":null,"layer":null,"usage":null,"osm_way_id":null,"id":"station:node:4351266692","type":"station"},"geometry":{"type":"Point","coordinates":[139.2368359,35.787437]}},{"type":"Feature","properties":{"railway":"station","name":"中神","name:ja":"中神","name:en":"Nakagami","operator":null,"ref":null,"public_transport":"station","wikidata":"Q8013086","wikipedia":"ja:中神駅","osm_element_type":"node","osm_element_id":4351266693,"sourceType":"openstreetmap","entityType":"modern-rail-station","geometryType":"Point","sourceGeometryType":"Point","network":null,"station":null,"layer":null,"usage":null,"osm_way_id":null,"id":"station:node:4351266693","type":"station"},"geometry":{"type":"Point","coordinates":[139.3757902,35.7090262]}},{"type":"Feature","properties":{"railway":"station","name":"西立川","name:ja":"西立川","name:en":"Nishi-Tachikawa","operator":"東日本旅客鉄道","ref":null,"public_transport":"station","wikidata":"Q7040422","wikipedia":"ja:西立川駅","osm_element_type":"node","osm_element_id":4351266695,"sourceType":"openstreetmap","entityType":"modern-rail-station","geometryType":"Point","sourceGeometryType":"Point","network":null,"station":null,"layer":null,"usage":null,"osm_way_id":null,"id":"station:node:4351266695","type":"station"},"geometry":{"type":"Point","coordinates":[139.3936344,35.7035276]}},{"type":"Feature","properties":{"railway":"station","name":"青梅","name:ja":"青梅","name:en":"Ome","operator":null,"ref":null,"public_transport":"station","wikidata":"Q843019","wikipedia":"ja:青梅駅","osm_element_type":"node","osm_element_id":4351266699,"sourceType":"openstreetmap","entityType":"modern-rail-station","geometryType":"Point","sourceGeometryType":"Point","network":null,"station":null,"layer":null,"usage":null,"osm_way_id":null,"id":"station:node:4351266699","type":"station"},"geometry":{"type":"Point","coordinates":[139.2583321,35.7904504]}},{"type":"Feature","properties":{"railway":"station","name":"小作","name:ja":"小作","name:en":"Ozaku","operator":null,"ref":null,"public_transport":"station","wikidata":"Q7116441","wikipedia":"ja:小作駅","osm_element_type":"node","osm_element_id":4351266700,"sourceType":"openstreetmap","entityType":"modern-rail-station","geometryType":"Point","sourceGeometryType":"Point","network":null,"station":null,"layer":null,"usage":null,"osm_way_id":null,"id":"station:node:4351266700","type":"station"},"geometry":{"type":"Point","coordinates":[139.3019232,35.7763109]}},{"type":"Feature","properties":{"railway":"station","name":"沢井","name:ja":"沢井","name:en":"Sawai","operator":null,"ref":null,"public_transport":"station","wikidata":"Q7428551","wikipedia":"ja:沢井駅","osm_element_type":"node","osm_element_id":4351266701,"sourceType":"openstreetmap","entityType":"modern-rail-station","geometryType":"Point","sourceGeometryType":"Point","network":null,"station":null,"layer":null,"usage":null,"osm_way_id":null,"id":"station:node:4351266701","type":"station"},"geometry":{"type":"Point","coordinates":[139.1937542,35.8058807]}},{"type":"Feature","properties":{"railway":"station","name":"牛浜","name:ja":"牛浜","name:en":"Ushihama","operator":null,"ref":null,"public_transport":"station","wikidata":"Q7901942","wikipedia":"ja:牛浜駅","osm_element_type":"node","osm_element_id":4351266710,"sourceType":"openstreetmap","entityType":"modern-rail-station","geometryType":"Point","sourceGeometryType":"Point","network":null,"station":null,"layer":null,"usage":null,"osm_way_id":null,"id":"station:node:4351266710","type":"station"},"geometry":{"type":"Point","coordinates":[139.3336014,35.7346115]}},{"type":"Feature","properties":{"railway":"station","name":"天空橋","name:ja":"天空橋","name:en":"Tenkubashi","operator":"東京モノレール","ref":"MO07","public_transport":"station","wikidata":"Q5367248","wikipedia":"en:Tenkūbashi Station","osm_element_type":"node","osm_element_id":4406782069,"sourceType":"openstreetmap","entityType":"modern-rail-station","geometryType":"Point","sourceGeometryType":"Point","network":null,"station":null,"layer":null,"usage":null,"osm_way_id":null,"id":"station:node:4406782069","type":"station"},"geometry":{"type":"Point","coordinates":[139.7543773,35.5489693]}},{"type":"Feature","properties":{"railway":"station","name":"整備場","name:ja":"整備場","name:en":"Seibijo","operator":"東京モノレール","ref":"MO06","public_transport":"station","wikidata":"Q7446588","wikipedia":"ja:整備場駅","osm_element_type":"node","osm_element_id":4406782070,"sourceType":"openstreetmap","entityType":"modern-rail-station","geometryType":"Point","sourceGeometryType":"Point","network":null,"station":null,"layer":null,"usage":null,"osm_way_id":null,"id":"station:node:4406782070","type":"station"},"geometry":{"type":"Point","coordinates":[139.7536818,35.5552802]}},{"type":"Feature","properties":{"railway":"station","name":"昭和島","name:ja":"昭和島","name:en":"Showajima","operator":"東京モノレール","ref":"MO05","public_transport":"station","wikidata":"Q5368842","wikipedia":null,"osm_element_type":"node","osm_element_id":4406782071,"sourceType":"openstreetmap","entityType":"modern-rail-station","geometryType":"Point","sourceGeometryType":"Point","network":null,"station":null,"layer":null,"usage":null,"osm_way_id":null,"id":"station:node:4406782071","type":"station"},"geometry":{"type":"Point","coordinates":[139.750008,35.5708971]}},{"type":"Feature","properties":{"railway":"station","name":"流通センター","name:ja":"流通センター","name:en":"Ryutsu Center","operator":"東京モノレール","ref":"MO04","public_transport":"station","wikidata":"Q5367298","wikipedia":"ja:流通センター駅流通センター","osm_element_type":"node","osm_element_id":4406782073,"sourceType":"openstreetmap","entityType":"modern-rail-station","geometryType":"Point","sourceGeometryType":"Point","network":null,"station":null,"layer":null,"usage":null,"osm_way_id":null,"id":"station:node:4406782073","type":"station"},"geometry":{"type":"Point","coordinates":[139.7491265,35.5816815]}},{"type":"Feature","properties":{"railway":"station","name":"大井競馬場前","name:ja":"大井競馬場前","name:en":"Oikeibajo-Mae","operator":"東京モノレール","ref":"MO03","public_transport":"station","wikidata":"Q5367547","wikipedia":"ja:大井競馬場前駅天王洲アイル駅","osm_element_type":"node","osm_element_id":4406782074,"sourceType":"openstreetmap","entityType":"modern-rail-station","geometryType":"Point","sourceGeometryType":"Point","network":null,"station":null,"layer":null,"usage":null,"osm_way_id":null,"id":"station:node:4406782074","type":"station"},"geometry":{"type":"Point","coordinates":[139.7470566,35.5951297]}},{"type":"Feature","properties":{"railway":"station","name":"天王洲アイル","name:ja":"天王洲アイル","name:en":"Tennozu Isle","operator":"東京モノレール","ref":"MO02","public_transport":"station","wikidata":"Q841425","wikipedia":"ja:天王洲アイル駅","osm_element_type":"node","osm_element_id":4406782075,"sourceType":"openstreetmap","entityType":"modern-rail-station","geometryType":"Point","sourceGeometryType":"Point","network":"東京モノレール","station":null,"layer":"3","usage":null,"osm_way_id":null,"id":"station:node:4406782075","type":"station"},"geometry":{"type":"Point","coordinates":[139.7507947,35.6227359]}},{"type":"Feature","properties":{"railway":"station","name":"四ツ谷","name:ja":null,"name:en":"Yotsuya","operator":null,"ref":null,"public_transport":"station","wikidata":"Q801654","wikipedia":"ja:四ツ谷駅","osm_element_type":"node","osm_element_id":4406983223,"sourceType":"openstreetmap","entityType":"modern-rail-station","geometryType":"Point","sourceGeometryType":"Point","network":null,"station":null,"layer":null,"usage":null,"osm_way_id":null,"id":"station:node:4406983223","type":"station"},"geometry":{"type":"Point","coordinates":[139.7306162,35.6860348]}},{"type":"Feature","properties":{"railway":"station","name":"後楽園","name:ja":"後楽園","name:en":"Korakuen","operator":"東京地下鉄","ref":"M22","public_transport":"station","wikidata":"Q1156432","wikipedia":"ja:後楽園駅","osm_element_type":"node","osm_element_id":4406993248,"sourceType":"openstreetmap","entityType":"modern-rail-station","geometryType":"Point","sourceGeometryType":"Point","network":"東京メトロ丸ノ内線","station":"subway","layer":null,"usage":null,"osm_way_id":null,"id":"station:node:4406993248","type":"station"},"geometry":{"type":"Point","coordinates":[139.7512155,35.7073372]}},{"type":"Feature","properties":{"railway":"station","name":"荏原町","name:ja":"荏原町","name:en":"Ebara-machi","operator":"東急電鉄","ref":"OM05","public_transport":"station","wikidata":"Q5331501","wikipedia":"ja:荏原町駅","osm_element_type":"node","osm_element_id":4409431301,"sourceType":"openstreetmap","entityType":"modern-rail-station","geometryType":"Point","sourceGeometryType":"Point","network":"東急電鉄","station":null,"layer":null,"usage":null,"osm_way_id":null,"id":"station:node:4409431301","type":"station"},"geometry":{"type":"Point","coordinates":[139.7077399,35.6038557]}},{"type":"Feature","properties":{"railway":"station","name":"九段下","name:ja":"九段下","name:en":"Kudanshita","operator":"東京地下鉄","ref":"T07","public_transport":"station","wikidata":"Q76899","wikipedia":"ja:九段下駅","osm_element_type":"node","osm_element_id":4416166080,"sourceType":"openstreetmap","entityType":"modern-rail-station","geometryType":"Point","sourceGeometryType":"Point","network":null,"station":"subway","layer":null,"usage":null,"osm_way_id":null,"id":"station:node:4416166080","type":"station"},"geometry":{"type":"Point","coordinates":[139.7512822,35.6959079]}},{"type":"Feature","properties":{"railway":"station","name":"久地","name:ja":"久地","name:en":"Kuji","operator":"東日本旅客鉄道","ref":"JN12","public_transport":"station","wikidata":"Q5366826","wikipedia":"ja:久地駅","osm_element_type":"node","osm_element_id":4900640367,"sourceType":"openstreetmap","entityType":"modern-rail-station","geometryType":"Point","sourceGeometryType":"Point","network":null,"station":null,"layer":null,"usage":null,"osm_way_id":null,"id":"station:node:4900640367","type":"station"},"geometry":{"type":"Point","coordinates":[139.5925023,35.610598]}},{"type":"Feature","properties":{"railway":"station","name":"センター北","name:ja":"センター北","name:en":"Center Kita","operator":"横浜市交通局","ref":"G05","public_transport":"station","wikidata":"Q847363","wikipedia":"ja:センター北駅","osm_element_type":"node","osm_element_id":5227138561,"sourceType":"openstreetmap","entityType":"modern-rail-station","geometryType":"Point","sourceGeometryType":"Point","network":"横浜市営地下鉄","station":"subway","layer":null,"usage":null,"osm_way_id":null,"id":"station:node:5227138561","type":"station"},"geometry":{"type":"Point","coordinates":[139.578635,35.5533142]}},{"type":"Feature","properties":{"railway":"station","name":"センター南","name:ja":"センター南","name:en":"Center Minami","operator":"横浜市交通局","ref":"G04","public_transport":"station","wikidata":"Q844629","wikipedia":"ja:センター南駅","osm_element_type":"node","osm_element_id":5227138562,"sourceType":"openstreetmap","entityType":"modern-rail-station","geometryType":"Point","sourceGeometryType":"Point","network":"横浜市営地下鉄","station":"subway","layer":null,"usage":null,"osm_way_id":null,"id":"station:node:5227138562","type":"station"},"geometry":{"type":"Point","coordinates":[139.5746375,35.5452895]}},{"type":"Feature","properties":{"railway":"station","name":"金町","name:ja":"金町","name:en":"Kanamachi","operator":"東日本旅客鉄道","ref":null,"public_transport":"station","wikidata":"Q1952878","wikipedia":"ja:金町駅","osm_element_type":"node","osm_element_id":5254306690,"sourceType":"openstreetmap","entityType":"modern-rail-station","geometryType":"Point","sourceGeometryType":"Point","network":null,"station":null,"layer":null,"usage":null,"osm_way_id":null,"id":"station:node:5254306690","type":"station"},"geometry":{"type":"Point","coordinates":[139.8706926,35.7695843]}},{"type":"Feature","properties":{"railway":"station","name":"東京貨物ターミナル","name:ja":"東京貨物ターミナル","name:en":"Tokyo Freight Terminal","operator":"JR貨物","ref":null,"public_transport":null,"wikidata":"Q5355904","wikipedia":"ja:東京貨物ターミナル駅","osm_element_type":"node","osm_element_id":5318592733,"sourceType":"openstreetmap","entityType":"modern-rail-station","geometryType":"Point","sourceGeometryType":"Point","network":null,"station":null,"layer":null,"usage":null,"osm_way_id":null,"id":"station:node:5318592733","type":"station"},"geometry":{"type":"Point","coordinates":[139.7577909,35.595856]}},{"type":"Feature","properties":{"railway":"station","name":"四ツ谷","name:ja":"四ツ谷","name:en":"Yotsuya","operator":null,"ref":null,"public_transport":"station","wikidata":null,"wikipedia":null,"osm_element_type":"node","osm_element_id":5392079473,"sourceType":"openstreetmap","entityType":"modern-rail-station","geometryType":"Point","sourceGeometryType":"Point","network":null,"station":"subway","layer":null,"usage":null,"osm_way_id":null,"id":"station:node:5392079473","type":"station"},"geometry":{"type":"Point","coordinates":[139.7295015,35.6855979]}},{"type":"Feature","properties":{"railway":"station","name":"市ケ谷","name:ja":"市ケ谷","name:en":"Ichigaya","operator":"東京メト","ref":null,"public_transport":"station","wikidata":null,"wikipedia":null,"osm_element_type":"node","osm_element_id":5406685207,"sourceType":"openstreetmap","entityType":"modern-rail-station","geometryType":"Point","sourceGeometryType":"Point","network":"東京メトロ南北線","station":"subway","layer":null,"usage":null,"osm_way_id":null,"id":"station:node:5406685207","type":"station"},"geometry":{"type":"Point","coordinates":[139.7366562,35.6932032]}},{"type":"Feature","properties":{"railway":"station","name":"飯田橋","name:ja":"飯田橋","name:en":"Iidabashi","operator":"東京地下鉄","ref":"Y13","public_transport":"station","wikidata":"Q800953","wikipedia":"ja:飯田橋駅","osm_element_type":"node","osm_element_id":5406690065,"sourceType":"openstreetmap","entityType":"modern-rail-station","geometryType":"Point","sourceGeometryType":"Point","network":null,"station":"subway","layer":null,"usage":null,"osm_way_id":null,"id":"station:node:5406690065","type":"station"},"geometry":{"type":"Point","coordinates":[139.7436346,35.7015405]}},{"type":"Feature","properties":{"railway":"station","name":"後楽園","name:ja":"後楽園","name:en":"Korakuen","operator":"東京地下鉄","ref":null,"public_transport":"station","wikidata":null,"wikipedia":null,"osm_element_type":"node","osm_element_id":5406695969,"sourceType":"openstreetmap","entityType":"modern-rail-station","geometryType":"Point","sourceGeometryType":"Point","network":"東京メトロ南北線","station":"subway","layer":null,"usage":null,"osm_way_id":null,"id":"station:node:5406695969","type":"station"},"geometry":{"type":"Point","coordinates":[139.751799,35.7082639]}},{"type":"Feature","properties":{"railway":"station","name":"本駒込","name:ja":"本駒込","name:en":"Hon-komagome","operator":null,"ref":null,"public_transport":"station","wikidata":"Q151419","wikipedia":null,"osm_element_type":"node","osm_element_id":5406700296,"sourceType":"openstreetmap","entityType":"modern-rail-station","geometryType":"Point","sourceGeometryType":"Point","network":null,"station":"subway","layer":null,"usage":null,"osm_way_id":null,"id":"station:node:5406700296","type":"station"},"geometry":{"type":"Point","coordinates":[139.7537008,35.7247631]}},{"type":"Feature","properties":{"railway":"station","name":"駒込","name:ja":"駒込","name:en":"Komagome","operator":null,"ref":null,"public_transport":"station","wikidata":null,"wikipedia":null,"osm_element_type":"node","osm_element_id":5406704191,"sourceType":"openstreetmap","entityType":"modern-rail-station","geometryType":"Point","sourceGeometryType":"Point","network":null,"station":"subway","layer":null,"usage":null,"osm_way_id":null,"id":"station:node:5406704191","type":"station"},"geometry":{"type":"Point","coordinates":[139.7467609,35.7359873]}},{"type":"Feature","properties":{"railway":"station","name":"王子","name:ja":"王子","name:en":"Oji","operator":"東京メトロ","ref":"N16","public_transport":"station","wikidata":null,"wikipedia":null,"osm_element_type":"node","osm_element_id":5406714005,"sourceType":"openstreetmap","entityType":"modern-rail-station","geometryType":"Point","sourceGeometryType":"Point","network":null,"station":"subway","layer":null,"usage":null,"osm_way_id":null,"id":"station:node:5406714005","type":"station"},"geometry":{"type":"Point","coordinates":[139.7375243,35.7539617]}},{"type":"Feature","properties":{"railway":"station","name":"赤羽岩淵","name:ja":"赤羽岩淵","name:en":"Akabane-iwabuchi","operator":null,"ref":null,"public_transport":"station","wikidata":"Q151409","wikipedia":null,"osm_element_type":"node","osm_element_id":5406718981,"sourceType":"openstreetmap","entityType":"modern-rail-station","geometryType":"Point","sourceGeometryType":"Point","network":null,"station":"subway","layer":null,"usage":null,"osm_way_id":null,"id":"station:node:5406718981","type":"station"},"geometry":{"type":"Point","coordinates":[139.7221,35.7834478]}},{"type":"Feature","properties":{"railway":"station","name":"新宿三丁目","name:ja":"新宿三丁目","name:en":"Shinjuku-sanchome","operator":"東京地下鉄","ref":"F13","public_transport":"station","wikidata":null,"wikipedia":null,"osm_element_type":"node","osm_element_id":5408169522,"sourceType":"openstreetmap","entityType":"modern-rail-station","geometryType":"Point","sourceGeometryType":"Point","network":"副都心線","station":"subway","layer":null,"usage":null,"osm_way_id":null,"id":"station:node:5408169522","type":"station"},"geometry":{"type":"Point","coordinates":[139.7047807,35.6907413]}},{"type":"Feature","properties":{"railway":"station","name":"氷川台","name:ja":"氷川台","name:en":"Hikawadai","operator":null,"ref":null,"public_transport":"station","wikidata":"Q93680","wikipedia":null,"osm_element_type":"node","osm_element_id":5408201206,"sourceType":"openstreetmap","entityType":"modern-rail-station","geometryType":"Point","sourceGeometryType":"Point","network":null,"station":"subway","layer":null,"usage":null,"osm_way_id":null,"id":"station:node:5408201206","type":"station"},"geometry":{"type":"Point","coordinates":[139.6650083,35.7497818]}},{"type":"Feature","properties":{"railway":"station","name":"平和台","name:ja":"平和台","name:en":"Heiwadai","operator":null,"ref":null,"public_transport":"station","wikidata":"Q80427","wikipedia":"ja:平和台駅 (東京都)","osm_element_type":"node","osm_element_id":5408201207,"sourceType":"openstreetmap","entityType":"modern-rail-station","geometryType":"Point","sourceGeometryType":"Point","network":null,"station":"subway","layer":null,"usage":null,"osm_way_id":null,"id":"station:node:5408201207","type":"station"},"geometry":{"type":"Point","coordinates":[139.6541369,35.7576885]}},{"type":"Feature","properties":{"railway":"station","name":"地下鉄赤塚","name:ja":"地下鉄赤塚","name:en":"Chikatetsu-akatsuka","operator":"東京地下鉄","ref":null,"public_transport":"station","wikidata":"Q80412","wikipedia":null,"osm_element_type":"node","osm_element_id":5408201208,"sourceType":"openstreetmap","entityType":"modern-rail-station","geometryType":"Point","sourceGeometryType":"Point","network":null,"station":"subway","layer":null,"usage":null,"osm_way_id":null,"id":"station:node:5408201208","type":"station"},"geometry":{"type":"Point","coordinates":[139.6441259,35.7699229]}},{"type":"Feature","properties":{"railway":"station","name":"地下鉄成増","name:ja":"地下鉄成増","name:en":"Chikatetsu-narimasu","operator":"東京地下鉄","ref":null,"public_transport":"station","wikidata":"Q80506","wikipedia":null,"osm_element_type":"node","osm_element_id":5408201209,"sourceType":"openstreetmap","entityType":"modern-rail-station","geometryType":"Point","sourceGeometryType":"Point","network":null,"station":"subway","layer":null,"usage":null,"osm_way_id":null,"id":"station:node:5408201209","type":"station"},"geometry":{"type":"Point","coordinates":[139.6312465,35.7766946]}},{"type":"Feature","properties":{"railway":"station","name":"和光市","name:ja":"和光市","name:en":"Wakoshi","operator":"東京地下鉄","ref":"Y01;F01","public_transport":"station","wikidata":"Q128298","wikipedia":"ja:和光市駅","osm_element_type":"node","osm_element_id":5408205539,"sourceType":"openstreetmap","entityType":"modern-rail-station","geometryType":"Point","sourceGeometryType":"Point","network":"東京メトロ副都心線","station":"subway","layer":null,"usage":null,"osm_way_id":null,"id":"station:node:5408205539","type":"station"},"geometry":{"type":"Point","coordinates":[139.6126725,35.7884097]}},{"type":"Feature","properties":{"railway":"station","name":"高田馬場","name:ja":"高田馬場","name:en":"Takadanobaba","operator":"東京地下鉄","ref":null,"public_transport":"station","wikidata":null,"wikipedia":null,"osm_element_type":"node","osm_element_id":5408217482,"sourceType":"openstreetmap","entityType":"modern-rail-station","geometryType":"Point","sourceGeometryType":"Point","network":null,"station":"subway","layer":null,"usage":null,"osm_way_id":null,"id":"station:node:5408217482","type":"station"},"geometry":{"type":"Point","coordinates":[139.7050188,35.7133806]}},{"type":"Feature","properties":{"railway":"station","name":"早稲田","name:ja":"早稲田","name:en":"Waseda","operator":"東京地下鉄","ref":"T04","public_transport":"station","wikidata":"Q1078459","wikipedia":"en:Waseda Station","osm_element_type":"node","osm_element_id":5408225235,"sourceType":"openstreetmap","entityType":"modern-rail-station","geometryType":"Point","sourceGeometryType":"Point","network":"東京メトロ東西線","station":"subway","layer":null,"usage":null,"osm_way_id":null,"id":"station:node:5408225235","type":"station"},"geometry":{"type":"Point","coordinates":[139.721191,35.7058028]}},{"type":"Feature","properties":{"railway":"station","name":"神楽坂","name:ja":"神楽坂","name:en":"Kagurazaka","operator":null,"ref":null,"public_transport":"station","wikidata":"Q80573","wikipedia":null,"osm_element_type":"node","osm_element_id":5408235029,"sourceType":"openstreetmap","entityType":"modern-rail-station","geometryType":"Point","sourceGeometryType":"Point","network":null,"station":"subway","layer":null,"usage":null,"osm_way_id":null,"id":"station:node:5408235029","type":"station"},"geometry":{"type":"Point","coordinates":[139.7341347,35.7039298]}},{"type":"Feature","properties":{"railway":"station","name":"飯田橋","name:ja":"飯田橋","name:en":"Iidabashi","operator":"東京地下鉄","ref":null,"public_transport":"station","wikidata":null,"wikipedia":null,"osm_element_type":"node","osm_element_id":5408242400,"sourceType":"openstreetmap","entityType":"modern-rail-station","geometryType":"Point","sourceGeometryType":"Point","network":"東京メトロ東西線","station":"subway","layer":null,"usage":null,"osm_way_id":null,"id":"station:node:5408242400","type":"station"},"geometry":{"type":"Point","coordinates":[139.7459937,35.7017139]}},{"type":"Feature","properties":{"railway":"station","name":"竹橋","name:ja":"竹橋","name:en":"Takebashi","operator":"東京地下鉄","ref":"T08","public_transport":"station","wikidata":"Q80564","wikipedia":"ja:竹橋駅","osm_element_type":"node","osm_element_id":5408256884,"sourceType":"openstreetmap","entityType":"modern-rail-station","geometryType":"Point","sourceGeometryType":"Point","network":"東京メトロ東西線","station":"subway","layer":null,"usage":null,"osm_way_id":null,"id":"station:node:5408256884","type":"station"},"geometry":{"type":"Point","coordinates":[139.7587484,35.6900994]}},{"type":"Feature","properties":{"railway":"station","name":"日本橋","name:ja":"日本橋","name:en":"Nihombashi","operator":null,"ref":null,"public_transport":"station","wikidata":null,"wikipedia":null,"osm_element_type":"node","osm_element_id":5408257692,"sourceType":"openstreetmap","entityType":"modern-rail-station","geometryType":"Point","sourceGeometryType":"Point","network":null,"station":"subway","layer":null,"usage":null,"osm_way_id":null,"id":"station:node:5408257692","type":"station"},"geometry":{"type":"Point","coordinates":[139.7744933,35.6822079]}},{"type":"Feature","properties":{"railway":"station","name":"三田","name:ja":"三田","name:en":"Mita","operator":"東京都交通局","ref":"A08;I04","public_transport":"station","wikidata":"Q905732","wikipedia":"ja:三田駅 (東京都)","osm_element_type":"node","osm_element_id":5409191613,"sourceType":"openstreetmap","entityType":"modern-rail-station","geometryType":"Point","sourceGeometryType":"Point","network":"都営地下鉄","station":"subway","layer":null,"usage":null,"osm_way_id":null,"id":"station:node:5409191613","type":"station"},"geometry":{"type":"Point","coordinates":[139.7483983,35.6476619]}},{"type":"Feature","properties":{"railway":"station","name":"大手町","name:ja":"大手町","name:en":"Otemachi","operator":"東京都交通局","ref":"I09","public_transport":"station","wikidata":"Q1326767","wikipedia":"ja:大手町駅 (東京都)","osm_element_type":"node","osm_element_id":5409192473,"sourceType":"openstreetmap","entityType":"modern-rail-station","geometryType":"Point","sourceGeometryType":"Point","network":"都営地下鉄","station":"subway","layer":null,"usage":null,"osm_way_id":null,"id":"station:node:5409192473","type":"station"},"geometry":{"type":"Point","coordinates":[139.7626637,35.6840162]}},{"type":"Feature","properties":{"railway":"station","name":"水道橋","name:ja":"水道橋","name:en":"Suidobashi","operator":"東京都交通局","ref":null,"public_transport":"station","wikidata":null,"wikipedia":null,"osm_element_type":"node","osm_element_id":5409193801,"sourceType":"openstreetmap","entityType":"modern-rail-station","geometryType":"Point","sourceGeometryType":"Point","network":"都営地下鉄","station":"subway","layer":null,"usage":null,"osm_way_id":null,"id":"station:node:5409193801","type":"station"},"geometry":{"type":"Point","coordinates":[139.7551538,35.7035144]}},{"type":"Feature","properties":{"railway":"station","name":"春日","name:ja":"春日","name:en":"Kasuga","operator":"東京都交通局","ref":null,"public_transport":"station","wikidata":null,"wikipedia":null,"osm_element_type":"node","osm_element_id":5409196590,"sourceType":"openstreetmap","entityType":"modern-rail-station","geometryType":"Point","sourceGeometryType":"Point","network":"都営地下鉄","station":"subway","layer":null,"usage":null,"osm_way_id":null,"id":"station:node:5409196590","type":"station"},"geometry":{"type":"Point","coordinates":[139.7531843,35.7098805]}},{"type":"Feature","properties":{"railway":"station","name":"白山","name:ja":"白山","name:en":"Hakusan","operator":"東京都交通局","ref":null,"public_transport":"station","wikidata":"Q1039879","wikipedia":null,"osm_element_type":"node","osm_element_id":5409203621,"sourceType":"openstreetmap","entityType":"modern-rail-station","geometryType":"Point","sourceGeometryType":"Point","network":"都営地下鉄","station":"subway","layer":null,"usage":null,"osm_way_id":null,"id":"station:node:5409203621","type":"station"},"geometry":{"type":"Point","coordinates":[139.7521578,35.7215048]}},{"type":"Feature","properties":{"railway":"station","name":"千石","name:ja":"千石","name:en":"Sengoku","operator":"東京都交通局","ref":null,"public_transport":"station","wikidata":"Q1039142","wikipedia":null,"osm_element_type":"node","osm_element_id":5409203742,"sourceType":"openstreetmap","entityType":"modern-rail-station","geometryType":"Point","sourceGeometryType":"Point","network":"都営地下鉄","station":"subway","layer":null,"usage":null,"osm_way_id":null,"id":"station:node:5409203742","type":"station"},"geometry":{"type":"Point","coordinates":[139.7449946,35.7277122]}},{"type":"Feature","properties":{"railway":"station","name":"巣鴨","name:ja":"巣鴨","name:en":"Sugamo","operator":"東京都交通局","ref":null,"public_transport":"station","wikidata":"Q126097385","wikipedia":null,"osm_element_type":"node","osm_element_id":5409208380,"sourceType":"openstreetmap","entityType":"modern-rail-station","geometryType":"Point","sourceGeometryType":"Point","network":"都営地下鉄","station":"subway","layer":null,"usage":null,"osm_way_id":null,"id":"station:node:5409208380","type":"station"},"geometry":{"type":"Point","coordinates":[139.7382188,35.7337873]}},{"type":"Feature","properties":{"railway":"station","name":"池袋","name:ja":"池袋","name:en":"Ikebukuro","operator":"東京メトロ","ref":"F09","public_transport":"station","wikidata":"Q173919","wikipedia":"ja:池袋駅","osm_element_type":"node","osm_element_id":5409272742,"sourceType":"openstreetmap","entityType":"modern-rail-station","geometryType":"Point","sourceGeometryType":"Point","network":null,"station":"subway","layer":null,"usage":null,"osm_way_id":null,"id":"station:node:5409272742","type":"station"},"geometry":{"type":"Point","coordinates":[139.7089439,35.7311425]}},{"type":"Feature","properties":{"railway":"station","name":"上北沢","name:ja":"上北沢","name:en":"Kami-kitazawa","operator":null,"ref":null,"public_transport":"station","wikidata":"Q4211559","wikipedia":null,"osm_element_type":"node","osm_element_id":5410120851,"sourceType":"openstreetmap","entityType":"modern-rail-station","geometryType":"Point","sourceGeometryType":"Point","network":null,"station":null,"layer":null,"usage":null,"osm_way_id":null,"id":"station:node:5410120851","type":"station"},"geometry":{"type":"Point","coordinates":[139.6232912,35.6688535]}},{"type":"Feature","properties":{"railway":"station","name":"代々木","name:ja":"代々木","name:en":"Yoyogi","operator":null,"ref":null,"public_transport":"station","wikidata":null,"wikipedia":null,"osm_element_type":"node","osm_element_id":5410124418,"sourceType":"openstreetmap","entityType":"modern-rail-station","geometryType":"Point","sourceGeometryType":"Point","network":null,"station":"subway","layer":null,"usage":null,"osm_way_id":null,"id":"station:node:5410124418","type":"station"},"geometry":{"type":"Point","coordinates":[139.7015967,35.6835694]}},{"type":"Feature","properties":{"railway":"station","name":"仲御徒町","name:ja":"仲御徒町","name:en":"Naka-okachimachi","operator":"東京地下鉄","ref":null,"public_transport":"station","wikidata":"Q1072993","wikipedia":"ja:仲御徒町駅","osm_element_type":"node","osm_element_id":5411585752,"sourceType":"openstreetmap","entityType":"modern-rail-station","geometryType":"Point","sourceGeometryType":"Point","network":null,"station":"subway","layer":null,"usage":null,"osm_way_id":null,"id":"station:node:5411585752","type":"station"},"geometry":{"type":"Point","coordinates":[139.7761952,35.7064914]}},{"type":"Feature","properties":{"railway":"station","name":"住吉","name:ja":"住吉","name:en":"Sumiyoshi","operator":"東京地下鉄;東京都交通局","ref":"S13;Z12","public_transport":"station","wikidata":"Q80536","wikipedia":"ja:住吉駅 (東京都)","osm_element_type":"node","osm_element_id":5594490948,"sourceType":"openstreetmap","entityType":"modern-rail-station","geometryType":"Point","sourceGeometryType":"Point","network":null,"station":"subway","layer":null,"usage":null,"osm_way_id":null,"id":"station:node:5594490948","type":"station"},"geometry":{"type":"Point","coordinates":[139.8156854,35.6889959]}},{"type":"Feature","properties":{"railway":"station","name":"森下","name:ja":"森下","name:en":"Morishita","operator":"東京都交通局","ref":"E13","public_transport":"station","wikidata":"Q112723","wikipedia":"ja:森下駅 (東京都)","osm_element_type":"node","osm_element_id":5594511143,"sourceType":"openstreetmap","entityType":"modern-rail-station","geometryType":"Point","sourceGeometryType":"Point","network":"都営地下鉄","station":"subway","layer":null,"usage":null,"osm_way_id":null,"id":"station:node:5594511143","type":"station"},"geometry":{"type":"Point","coordinates":[139.7970443,35.6879977]}},{"type":"Feature","properties":{"railway":"station","name":"清澄白河","name:ja":"清澄白河","name:en":"Kiyosumi-shirakawa","operator":"東京地下鉄;東京都交通局","ref":"E14;Z11","public_transport":"station","wikidata":"Q80542","wikipedia":"ja:清澄白河駅","osm_element_type":"node","osm_element_id":5594511144,"sourceType":"openstreetmap","entityType":"modern-rail-station","geometryType":"Point","sourceGeometryType":"Point","network":"都営地下鉄;東京メトロ","station":"subway","layer":null,"usage":null,"osm_way_id":null,"id":"station:node:5594511144","type":"station"},"geometry":{"type":"Point","coordinates":[139.7987644,35.6820504]}},{"type":"Feature","properties":{"railway":"station","name":"荒川遊園地前","name:ja":"荒川遊園地前","name:en":"Arakawa-yuenchimae","operator":null,"ref":"SA12","public_transport":"station","wikidata":"Q11618626","wikipedia":null,"osm_element_type":"node","osm_element_id":5867904899,"sourceType":"openstreetmap","entityType":"modern-rail-station","geometryType":"Point","sourceGeometryType":"Point","network":null,"station":null,"layer":null,"usage":null,"osm_way_id":null,"id":"station:node:5867904899","type":"station"},"geometry":{"type":"Point","coordinates":[139.7579108,35.7506767]}},{"type":"Feature","properties":{"railway":"station","name":"鳥沢","name:ja":null,"name:en":"Torisawa","operator":"東日本旅客鉄道","ref":"JC30","public_transport":"station","wikidata":"Q7825827","wikipedia":"ja:鳥沢駅","osm_element_type":"node","osm_element_id":6000923728,"sourceType":"openstreetmap","entityType":"modern-rail-station","geometryType":"Point","sourceGeometryType":"Point","network":null,"station":null,"layer":null,"usage":null,"osm_way_id":null,"id":"station:node:6000923728","type":"station"},"geometry":{"type":"Point","coordinates":[139.0031178,35.60815]}},{"type":"Feature","properties":{"railway":"station","name":"藤野","name:ja":"藤野","name:en":"Fujino","operator":"東日本旅客鉄道","ref":"JC26","public_transport":"station","wikidata":"Q5507458","wikipedia":"ja:藤野駅","osm_element_type":"node","osm_element_id":6002078831,"sourceType":"openstreetmap","entityType":"modern-rail-station","geometryType":"Point","sourceGeometryType":"Point","network":null,"station":null,"layer":null,"usage":null,"osm_way_id":null,"id":"station:node:6002078831","type":"station"},"geometry":{"type":"Point","coordinates":[139.1524443,35.6158851]}},{"type":"Feature","properties":{"railway":"station","name":"上野原","name:ja":null,"name:en":"Uenohara","operator":"JR東日本","ref":"JC27","public_transport":"station","wikidata":"Q7877464","wikipedia":"ja:上野原駅","osm_element_type":"node","osm_element_id":6002079057,"sourceType":"openstreetmap","entityType":"modern-rail-station","geometryType":"Point","sourceGeometryType":"Point","network":null,"station":null,"layer":null,"usage":null,"osm_way_id":null,"id":"station:node:6002079057","type":"station"},"geometry":{"type":"Point","coordinates":[139.1160455,35.6188935]}},{"type":"Feature","properties":{"railway":"station","name":"四方津","name:ja":"四方津","name:en":"Shiotsu","operator":"東日本旅客鉄道","ref":"JC28","public_transport":"station","wikidata":"Q7497902","wikipedia":"ja:四方津駅","osm_element_type":"node","osm_element_id":6002079147,"sourceType":"openstreetmap","entityType":"modern-rail-station","geometryType":"Point","sourceGeometryType":"Point","network":null,"station":null,"layer":null,"usage":null,"osm_way_id":null,"id":"station:node:6002079147","type":"station"},"geometry":{"type":"Point","coordinates":[139.0731591,35.6141608]}},{"type":"Feature","properties":{"railway":"station","name":"相模湖","name:ja":"相模湖","name:en":"Sagamiko","operator":"東日本旅客鉄道","ref":"JC25","public_transport":"station","wikidata":"Q7398971","wikipedia":"ja:相模湖駅","osm_element_type":"node","osm_element_id":6002437670,"sourceType":"openstreetmap","entityType":"modern-rail-station","geometryType":"Point","sourceGeometryType":"Point","network":null,"station":null,"layer":null,"usage":null,"osm_way_id":null,"id":"station:node:6002437670","type":"station"},"geometry":{"type":"Point","coordinates":[139.1884919,35.6173978]}},{"type":"Feature","properties":{"railway":"station","name":"高尾山口","name:ja":"高尾山口","name:en":"Takaosanguchi","operator":"京王電鉄","ref":"KO53","public_transport":"station","wikidata":"Q4450115","wikipedia":"ja:高尾山口駅","osm_element_type":"node","osm_element_id":6003241794,"sourceType":"openstreetmap","entityType":"modern-rail-station","geometryType":"Point","sourceGeometryType":"Point","network":null,"station":null,"layer":null,"usage":null,"osm_way_id":null,"id":"station:node:6003241794","type":"station"},"geometry":{"type":"Point","coordinates":[139.2699078,35.6325002]}},{"type":"Feature","properties":{"railway":"station","name":"百草園","name:ja":"百草園","name:en":"Mogusaen","operator":"京王電鉄","ref":"KO28","public_transport":"station","wikidata":"Q4299262","wikipedia":"ja:百草園駅","osm_element_type":"node","osm_element_id":6009189919,"sourceType":"openstreetmap","entityType":"modern-rail-station","geometryType":"Point","sourceGeometryType":"Point","network":null,"station":null,"layer":null,"usage":null,"osm_way_id":null,"id":"station:node:6009189919","type":"station"},"geometry":{"type":"Point","coordinates":[139.4309108,35.657526]}},{"type":"Feature","properties":{"railway":"station","name":"多摩動物公園","name:ja":"多摩動物公園","name:en":"Tama-Dobutsukoen","operator":"多摩都市モノレール","ref":null,"public_transport":"station","wikidata":"Q4450752","wikipedia":"ja:多摩動物公園駅","osm_element_type":"node","osm_element_id":6011451203,"sourceType":"openstreetmap","entityType":"modern-rail-station","geometryType":"Point","sourceGeometryType":"Point","network":null,"station":"monorail","layer":null,"usage":null,"osm_way_id":null,"id":"station:node:6011451203","type":"station"},"geometry":{"type":"Point","coordinates":[139.4037336,35.6486656]}},{"type":"Feature","properties":{"railway":"station","name":"京王八王子","name:ja":null,"name:en":"Keiō-hachiōji","operator":"京王電鉄","ref":null,"public_transport":"station","wikidata":"Q906143","wikipedia":"ja:京王八王子駅","osm_element_type":"node","osm_element_id":6054786520,"sourceType":"openstreetmap","entityType":"modern-rail-station","geometryType":"Point","sourceGeometryType":"Point","network":null,"station":null,"layer":null,"usage":null,"osm_way_id":null,"id":"station:node:6054786520","type":"station"},"geometry":{"type":"Point","coordinates":[139.3430194,35.6579228]}},{"type":"Feature","properties":{"railway":"station","name":"稲城長沼","name:ja":null,"name:en":"Inagi-Naganuma","operator":"東日本旅客鉄道","ref":"JN18","public_transport":"station","wikidata":"Q5366278","wikipedia":"ja:稲城長沼駅","osm_element_type":"node","osm_element_id":6057309187,"sourceType":"openstreetmap","entityType":"modern-rail-station","geometryType":"Point","sourceGeometryType":"Point","network":null,"station":null,"layer":null,"usage":null,"osm_way_id":null,"id":"station:node:6057309187","type":"station"},"geometry":{"type":"Point","coordinates":[139.5022022,35.6444572]}},{"type":"Feature","properties":{"railway":"station","name":"南多摩","name:ja":null,"name:en":"Minami-Tama","operator":"東日本旅客鉄道","ref":"JN19","public_transport":"station","wikidata":"Q5366901","wikipedia":"ja:南多摩駅","osm_element_type":"node","osm_element_id":6057309188,"sourceType":"openstreetmap","entityType":"modern-rail-station","geometryType":"Point","sourceGeometryType":"Point","network":null,"station":null,"layer":null,"usage":null,"osm_way_id":null,"id":"station:node:6057309188","type":"station"},"geometry":{"type":"Point","coordinates":[139.4898983,35.6492806]}},{"type":"Feature","properties":{"railway":"station","name":"戸越公園","name:ja":"戸越公園","name:en":"Togoshi-koen","operator":"東急電鉄","ref":"OM03","public_transport":"station","wikidata":"Q999134","wikipedia":"ja:戸越公園駅","osm_element_type":"node","osm_element_id":6057744442,"sourceType":"openstreetmap","entityType":"modern-rail-station","geometryType":"Point","sourceGeometryType":"Point","network":"東急電鉄","station":null,"layer":null,"usage":null,"osm_way_id":null,"id":"station:node:6057744442","type":"station"},"geometry":{"type":"Point","coordinates":[139.7181853,35.6089107]}},{"type":"Feature","properties":{"railway":"station","name":"中延","name:ja":"中延","name:en":"Nakanobu","operator":"東急電鉄","ref":"OM04","public_transport":"station","wikidata":null,"wikipedia":"ja:中延駅","osm_element_type":"node","osm_element_id":6057744443,"sourceType":"openstreetmap","entityType":"modern-rail-station","geometryType":"Point","sourceGeometryType":"Point","network":"東急電鉄","station":null,"layer":null,"usage":null,"osm_way_id":null,"id":"station:node:6057744443","type":"station"},"geometry":{"type":"Point","coordinates":[139.7128829,35.6059262]}},{"type":"Feature","properties":{"railway":"station","name":"下神明","name:ja":"下神明","name:en":"Shimo-simmei","operator":null,"ref":"OM02","public_transport":"station","wikidata":"Q7496934","wikipedia":"ja:下神明駅","osm_element_type":"node","osm_element_id":6057744444,"sourceType":"openstreetmap","entityType":"modern-rail-station","geometryType":"Point","sourceGeometryType":"Point","network":"東急電鉄","station":null,"layer":null,"usage":null,"osm_way_id":null,"id":"station:node:6057744444","type":"station"},"geometry":{"type":"Point","coordinates":[139.7262498,35.6087809]}},{"type":"Feature","properties":{"railway":"station","name":"モノレール浜松町","name:ja":"モノレール浜松町","name:en":"Monorail Hamamatsucho","operator":"モノレール浜松町","ref":"MO01","public_transport":"station","wikidata":null,"wikipedia":"ja:浜松町駅","osm_element_type":"node","osm_element_id":6057804601,"sourceType":"openstreetmap","entityType":"modern-rail-station","geometryType":"Point","sourceGeometryType":"Point","network":"東京モノレール","station":null,"layer":null,"usage":null,"osm_way_id":null,"id":"station:node:6057804601","type":"station"},"geometry":{"type":"Point","coordinates":[139.7567283,35.6554012]}},{"type":"Feature","properties":{"railway":"station","name":"亀戸","name:ja":"亀戸","name:en":"Kameido","operator":"東武鉄道","ref":"TS44","public_transport":"station","wikidata":"Q1036376","wikipedia":"ja:亀戸駅","osm_element_type":"node","osm_element_id":6063546675,"sourceType":"openstreetmap","entityType":"modern-rail-station","geometryType":"Point","sourceGeometryType":"Point","network":"東武鉄道","station":null,"layer":null,"usage":null,"osm_way_id":null,"id":"station:node:6063546675","type":"station"},"geometry":{"type":"Point","coordinates":[139.827138,35.6976987]}},{"type":"Feature","properties":{"railway":"station","name":"日吉","name:ja":"日吉","name:en":"Hiyoshi","operator":"東急電鉄","ref":"TY13;MG13;SH03","public_transport":"station","wikidata":"Q390392","wikipedia":"ja:日吉駅 (神奈川県)","osm_element_type":"node","osm_element_id":6131416650,"sourceType":"openstreetmap","entityType":"modern-rail-station","geometryType":"Point","sourceGeometryType":"Point","network":"東急電鉄","station":null,"layer":null,"usage":null,"osm_way_id":null,"id":"station:node:6131416650","type":"station"},"geometry":{"type":"Point","coordinates":[139.6468752,35.5534689]}},{"type":"Feature","properties":{"railway":"station","name":"井荻","name:ja":"井荻","name:en":"Iogi","operator":"西武鉄道","ref":"SS11","public_transport":"station","wikidata":"Q843289","wikipedia":"ja:井荻駅","osm_element_type":"node","osm_element_id":6140211238,"sourceType":"openstreetmap","entityType":"modern-rail-station","geometryType":"Point","sourceGeometryType":"Point","network":"西武鉄道","station":null,"layer":null,"usage":null,"osm_way_id":null,"id":"station:node:6140211238","type":"station"},"geometry":{"type":"Point","coordinates":[139.6152362,35.7246904]}},{"type":"Feature","properties":{"railway":"station","name":"赤坂見附","name:ja":"赤坂見附","name:en":"Akasaka-mitsuke","operator":"東京地下鉄","ref":"M13;G05","public_transport":"station","wikidata":"Q602384","wikipedia":"ja:赤坂見附駅","osm_element_type":"node","osm_element_id":6179550652,"sourceType":"openstreetmap","entityType":"modern-rail-station","geometryType":"Point","sourceGeometryType":"Point","network":"東京メトロ丸ノ内線;銀座線","station":"subway","layer":null,"usage":null,"osm_way_id":null,"id":"station:node:6179550652","type":"station"},"geometry":{"type":"Point","coordinates":[139.7375253,35.6763213]}},{"type":"Feature","properties":{"railway":"station","name":"小川町","name:ja":"小川町","name:en":"Ogawamachi","operator":"東京都交通局","ref":"S07","public_transport":"station","wikidata":"Q1074315","wikipedia":"ja:小川町駅 (東京都)","osm_element_type":"node","osm_element_id":6184838874,"sourceType":"openstreetmap","entityType":"modern-rail-station","geometryType":"Point","sourceGeometryType":"Point","network":"都営地下鉄","station":"subway","layer":null,"usage":null,"osm_way_id":null,"id":"station:node:6184838874","type":"station"},"geometry":{"type":"Point","coordinates":[139.7662986,35.6949465]}},{"type":"Feature","properties":{"railway":"station","name":"神保町","name:ja":"神保町","name:en":"Jimbocho","operator":"東京都交通局","ref":"I10","public_transport":"station","wikidata":"Q76805","wikipedia":"ja:神保町駅","osm_element_type":"node","osm_element_id":6186032720,"sourceType":"openstreetmap","entityType":"modern-rail-station","geometryType":"Point","sourceGeometryType":"Point","network":"都営地下鉄","station":"subway","layer":null,"usage":null,"osm_way_id":null,"id":"station:node:6186032720","type":"station"},"geometry":{"type":"Point","coordinates":[139.7582694,35.695008]}},{"type":"Feature","properties":{"railway":"station","name":"神保町","name:ja":"神保町","name:en":"Jimbocho","operator":"東京地下鉄","ref":"Z07","public_transport":"station","wikidata":"Q76805","wikipedia":"ja:神保町駅","osm_element_type":"node","osm_element_id":6186649798,"sourceType":"openstreetmap","entityType":"modern-rail-station","geometryType":"Point","sourceGeometryType":"Point","network":"東京メトロ半蔵門線","station":"subway","layer":null,"usage":null,"osm_way_id":null,"id":"station:node:6186649798","type":"station"},"geometry":{"type":"Point","coordinates":[139.7572047,35.6959273]}},{"type":"Feature","properties":{"railway":"station","name":"九段下","name:ja":"九段下","name:en":"Kudanshita","operator":"東京地下鉄","ref":"S05","public_transport":"station","wikidata":"Q76899","wikipedia":"ja:九段下駅","osm_element_type":"node","osm_element_id":6189867178,"sourceType":"openstreetmap","entityType":"modern-rail-station","geometryType":"Point","sourceGeometryType":"Point","network":"都営地下鉄新宿線","station":"subway","layer":null,"usage":null,"osm_way_id":null,"id":"station:node:6189867178","type":"station"},"geometry":{"type":"Point","coordinates":[139.7503783,35.6953694]}},{"type":"Feature","properties":{"railway":"station","name":"九段下","name:ja":"九段下","name:en":"Kudanshita","operator":"東京地下鉄","ref":"Z06","public_transport":"station","wikidata":"Q76899","wikipedia":"ja:九段下駅","osm_element_type":"node","osm_element_id":6189867179,"sourceType":"openstreetmap","entityType":"modern-rail-station","geometryType":"Point","sourceGeometryType":"Point","network":null,"station":"subway","layer":null,"usage":null,"osm_way_id":null,"id":"station:node:6189867179","type":"station"},"geometry":{"type":"Point","coordinates":[139.7505069,35.6952299]}},{"type":"Feature","properties":{"railway":"station","name":"湯島","name:ja":"湯島","name:en":"Yushima","operator":"東京地下鉄","ref":"C13","public_transport":"station","wikidata":"Q390694","wikipedia":"ja:湯島駅","osm_element_type":"node","osm_element_id":6190974817,"sourceType":"openstreetmap","entityType":"modern-rail-station","geometryType":"Point","sourceGeometryType":"Point","network":"東京メトロ千代田線","station":"subway","layer":null,"usage":null,"osm_way_id":null,"id":"station:node:6190974817","type":"station"},"geometry":{"type":"Point","coordinates":[139.7700104,35.7073329]}},{"type":"Feature","properties":{"railway":"station","name":"日比谷","name:ja":"日比谷","name:en":"Hibiya","operator":"東京地下鉄;東京都交通局","ref":"C09","public_transport":"station","wikidata":"Q511753","wikipedia":"ja:日比谷駅","osm_element_type":"node","osm_element_id":6191130324,"sourceType":"openstreetmap","entityType":"modern-rail-station","geometryType":"Point","sourceGeometryType":"Point","network":"東京メトロ","station":"subway","layer":null,"usage":null,"osm_way_id":null,"id":"station:node:6191130324","type":"station"},"geometry":{"type":"Point","coordinates":[139.7583499,35.6737302]}},{"type":"Feature","properties":{"railway":"station","name":"桜田門","name:ja":"桜田門","name:en":"Sakuradamon","operator":"東京地下鉄","ref":"Y17","public_transport":"station","wikidata":"Q277196","wikipedia":"ja:桜田門駅","osm_element_type":"node","osm_element_id":6192618377,"sourceType":"openstreetmap","entityType":"modern-rail-station","geometryType":"Point","sourceGeometryType":"Point","network":"東京メトロ有楽町線","station":"subway","layer":null,"usage":null,"osm_way_id":null,"id":"station:node:6192618377","type":"station"},"geometry":{"type":"Point","coordinates":[139.7515757,35.6774009]}},{"type":"Feature","properties":{"railway":"station","name":"日比谷","name:ja":"日比谷","name:en":"Hibiya","operator":"東京地下鉄;東京都交通局","ref":"I08","public_transport":"station","wikidata":"Q511753","wikipedia":"ja:日比谷駅","osm_element_type":"node","osm_element_id":6193465461,"sourceType":"openstreetmap","entityType":"modern-rail-station","geometryType":"Point","sourceGeometryType":"Point","network":"都営地下鉄","station":"subway","layer":null,"usage":null,"osm_way_id":null,"id":"station:node:6193465461","type":"station"},"geometry":{"type":"Point","coordinates":[139.7601969,35.6762399]}},{"type":"Feature","properties":{"railway":"station","name":"有楽町","name:ja":"有楽町","name:en":"Yurakucho","operator":"東京地下鉄","ref":"Y18","public_transport":"station","wikidata":"Q801655","wikipedia":"ja:有楽町駅","osm_element_type":"node","osm_element_id":6193611538,"sourceType":"openstreetmap","entityType":"modern-rail-station","geometryType":"Point","sourceGeometryType":"Point","network":"東京メトロ有楽町線","station":"subway","layer":null,"usage":null,"osm_way_id":null,"id":"station:node:6193611538","type":"station"},"geometry":{"type":"Point","coordinates":[139.7621359,35.6759691]}},{"type":"Feature","properties":{"railway":"station","name":"東京","name:ja":"東京","name:en":"Tokyo","operator":"東京地下鉄","ref":"M17","public_transport":"station","wikidata":null,"wikipedia":null,"osm_element_type":"node","osm_element_id":6193732167,"sourceType":"openstreetmap","entityType":"modern-rail-station","geometryType":"Point","sourceGeometryType":"Point","network":"東京メトロ丸ノ内線","station":"subway","layer":null,"usage":null,"osm_way_id":null,"id":"station:node:6193732167","type":"station"},"geometry":{"type":"Point","coordinates":[139.7649584,35.6820173]}},{"type":"Feature","properties":{"railway":"station","name":"霞ケ関","name:ja":"霞ケ関","name:en":"Kasumigaseki","operator":"東京地下鉄","ref":"C08","public_transport":"station","wikidata":"Q741614","wikipedia":"ja:霞ケ関駅 (東京都)","osm_element_type":"node","osm_element_id":6195254304,"sourceType":"openstreetmap","entityType":"modern-rail-station","geometryType":"Point","sourceGeometryType":"Point","network":"千代田線","station":"subway","layer":null,"usage":null,"osm_way_id":null,"id":"station:node:6195254304","type":"station"},"geometry":{"type":"Point","coordinates":[139.7516221,35.6725014]}},{"type":"Feature","properties":{"railway":"station","name":"霞ケ関","name:ja":"霞ケ関","name:en":"Kasumigaseki","operator":"東京地下鉄","ref":"H06","public_transport":"station","wikidata":"Q741614","wikipedia":"ja:霞ケ関駅 (東京都)","osm_element_type":"node","osm_element_id":6196655597,"sourceType":"openstreetmap","entityType":"modern-rail-station","geometryType":"Point","sourceGeometryType":"Point","network":"東京メト","station":"subway","layer":null,"usage":null,"osm_way_id":null,"id":"station:node:6196655597","type":"station"},"geometry":{"type":"Point","coordinates":[139.7510565,35.6738544]}},{"type":"Feature","properties":{"railway":"station","name":"霞ケ関","name:ja":"霞ケ関","name:en":"Kasumigaseki","operator":"東京地下鉄","ref":"M15","public_transport":"station","wikidata":"Q741614","wikipedia":"ja:霞ケ関駅 (東京都)","osm_element_type":"node","osm_element_id":6198306276,"sourceType":"openstreetmap","entityType":"modern-rail-station","geometryType":"Point","sourceGeometryType":"Point","network":null,"station":"subway","layer":null,"usage":null,"osm_way_id":null,"id":"station:node:6198306276","type":"station"},"geometry":{"type":"Point","coordinates":[139.7527174,35.674217]}},{"type":"Feature","properties":{"railway":"station","name":"新御茶ノ水","name:ja":"新御茶ノ水","name:en":"Shin-ochanomizu","operator":"東京地下鉄","ref":"C12","public_transport":"station","wikidata":"Q80433","wikipedia":"ja:新御茶ノ水駅","osm_element_type":"node","osm_element_id":6199739250,"sourceType":"openstreetmap","entityType":"modern-rail-station","geometryType":"Point","sourceGeometryType":"Point","network":null,"station":"subway","layer":null,"usage":null,"osm_way_id":null,"id":"station:node:6199739250","type":"station"},"geometry":{"type":"Point","coordinates":[139.7656264,35.6972185]}},{"type":"Feature","properties":{"railway":"station","name":"上野御徒町","name:ja":"上野御徒町","name:en":"Ueno-okachimachi","operator":"東京都交通局","ref":"E09","public_transport":"station","wikidata":"Q80555","wikipedia":"ja:上野御徒町駅","osm_element_type":"node","osm_element_id":6199814789,"sourceType":"openstreetmap","entityType":"modern-rail-station","geometryType":"Point","sourceGeometryType":"Point","network":"都営地下鉄","station":"subway","layer":null,"usage":null,"osm_way_id":null,"id":"station:node:6199814789","type":"station"},"geometry":{"type":"Point","coordinates":[139.7732996,35.7079766]}},{"type":"Feature","properties":{"railway":"station","name":"国会議事堂前","name:ja":"国会議事堂前","name:en":"Kokkai-gijidomae","operator":"東京地下鉄","ref":"C07","public_transport":"station","wikidata":"Q1192508","wikipedia":"ja:国会議事堂前駅","osm_element_type":"node","osm_element_id":6202341257,"sourceType":"openstreetmap","entityType":"modern-rail-station","geometryType":"Point","sourceGeometryType":"Point","network":"千代田線, 丸ノ内線, 銀座線, 南北線","station":"subway","layer":null,"usage":null,"osm_way_id":null,"id":"station:node:6202341257","type":"station"},"geometry":{"type":"Point","coordinates":[139.7434262,35.6736889]}},{"type":"Feature","properties":{"railway":"station","name":"溜池山王","name:ja":"溜池山王","name:en":"Tameike-sanno","operator":"東京地下鉄","ref":"N06","public_transport":"station","wikidata":"Q277208","wikipedia":"ja:溜池山王駅","osm_element_type":"node","osm_element_id":6202373220,"sourceType":"openstreetmap","entityType":"modern-rail-station","geometryType":"Point","sourceGeometryType":"Point","network":null,"station":"subway","layer":null,"usage":null,"osm_way_id":null,"id":"station:node:6202373220","type":"station"},"geometry":{"type":"Point","coordinates":[139.741424,35.6729903]}},{"type":"Feature","properties":{"railway":"station","name":"溜池山王","name:ja":"溜池山王","name:en":"Tameike-sanno","operator":"東京地下鉄","ref":"G06","public_transport":"station","wikidata":"Q277208","wikipedia":"ja:溜池山王駅","osm_element_type":"node","osm_element_id":6203282789,"sourceType":"openstreetmap","entityType":"modern-rail-station","geometryType":"Point","sourceGeometryType":"Point","network":null,"station":"subway","layer":null,"usage":null,"osm_way_id":null,"id":"station:node:6203282789","type":"station"},"geometry":{"type":"Point","coordinates":[139.741961,35.6715337]}},{"type":"Feature","properties":{"railway":"station","name":"都庁前","name:ja":"都庁前","name:en":"Tochomae","operator":"東京都交通局","ref":"E28","public_transport":"station","wikidata":"Q246186","wikipedia":"ja:都庁前駅","osm_element_type":"node","osm_element_id":6203591949,"sourceType":"openstreetmap","entityType":"modern-rail-station","geometryType":"Point","sourceGeometryType":"Point","network":"都営地下鉄","station":"subway","layer":null,"usage":null,"osm_way_id":null,"id":"station:node:6203591949","type":"station"},"geometry":{"type":"Point","coordinates":[139.692814,35.6906065]}},{"type":"Feature","properties":{"railway":"station","name":"代々木公園","name:ja":"代々木公園","name:en":"Yoyogi-koen","operator":"東京地下鉄","ref":"C02","public_transport":"station","wikidata":"Q347796","wikipedia":"ja:代々木公園駅","osm_element_type":"node","osm_element_id":6205618547,"sourceType":"openstreetmap","entityType":"modern-rail-station","geometryType":"Point","sourceGeometryType":"Point","network":"千代田線","station":"subway","layer":null,"usage":null,"osm_way_id":null,"id":"station:node:6205618547","type":"station"},"geometry":{"type":"Point","coordinates":[139.6900949,35.6690489]}},{"type":"Feature","properties":{"railway":"station","name":"国立競技場","name:ja":"国立競技場","name:en":"Kokuritsu-kyogijo","operator":"東京都交通局","ref":"E25","public_transport":"station","wikidata":"Q275113","wikipedia":"ja:国立競技場駅","osm_element_type":"node","osm_element_id":6206496012,"sourceType":"openstreetmap","entityType":"modern-rail-station","geometryType":"Point","sourceGeometryType":"Point","network":"都営地下鉄","station":"subway","layer":null,"usage":null,"osm_way_id":null,"id":"station:node:6206496012","type":"station"},"geometry":{"type":"Point","coordinates":[139.7139442,35.6801003]}},{"type":"Feature","properties":{"railway":"station","name":"二重橋前〈丸の内〉","name:ja":null,"name:en":"Nijubashimae 'Marunouchi'","operator":"東京地下鉄","ref":"C10","public_transport":"station","wikidata":"Q390676","wikipedia":"ja:二重橋前駅","osm_element_type":"node","osm_element_id":6206669779,"sourceType":"openstreetmap","entityType":"modern-rail-station","geometryType":"Point","sourceGeometryType":"Point","network":"千代田線","station":"subway","layer":null,"usage":null,"osm_way_id":null,"id":"station:node:6206669779","type":"station"},"geometry":{"type":"Point","coordinates":[139.7616161,35.6803213]}},{"type":"Feature","properties":{"railway":"station","name":"半蔵門","name:ja":"半蔵門","name:en":"Hanzomon","operator":"東京地下鉄","ref":"Z05","public_transport":"station","wikidata":"Q80551","wikipedia":"ja:半蔵門駅","osm_element_type":"node","osm_element_id":6208064122,"sourceType":"openstreetmap","entityType":"modern-rail-station","geometryType":"Point","sourceGeometryType":"Point","network":null,"station":"subway","layer":null,"usage":null,"osm_way_id":null,"id":"station:node:6208064122","type":"station"},"geometry":{"type":"Point","coordinates":[139.7415832,35.6852213]}},{"type":"Feature","properties":{"railway":"station","name":"新御徒町","name:ja":"新御徒町","name:en":"Shin-okachimachi","operator":"東京都交通局","ref":"E10","public_transport":"station","wikidata":"Q80540","wikipedia":"ja:新御徒町駅","osm_element_type":"node","osm_element_id":6209017478,"sourceType":"openstreetmap","entityType":"modern-rail-station","geometryType":"Point","sourceGeometryType":"Point","network":"都営地下鉄","station":"subway","layer":null,"usage":null,"osm_way_id":null,"id":"station:node:6209017478","type":"station"},"geometry":{"type":"Point","coordinates":[139.7818428,35.7070597]}},{"type":"Feature","properties":{"railway":"station","name":"新御徒町","name:ja":"新御徒町","name:en":"Shin-Okachimachi","operator":"首都圏新都市鉄道","ref":"02","public_transport":"station","wikidata":"Q80540","wikipedia":"ja:新御徒町駅","osm_element_type":"node","osm_element_id":6209071059,"sourceType":"openstreetmap","entityType":"modern-rail-station","geometryType":"Point","sourceGeometryType":"Point","network":null,"station":null,"layer":null,"usage":null,"osm_way_id":null,"id":"station:node:6209071059","type":"station"},"geometry":{"type":"Point","coordinates":[139.7820289,35.7070114]}},{"type":"Feature","properties":{"railway":"station","name":"赤坂","name:ja":"赤坂","name:en":"Akasaka","operator":"東京地下鉄","ref":"C06","public_transport":"station","wikidata":"Q1042002","wikipedia":"ja:赤坂駅 (東京都)","osm_element_type":"node","osm_element_id":6210190874,"sourceType":"openstreetmap","entityType":"modern-rail-station","geometryType":"Point","sourceGeometryType":"Point","network":"千代田線","station":"subway","layer":null,"usage":null,"osm_way_id":null,"id":"station:node:6210190874","type":"station"},"geometry":{"type":"Point","coordinates":[139.736388,35.672224]}},{"type":"Feature","properties":{"railway":"station","name":"東雲","name:ja":"東雲","name:en":"Shinonome","operator":"東京臨海高速鉄道","ref":"R02","public_transport":"station","wikidata":"Q849094","wikipedia":"ja:東雲駅 (東京都)","osm_element_type":"node","osm_element_id":6211575889,"sourceType":"openstreetmap","entityType":"modern-rail-station","geometryType":"Point","sourceGeometryType":"Point","network":null,"station":"subway","layer":null,"usage":null,"osm_way_id":null,"id":"station:node:6211575889","type":"station"},"geometry":{"type":"Point","coordinates":[139.8036235,35.64073]}},{"type":"Feature","properties":{"railway":"station","name":"東京テレポート","name:ja":"東京テレポート","name:en":"Tokyo Teleport","operator":"東京臨海高速鉄道","ref":"R04","public_transport":"station","wikidata":"Q906738","wikipedia":"ja:東京テレポート駅","osm_element_type":"node","osm_element_id":6211575890,"sourceType":"openstreetmap","entityType":"modern-rail-station","geometryType":"Point","sourceGeometryType":"Point","network":null,"station":"subway","layer":null,"usage":null,"osm_way_id":null,"id":"station:node:6211575890","type":"station"},"geometry":{"type":"Point","coordinates":[139.7780908,35.6270927]}},{"type":"Feature","properties":{"railway":"station","name":"天王洲アイル","name:ja":"天王洲アイル","name:en":"Tennozu Isle","operator":"東京臨海高速鉄道","ref":"R05","public_transport":"station","wikidata":"Q841425","wikipedia":"ja:天王洲アイル駅","osm_element_type":"node","osm_element_id":6211678481,"sourceType":"openstreetmap","entityType":"modern-rail-station","geometryType":"Point","sourceGeometryType":"Point","network":null,"station":"subway","layer":null,"usage":null,"osm_way_id":null,"id":"station:node:6211678481","type":"station"},"geometry":{"type":"Point","coordinates":[139.7508785,35.6205792]}},{"type":"Feature","properties":{"railway":"station","name":"品川シーサイド","name:ja":"品川シーサイド","name:en":"Shinagawa Seaside","operator":"東京臨海高速鉄道","ref":"R06","public_transport":"station","wikidata":"Q849106","wikipedia":"ja:品川シーサイド駅","osm_element_type":"node","osm_element_id":6211678482,"sourceType":"openstreetmap","entityType":"modern-rail-station","geometryType":"Point","sourceGeometryType":"Point","network":null,"station":"subway","layer":null,"usage":null,"osm_way_id":null,"id":"station:node:6211678482","type":"station"},"geometry":{"type":"Point","coordinates":[139.7498775,35.6097199]}},{"type":"Feature","properties":{"railway":"station","name":"大井町","name:ja":"大井町","name:en":"Oimachi","operator":"東京臨海高速鉄道","ref":"R07","public_transport":"station","wikidata":"Q801690","wikipedia":"ja:大井町駅","osm_element_type":"node","osm_element_id":6211678483,"sourceType":"openstreetmap","entityType":"modern-rail-station","geometryType":"Point","sourceGeometryType":"Point","network":null,"station":"subway","layer":"-1","usage":null,"osm_way_id":null,"id":"station:node:6211678483","type":"station"},"geometry":{"type":"Point","coordinates":[139.7344119,35.6074432]}},{"type":"Feature","properties":{"railway":"station","name":"国際展示場","name:ja":"国際展示場","name:en":"Kokusai-tenjijo","operator":"東京臨海高速鉄道","ref":"R03","public_transport":"station","wikidata":"Q841567","wikipedia":"ja:国際展示場駅","osm_element_type":"node","osm_element_id":6214783969,"sourceType":"openstreetmap","entityType":"modern-rail-station","geometryType":"Point","sourceGeometryType":"Point","network":null,"station":"subway","layer":null,"usage":null,"osm_way_id":null,"id":"station:node:6214783969","type":"station"},"geometry":{"type":"Point","coordinates":[139.7917555,35.6344374]}},{"type":"Feature","properties":{"railway":"station","name":"新木場","name:ja":"新木場","name:en":"Shin-kiba","operator":"東京地下鉄","ref":"Y24","public_transport":"station","wikidata":"Q1376066","wikipedia":"ja:新木場駅","osm_element_type":"node","osm_element_id":6214910740,"sourceType":"openstreetmap","entityType":"modern-rail-station","geometryType":"Point","sourceGeometryType":"Point","network":null,"station":"subway","layer":null,"usage":null,"osm_way_id":null,"id":"station:node:6214910740","type":"station"},"geometry":{"type":"Point","coordinates":[139.8266597,35.6459052]}},{"type":"Feature","properties":{"railway":"station","name":"中野坂上","name:ja":"中野坂上","name:en":"Nakano-sakaue","operator":"東京地下鉄","ref":"M06","public_transport":"station","wikidata":"Q275436","wikipedia":"ja:中野坂上駅","osm_element_type":"node","osm_element_id":6217547168,"sourceType":"openstreetmap","entityType":"modern-rail-station","geometryType":"Point","sourceGeometryType":"Point","network":null,"station":"subway","layer":null,"usage":null,"osm_way_id":null,"id":"station:node:6217547168","type":"station"},"geometry":{"type":"Point","coordinates":[139.6817498,35.6971173]}},{"type":"Feature","properties":{"railway":"station","name":"中野坂上","name:ja":"中野坂上","name:en":"Nakano-sakaue","operator":"東京都交通局","ref":"E30","public_transport":"station","wikidata":"Q275436","wikipedia":"ja:中野坂上駅","osm_element_type":"node","osm_element_id":6217625964,"sourceType":"openstreetmap","entityType":"modern-rail-station","geometryType":"Point","sourceGeometryType":"Point","network":"都営地下鉄","station":"subway","layer":null,"usage":null,"osm_way_id":null,"id":"station:node:6217625964","type":"station"},"geometry":{"type":"Point","coordinates":[139.6829208,35.6972839]}},{"type":"Feature","properties":{"railway":"station","name":"表参道","name:ja":"表参道","name:en":"Omote-sando","operator":"東京地下鉄","ref":"G02;C04;Z02","public_transport":"station","wikidata":"Q1326733","wikipedia":"ja:表参道駅","osm_element_type":"node","osm_element_id":6219132765,"sourceType":"openstreetmap","entityType":"modern-rail-station","geometryType":"Point","sourceGeometryType":"Point","network":"銀座線;千代田線;半蔵門線","station":"subway","layer":null,"usage":null,"osm_way_id":null,"id":"station:node:6219132765","type":"station"},"geometry":{"type":"Point","coordinates":[139.7125432,35.6651609]}},{"type":"Feature","properties":{"railway":"station","name":"渋谷","name:ja":"渋谷","name:en":"Shibuya","operator":"東京地下鉄","ref":"G01","public_transport":"station","wikidata":"Q428811","wikipedia":"ja:渋谷駅","osm_element_type":"node","osm_element_id":6219204314,"sourceType":"openstreetmap","entityType":"modern-rail-station","geometryType":"Point","sourceGeometryType":"Point","network":"銀座線","station":"subway","layer":null,"usage":null,"osm_way_id":null,"id":"station:node:6219204314","type":"station"},"geometry":{"type":"Point","coordinates":[139.7024447,35.658999]}},{"type":"Feature","properties":{"railway":"station","name":"渋谷","name:ja":"渋谷","name:en":"Shibuya","operator":"東急電鉄","ref":"T01;F16","public_transport":"station","wikidata":"Q428811","wikipedia":"ja:渋谷駅","osm_element_type":"node","osm_element_id":6219636719,"sourceType":"openstreetmap","entityType":"modern-rail-station","geometryType":"Point","sourceGeometryType":"Point","network":"東急電鉄;東京地下鉄","station":"subway","layer":null,"usage":null,"osm_way_id":null,"id":"station:node:6219636719","type":"station"},"geometry":{"type":"Point","coordinates":[139.7028426,35.6584501]}},{"type":"Feature","properties":{"railway":"station","name":"渋谷","name:ja":"渋谷","name:en":"Shibuya","operator":null,"ref":"DT01;Z01","public_transport":"station","wikidata":"Q428811","wikipedia":"ja:渋谷駅","osm_element_type":"node","osm_element_id":6219656544,"sourceType":"openstreetmap","entityType":"modern-rail-station","geometryType":"Point","sourceGeometryType":"Point","network":null,"station":"subway","layer":null,"usage":null,"osm_way_id":null,"id":"station:node:6219656544","type":"station"},"geometry":{"type":"Point","coordinates":[139.701972,35.659501]}},{"type":"Feature","properties":{"railway":"station","name":"六本木一丁目","name:ja":"六本木一丁目","name:en":"Roppongi-itchome","operator":"東京地下鉄","ref":"N05","public_transport":"station","wikidata":"Q1073717","wikipedia":null,"osm_element_type":"node","osm_element_id":6227812514,"sourceType":"openstreetmap","entityType":"modern-rail-station","geometryType":"Point","sourceGeometryType":"Point","network":null,"station":"subway","layer":null,"usage":null,"osm_way_id":null,"id":"station:node:6227812514","type":"station"},"geometry":{"type":"Point","coordinates":[139.738849,35.6649728]}},{"type":"Feature","properties":{"railway":"station","name":"リゾートゲートウェイ・ステーション","name:ja":"リゾートゲートウェイ・ステーション","name:en":"Resort Gateway Station","operator":"舞浜リゾートライン","ref":null,"public_transport":"station","wikidata":"Q8014465","wikipedia":"ja:リゾートゲートウェイ・ステーション駅","osm_element_type":"node","osm_element_id":6229725460,"sourceType":"openstreetmap","entityType":"modern-rail-station","geometryType":"Point","sourceGeometryType":"Point","network":"ディズニーリゾートライン","station":"monorail","layer":null,"usage":null,"osm_way_id":null,"id":"station:node:6229725460","type":"station"},"geometry":{"type":"Point","coordinates":[139.8851168,35.6352628]}},{"type":"Feature","properties":{"railway":"station","name":"新橋","name:ja":"新橋","name:en":"Shimbashi","operator":"東京地下鉄","ref":"G08","public_transport":"station","wikidata":"Q801436","wikipedia":"ja:新橋駅","osm_element_type":"node","osm_element_id":6230838993,"sourceType":"openstreetmap","entityType":"modern-rail-station","geometryType":"Point","sourceGeometryType":"Point","network":"ロ銀座線","station":"subway","layer":null,"usage":null,"osm_way_id":null,"id":"station:node:6230838993","type":"station"},"geometry":{"type":"Point","coordinates":[139.7588592,35.6671895]}},{"type":"Feature","properties":{"railway":"station","name":"新橋","name:ja":"新橋","name:en":"Shimbashi","operator":"東京都交通局","ref":"A10","public_transport":"station","wikidata":"Q801436","wikipedia":"ja:新橋駅","osm_element_type":"node","osm_element_id":6231153217,"sourceType":"openstreetmap","entityType":"modern-rail-station","geometryType":"Point","sourceGeometryType":"Point","network":"都営地下鉄","station":"subway","layer":null,"usage":null,"osm_way_id":null,"id":"station:node:6231153217","type":"station"},"geometry":{"type":"Point","coordinates":[139.759388,35.6654012]}},{"type":"Feature","properties":{"railway":"station","name":"日比谷","name:ja":"日比谷","name:en":"Hibiya","operator":"東京地下鉄","ref":"H07","public_transport":"station","wikidata":null,"wikipedia":null,"osm_element_type":"node","osm_element_id":6231304485,"sourceType":"openstreetmap","entityType":"modern-rail-station","geometryType":"Point","sourceGeometryType":"Point","network":"日比谷線","station":"subway","layer":null,"usage":null,"osm_way_id":null,"id":"station:node:6231304485","type":"station"},"geometry":{"type":"Point","coordinates":[139.760332,35.6744172]}},{"type":"Feature","properties":{"railway":"station","name":"汐留","name:ja":"汐留","name:en":"Shiodome","operator":"東京都交通局","ref":"E19","public_transport":"station","wikidata":"Q1063299","wikipedia":"ja:汐留駅","osm_element_type":"node","osm_element_id":6231339938,"sourceType":"openstreetmap","entityType":"modern-rail-station","geometryType":"Point","sourceGeometryType":"Point","network":"都営地下鉄","station":"subway","layer":null,"usage":null,"osm_way_id":null,"id":"station:node:6231339938","type":"station"},"geometry":{"type":"Point","coordinates":[139.7602718,35.6632377]}},{"type":"Feature","properties":{"railway":"station","name":"芝公園","name:ja":"芝公園","name:en":"Shibakoen","operator":"東京都交通局","ref":"I05","public_transport":"station","wikidata":"Q905609","wikipedia":"ja:芝公園駅","osm_element_type":"node","osm_element_id":6233834712,"sourceType":"openstreetmap","entityType":"modern-rail-station","geometryType":"Point","sourceGeometryType":"Point","network":"都営地下鉄","station":"subway","layer":null,"usage":null,"osm_way_id":null,"id":"station:node:6233834712","type":"station"},"geometry":{"type":"Point","coordinates":[139.7498924,35.654237]}},{"type":"Feature","properties":{"railway":"station","name":"舎人","name:ja":"舎人","name:en":"Toneri","operator":"東京都交通局","ref":"NT12","public_transport":"station","wikidata":"Q7820886","wikipedia":"ja:舎人駅","osm_element_type":"node","osm_element_id":6234960537,"sourceType":"openstreetmap","entityType":"modern-rail-station","geometryType":"Point","sourceGeometryType":"Point","network":null,"station":"light_rail","layer":null,"usage":null,"osm_way_id":null,"id":"station:node:6234960537","type":"station"},"geometry":{"type":"Point","coordinates":[139.7701164,35.8056634]}},{"type":"Feature","properties":{"railway":"station","name":"舎人公園","name:ja":"舎人公園","name:en":"Toneri-koen","operator":"東京都交通局","ref":"11","public_transport":"station","wikidata":"Q7820883","wikipedia":"ja:舎人公園駅","osm_element_type":"node","osm_element_id":6234960538,"sourceType":"openstreetmap","entityType":"modern-rail-station","geometryType":"Point","sourceGeometryType":"Point","network":null,"station":"light_rail","layer":null,"usage":null,"osm_way_id":null,"id":"station:node:6234960538","type":"station"},"geometry":{"type":"Point","coordinates":[139.7701613,35.7963713]}},{"type":"Feature","properties":{"railway":"station","name":"谷在家","name:ja":"谷在家","name:en":"Yazaike","operator":"東京都交通局","ref":"10","public_transport":"station","wikidata":"Q8050564","wikipedia":"ja:谷在家駅","osm_element_type":"node","osm_element_id":6234995903,"sourceType":"openstreetmap","entityType":"modern-rail-station","geometryType":"Point","sourceGeometryType":"Point","network":null,"station":"light_rail","layer":null,"usage":null,"osm_way_id":null,"id":"station:node:6234995903","type":"station"},"geometry":{"type":"Point","coordinates":[139.7700523,35.7887298]}},{"type":"Feature","properties":{"railway":"station","name":"江北","name:ja":"江北","name:en":"Kohoku","operator":"東京都交通局","ref":"08","public_transport":"station","wikidata":"Q6455131","wikipedia":"ja:江北駅","osm_element_type":"node","osm_element_id":6234995904,"sourceType":"openstreetmap","entityType":"modern-rail-station","geometryType":"Point","sourceGeometryType":"Point","network":null,"station":"light_rail","layer":null,"usage":null,"osm_way_id":null,"id":"station:node:6234995904","type":"station"},"geometry":{"type":"Point","coordinates":[139.7703113,35.7738081]}},{"type":"Feature","properties":{"railway":"station","name":"高野","name:ja":"高野","name:en":"Koya","operator":"東京都交通局","ref":"NT07","public_transport":"station","wikidata":"Q6455332","wikipedia":"ja:高野駅 (東京都)","osm_element_type":"node","osm_element_id":6234995905,"sourceType":"openstreetmap","entityType":"modern-rail-station","geometryType":"Point","sourceGeometryType":"Point","network":null,"station":"light_rail","layer":null,"usage":null,"osm_way_id":null,"id":"station:node:6234995905","type":"station"},"geometry":{"type":"Point","coordinates":[139.7706994,35.7685095]}},{"type":"Feature","properties":{"railway":"station","name":"扇大橋","name:ja":"扇大橋","name:en":"Ogi-ohashi","operator":"東京都交通局","ref":"06","public_transport":"station","wikidata":"Q8081475","wikipedia":"ja:扇大橋駅","osm_element_type":"node","osm_element_id":6234995906,"sourceType":"openstreetmap","entityType":"modern-rail-station","geometryType":"Point","sourceGeometryType":"Point","network":null,"station":"light_rail","layer":null,"usage":null,"osm_way_id":null,"id":"station:node:6234995906","type":"station"},"geometry":{"type":"Point","coordinates":[139.7708262,35.7639694]}},{"type":"Feature","properties":{"railway":"station","name":"足立小台","name:ja":"足立小台","name:en":"Adachi-odai","operator":"東京都交通局","ref":"NT05","public_transport":"station","wikidata":"Q4678340","wikipedia":"ja:足立小台駅","osm_element_type":"node","osm_element_id":6235000937,"sourceType":"openstreetmap","entityType":"modern-rail-station","geometryType":"Point","sourceGeometryType":"Point","network":"日暮里・舎人ライナー","station":"light_rail","layer":null,"usage":null,"osm_way_id":null,"id":"station:node:6235000937","type":"station"},"geometry":{"type":"Point","coordinates":[139.7703819,35.7546937]}},{"type":"Feature","properties":{"railway":"station","name":"熊野前","name:ja":"熊野前","name:en":"Kumanomae","operator":"東京都交通局","ref":"NT04","public_transport":"station","wikidata":"Q6443453","wikipedia":"ja:熊野前駅","osm_element_type":"node","osm_element_id":6235000939,"sourceType":"openstreetmap","entityType":"modern-rail-station","geometryType":"Point","sourceGeometryType":"Point","network":null,"station":"light_rail","layer":null,"usage":null,"osm_way_id":null,"id":"station:node:6235000939","type":"station"},"geometry":{"type":"Point","coordinates":[139.7698441,35.7484991]}},{"type":"Feature","properties":{"railway":"station","name":"西新井大師西","name:ja":"西新井大師西","name:en":"Nishiaraidaishi-nishi","operator":"東京都交通局","ref":"NT09","public_transport":"station","wikidata":"Q11628298","wikipedia":"ja:西新井大師西駅","osm_element_type":"node","osm_element_id":6235008973,"sourceType":"openstreetmap","entityType":"modern-rail-station","geometryType":"Point","sourceGeometryType":"Point","network":null,"station":"light_rail","layer":null,"usage":null,"osm_way_id":null,"id":"station:node:6235008973","type":"station"},"geometry":{"type":"Point","coordinates":[139.770084,35.7815121]}},{"type":"Feature","properties":{"railway":"station","name":"早稲田","name:ja":"早稲田","name:en":"Waseda","operator":"東京都交通局","ref":null,"public_transport":"station","wikidata":"Q7971386","wikipedia":"ja:早稲田停留場","osm_element_type":"node","osm_element_id":6235968753,"sourceType":"openstreetmap","entityType":"modern-rail-station","geometryType":"Point","sourceGeometryType":"Point","network":null,"station":null,"layer":null,"usage":null,"osm_way_id":null,"id":"station:node:6235968753","type":"station"},"geometry":{"type":"Point","coordinates":[139.7191703,35.711807]}},{"type":"Feature","properties":{"railway":"station","name":"面影橋","name:ja":null,"name:en":"Omokagebashi","operator":"東京都交通局","ref":null,"public_transport":"station","wikidata":"Q11663788","wikipedia":"ja:面影橋停留場","osm_element_type":"node","osm_element_id":6236061923,"sourceType":"openstreetmap","entityType":"modern-rail-station","geometryType":"Point","sourceGeometryType":"Point","network":null,"station":null,"layer":null,"usage":null,"osm_way_id":null,"id":"station:node:6236061923","type":"station"},"geometry":{"type":"Point","coordinates":[139.714259,35.7130061]}},{"type":"Feature","properties":{"railway":"station","name":"学習院下","name:ja":"学習院下","name:en":"Gakushuinshita","operator":"東京都交通局","ref":"SA28","public_transport":"station","wikidata":"Q10945769","wikipedia":"ja:学習院下停留場","osm_element_type":"node","osm_element_id":6236080112,"sourceType":"openstreetmap","entityType":"modern-rail-station","geometryType":"Point","sourceGeometryType":"Point","network":null,"station":null,"layer":null,"usage":null,"osm_way_id":null,"id":"station:node:6236080112","type":"station"},"geometry":{"type":"Point","coordinates":[139.7125211,35.7163541]}},{"type":"Feature","properties":{"railway":"station","name":"都電雑司ヶ谷","name:ja":"都電雑司ヶ谷","name:en":"Toden-zoshigaya","operator":"東京都交通局","ref":"SA26","public_transport":"station","wikidata":"Q7812764","wikipedia":"ja:都電雑司ヶ谷停留場","osm_element_type":"node","osm_element_id":6236080113,"sourceType":"openstreetmap","entityType":"modern-rail-station","geometryType":"Point","sourceGeometryType":"Point","network":null,"station":null,"layer":null,"usage":null,"osm_way_id":null,"id":"station:node:6236080113","type":"station"},"geometry":{"type":"Point","coordinates":[139.7179309,35.7241989]}},{"type":"Feature","properties":{"railway":"station","name":"東池袋四丁目","name:ja":"東池袋四丁目","name:en":"Higashi-ikebukuro-yonchome","operator":"東京都交通局","ref":"SA25","public_transport":"station","wikidata":"Q13479437","wikipedia":"ja:東池袋四丁目停留所","osm_element_type":"node","osm_element_id":6236080114,"sourceType":"openstreetmap","entityType":"modern-rail-station","geometryType":"Point","sourceGeometryType":"Point","network":null,"station":null,"layer":null,"usage":null,"osm_way_id":null,"id":"station:node:6236080114","type":"station"},"geometry":{"type":"Point","coordinates":[139.7201704,35.7252736]}},{"type":"Feature","properties":{"railway":"station","name":"向原","name:ja":"向原","name:en":"Mukohara","operator":"東京都交通局","ref":"SA24","public_transport":"station","wikidata":"Q10918083","wikipedia":"ja:向原停留所","osm_element_type":"node","osm_element_id":6236080117,"sourceType":"openstreetmap","entityType":"modern-rail-station","geometryType":"Point","sourceGeometryType":"Point","network":null,"station":null,"layer":null,"usage":null,"osm_way_id":null,"id":"station:node:6236080117","type":"station"},"geometry":{"type":"Point","coordinates":[139.7250932,35.7290407]}},{"type":"Feature","properties":{"railway":"station","name":"巣鴨新田","name:ja":"巣鴨新田","name:en":"Sugamoshinden","operator":"東京都交通局","ref":null,"public_transport":"station","wikidata":"Q11056416","wikipedia":"ja:巣鴨新田停留所","osm_element_type":"node","osm_element_id":6236325155,"sourceType":"openstreetmap","entityType":"modern-rail-station","geometryType":"Point","sourceGeometryType":"Point","network":null,"station":null,"layer":null,"usage":null,"osm_way_id":null,"id":"station:node:6236325155","type":"station"},"geometry":{"type":"Point","coordinates":[139.7277426,35.735513]}},{"type":"Feature","properties":{"railway":"station","name":"庚申塚","name:ja":"庚申塚","name:en":"Koshinzuka","operator":"東京都交通局","ref":null,"public_transport":"station","wikidata":"Q11063262","wikipedia":"ja:庚申塚停留所","osm_element_type":"node","osm_element_id":6236350648,"sourceType":"openstreetmap","entityType":"modern-rail-station","geometryType":"Point","sourceGeometryType":"Point","network":null,"station":null,"layer":null,"usage":null,"osm_way_id":null,"id":"station:node:6236350648","type":"station"},"geometry":{"type":"Point","coordinates":[139.7297221,35.7396036]}},{"type":"Feature","properties":{"railway":"station","name":"新庚申塚","name:ja":"新庚申塚","name:en":"Shin-koshinzuka","operator":"東京都交通局","ref":null,"public_transport":"station","wikidata":"Q8191303","wikipedia":"ja:新庚申塚停留場","osm_element_type":"node","osm_element_id":6236350649,"sourceType":"openstreetmap","entityType":"modern-rail-station","geometryType":"Point","sourceGeometryType":"Point","network":null,"station":null,"layer":null,"usage":null,"osm_way_id":null,"id":"station:node:6236350649","type":"station"},"geometry":{"type":"Point","coordinates":[139.7306336,35.7415243]}},{"type":"Feature","properties":{"railway":"station","name":"西ヶ原四丁目","name:ja":"西ヶ原四丁目","name:en":"Nishigahara-yonchome","operator":"東京都交通局","ref":null,"public_transport":"station","wikidata":"Q11627080","wikipedia":"ja:西ヶ原四丁目停留所","osm_element_type":"node","osm_element_id":6236350650,"sourceType":"openstreetmap","entityType":"modern-rail-station","geometryType":"Point","sourceGeometryType":"Point","network":null,"station":null,"layer":null,"usage":null,"osm_way_id":null,"id":"station:node:6236350650","type":"station"},"geometry":{"type":"Point","coordinates":[139.7329388,35.7445689]}},{"type":"Feature","properties":{"railway":"station","name":"王子駅前","name:ja":"王子駅前","name:en":"Oji-ekimae","operator":"東京都交通局","ref":"SA16","public_transport":"station","wikidata":"Q801689","wikipedia":"ja:王子駅","osm_element_type":"node","osm_element_id":6236367099,"sourceType":"openstreetmap","entityType":"modern-rail-station","geometryType":"Point","sourceGeometryType":"Point","network":null,"station":null,"layer":null,"usage":null,"osm_way_id":null,"id":"station:node:6236367099","type":"station"},"geometry":{"type":"Point","coordinates":[139.7382607,35.7527409]}},{"type":"Feature","properties":{"railway":"station","name":"荒川車庫前","name:ja":"荒川車庫前","name:en":"Arakawa-shakomae","operator":"東京都交通局","ref":"SA13","public_transport":"station","wikidata":"Q11618624","wikipedia":"ja:荒川車庫前駅","osm_element_type":"node","osm_element_id":6236471539,"sourceType":"openstreetmap","entityType":"modern-rail-station","geometryType":"Point","sourceGeometryType":"Point","network":null,"station":null,"layer":null,"usage":null,"osm_way_id":null,"id":"station:node:6236471539","type":"station"},"geometry":{"type":"Point","coordinates":[139.7527129,35.750891]}},{"type":"Feature","properties":{"railway":"station","name":"小台","name:ja":"小台","name:en":"Odai","operator":"東京都交通局","ref":null,"public_transport":"station","wikidata":"Q10958045","wikipedia":"ja:小台駅","osm_element_type":"node","osm_element_id":6236482425,"sourceType":"openstreetmap","entityType":"modern-rail-station","geometryType":"Point","sourceGeometryType":"Point","network":null,"station":null,"layer":null,"usage":null,"osm_way_id":null,"id":"station:node:6236482425","type":"station"},"geometry":{"type":"Point","coordinates":[139.7620294,35.7505193]}},{"type":"Feature","properties":{"railway":"station","name":"宮ノ前","name:ja":"宮ノ前","name:en":"Miyanomae","operator":"東京都交通局","ref":"SA10","public_transport":"station","wikidata":"Q11453134","wikipedia":"ja:宮ノ前駅","osm_element_type":"node","osm_element_id":6236490715,"sourceType":"openstreetmap","entityType":"modern-rail-station","geometryType":"Point","sourceGeometryType":"Point","network":null,"station":null,"layer":null,"usage":null,"osm_way_id":null,"id":"station:node:6236490715","type":"station"},"geometry":{"type":"Point","coordinates":[139.7652475,35.7500466]}},{"type":"Feature","properties":{"railway":"station","name":"熊野前","name:ja":"熊野前","name:en":"Kumanomae","operator":"東京都交通局","ref":null,"public_transport":"station","wikidata":"Q6443453","wikipedia":"ja:熊野前駅","osm_element_type":"node","osm_element_id":6236498188,"sourceType":"openstreetmap","entityType":"modern-rail-station","geometryType":"Point","sourceGeometryType":"Point","network":null,"station":null,"layer":null,"usage":null,"osm_way_id":null,"id":"station:node:6236498188","type":"station"},"geometry":{"type":"Point","coordinates":[139.7697005,35.7491167]}},{"type":"Feature","properties":{"railway":"station","name":"東尾久三丁目","name:ja":"東尾久三丁目","name:en":"Higashi-ogu-sanchome","operator":"東京都交通局","ref":"SA08","public_transport":"station","wikidata":"Q11103269","wikipedia":null,"osm_element_type":"node","osm_element_id":6237073657,"sourceType":"openstreetmap","entityType":"modern-rail-station","geometryType":"Point","sourceGeometryType":"Point","network":null,"station":null,"layer":null,"usage":null,"osm_way_id":null,"id":"station:node:6237073657","type":"station"},"geometry":{"type":"Point","coordinates":[139.7740826,35.7455749]}},{"type":"Feature","properties":{"railway":"station","name":"浅草","name:ja":"浅草","name:en":"Asakusa","operator":"東京地下鉄","ref":"G19","public_transport":"station","wikidata":"Q800405","wikipedia":"ja:浅草駅","osm_element_type":"node","osm_element_id":6237151013,"sourceType":"openstreetmap","entityType":"modern-rail-station","geometryType":"Point","sourceGeometryType":"Point","network":null,"station":"subway","layer":null,"usage":null,"osm_way_id":null,"id":"station:node:6237151013","type":"station"},"geometry":{"type":"Point","coordinates":[139.7978163,35.7108423]}},{"type":"Feature","properties":{"railway":"station","name":"南千住","name:ja":"南千住","name:en":"Minami-senju","operator":"東京地下鉄","ref":"H20","public_transport":"station","wikidata":"Q80570","wikipedia":"ja:南千住駅","osm_element_type":"node","osm_element_id":6237880982,"sourceType":"openstreetmap","entityType":"modern-rail-station","geometryType":"Point","sourceGeometryType":"Point","network":null,"station":"subway","layer":null,"usage":null,"osm_way_id":null,"id":"station:node:6237880982","type":"station"},"geometry":{"type":"Point","coordinates":[139.7988024,35.7323539]}},{"type":"Feature","properties":{"railway":"station","name":"北千住","name:ja":"北千住","name:en":"Kita-Senju","operator":"東日本旅客鉄道","ref":"JJ05","public_transport":"station","wikidata":"Q801026","wikipedia":"ja:北千住駅","osm_element_type":"node","osm_element_id":6237955644,"sourceType":"openstreetmap","entityType":"modern-rail-station","geometryType":"Point","sourceGeometryType":"Point","network":null,"station":null,"layer":null,"usage":null,"osm_way_id":null,"id":"station:node:6237955644","type":"station"},"geometry":{"type":"Point","coordinates":[139.8047536,35.748916]}},{"type":"Feature","properties":{"railway":"station","name":"秋葉原","name:ja":"秋葉原","name:en":"Akihabara","operator":"首都圏新都市鉄道","ref":"01","public_transport":"station","wikidata":"Q800374","wikipedia":"ja:秋葉原駅","osm_element_type":"node","osm_element_id":6238841525,"sourceType":"openstreetmap","entityType":"modern-rail-station","geometryType":"Point","sourceGeometryType":"Point","network":null,"station":null,"layer":null,"usage":null,"osm_way_id":null,"id":"station:node:6238841525","type":"station"},"geometry":{"type":"Point","coordinates":[139.774291,35.698825]}},{"type":"Feature","properties":{"railway":"station","name":"岩本町","name:ja":"岩本町","name:en":"Iwamotocho","operator":"東京都交通局","ref":"S08","public_transport":"station","wikidata":"Q128319","wikipedia":"ja:岩本町駅","osm_element_type":"node","osm_element_id":6238851056,"sourceType":"openstreetmap","entityType":"modern-rail-station","geometryType":"Point","sourceGeometryType":"Point","network":"都営地下鉄","station":"subway","layer":null,"usage":null,"osm_way_id":null,"id":"station:node:6238851056","type":"station"},"geometry":{"type":"Point","coordinates":[139.7753176,35.695614]}},{"type":"Feature","properties":{"railway":"station","name":"秋葉原","name:ja":"秋葉原","name:en":"Akihabara","operator":"東京地下鉄","ref":"H15","public_transport":"station","wikidata":"Q800374","wikipedia":"ja:秋葉原駅","osm_element_type":"node","osm_element_id":6240615686,"sourceType":"openstreetmap","entityType":"modern-rail-station","geometryType":"Point","sourceGeometryType":"Point","network":null,"station":"subway","layer":null,"usage":null,"osm_way_id":null,"id":"station:node:6240615686","type":"station"},"geometry":{"type":"Point","coordinates":[139.775504,35.6984622]}},{"type":"Feature","properties":{"railway":"station","name":"日本橋","name:ja":"日本橋","name:en":"Nihombashi","operator":"東京地下鉄","ref":"G11","public_transport":"station","wikidata":"Q775847","wikipedia":"ja:日本橋駅 (東京都)","osm_element_type":"node","osm_element_id":6240689967,"sourceType":"openstreetmap","entityType":"modern-rail-station","geometryType":"Point","sourceGeometryType":"Point","network":null,"station":"subway","layer":null,"usage":null,"osm_way_id":null,"id":"station:node:6240689967","type":"station"},"geometry":{"type":"Point","coordinates":[139.7733976,35.6820843]}},{"type":"Feature","properties":{"railway":"station","name":"日本橋","name:ja":"日本橋","name:en":"Nihombashi","operator":"東京都交通局","ref":"A13","public_transport":"station","wikidata":"Q775847","wikipedia":"ja:日本橋駅 (東京都)","osm_element_type":"node","osm_element_id":6240710301,"sourceType":"openstreetmap","entityType":"modern-rail-station","geometryType":"Point","sourceGeometryType":"Point","network":"都営地下鉄","station":"subway","layer":null,"usage":null,"osm_way_id":null,"id":"station:node:6240710301","type":"station"},"geometry":{"type":"Point","coordinates":[139.7758101,35.6818307]}},{"type":"Feature","properties":{"railway":"station","name":"三越前","name:ja":"三越前","name:en":"Mitsukoshimae","operator":"東京地下鉄","ref":"G12","public_transport":"station","wikidata":"Q76898","wikipedia":"ja:三越前駅","osm_element_type":"node","osm_element_id":6242231340,"sourceType":"openstreetmap","entityType":"modern-rail-station","geometryType":"Point","sourceGeometryType":"Point","network":"Tokyo Metro Ginza Line","station":"subway","layer":null,"usage":null,"osm_way_id":null,"id":"station:node:6242231340","type":"station"},"geometry":{"type":"Point","coordinates":[139.7736283,35.687054]}},{"type":"Feature","properties":{"railway":"station","name":"春日","name:ja":"春日","name:en":"Kasuga","operator":"東京都交通局","ref":"E07","public_transport":"station","wikidata":"Q1073928","wikipedia":"ja:春日駅 (東京都)","osm_element_type":"node","osm_element_id":6244588865,"sourceType":"openstreetmap","entityType":"modern-rail-station","geometryType":"Point","sourceGeometryType":"Point","network":"都営地下鉄","station":"subway","layer":null,"usage":null,"osm_way_id":null,"id":"station:node:6244588865","type":"station"},"geometry":{"type":"Point","coordinates":[139.7527409,35.7084896]}},{"type":"Feature","properties":{"railway":"station","name":"祐天寺","name:ja":"祐天寺","name:en":"Yutenji","operator":"東京急行電鉄","ref":"TY04","public_transport":"station","wikidata":"Q3178446","wikipedia":"ja:祐天寺駅","osm_element_type":"node","osm_element_id":6254457082,"sourceType":"openstreetmap","entityType":"modern-rail-station","geometryType":"Point","sourceGeometryType":"Point","network":null,"station":null,"layer":null,"usage":null,"osm_way_id":null,"id":"station:node:6254457082","type":"station"},"geometry":{"type":"Point","coordinates":[139.6910072,35.6375747]}},{"type":"Feature","properties":{"railway":"station","name":"学芸大学","name:ja":"学芸大学","name:en":"Gakugei-daigaku","operator":"東京急行電鉄","ref":"TY05","public_transport":"station","wikidata":"Q5517709","wikipedia":"ja:学芸大学駅","osm_element_type":"node","osm_element_id":6254460285,"sourceType":"openstreetmap","entityType":"modern-rail-station","geometryType":"Point","sourceGeometryType":"Point","network":null,"station":null,"layer":null,"usage":null,"osm_way_id":null,"id":"station:node:6254460285","type":"station"},"geometry":{"type":"Point","coordinates":[139.6853465,35.6289468]}},{"type":"Feature","properties":{"railway":"station","name":"自由が丘","name:ja":"自由が丘","name:en":"Jiyugaoka","operator":"東急電鉄","ref":"TY07","public_transport":"station","wikidata":"Q800972","wikipedia":"ja:自由が丘駅","osm_element_type":"node","osm_element_id":6254479996,"sourceType":"openstreetmap","entityType":"modern-rail-station","geometryType":"Point","sourceGeometryType":"Point","network":"東急電鉄","station":null,"layer":null,"usage":null,"osm_way_id":null,"id":"station:node:6254479996","type":"station"},"geometry":{"type":"Point","coordinates":[139.6688278,35.6075379]}},{"type":"Feature","properties":{"railway":"station","name":"田園調布","name:ja":"田園調布","name:en":"Den-en-chofu","operator":"東京急行電鉄","ref":"TY08","public_transport":"station","wikidata":"Q5256442","wikipedia":"ja:田園調布駅","osm_element_type":"node","osm_element_id":6254493955,"sourceType":"openstreetmap","entityType":"modern-rail-station","geometryType":"Point","sourceGeometryType":"Point","network":null,"station":null,"layer":null,"usage":null,"osm_way_id":null,"id":"station:node:6254493955","type":"station"},"geometry":{"type":"Point","coordinates":[139.6673676,35.5968896]}},{"type":"Feature","properties":{"railway":"station","name":"武蔵小杉","name:ja":"武蔵小杉","name:en":"Musashi-kosugi","operator":"東京急行電鉄","ref":"TY11;MG11","public_transport":"station","wikidata":"Q801207","wikipedia":"ja:武蔵小杉駅","osm_element_type":"node","osm_element_id":6254516169,"sourceType":"openstreetmap","entityType":"modern-rail-station","geometryType":"Point","sourceGeometryType":"Point","network":null,"station":null,"layer":null,"usage":null,"osm_way_id":null,"id":"station:node:6254516169","type":"station"},"geometry":{"type":"Point","coordinates":[139.6596755,35.5757446]}},{"type":"Feature","properties":{"railway":"station","name":"元住吉","name:ja":"元住吉","name:en":"Motosumiyoshi","operator":"東京急行電鉄","ref":"TY12;MG12","public_transport":"station","wikidata":"Q7937375","wikipedia":"ja:元住吉駅","osm_element_type":"node","osm_element_id":6254520499,"sourceType":"openstreetmap","entityType":"modern-rail-station","geometryType":"Point","sourceGeometryType":"Point","network":null,"station":null,"layer":null,"usage":null,"osm_way_id":null,"id":"station:node:6254520499","type":"station"},"geometry":{"type":"Point","coordinates":[139.6540638,35.5644487]}},{"type":"Feature","properties":{"railway":"station","name":"市ケ谷","name:ja":"市ケ谷","name:en":"Ichigaya","operator":"東京地下鉄","ref":"Y14","public_transport":"station","wikidata":"Q109577534","wikipedia":"ja:市ケ谷駅","osm_element_type":"node","osm_element_id":6261787929,"sourceType":"openstreetmap","entityType":"modern-rail-station","geometryType":"Point","sourceGeometryType":"Point","network":"東京メトロ有楽町線","station":"subway","layer":null,"usage":null,"osm_way_id":null,"id":"station:node:6261787929","type":"station"},"geometry":{"type":"Point","coordinates":[139.736689,35.6923805]}},{"type":"Feature","properties":{"railway":"station","name":"飯田橋","name:ja":"飯田橋","name:en":"Iidabashi","operator":"東京都交通局","ref":"E06","public_transport":"station","wikidata":"Q800953","wikipedia":"ja:飯田橋駅","osm_element_type":"node","osm_element_id":6270528135,"sourceType":"openstreetmap","entityType":"modern-rail-station","geometryType":"Point","sourceGeometryType":"Point","network":"都営地下鉄","station":"subway","layer":null,"usage":null,"osm_way_id":null,"id":"station:node:6270528135","type":"station"},"geometry":{"type":"Point","coordinates":[139.7457081,35.7031331]}},{"type":"Feature","properties":{"railway":"station","name":"銀座","name:ja":"銀座","name:en":"Ginza","operator":"東京地下鉄","ref":"M16","public_transport":"station","wikidata":"Q602372","wikipedia":"ja:銀座駅","osm_element_type":"node","osm_element_id":6271990033,"sourceType":"openstreetmap","entityType":"modern-rail-station","geometryType":"Point","sourceGeometryType":"Point","network":null,"station":"subway","layer":null,"usage":null,"osm_way_id":null,"id":"station:node:6271990033","type":"station"},"geometry":{"type":"Point","coordinates":[139.7631029,35.6728411]}},{"type":"Feature","properties":{"railway":"station","name":"銀座","name:ja":"銀座","name:en":"Ginza","operator":"東京地下鉄","ref":"H08","public_transport":"station","wikidata":"Q602372","wikipedia":"ja:銀座駅","osm_element_type":"node","osm_element_id":6272010117,"sourceType":"openstreetmap","entityType":"modern-rail-station","geometryType":"Point","sourceGeometryType":"Point","network":null,"station":"subway","layer":null,"usage":null,"osm_way_id":null,"id":"station:node:6272010117","type":"station"},"geometry":{"type":"Point","coordinates":[139.7638932,35.6720707]}},{"type":"Feature","properties":{"railway":"station","name":"銀座","name:ja":"銀座","name:en":"Ginza","operator":"東京地下鉄","ref":"G09","public_transport":"station","wikidata":"Q602372","wikipedia":"ja:銀座駅","osm_element_type":"node","osm_element_id":6272039605,"sourceType":"openstreetmap","entityType":"modern-rail-station","geometryType":"Point","sourceGeometryType":"Point","network":null,"station":"subway","layer":null,"usage":null,"osm_way_id":null,"id":"station:node:6272039605","type":"station"},"geometry":{"type":"Point","coordinates":[139.7652995,35.6714622]}},{"type":"Feature","properties":{"railway":"station","name":"豊洲","name:ja":"豊洲","name:en":"Toyosu","operator":"東京地下鉄","ref":"Y22","public_transport":"station","wikidata":"Q1141968","wikipedia":"ja:豊洲駅","osm_element_type":"node","osm_element_id":6274211194,"sourceType":"openstreetmap","entityType":"modern-rail-station","geometryType":"Point","sourceGeometryType":"Point","network":null,"station":"subway","layer":null,"usage":null,"osm_way_id":null,"id":"station:node:6274211194","type":"station"},"geometry":{"type":"Point","coordinates":[139.796174,35.6549298]}},{"type":"Feature","properties":{"railway":"station","name":"明治神宮前〈原宿〉","name:ja":null,"name:en":"Meiji-jingumae 'Harajuku'","operator":"東京地下鉄","ref":"F15","public_transport":"station","wikidata":"Q80429","wikipedia":"ja:明治神宮前駅","osm_element_type":"node","osm_element_id":6277490559,"sourceType":"openstreetmap","entityType":"modern-rail-station","geometryType":"Point","sourceGeometryType":"Point","network":"副都心線","station":"subway","layer":null,"usage":null,"osm_way_id":null,"id":"station:node:6277490559","type":"station"},"geometry":{"type":"Point","coordinates":[139.705341,35.6684209]}},{"type":"Feature","properties":{"railway":"station","name":"月島","name:ja":"月島","name:en":"Tsukishima","operator":"東京地下鉄","ref":"Y21","public_transport":"station","wikidata":"Q112337","wikipedia":"ja:月島駅","osm_element_type":"node","osm_element_id":6278523326,"sourceType":"openstreetmap","entityType":"modern-rail-station","geometryType":"Point","sourceGeometryType":"Point","network":null,"station":"subway","layer":null,"usage":null,"osm_way_id":null,"id":"station:node:6278523326","type":"station"},"geometry":{"type":"Point","coordinates":[139.7845639,35.664645]}},{"type":"Feature","properties":{"railway":"station","name":"泉岳寺","name:ja":"泉岳寺","name:en":"Sengakuji","operator":"東京都交通局","ref":"A07","public_transport":"station","wikidata":"Q905742","wikipedia":"ja:泉岳寺駅","osm_element_type":"node","osm_element_id":6279803459,"sourceType":"openstreetmap","entityType":"modern-rail-station","geometryType":"Point","sourceGeometryType":"Point","network":null,"station":"subway","layer":null,"usage":null,"osm_way_id":null,"id":"station:node:6279803459","type":"station"},"geometry":{"type":"Point","coordinates":[139.7400615,35.6387807]}},{"type":"Feature","properties":{"railway":"station","name":"新宿三丁目","name:ja":"新宿三丁目","name:en":"Shinjuku-sanchome","operator":"東京地下鉄","ref":"M09","public_transport":"station","wikidata":"Q1147009","wikipedia":"ja:新宿三丁目駅","osm_element_type":"node","osm_element_id":6280924992,"sourceType":"openstreetmap","entityType":"modern-rail-station","geometryType":"Point","sourceGeometryType":"Point","network":"丸ノ内線","station":"subway","layer":null,"usage":null,"osm_way_id":null,"id":"station:node:6280924992","type":"station"},"geometry":{"type":"Point","coordinates":[139.7040936,35.6911965]}},{"type":"Feature","properties":{"railway":"station","name":"新宿三丁目","name:ja":"新宿三丁目","name:en":"Shinjuku-sanchome","operator":"東京都交通局","ref":"S02","public_transport":"station","wikidata":"Q1147009","wikipedia":"ja:新宿三丁目駅","osm_element_type":"node","osm_element_id":6281454731,"sourceType":"openstreetmap","entityType":"modern-rail-station","geometryType":"Point","sourceGeometryType":"Point","network":"新宿線","station":"subway","layer":null,"usage":null,"osm_way_id":null,"id":"station:node:6281454731","type":"station"},"geometry":{"type":"Point","coordinates":[139.70626,35.6906011]}},{"type":"Feature","properties":{"railway":"station","name":"西武新宿","name:ja":"西武新宿","name:en":"Seibu-Shinjuku","operator":"西武鉄道","ref":"SS01","public_transport":"station","wikidata":"Q167299","wikipedia":"ja:西武新宿駅","osm_element_type":"node","osm_element_id":6283010875,"sourceType":"openstreetmap","entityType":"modern-rail-station","geometryType":"Point","sourceGeometryType":"Point","network":"西武鉄道","station":null,"layer":null,"usage":null,"osm_way_id":null,"id":"station:node:6283010875","type":"station"},"geometry":{"type":"Point","coordinates":[139.7000249,35.6954016]}},{"type":"Feature","properties":{"railway":"station","name":"新宿","name:ja":"新宿","name:en":"Shinjuku","operator":null,"ref":"KO01","public_transport":"station","wikidata":"Q801447","wikipedia":"ja:新宿駅","osm_element_type":"node","osm_element_id":6283384525,"sourceType":"openstreetmap","entityType":"modern-rail-station","geometryType":"Point","sourceGeometryType":"Point","network":null,"station":null,"layer":null,"usage":null,"osm_way_id":null,"id":"station:node:6283384525","type":"station"},"geometry":{"type":"Point","coordinates":[139.6991102,35.6905828]}},{"type":"Feature","properties":{"railway":"station","name":"青山一丁目","name:ja":"青山一丁目","name:en":"Aoyama-itchome","operator":"東京地下鉄;東京都交通局","ref":"G04;Z03;E24","public_transport":"station","wikidata":"Q602410","wikipedia":"ja:青山一丁目駅","osm_element_type":"node","osm_element_id":6284888995,"sourceType":"openstreetmap","entityType":"modern-rail-station","geometryType":"Point","sourceGeometryType":"Point","network":"都営地下鉄","station":"subway","layer":null,"usage":null,"osm_way_id":null,"id":"station:node:6284888995","type":"station"},"geometry":{"type":"Point","coordinates":[139.7240186,35.6727797]}},{"type":"Feature","properties":{"railway":"station","name":"程久保","name:ja":"程久保","name:en":"Hodokubo","operator":"多摩都市モノレール","ref":null,"public_transport":"station","wikidata":"Q5876257","wikipedia":"ja:程久保駅","osm_element_type":"node","osm_element_id":6287277218,"sourceType":"openstreetmap","entityType":"modern-rail-station","geometryType":"Point","sourceGeometryType":"Point","network":null,"station":"monorail","layer":null,"usage":null,"osm_way_id":null,"id":"station:node:6287277218","type":"station"},"geometry":{"type":"Point","coordinates":[139.4108303,35.6552865]}},{"type":"Feature","properties":{"railway":"station","name":"中央大学・明星大学","name:ja":"中央大学・明星大学","name:en":"Chuo-Daigaku･Meisei-Daigaku","operator":"多摩都市モノレール","ref":null,"public_transport":"station","wikidata":"Q5119037","wikipedia":"ja:中央大学・明星大学駅","osm_element_type":"node","osm_element_id":6287291406,"sourceType":"openstreetmap","entityType":"modern-rail-station","geometryType":"Point","sourceGeometryType":"Point","network":null,"station":"monorail","layer":null,"usage":null,"osm_way_id":null,"id":"station:node:6287291406","type":"station"},"geometry":{"type":"Point","coordinates":[139.4087644,35.6418831]}},{"type":"Feature","properties":{"railway":"station","name":"大塚・帝京大学","name:ja":"大塚・帝京大学","name:en":"Otsuka･Teikyo-Daigaku","operator":"多摩都市モノレール","ref":null,"public_transport":"station","wikidata":"Q8011282","wikipedia":"ja:大塚・帝京大学駅","osm_element_type":"node","osm_element_id":6287291407,"sourceType":"openstreetmap","entityType":"modern-rail-station","geometryType":"Point","sourceGeometryType":"Point","network":null,"station":"monorail","layer":null,"usage":null,"osm_way_id":null,"id":"station:node:6287291407","type":"station"},"geometry":{"type":"Point","coordinates":[139.4164754,35.6368916]}},{"type":"Feature","properties":{"railway":"station","name":"松が谷","name:ja":"松が谷","name:en":"Matsugaya","operator":"多摩都市モノレール","ref":null,"public_transport":"station","wikidata":"Q6788096","wikipedia":"ja:松が谷駅","osm_element_type":"node","osm_element_id":6287291409,"sourceType":"openstreetmap","entityType":"modern-rail-station","geometryType":"Point","sourceGeometryType":"Point","network":null,"station":"monorail","layer":null,"usage":null,"osm_way_id":null,"id":"station:node:6287291409","type":"station"},"geometry":{"type":"Point","coordinates":[139.4220673,35.6318225]}},{"type":"Feature","properties":{"railway":"station","name":"奥沢","name:ja":"奥沢","name:en":"Okusawa","operator":null,"ref":"MG07","public_transport":"station","wikidata":"Q7082777","wikipedia":"ja:奥沢駅","osm_element_type":"node","osm_element_id":6289331413,"sourceType":"openstreetmap","entityType":"modern-rail-station","geometryType":"Point","sourceGeometryType":"Point","network":null,"station":null,"layer":null,"usage":null,"osm_way_id":null,"id":"station:node:6289331413","type":"station"},"geometry":{"type":"Point","coordinates":[139.6727375,35.6040262]}},{"type":"Feature","properties":{"railway":"station","name":"洗足","name:ja":"洗足","name:en":"Senzoku","operator":null,"ref":"MG05","public_transport":"station","wikidata":"Q7451439","wikipedia":"ja:洗足駅","osm_element_type":"node","osm_element_id":6289646643,"sourceType":"openstreetmap","entityType":"modern-rail-station","geometryType":"Point","sourceGeometryType":"Point","network":null,"station":null,"layer":null,"usage":null,"osm_way_id":null,"id":"station:node:6289646643","type":"station"},"geometry":{"type":"Point","coordinates":[139.6941664,35.6101514]}},{"type":"Feature","properties":{"railway":"station","name":"武蔵小山","name:ja":"武蔵小山","name:en":"Musashi-koyama","operator":null,"ref":"MG03","public_transport":"station","wikidata":"Q3097145","wikipedia":"ja:武蔵小山駅","osm_element_type":"node","osm_element_id":6289655849,"sourceType":"openstreetmap","entityType":"modern-rail-station","geometryType":"Point","sourceGeometryType":"Point","network":null,"station":null,"layer":null,"usage":null,"osm_way_id":null,"id":"station:node:6289655849","type":"station"},"geometry":{"type":"Point","coordinates":[139.7045734,35.6205612]}},{"type":"Feature","properties":{"railway":"station","name":"不動前","name:ja":"不動前","name:en":"Fudo-mae","operator":null,"ref":"MG02","public_transport":"station","wikidata":"Q852869","wikipedia":"ja:不動前駅","osm_element_type":"node","osm_element_id":6289699814,"sourceType":"openstreetmap","entityType":"modern-rail-station","geometryType":"Point","sourceGeometryType":"Point","network":null,"station":null,"layer":null,"usage":null,"osm_way_id":null,"id":"station:node:6289699814","type":"station"},"geometry":{"type":"Point","coordinates":[139.713046,35.6253418]}},{"type":"Feature","properties":{"railway":"station","name":"大岡山","name:ja":"大岡山","name:en":"Ookayama","operator":null,"ref":"MG06;OM08","public_transport":"station","wikidata":"Q843724","wikipedia":"ja:大岡山駅","osm_element_type":"node","osm_element_id":6289850738,"sourceType":"openstreetmap","entityType":"modern-rail-station","geometryType":"Point","sourceGeometryType":"Point","network":null,"station":null,"layer":null,"usage":null,"osm_way_id":null,"id":"station:node:6289850738","type":"station"},"geometry":{"type":"Point","coordinates":[139.6857012,35.6074155]}},{"type":"Feature","properties":{"railway":"station","name":"旗の台","name:ja":"旗の台","name:en":"Hatanodai","operator":null,"ref":"OM06","public_transport":"station","wikidata":"Q852281","wikipedia":"ja:旗の台駅","osm_element_type":"node","osm_element_id":6289932019,"sourceType":"openstreetmap","entityType":"modern-rail-station","geometryType":"Point","sourceGeometryType":"Point","network":"東急電鉄","station":null,"layer":null,"usage":null,"osm_way_id":null,"id":"station:node:6289932019","type":"station"},"geometry":{"type":"Point","coordinates":[139.7025878,35.604888]}},{"type":"Feature","properties":{"railway":"station","name":"北千束","name:ja":"北千束","name:en":"Kita-senzoku","operator":null,"ref":"OM07","public_transport":"station","wikidata":"Q6417605","wikipedia":"ja:北千束駅","osm_element_type":"node","osm_element_id":6289932022,"sourceType":"openstreetmap","entityType":"modern-rail-station","geometryType":"Point","sourceGeometryType":"Point","network":"東急電鉄","station":null,"layer":null,"usage":null,"osm_way_id":null,"id":"station:node:6289932022","type":"station"},"geometry":{"type":"Point","coordinates":[139.6928877,35.6065472]}},{"type":"Feature","properties":{"railway":"station","name":"緑が丘","name:ja":"緑が丘","name:en":"Midorigaoka","operator":null,"ref":"OM09","public_transport":"station","wikidata":"Q6842941","wikipedia":"ja:緑が丘駅 (東京都)","osm_element_type":"node","osm_element_id":6290069795,"sourceType":"openstreetmap","entityType":"modern-rail-station","geometryType":"Point","sourceGeometryType":"Point","network":"東急電鉄","station":null,"layer":null,"usage":null,"osm_way_id":null,"id":"station:node:6290069795","type":"station"},"geometry":{"type":"Point","coordinates":[139.6790149,35.6065599]}},{"type":"Feature","properties":{"railway":"station","name":"自由が丘","name:ja":"自由が丘","name:en":"Jiyugaoka","operator":"東急電鉄","ref":"OM10","public_transport":"station","wikidata":"Q800972","wikipedia":"ja:自由が丘駅","osm_element_type":"node","osm_element_id":6290069797,"sourceType":"openstreetmap","entityType":"modern-rail-station","geometryType":"Point","sourceGeometryType":"Point","network":"東急電鉄","station":null,"layer":null,"usage":null,"osm_way_id":null,"id":"station:node:6290069797","type":"station"},"geometry":{"type":"Point","coordinates":[139.6692766,35.6075549]}},{"type":"Feature","properties":{"railway":"station","name":"尾山台","name:ja":"尾山台","name:en":"Oyamadai","operator":"東急電鉄","ref":"OM12","public_transport":"station","wikidata":"Q7116237","wikipedia":"ja:尾山台駅","osm_element_type":"node","osm_element_id":6290069800,"sourceType":"openstreetmap","entityType":"modern-rail-station","geometryType":"Point","sourceGeometryType":"Point","network":"東急電鉄","station":null,"layer":null,"usage":null,"osm_way_id":null,"id":"station:node:6290069800","type":"station"},"geometry":{"type":"Point","coordinates":[139.6537506,35.6070357]}},{"type":"Feature","properties":{"railway":"station","name":"上野毛","name:ja":"上野毛","name:en":"Kaminoge","operator":"東急電鉄","ref":"OM14","public_transport":"station","wikidata":"Q6357226","wikipedia":"ja:上野毛駅","osm_element_type":"node","osm_element_id":6290069807,"sourceType":"openstreetmap","entityType":"modern-rail-station","geometryType":"Point","sourceGeometryType":"Point","network":"東急電鉄","station":null,"layer":null,"usage":null,"osm_way_id":null,"id":"station:node:6290069807","type":"station"},"geometry":{"type":"Point","coordinates":[139.638886,35.6119862]}},{"type":"Feature","properties":{"railway":"station","name":"宮崎台","name:ja":"宮崎台","name:en":"Miyazakidai","operator":"東京急行電鉄","ref":"DT12","public_transport":"station","wikidata":"Q6884463","wikipedia":"ja:宮崎台駅","osm_element_type":"node","osm_element_id":6290166708,"sourceType":"openstreetmap","entityType":"modern-rail-station","geometryType":"Point","sourceGeometryType":"Point","network":null,"station":null,"layer":null,"usage":null,"osm_way_id":null,"id":"station:node:6290166708","type":"station"},"geometry":{"type":"Point","coordinates":[139.5911245,35.5870526]}},{"type":"Feature","properties":{"railway":"station","name":"蒲田","name:ja":"蒲田","name:en":"Kamata","operator":"東急電鉄","ref":"IK15;TM07","public_transport":"station","wikidata":"Q800981","wikipedia":"ja:蒲田駅","osm_element_type":"node","osm_element_id":6291466014,"sourceType":"openstreetmap","entityType":"modern-rail-station","geometryType":"Point","sourceGeometryType":"Point","network":"東急電鉄","station":"light_rail","layer":null,"usage":null,"osm_way_id":null,"id":"station:node:6291466014","type":"station"},"geometry":{"type":"Point","coordinates":[139.7147258,35.5617519]}},{"type":"Feature","properties":{"railway":"station","name":"東銀座","name:ja":"東銀座","name:en":"Higashi-Ginza","operator":"東京都交通局","ref":"A11","public_transport":"station","wikidata":"Q1078393","wikipedia":"ja:東銀座駅","osm_element_type":"node","osm_element_id":6293444409,"sourceType":"openstreetmap","entityType":"modern-rail-station","geometryType":"Point","sourceGeometryType":"Point","network":"都営地下鉄","station":"subway","layer":null,"usage":null,"osm_way_id":null,"id":"station:node:6293444409","type":"station"},"geometry":{"type":"Point","coordinates":[139.7672583,35.6698189]}},{"type":"Feature","properties":{"railway":"station","name":"神田","name:ja":"神田","name:en":"Kanda","operator":"東京地下鉄","ref":"G13","public_transport":"station","wikidata":"Q800989","wikipedia":"ja:神田駅 (東京都)","osm_element_type":"node","osm_element_id":6329152325,"sourceType":"openstreetmap","entityType":"modern-rail-station","geometryType":"Point","sourceGeometryType":"Point","network":null,"station":"subway","layer":null,"usage":null,"osm_way_id":null,"id":"station:node:6329152325","type":"station"},"geometry":{"type":"Point","coordinates":[139.7708898,35.6937148]}},{"type":"Feature","properties":{"railway":"station","name":"銀座一丁目","name:ja":"銀座一丁目","name:en":"Ginza-itchome","operator":"東京地下鉄","ref":"Y19","public_transport":"station","wikidata":"Q331185","wikipedia":"ja:銀座一丁目駅","osm_element_type":"node","osm_element_id":6333133527,"sourceType":"openstreetmap","entityType":"modern-rail-station","geometryType":"Point","sourceGeometryType":"Point","network":null,"station":"subway","layer":null,"usage":null,"osm_way_id":null,"id":"station:node:6333133527","type":"station"},"geometry":{"type":"Point","coordinates":[139.7670332,35.6743469]}},{"type":"Feature","properties":{"railway":"station","name":"辰巳","name:ja":"辰巳","name:en":"Tatsumi","operator":"東京地下鉄","ref":"Y23","public_transport":"station","wikidata":"Q331177","wikipedia":"ja:辰巳駅","osm_element_type":"node","osm_element_id":6335374288,"sourceType":"openstreetmap","entityType":"modern-rail-station","geometryType":"Point","sourceGeometryType":"Point","network":null,"station":"subway","layer":null,"usage":null,"osm_way_id":null,"id":"station:node:6335374288","type":"station"},"geometry":{"type":"Point","coordinates":[139.8107392,35.6454772]}},{"type":"Feature","properties":{"railway":"station","name":"御成門","name:ja":"御成門","name:en":"Onarimon","operator":"東京都交通局","ref":"I06","public_transport":"station","wikidata":"Q1039085","wikipedia":"ja:御成門駅","osm_element_type":"node","osm_element_id":6352945230,"sourceType":"openstreetmap","entityType":"modern-rail-station","geometryType":"Point","sourceGeometryType":"Point","network":"都営地下鉄","station":"subway","layer":null,"usage":null,"osm_way_id":null,"id":"station:node:6352945230","type":"station"},"geometry":{"type":"Point","coordinates":[139.7513591,35.6608011]}},{"type":"Feature","properties":{"railway":"station","name":"水天宮前","name:ja":"水天宮前","name:en":"Suitengumae","operator":"東京地下鉄","ref":"Z10","public_transport":"station","wikidata":"Q80546","wikipedia":"ja:水天宮前駅","osm_element_type":"node","osm_element_id":6353024187,"sourceType":"openstreetmap","entityType":"modern-rail-station","geometryType":"Point","sourceGeometryType":"Point","network":null,"station":"subway","layer":null,"usage":null,"osm_way_id":null,"id":"station:node:6353024187","type":"station"},"geometry":{"type":"Point","coordinates":[139.7856405,35.6825235]}},{"type":"Feature","properties":{"railway":"station","name":"浜町","name:ja":"浜町","name:en":"Hamacho","operator":"東京都交通局","ref":"S10","public_transport":"station","wikidata":"Q128403","wikipedia":"ja:浜町駅","osm_element_type":"node","osm_element_id":6376099903,"sourceType":"openstreetmap","entityType":"modern-rail-station","geometryType":"Point","sourceGeometryType":"Point","network":null,"station":"subway","layer":null,"usage":null,"osm_way_id":null,"id":"station:node:6376099903","type":"station"},"geometry":{"type":"Point","coordinates":[139.7881422,35.6884743]}},{"type":"Feature","properties":{"railway":"station","name":"小菅","name:ja":"小菅","name:en":"Kosuge","operator":"東武鉄道","ref":"TS10","public_transport":"station","wikidata":"Q6433611","wikipedia":"ja:小菅駅","osm_element_type":"node","osm_element_id":6384602191,"sourceType":"openstreetmap","entityType":"modern-rail-station","geometryType":"Point","sourceGeometryType":"Point","network":"東武鉄道","station":null,"layer":null,"usage":null,"osm_way_id":null,"id":"station:node:6384602191","type":"station"},"geometry":{"type":"Point","coordinates":[139.8126428,35.7586732]}},{"type":"Feature","properties":{"railway":"station","name":"東久留米","name:ja":"東久留米","name:en":"Higashi-Kurume","operator":"西武鉄道","ref":"SI14","public_transport":"station","wikidata":"Q5753665","wikipedia":"ja:東久留米駅","osm_element_type":"node","osm_element_id":6385541609,"sourceType":"openstreetmap","entityType":"modern-rail-station","geometryType":"Point","sourceGeometryType":"Point","network":"西武鉄道","station":null,"layer":null,"usage":null,"osm_way_id":null,"id":"station:node:6385541609","type":"station"},"geometry":{"type":"Point","coordinates":[139.5340853,35.7602506]}},{"type":"Feature","properties":{"railway":"station","name":"西武立川","name:ja":null,"name:en":"Seibu-Tachikawa","operator":"西武鉄道","ref":null,"public_transport":"station","wikidata":"Q8014513","wikipedia":"ja:西武立川駅","osm_element_type":"node","osm_element_id":6419817925,"sourceType":"openstreetmap","entityType":"modern-rail-station","geometryType":"Point","sourceGeometryType":"Point","network":"西武鉄道","station":null,"layer":null,"usage":null,"osm_way_id":null,"id":"station:node:6419817925","type":"station"},"geometry":{"type":"Point","coordinates":[139.3704809,35.7262975]}},{"type":"Feature","properties":{"railway":"station","name":"荻窪","name:ja":"荻窪","name:en":"Ogikubo","operator":"東京地下鉄","ref":"M01","public_transport":"station","wikidata":"Q801294","wikipedia":"ja:荻窪駅","osm_element_type":"node","osm_element_id":6423969022,"sourceType":"openstreetmap","entityType":"modern-rail-station","geometryType":"Point","sourceGeometryType":"Point","network":null,"station":"subway","layer":null,"usage":null,"osm_way_id":null,"id":"station:node:6423969022","type":"station"},"geometry":{"type":"Point","coordinates":[139.6200267,35.7042744]}},{"type":"Feature","properties":{"railway":"station","name":"勝どき","name:ja":"勝どき","name:en":"Kachidoki","operator":"東京都交通局","ref":"E17","public_transport":"station","wikidata":"Q246191","wikipedia":"ja:勝どき駅","osm_element_type":"node","osm_element_id":6440614866,"sourceType":"openstreetmap","entityType":"modern-rail-station","geometryType":"Point","sourceGeometryType":"Point","network":"都営地下鉄","station":"subway","layer":null,"usage":null,"osm_way_id":null,"id":"station:node:6440614866","type":"station"},"geometry":{"type":"Point","coordinates":[139.7771747,35.6589623]}},{"type":"Feature","properties":{"railway":"station","name":"乃木坂","name:ja":"乃木坂","name:en":"Nogizaka","operator":"東京地下鉄","ref":"C05","public_transport":"station","wikidata":"Q347791","wikipedia":"ja:乃木坂駅","osm_element_type":"node","osm_element_id":6443199834,"sourceType":"openstreetmap","entityType":"modern-rail-station","geometryType":"Point","sourceGeometryType":"Point","network":"東京メトロ","station":"subway","layer":null,"usage":null,"osm_way_id":null,"id":"station:node:6443199834","type":"station"},"geometry":{"type":"Point","coordinates":[139.726365,35.6666651]}},{"type":"Feature","properties":{"railway":"station","name":"山下","name:ja":"山下","name:en":"Yamashita","operator":"東京急行電鉄","ref":"SG08","public_transport":"station","wikidata":"Q8047952","wikipedia":"ja:山下駅 (東京都)","osm_element_type":"node","osm_element_id":6443282063,"sourceType":"openstreetmap","entityType":"modern-rail-station","geometryType":"Point","sourceGeometryType":"Point","network":null,"station":"light_rail","layer":null,"usage":null,"osm_way_id":null,"id":"station:node:6443282063","type":"station"},"geometry":{"type":"Point","coordinates":[139.6465157,35.6538239]}},{"type":"Feature","properties":{"railway":"station","name":"八丁堀","name:ja":"八丁堀","name:en":"Hatchōbori","operator":"東日本旅客鉄道","ref":"JE02","public_transport":"station","wikidata":"Q1073008","wikipedia":"ja:八丁堀駅 (東京都)","osm_element_type":"node","osm_element_id":6449441183,"sourceType":"openstreetmap","entityType":"modern-rail-station","geometryType":"Point","sourceGeometryType":"Point","network":null,"station":null,"layer":null,"usage":"main","osm_way_id":null,"id":"station:node:6449441183","type":"station"},"geometry":{"type":"Point","coordinates":[139.7776565,35.6746238]}},{"type":"Feature","properties":{"railway":"station","name":"鹿島田","name:ja":"鹿島田","name:en":"Kashimada","operator":"東日本旅客鉄道","ref":"JN04","public_transport":"station","wikidata":"Q5367917","wikipedia":"ja:鹿島田駅","osm_element_type":"node","osm_element_id":6449758169,"sourceType":"openstreetmap","entityType":"modern-rail-station","geometryType":"Point","sourceGeometryType":"Point","network":null,"station":null,"layer":null,"usage":null,"osm_way_id":null,"id":"station:node:6449758169","type":"station"},"geometry":{"type":"Point","coordinates":[139.6750133,35.5515471]}},{"type":"Feature","properties":{"railway":"station","name":"平間","name:ja":"平間","name:en":"Hirama","operator":"東日本旅客鉄道","ref":"JN05","public_transport":"station","wikidata":"Q5366557","wikipedia":"ja:平間駅","osm_element_type":"node","osm_element_id":6449758171,"sourceType":"openstreetmap","entityType":"modern-rail-station","geometryType":"Point","sourceGeometryType":"Point","network":null,"station":null,"layer":null,"usage":null,"osm_way_id":null,"id":"station:node:6449758171","type":"station"},"geometry":{"type":"Point","coordinates":[139.6709343,35.5609755]}},{"type":"Feature","properties":{"railway":"station","name":"向河原","name:ja":"向河原","name:en":"Mukaigawara","operator":"東日本旅客鉄道","ref":"JN06","public_transport":"station","wikidata":"Q5366346","wikipedia":"ja:向河原駅","osm_element_type":"node","osm_element_id":6449763668,"sourceType":"openstreetmap","entityType":"modern-rail-station","geometryType":"Point","sourceGeometryType":"Point","network":"南武線","station":null,"layer":null,"usage":null,"osm_way_id":null,"id":"station:node:6449763668","type":"station"},"geometry":{"type":"Point","coordinates":[139.6672188,35.5729577]}},{"type":"Feature","properties":{"railway":"station","name":"武蔵小杉","name:ja":"武蔵小杉","name:en":"Musashi-Kosugi","operator":"東日本旅客鉄道","ref":"MKG","public_transport":"station","wikidata":"Q801207","wikipedia":"ja:武蔵小杉駅","osm_element_type":"node","osm_element_id":6449776501,"sourceType":"openstreetmap","entityType":"modern-rail-station","geometryType":"Point","sourceGeometryType":"Point","network":null,"station":null,"layer":null,"usage":null,"osm_way_id":null,"id":"station:node:6449776501","type":"station"},"geometry":{"type":"Point","coordinates":[139.6607166,35.5766239]}},{"type":"Feature","properties":{"railway":"station","name":"分倍河原","name:ja":"分倍河原","name:en":"Bubaigawara","operator":"東日本旅客鉄道","ref":"JN21","public_transport":"station","wikidata":"Q857315","wikipedia":"ja:分倍河原駅","osm_element_type":"node","osm_element_id":6449866654,"sourceType":"openstreetmap","entityType":"modern-rail-station","geometryType":"Point","sourceGeometryType":"Point","network":null,"station":null,"layer":null,"usage":null,"osm_way_id":null,"id":"station:node:6449866654","type":"station"},"geometry":{"type":"Point","coordinates":[139.4689952,35.6684475]}},{"type":"Feature","properties":{"railway":"station","name":"分倍河原","name:ja":"分倍河原","name:en":"Bubaigawara","operator":"京王電鉄","ref":"KO25","public_transport":"station","wikidata":"Q857315","wikipedia":"ja:分倍河原駅","osm_element_type":"node","osm_element_id":6449866655,"sourceType":"openstreetmap","entityType":"modern-rail-station","geometryType":"Point","sourceGeometryType":"Point","network":null,"station":null,"layer":null,"usage":null,"osm_way_id":null,"id":"station:node:6449866655","type":"station"},"geometry":{"type":"Point","coordinates":[139.4685573,35.6685976]}},{"type":"Feature","properties":{"railway":"station","name":"麻布十番","name:ja":"麻布十番","name:en":"Azabu-juban","operator":"東京都交通局","ref":"E22","public_transport":"station","wikidata":"Q112382","wikipedia":"ja:麻布十番駅","osm_element_type":"node","osm_element_id":6511944763,"sourceType":"openstreetmap","entityType":"modern-rail-station","geometryType":"Point","sourceGeometryType":"Point","network":"都営地下鉄","station":"subway","layer":null,"usage":null,"osm_way_id":null,"id":"station:node:6511944763","type":"station"},"geometry":{"type":"Point","coordinates":[139.7361613,35.6565014]}},{"type":"Feature","properties":{"railway":"station","name":"江戸川橋","name:ja":"江戸川橋","name:en":"Edogawabashi","operator":"東京地下鉄","ref":"Y12","public_transport":"station","wikidata":"Q331929","wikipedia":"ja:江戸川橋駅","osm_element_type":"node","osm_element_id":6545039555,"sourceType":"openstreetmap","entityType":"modern-rail-station","geometryType":"Point","sourceGeometryType":"Point","network":"東京メトロ","station":"subway","layer":null,"usage":null,"osm_way_id":null,"id":"station:node:6545039555","type":"station"},"geometry":{"type":"Point","coordinates":[139.7335636,35.7095155]}},{"type":"Feature","properties":{"railway":"station","name":"護国寺","name:ja":"護国寺","name:en":"Gokokuji","operator":"東京地下鉄","ref":"Y11","public_transport":"station","wikidata":"Q331941","wikipedia":"ja:護国寺駅","osm_element_type":"node","osm_element_id":6545122783,"sourceType":"openstreetmap","entityType":"modern-rail-station","geometryType":"Point","sourceGeometryType":"Point","network":null,"station":"subway","layer":null,"usage":null,"osm_way_id":null,"id":"station:node:6545122783","type":"station"},"geometry":{"type":"Point","coordinates":[139.7274629,35.7190787]}},{"type":"Feature","properties":{"railway":"station","name":"錦糸町","name:ja":"錦糸町","name:en":"Kinshicho","operator":"東京地下鉄","ref":"Z13","public_transport":"station","wikidata":"Q801017","wikipedia":"ja:錦糸町駅","osm_element_type":"node","osm_element_id":6547961657,"sourceType":"openstreetmap","entityType":"modern-rail-station","geometryType":"Point","sourceGeometryType":"Point","network":null,"station":"subway","layer":null,"usage":null,"osm_way_id":null,"id":"station:node:6547961657","type":"station"},"geometry":{"type":"Point","coordinates":[139.8150431,35.6963122]}},{"type":"Feature","properties":{"railway":"station","name":"東新宿","name:ja":"東新宿","name:en":"Higashi-shinjuku","operator":"東京都交通局","ref":"E02","public_transport":"station","wikidata":"Q112503","wikipedia":"ja:東新宿駅","osm_element_type":"node","osm_element_id":6548175855,"sourceType":"openstreetmap","entityType":"modern-rail-station","geometryType":"Point","sourceGeometryType":"Point","network":"都営地下鉄","station":"subway","layer":null,"usage":null,"osm_way_id":null,"id":"station:node:6548175855","type":"station"},"geometry":{"type":"Point","coordinates":[139.7075443,35.6978967]}},{"type":"Feature","properties":{"railway":"station","name":"光が丘","name:ja":"光が丘","name:en":"Hikarigaoka","operator":"東京都交通局","ref":"E38","public_transport":"station","wikidata":"Q1132210","wikipedia":"ja:光が丘駅","osm_element_type":"node","osm_element_id":6548181146,"sourceType":"openstreetmap","entityType":"modern-rail-station","geometryType":"Point","sourceGeometryType":"Point","network":"都営地下鉄","station":"subway","layer":"-3","usage":null,"osm_way_id":null,"id":"station:node:6548181146","type":"station"},"geometry":{"type":"Point","coordinates":[139.6293801,35.7585523]}},{"type":"Feature","properties":{"railway":"station","name":"甲州街道","name:ja":"甲州街道","name:en":"Koshukaido","operator":"多摩都市モノレール","ref":null,"public_transport":"station","wikidata":"Q6455297","wikipedia":"ja:甲州街道駅","osm_element_type":"node","osm_element_id":6565174777,"sourceType":"openstreetmap","entityType":"modern-rail-station","geometryType":"Point","sourceGeometryType":"Point","network":null,"station":"monorail","layer":null,"usage":null,"osm_way_id":null,"id":"station:node:6565174777","type":"station"},"geometry":{"type":"Point","coordinates":[139.4092084,35.6782996]}},{"type":"Feature","properties":{"railway":"station","name":"柴崎体育館","name:ja":"柴崎体育館","name:en":"Shibasaki-Taiikukan","operator":"多摩都市モノレール","ref":null,"public_transport":"station","wikidata":"Q7496025","wikipedia":"ja:柴崎体育館駅","osm_element_type":"node","osm_element_id":6565174778,"sourceType":"openstreetmap","entityType":"modern-rail-station","geometryType":"Point","sourceGeometryType":"Point","network":null,"station":"monorail","layer":null,"usage":null,"osm_way_id":null,"id":"station:node:6565174778","type":"station"},"geometry":{"type":"Point","coordinates":[139.4094043,35.6899232]}},{"type":"Feature","properties":{"railway":"station","name":"万願寺","name:ja":"万願寺","name:en":"Manganji","operator":"多摩都市モノレール","ref":null,"public_transport":"station","wikidata":"Q6748797","wikipedia":"ja:万願寺駅","osm_element_type":"node","osm_element_id":6565195595,"sourceType":"openstreetmap","entityType":"modern-rail-station","geometryType":"Point","sourceGeometryType":"Point","network":null,"station":"monorail","layer":null,"usage":null,"osm_way_id":null,"id":"station:node:6565195595","type":"station"},"geometry":{"type":"Point","coordinates":[139.4200659,35.6712772]}},{"type":"Feature","properties":{"railway":"station","name":"立川南","name:ja":"立川南","name:en":"Tachikawa-Minami","operator":"多摩都市モノレール","ref":null,"public_transport":"station","wikidata":"Q844178","wikipedia":"ja:立川南駅","osm_element_type":"node","osm_element_id":6565229386,"sourceType":"openstreetmap","entityType":"modern-rail-station","geometryType":"Point","sourceGeometryType":"Point","network":null,"station":"monorail","layer":null,"usage":null,"osm_way_id":null,"id":"station:node:6565229386","type":"station"},"geometry":{"type":"Point","coordinates":[139.4126,35.6961465]}},{"type":"Feature","properties":{"railway":"station","name":"中野島","name:ja":"中野島","name:en":"Nakanoshima","operator":"東日本旅客鉄道","ref":"JN15","public_transport":"station","wikidata":"Q5366675","wikipedia":"ja:中野島駅","osm_element_type":"node","osm_element_id":6780107531,"sourceType":"openstreetmap","entityType":"modern-rail-station","geometryType":"Point","sourceGeometryType":"Point","network":null,"station":null,"layer":null,"usage":null,"osm_way_id":null,"id":"station:node:6780107531","type":"station"},"geometry":{"type":"Point","coordinates":[139.5506829,35.6301147]}},{"type":"Feature","properties":{"railway":"station","name":"秋葉原","name:ja":"秋葉原","name:en":"Akihabara","operator":"東日本旅客鉄道","ref":"AKB","public_transport":"station","wikidata":"Q800374","wikipedia":"ja:秋葉原駅","osm_element_type":"node","osm_element_id":6780109836,"sourceType":"openstreetmap","entityType":"modern-rail-station","geometryType":"Point","sourceGeometryType":"Point","network":null,"station":null,"layer":null,"usage":null,"osm_way_id":null,"id":"station:node:6780109836","type":"station"},"geometry":{"type":"Point","coordinates":[139.7730325,35.6983666]}},{"type":"Feature","properties":{"railway":"station","name":"市が尾","name:ja":"市が尾","name:en":"Ichigao","operator":"東急電鉄","ref":"DT18","public_transport":"station","wikidata":"Q11479967","wikipedia":"ja:市が尾駅","osm_element_type":"node","osm_element_id":6802293266,"sourceType":"openstreetmap","entityType":"modern-rail-station","geometryType":"Point","sourceGeometryType":"Point","network":null,"station":null,"layer":null,"usage":null,"osm_way_id":null,"id":"station:node:6802293266","type":"station"},"geometry":{"type":"Point","coordinates":[139.5412811,35.5513481]}},{"type":"Feature","properties":{"railway":"station","name":"たまプラーザ","name:ja":"たまプラーザ","name:en":"Tama-plaza","operator":"東急電鉄","ref":"DT15","public_transport":"station","wikidata":"Q3299307","wikipedia":"ja:たまプラーザ駅","osm_element_type":"node","osm_element_id":6802306080,"sourceType":"openstreetmap","entityType":"modern-rail-station","geometryType":"Point","sourceGeometryType":"Point","network":null,"station":null,"layer":null,"usage":null,"osm_way_id":null,"id":"station:node:6802306080","type":"station"},"geometry":{"type":"Point","coordinates":[139.5588739,35.5775269]}},{"type":"Feature","properties":{"railway":"station","name":"あざみ野","name:ja":"あざみ野","name:en":"Azamino","operator":"東急電鉄","ref":"DT16","public_transport":"station","wikidata":"Q852232","wikipedia":"ja:あざみ野駅","osm_element_type":"node","osm_element_id":6802316527,"sourceType":"openstreetmap","entityType":"modern-rail-station","geometryType":"Point","sourceGeometryType":"Point","network":"東急田園都市線","station":null,"layer":null,"usage":null,"osm_way_id":null,"id":"station:node:6802316527","type":"station"},"geometry":{"type":"Point","coordinates":[139.5534305,35.5686778]}},{"type":"Feature","properties":{"railway":"station","name":"鷺沼","name:ja":"鷺沼","name:en":"Saginuma","operator":"東急電鉄","ref":null,"public_transport":"station","wikidata":"Q7399289","wikipedia":"ja:鷺沼駅","osm_element_type":"node","osm_element_id":6802356976,"sourceType":"openstreetmap","entityType":"modern-rail-station","geometryType":"Point","sourceGeometryType":"Point","network":"東急電鉄","station":null,"layer":null,"usage":null,"osm_way_id":null,"id":"station:node:6802356976","type":"station"},"geometry":{"type":"Point","coordinates":[139.572855,35.5794438]}},{"type":"Feature","properties":{"railway":"station","name":"宮前平","name:ja":"宮前平","name:en":"Miyamaedaira","operator":"東京急行電鉄","ref":"DT13","public_transport":"station","wikidata":"Q6884310","wikipedia":"ja:宮前平駅","osm_element_type":"node","osm_element_id":6802358403,"sourceType":"openstreetmap","entityType":"modern-rail-station","geometryType":"Point","sourceGeometryType":"Point","network":null,"station":null,"layer":null,"usage":null,"osm_way_id":null,"id":"station:node:6802358403","type":"station"},"geometry":{"type":"Point","coordinates":[139.5820388,35.5849617]}},{"type":"Feature","properties":{"railway":"station","name":"原宿","name:ja":"原宿","name:en":"Harajuku","operator":"東日本旅客鉄道","ref":"JY19","public_transport":"station","wikidata":"Q800894","wikipedia":"ja:原宿駅","osm_element_type":"node","osm_element_id":6806051378,"sourceType":"openstreetmap","entityType":"modern-rail-station","geometryType":"Point","sourceGeometryType":"Point","network":null,"station":null,"layer":null,"usage":null,"osm_way_id":null,"id":"station:node:6806051378","type":"station"},"geometry":{"type":"Point","coordinates":[139.7024266,35.6702145]}},{"type":"Feature","properties":{"railway":"station","name":"幡ヶ谷","name:ja":"幡ヶ谷","name:en":"Hatagaya","operator":"京王電鉄","ref":"KO03","public_transport":"station","wikidata":"Q4496513","wikipedia":"ja:幡ヶ谷駅","osm_element_type":"node","osm_element_id":6810298549,"sourceType":"openstreetmap","entityType":"modern-rail-station","geometryType":"Point","sourceGeometryType":"Point","network":null,"station":null,"layer":null,"usage":null,"osm_way_id":null,"id":"station:node:6810298549","type":"station"},"geometry":{"type":"Point","coordinates":[139.6768293,35.6772317]}},{"type":"Feature","properties":{"railway":"station","name":"笹塚","name:ja":"笹塚","name:en":"Sasazuka","operator":"京王電鉄","ref":"KO04","public_transport":"station","wikidata":"Q841861","wikipedia":"ja:笹塚駅","osm_element_type":"node","osm_element_id":6810298550,"sourceType":"openstreetmap","entityType":"modern-rail-station","geometryType":"Point","sourceGeometryType":"Point","network":null,"station":null,"layer":null,"usage":null,"osm_way_id":null,"id":"station:node:6810298550","type":"station"},"geometry":{"type":"Point","coordinates":[139.6672321,35.6736801]}},{"type":"Feature","properties":{"railway":"station","name":"中野新橋","name:ja":"中野新橋","name:en":"Nakano-shimbashi","operator":"東京地下鉄","ref":"Mb05","public_transport":"station","wikidata":"Q1132589","wikipedia":"ja:中野新橋駅","osm_element_type":"node","osm_element_id":6812265365,"sourceType":"openstreetmap","entityType":"modern-rail-station","geometryType":"Point","sourceGeometryType":"Point","network":null,"station":"subway","layer":null,"usage":null,"osm_way_id":null,"id":"station:node:6812265365","type":"station"},"geometry":{"type":"Point","coordinates":[139.6738042,35.692021]}},{"type":"Feature","properties":{"railway":"station","name":"十条","name:ja":"十条","name:en":"Jūjō","operator":"東日本旅客鉄道","ref":"JA14","public_transport":"station","wikidata":"Q800975","wikipedia":"ja:十条駅 (東京都)","osm_element_type":"node","osm_element_id":7034774100,"sourceType":"openstreetmap","entityType":"modern-rail-station","geometryType":"Point","sourceGeometryType":"Point","network":null,"station":null,"layer":null,"usage":null,"osm_way_id":null,"id":"station:node:7034774100","type":"station"},"geometry":{"type":"Point","coordinates":[139.7223074,35.7600083]}},{"type":"Feature","properties":{"railway":"station","name":"多摩境","name:ja":"多摩境","name:en":"Tamasakai","operator":"京王電鉄","ref":"KO44","public_transport":"station","wikidata":"Q4450818","wikipedia":"ja:多摩境駅","osm_element_type":"node","osm_element_id":7040358380,"sourceType":"openstreetmap","entityType":"modern-rail-station","geometryType":"Point","sourceGeometryType":"Point","network":null,"station":null,"layer":null,"usage":null,"osm_way_id":null,"id":"station:node:7040358380","type":"station"},"geometry":{"type":"Point","coordinates":[139.3671223,35.6020524]}},{"type":"Feature","properties":{"railway":"station","name":"池袋","name:ja":"池袋","name:en":"Ikebukuro","operator":"Tojoouter","ref":"TJ01","public_transport":"station","wikidata":"Q173919","wikipedia":"ja:池袋駅","osm_element_type":"node","osm_element_id":7093641218,"sourceType":"openstreetmap","entityType":"modern-rail-station","geometryType":"Point","sourceGeometryType":"Point","network":null,"station":null,"layer":null,"usage":null,"osm_way_id":null,"id":"station:node:7093641218","type":"station"},"geometry":{"type":"Point","coordinates":[139.7107453,35.7304418]}},{"type":"Feature","properties":{"railway":"station","name":"藤が丘","name:ja":"藤が丘","name:en":"Fujigaoka","operator":"東京急行電鉄","ref":"DT19","public_transport":"station","wikidata":"Q5366756","wikipedia":"ja:藤が丘駅 (神奈川県)","osm_element_type":"node","osm_element_id":7096836747,"sourceType":"openstreetmap","entityType":"modern-rail-station","geometryType":"Point","sourceGeometryType":"Point","network":null,"station":null,"layer":null,"usage":null,"osm_way_id":null,"id":"station:node:7096836747","type":"station"},"geometry":{"type":"Point","coordinates":[139.527979,35.5434977]}},{"type":"Feature","properties":{"railway":"station","name":"野方","name:ja":"野方","name:en":"Nogata","operator":"西武鉄道","ref":"SS07","public_transport":"station","wikidata":"Q260859","wikipedia":"ja:野方駅","osm_element_type":"node","osm_element_id":7097139114,"sourceType":"openstreetmap","entityType":"modern-rail-station","geometryType":"Point","sourceGeometryType":"Point","network":"西武鉄道","station":null,"layer":null,"usage":null,"osm_way_id":null,"id":"station:node:7097139114","type":"station"},"geometry":{"type":"Point","coordinates":[139.6531263,35.7196957]}},{"type":"Feature","properties":{"railway":"station","name":"東秋留","name:ja":"東秋留","name:en":"Higashi-Akiru","operator":null,"ref":null,"public_transport":"station","wikidata":"Q5753453","wikipedia":"ja:東秋留駅","osm_element_type":"node","osm_element_id":7099127364,"sourceType":"openstreetmap","entityType":"modern-rail-station","geometryType":"Point","sourceGeometryType":"Point","network":null,"station":null,"layer":null,"usage":null,"osm_way_id":null,"id":"station:node:7099127364","type":"station"},"geometry":{"type":"Point","coordinates":[139.3109959,35.7259384]}},{"type":"Feature","properties":{"railway":"station","name":"武蔵増戸","name:ja":"武蔵増戸","name:en":"Musashi-Masuko","operator":null,"ref":null,"public_transport":"station","wikidata":"Q6940139","wikipedia":"ja:武蔵増戸駅","osm_element_type":"node","osm_element_id":7104092748,"sourceType":"openstreetmap","entityType":"modern-rail-station","geometryType":"Point","sourceGeometryType":"Point","network":null,"station":null,"layer":null,"usage":null,"osm_way_id":null,"id":"station:node:7104092748","type":"station"},"geometry":{"type":"Point","coordinates":[139.256252,35.7310041]}},{"type":"Feature","properties":{"railway":"station","name":"秋川","name:ja":"秋川","name:en":"Akigawa","operator":null,"ref":null,"public_transport":"station","wikidata":"Q4700907","wikipedia":"ja:秋川駅","osm_element_type":"node","osm_element_id":7104098478,"sourceType":"openstreetmap","entityType":"modern-rail-station","geometryType":"Point","sourceGeometryType":"Point","network":null,"station":null,"layer":null,"usage":null,"osm_way_id":null,"id":"station:node:7104098478","type":"station"},"geometry":{"type":"Point","coordinates":[139.2866763,35.728075]}},{"type":"Feature","properties":{"railway":"station","name":"麻布十番","name:ja":"麻布十番","name:en":"Azabu-juban","operator":"東京地下鉄","ref":"N04","public_transport":"station","wikidata":"Q112382","wikipedia":"ja:麻布十番駅","osm_element_type":"node","osm_element_id":7140328435,"sourceType":"openstreetmap","entityType":"modern-rail-station","geometryType":"Point","sourceGeometryType":"Point","network":null,"station":"subway","layer":null,"usage":null,"osm_way_id":null,"id":"station:node:7140328435","type":"station"},"geometry":{"type":"Point","coordinates":[139.7371506,35.6551789]}},{"type":"Feature","properties":{"railway":"station","name":"亀有","name:ja":"亀有","name:en":"Kameari","operator":"東日本旅客鉄道","ref":"JL20","public_transport":"station","wikidata":"Q1952873","wikipedia":"ja:亀有駅","osm_element_type":"node","osm_element_id":7179667422,"sourceType":"openstreetmap","entityType":"modern-rail-station","geometryType":"Point","sourceGeometryType":"Point","network":null,"station":null,"layer":null,"usage":null,"osm_way_id":null,"id":"station:node:7179667422","type":"station"},"geometry":{"type":"Point","coordinates":[139.8478007,35.7666652]}},{"type":"Feature","properties":{"railway":"station","name":"南千住","name:ja":"南千住","name:en":"Minami-Senju","operator":"首都圏新都市鉄道","ref":"04","public_transport":"station","wikidata":"Q80570","wikipedia":"ja:南千住駅","osm_element_type":"node","osm_element_id":7179891194,"sourceType":"openstreetmap","entityType":"modern-rail-station","geometryType":"Point","sourceGeometryType":"Point","network":null,"station":null,"layer":null,"usage":null,"osm_way_id":null,"id":"station:node:7179891194","type":"station"},"geometry":{"type":"Point","coordinates":[139.7988176,35.7328539]}},{"type":"Feature","properties":{"railway":"station","name":"新秋津","name:ja":"新秋津","name:en":"Shin-Akitsu","operator":"東日本旅客鉄道","ref":"JM31","public_transport":"station","wikidata":"Q7497083","wikipedia":"ja:新秋津駅","osm_element_type":"node","osm_element_id":7351964083,"sourceType":"openstreetmap","entityType":"modern-rail-station","geometryType":"Point","sourceGeometryType":"Point","network":null,"station":null,"layer":null,"usage":null,"osm_way_id":null,"id":"station:node:7351964083","type":"station"},"geometry":{"type":"Point","coordinates":[139.4937891,35.7783659]}},{"type":"Feature","properties":{"railway":"station","name":"新桜台","name:ja":"新桜台","name:en":"Shin-Sakuradai","operator":"西武鉄道","ref":"SI38","public_transport":"station","wikidata":"Q7497126","wikipedia":"ja:新桜台駅","osm_element_type":"node","osm_element_id":7382935074,"sourceType":"openstreetmap","entityType":"modern-rail-station","geometryType":"Point","sourceGeometryType":"Point","network":null,"station":null,"layer":null,"usage":null,"osm_way_id":null,"id":"station:node:7382935074","type":"station"},"geometry":{"type":"Point","coordinates":[139.6686209,35.7410899]}},{"type":"Feature","properties":{"railway":"station","name":"浅草","name:ja":"浅草","name:en":"Asakusa","operator":"首都圏新都市鉄道","ref":"03","public_transport":"station","wikidata":"Q4803450","wikipedia":"ja:浅草駅 (首都圏新都市鉄道)","osm_element_type":"node","osm_element_id":7412555523,"sourceType":"openstreetmap","entityType":"modern-rail-station","geometryType":"Point","sourceGeometryType":"Point","network":null,"station":null,"layer":null,"usage":null,"osm_way_id":null,"id":"station:node:7412555523","type":"station"},"geometry":{"type":"Point","coordinates":[139.792416,35.7136174]}},{"type":"Feature","properties":{"railway":"station","name":"江古田","name:ja":"江古田","name:en":"Ekoda","operator":"西武鉄道","ref":"SI04","public_transport":"station","wikidata":"Q5350525","wikipedia":"ja:江古田駅","osm_element_type":"node","osm_element_id":7430288084,"sourceType":"openstreetmap","entityType":"modern-rail-station","geometryType":"Point","sourceGeometryType":"Point","network":"西武鉄道","station":null,"layer":null,"usage":null,"osm_way_id":null,"id":"station:node:7430288084","type":"station"},"geometry":{"type":"Point","coordinates":[139.6727894,35.7375689]}},{"type":"Feature","properties":{"railway":"station","name":"下落合","name:ja":"下落合","name:en":"Shimo-Ochiai","operator":"西武鉄道","ref":"SS03","public_transport":"station","wikidata":"Q843464","wikipedia":"ja:下落合駅","osm_element_type":"node","osm_element_id":7430368356,"sourceType":"openstreetmap","entityType":"modern-rail-station","geometryType":"Point","sourceGeometryType":"Point","network":"西武鉄道","station":null,"layer":null,"usage":null,"osm_way_id":null,"id":"station:node:7430368356","type":"station"},"geometry":{"type":"Point","coordinates":[139.6954383,35.7157663]}},{"type":"Feature","properties":{"railway":"station","name":"新井薬師前","name:ja":"新井薬師前","name:en":"Araiyakushi-mae","operator":"西武鉄道","ref":"SS05","public_transport":"station","wikidata":"Q843454","wikipedia":"ja:新井薬師前駅","osm_element_type":"node","osm_element_id":7430375681,"sourceType":"openstreetmap","entityType":"modern-rail-station","geometryType":"Point","sourceGeometryType":"Point","network":"西武鉄道","station":null,"layer":null,"usage":null,"osm_way_id":null,"id":"station:node:7430375681","type":"station"},"geometry":{"type":"Point","coordinates":[139.672568,35.7157294]}},{"type":"Feature","properties":{"railway":"station","name":"中井","name:ja":"中井","name:en":"Nakai","operator":"西武鉄道","ref":"SS04","public_transport":"station","wikidata":"Q275116","wikipedia":"ja:中井駅","osm_element_type":"node","osm_element_id":7430377036,"sourceType":"openstreetmap","entityType":"modern-rail-station","geometryType":"Point","sourceGeometryType":"Point","network":"西武鉄道","station":null,"layer":null,"usage":null,"osm_way_id":null,"id":"station:node:7430377036","type":"station"},"geometry":{"type":"Point","coordinates":[139.686289,35.7150887]}},{"type":"Feature","properties":{"railway":"station","name":"梅島","name:ja":"梅島","name:en":"Umejima","operator":"東武鉄道","ref":"TS12","public_transport":"station","wikidata":"Q7881477","wikipedia":"ja:梅島駅","osm_element_type":"node","osm_element_id":7482027434,"sourceType":"openstreetmap","entityType":"modern-rail-station","geometryType":"Point","sourceGeometryType":"Point","network":null,"station":null,"layer":null,"usage":null,"osm_way_id":null,"id":"station:node:7482027434","type":"station"},"geometry":{"type":"Point","coordinates":[139.7979912,35.7723784]}},{"type":"Feature","properties":{"railway":"station","name":"五反野","name:ja":"五反野","name:en":"Gotanno","operator":"東武鉄道","ref":"TS11","public_transport":"station","wikidata":"Q5587720","wikipedia":"ja:五反野駅","osm_element_type":"node","osm_element_id":7482027435,"sourceType":"openstreetmap","entityType":"modern-rail-station","geometryType":"Point","sourceGeometryType":"Point","network":"東武鉄道","station":null,"layer":null,"usage":null,"osm_way_id":null,"id":"station:node:7482027435","type":"station"},"geometry":{"type":"Point","coordinates":[139.8094973,35.7659593]}},{"type":"Feature","properties":{"railway":"station","name":"堀切","name:ja":"堀切","name:en":"Horikiri","operator":"東武鉄道","ref":"TS07","public_transport":"station","wikidata":"Q5903267","wikipedia":"ja:堀切駅","osm_element_type":"node","osm_element_id":7482043457,"sourceType":"openstreetmap","entityType":"modern-rail-station","geometryType":"Point","sourceGeometryType":"Point","network":"東武鉄道","station":null,"layer":null,"usage":null,"osm_way_id":null,"id":"station:node:7482043457","type":"station"},"geometry":{"type":"Point","coordinates":[139.8176989,35.7432581]}},{"type":"Feature","properties":{"railway":"station","name":"東向島","name:ja":"東向島","name:en":"Higashi-mukojima","operator":"東武鉄道","ref":"TS05","public_transport":"station","wikidata":"Q5753733","wikipedia":"ja:東向島駅","osm_element_type":"node","osm_element_id":7482077157,"sourceType":"openstreetmap","entityType":"modern-rail-station","geometryType":"Point","sourceGeometryType":"Point","network":null,"station":null,"layer":null,"usage":null,"osm_way_id":null,"id":"station:node:7482077157","type":"station"},"geometry":{"type":"Point","coordinates":[139.8193077,35.7243341]}},{"type":"Feature","properties":{"railway":"station","name":"鐘ヶ淵","name:ja":"鐘ヶ淵","name:en":"Kanegafuchi","operator":"東武鉄道","ref":"TS06","public_transport":"station","wikidata":"Q6361921","wikipedia":"ja:鐘ヶ淵駅","osm_element_type":"node","osm_element_id":7482077160,"sourceType":"openstreetmap","entityType":"modern-rail-station","geometryType":"Point","sourceGeometryType":"Point","network":null,"station":null,"layer":null,"usage":null,"osm_way_id":null,"id":"station:node:7482077160","type":"station"},"geometry":{"type":"Point","coordinates":[139.8205233,35.7337353]}},{"type":"Feature","properties":{"railway":"station","name":"竹ノ塚","name:ja":"竹ノ塚","name:en":"Takenotsuka","operator":"東武鉄道","ref":"TS14","public_transport":"station","wikidata":"Q7678040","wikipedia":"ja:竹ノ塚駅","osm_element_type":"node","osm_element_id":7483347890,"sourceType":"openstreetmap","entityType":"modern-rail-station","geometryType":"Point","sourceGeometryType":"Point","network":null,"station":null,"layer":null,"usage":null,"osm_way_id":null,"id":"station:node:7483347890","type":"station"},"geometry":{"type":"Point","coordinates":[139.7908431,35.7944805]}},{"type":"Feature","properties":{"railway":"station","name":"高輪ゲートウェイ","name:ja":"高輪ゲートウェイ","name:en":"Takanawa Gateway","operator":"東日本旅客鉄道","ref":"TGW","public_transport":"station","wikidata":"Q38278207","wikipedia":"ja:高輪ゲートウェイ","osm_element_type":"node","osm_element_id":7502284289,"sourceType":"openstreetmap","entityType":"modern-rail-station","geometryType":"Point","sourceGeometryType":"Point","network":null,"station":null,"layer":null,"usage":null,"osm_way_id":null,"id":"station:node:7502284289","type":"station"},"geometry":{"type":"Point","coordinates":[139.7406635,35.6353992]}},{"type":"Feature","properties":{"railway":"station","name":"橋本","name:ja":"橋本","name:en":"Hashimoto","operator":"京王電鉄","ref":"KO45","public_transport":"station","wikidata":"Q800895","wikipedia":"ja:橋本駅 (神奈川県)","osm_element_type":"node","osm_element_id":7580612129,"sourceType":"openstreetmap","entityType":"modern-rail-station","geometryType":"Point","sourceGeometryType":"Point","network":null,"station":null,"layer":null,"usage":null,"osm_way_id":null,"id":"station:node:7580612129","type":"station"},"geometry":{"type":"Point","coordinates":[139.3439652,35.594997]}},{"type":"Feature","properties":{"railway":"station","name":"南新宿","name:ja":"南新宿","name:en":"Minami-Shinjuku","operator":"小田急電鉄","ref":"OH02","public_transport":"station","wikidata":"Q1135947","wikipedia":"ja:南新宿駅","osm_element_type":"node","osm_element_id":7661834794,"sourceType":"openstreetmap","entityType":"modern-rail-station","geometryType":"Point","sourceGeometryType":"Point","network":"小田急電鉄","station":null,"layer":null,"usage":null,"osm_way_id":null,"id":"station:node:7661834794","type":"station"},"geometry":{"type":"Point","coordinates":[139.698857,35.6837073]}},{"type":"Feature","properties":{"railway":"station","name":"五月台","name:ja":"五月台","name:en":"Satsukidai","operator":"小田急電鉄","ref":"OT01","public_transport":"station","wikidata":"Q4409583","wikipedia":"ja:五月台駅","osm_element_type":"node","osm_element_id":7674844435,"sourceType":"openstreetmap","entityType":"modern-rail-station","geometryType":"Point","sourceGeometryType":"Point","network":"小田急電鉄","station":null,"layer":null,"usage":null,"osm_way_id":null,"id":"station:node:7674844435","type":"station"},"geometry":{"type":"Point","coordinates":[139.4936136,35.600175]}},{"type":"Feature","properties":{"railway":"station","name":"小田急永山","name:ja":"小田急永山","name:en":"Odakyu Nagayama","operator":"小田急電鉄","ref":"OT05","public_transport":"station","wikidata":"Q1061400","wikipedia":"ja:永山駅 (東京都)","osm_element_type":"node","osm_element_id":7674863409,"sourceType":"openstreetmap","entityType":"modern-rail-station","geometryType":"Point","sourceGeometryType":"Point","network":"小田急電鉄","station":null,"layer":null,"usage":null,"osm_way_id":null,"id":"station:node:7674863409","type":"station"},"geometry":{"type":"Point","coordinates":[139.4482099,35.6299329]}},{"type":"Feature","properties":{"railway":"station","name":"はるひ野","name:ja":"はるひ野","name:en":"Haruhino","operator":"小田急電鉄","ref":"OT04","public_transport":"station","wikidata":"Q4496149","wikipedia":"ja:はるひ野駅","osm_element_type":"node","osm_element_id":7674874324,"sourceType":"openstreetmap","entityType":"modern-rail-station","geometryType":"Point","sourceGeometryType":"Point","network":"小田急電鉄","station":null,"layer":null,"usage":null,"osm_way_id":null,"id":"station:node:7674874324","type":"station"},"geometry":{"type":"Point","coordinates":[139.4646185,35.6188401]}},{"type":"Feature","properties":{"railway":"station","name":"黒川","name:ja":"黒川","name:en":"Kurokawa","operator":"小田急電鉄","ref":"OT03","public_transport":"station","wikidata":"Q4248710","wikipedia":"ja:黒川駅 (神奈川県)","osm_element_type":"node","osm_element_id":7674885449,"sourceType":"openstreetmap","entityType":"modern-rail-station","geometryType":"Point","sourceGeometryType":"Point","network":null,"station":null,"layer":null,"usage":null,"osm_way_id":null,"id":"station:node:7674885449","type":"station"},"geometry":{"type":"Point","coordinates":[139.4707421,35.6132327]}},{"type":"Feature","properties":{"railway":"station","name":"栗平","name:ja":"栗平","name:en":"Kurihira","operator":"小田急電鉄","ref":"OT02","public_transport":"station","wikidata":"Q4248427","wikipedia":"ja:栗平駅","osm_element_type":"node","osm_element_id":7674893894,"sourceType":"openstreetmap","entityType":"modern-rail-station","geometryType":"Point","sourceGeometryType":"Point","network":null,"station":null,"layer":null,"usage":null,"osm_way_id":null,"id":"station:node:7674893894","type":"station"},"geometry":{"type":"Point","coordinates":[139.4808891,35.6060805]}},{"type":"Feature","properties":{"railway":"station","name":"喜多見","name:ja":"喜多見","name:en":"Kitami","operator":"小田急電鉄","ref":"OH15","public_transport":"station","wikidata":"Q4222438","wikipedia":"ja:喜多見駅","osm_element_type":"node","osm_element_id":7678485635,"sourceType":"openstreetmap","entityType":"modern-rail-station","geometryType":"Point","sourceGeometryType":"Point","network":"小田急電鉄","station":null,"layer":null,"usage":null,"osm_way_id":null,"id":"station:node:7678485635","type":"station"},"geometry":{"type":"Point","coordinates":[139.5868713,35.6365293]}},{"type":"Feature","properties":{"railway":"station","name":"和泉多摩川","name:ja":"和泉多摩川","name:en":"Izumi-Tamagawa","operator":"小田急電鉄","ref":"OH17","public_transport":"station","wikidata":"Q4197917","wikipedia":"ja:和泉多摩川駅","osm_element_type":"node","osm_element_id":7678517553,"sourceType":"openstreetmap","entityType":"modern-rail-station","geometryType":"Point","sourceGeometryType":"Point","network":null,"station":null,"layer":null,"usage":null,"osm_way_id":null,"id":"station:node:7678517553","type":"station"},"geometry":{"type":"Point","coordinates":[139.5737269,35.6275123]}},{"type":"Feature","properties":{"railway":"station","name":"下高井戸","name:ja":"下高井戸","name:en":"Shimo-takaido","operator":"京王電鉄","ref":"KO07","public_transport":"station","wikidata":"Q994285","wikipedia":"ja:下高井戸駅","osm_element_type":"node","osm_element_id":7681378384,"sourceType":"openstreetmap","entityType":"modern-rail-station","geometryType":"Point","sourceGeometryType":"Point","network":null,"station":"light_rail","layer":null,"usage":null,"osm_way_id":null,"id":"station:node:7681378384","type":"station"},"geometry":{"type":"Point","coordinates":[139.6415946,35.6661345]}},{"type":"Feature","properties":{"railway":"station","name":"三軒茶屋","name:ja":"三軒茶屋","name:en":"Sangen-jaya","operator":"東急電鉄","ref":"SG01","public_transport":"station","wikidata":"Q7417938","wikipedia":"ja:三軒茶屋駅","osm_element_type":"node","osm_element_id":7681380424,"sourceType":"openstreetmap","entityType":"modern-rail-station","geometryType":"Point","sourceGeometryType":"Point","network":null,"station":"light_rail","layer":null,"usage":null,"osm_way_id":null,"id":"station:node:7681380424","type":"station"},"geometry":{"type":"Point","coordinates":[139.669068,35.6440586]}},{"type":"Feature","properties":{"railway":"station","name":"西太子堂","name:ja":"西太子堂","name:en":"Nishi-taishido","operator":null,"ref":"SG02","public_transport":"station","wikidata":"Q7040419","wikipedia":"ja:西太子堂駅","osm_element_type":"node","osm_element_id":7681383448,"sourceType":"openstreetmap","entityType":"modern-rail-station","geometryType":"Point","sourceGeometryType":"Point","network":null,"station":"light_rail","layer":null,"usage":null,"osm_way_id":null,"id":"station:node:7681383448","type":"station"},"geometry":{"type":"Point","coordinates":[139.666303,35.6445861]}},{"type":"Feature","properties":{"railway":"station","name":"若林","name:ja":"若林","name:en":"Wakabayashi","operator":null,"ref":"SG03","public_transport":"station","wikidata":"Q7960749","wikipedia":"ja:若林駅 (東京都)","osm_element_type":"node","osm_element_id":7681383449,"sourceType":"openstreetmap","entityType":"modern-rail-station","geometryType":"Point","sourceGeometryType":"Point","network":null,"station":"light_rail","layer":null,"usage":null,"osm_way_id":null,"id":"station:node:7681383449","type":"station"},"geometry":{"type":"Point","coordinates":[139.6598567,35.6459516]}},{"type":"Feature","properties":{"railway":"station","name":"松陰神社前","name:ja":"松陰神社前","name:en":"Shoin-jinja-mae","operator":null,"ref":"SG04","public_transport":"station","wikidata":"Q7506130","wikipedia":"ja:松陰神社前駅","osm_element_type":"node","osm_element_id":7681390222,"sourceType":"openstreetmap","entityType":"modern-rail-station","geometryType":"Point","sourceGeometryType":"Point","network":null,"station":"light_rail","layer":null,"usage":null,"osm_way_id":null,"id":"station:node:7681390222","type":"station"},"geometry":{"type":"Point","coordinates":[139.6551898,35.6439381]}},{"type":"Feature","properties":{"railway":"station","name":"世田谷","name:ja":"世田谷","name:en":"Setagaya","operator":null,"ref":"SG05","public_transport":"station","wikidata":"Q7456328","wikipedia":"ja:世田谷駅","osm_element_type":"node","osm_element_id":7681390223,"sourceType":"openstreetmap","entityType":"modern-rail-station","geometryType":"Point","sourceGeometryType":"Point","network":null,"station":"light_rail","layer":null,"usage":null,"osm_way_id":null,"id":"station:node:7681390223","type":"station"},"geometry":{"type":"Point","coordinates":[139.6508094,35.6435069]}},{"type":"Feature","properties":{"railway":"station","name":"上町","name:ja":"上町","name:en":"Kamimachi","operator":"東急","ref":"SG06","public_transport":"station","wikidata":"Q6358110","wikipedia":"ja:上町駅","osm_element_type":"node","osm_element_id":7681390224,"sourceType":"openstreetmap","entityType":"modern-rail-station","geometryType":"Point","sourceGeometryType":"Point","network":"東急世田谷線","station":"light_rail","layer":null,"usage":null,"osm_way_id":null,"id":"station:node:7681390224","type":"station"},"geometry":{"type":"Point","coordinates":[139.6468285,35.6432455]}},{"type":"Feature","properties":{"railway":"station","name":"宮の坂","name:ja":null,"name:en":"Miyanosaka","operator":null,"ref":"SG07","public_transport":"station","wikidata":"Q6884414","wikipedia":"ja:宮の坂駅","osm_element_type":"node","osm_element_id":7681398785,"sourceType":"openstreetmap","entityType":"modern-rail-station","geometryType":"Point","sourceGeometryType":"Point","network":null,"station":"light_rail","layer":null,"usage":null,"osm_way_id":null,"id":"station:node:7681398785","type":"station"},"geometry":{"type":"Point","coordinates":[139.6449893,35.6478254]}},{"type":"Feature","properties":{"railway":"station","name":"松原","name:ja":"松原","name:en":"Matsubara","operator":null,"ref":"SG09","public_transport":"station","wikidata":"Q6788018","wikipedia":"ja:松原駅 (東京都)","osm_element_type":"node","osm_element_id":7681398788,"sourceType":"openstreetmap","entityType":"modern-rail-station","geometryType":"Point","sourceGeometryType":"Point","network":null,"station":"light_rail","layer":null,"usage":null,"osm_way_id":null,"id":"station:node:7681398788","type":"station"},"geometry":{"type":"Point","coordinates":[139.641968,35.6601167]}},{"type":"Feature","properties":{"railway":"station","name":"代田橋","name:ja":"代田橋","name:en":"Daitabashi","operator":"京王電鉄","ref":"KO05","public_transport":"station","wikidata":"Q4154095","wikipedia":"ja:代田橋駅","osm_element_type":"node","osm_element_id":7682830399,"sourceType":"openstreetmap","entityType":"modern-rail-station","geometryType":"Point","sourceGeometryType":"Point","network":null,"station":null,"layer":null,"usage":null,"osm_way_id":null,"id":"station:node:7682830399","type":"station"},"geometry":{"type":"Point","coordinates":[139.6587527,35.6709596]}},{"type":"Feature","properties":{"railway":"station","name":"桜上水","name:ja":"桜上水","name:en":"Sakurajosui","operator":"京王電鉄","ref":"KO08","public_transport":"station","wikidata":"Q842009","wikipedia":"ja:桜上水駅","osm_element_type":"node","osm_element_id":7682838109,"sourceType":"openstreetmap","entityType":"modern-rail-station","geometryType":"Point","sourceGeometryType":"Point","network":null,"station":null,"layer":null,"usage":null,"osm_way_id":null,"id":"station:node:7682838109","type":"station"},"geometry":{"type":"Point","coordinates":[139.6320107,35.6675627]}},{"type":"Feature","properties":{"railway":"station","name":"芦花公園","name:ja":"芦花公園","name:en":"Roka-koen","operator":"京王電鉄","ref":"KO11","public_transport":"station","wikidata":"Q2717793","wikipedia":"ja:芦花公園駅","osm_element_type":"node","osm_element_id":7682843594,"sourceType":"openstreetmap","entityType":"modern-rail-station","geometryType":"Point","sourceGeometryType":"Point","network":null,"station":null,"layer":null,"usage":null,"osm_way_id":null,"id":"station:node:7682843594","type":"station"},"geometry":{"type":"Point","coordinates":[139.6083951,35.6705822]}},{"type":"Feature","properties":{"railway":"station","name":"千歳烏山","name:ja":"千歳烏山","name:en":"Chitose-karasuyama","operator":null,"ref":null,"public_transport":"station","wikidata":"Q841868","wikipedia":null,"osm_element_type":"node","osm_element_id":7682885667,"sourceType":"openstreetmap","entityType":"modern-rail-station","geometryType":"Point","sourceGeometryType":"Point","network":null,"station":null,"layer":null,"usage":null,"osm_way_id":null,"id":"station:node:7682885667","type":"station"},"geometry":{"type":"Point","coordinates":[139.6008523,35.6680037]}},{"type":"Feature","properties":{"railway":"station","name":"仙川","name:ja":"仙川","name:en":"Sengawa","operator":"京王電鉄","ref":"KO13","public_transport":"station","wikidata":"Q906121","wikipedia":"ja:仙川駅","osm_element_type":"node","osm_element_id":7682885684,"sourceType":"openstreetmap","entityType":"modern-rail-station","geometryType":"Point","sourceGeometryType":"Point","network":null,"station":null,"layer":null,"usage":null,"osm_way_id":null,"id":"station:node:7682885684","type":"station"},"geometry":{"type":"Point","coordinates":[139.5850157,35.6623454]}},{"type":"Feature","properties":{"railway":"station","name":"つつじヶ丘","name:ja":"つつじヶ丘","name:en":"Tsutsujigaoka","operator":"京王電鉄","ref":"KO14","public_transport":"station","wikidata":"Q841913","wikipedia":"ja:つつじヶ丘駅","osm_element_type":"node","osm_element_id":7682908517,"sourceType":"openstreetmap","entityType":"modern-rail-station","geometryType":"Point","sourceGeometryType":"Point","network":null,"station":null,"layer":null,"usage":null,"osm_way_id":null,"id":"station:node:7682908517","type":"station"},"geometry":{"type":"Point","coordinates":[139.5752432,35.6580672]}},{"type":"Feature","properties":{"railway":"station","name":"柴崎","name:ja":"柴崎","name:en":"Shibasaki","operator":"京王電鉄","ref":"KO15","public_transport":"station","wikidata":"Q4418205","wikipedia":"ja:柴崎駅","osm_element_type":"node","osm_element_id":7682938186,"sourceType":"openstreetmap","entityType":"modern-rail-station","geometryType":"Point","sourceGeometryType":"Point","network":null,"station":null,"layer":null,"usage":null,"osm_way_id":null,"id":"station:node:7682938186","type":"station"},"geometry":{"type":"Point","coordinates":[139.5670439,35.6542424]}},{"type":"Feature","properties":{"railway":"station","name":"布田","name:ja":"布田","name:en":"Fuda","operator":"京王電鉄","ref":"KO17","public_transport":"station","wikidata":"Q4493273","wikipedia":"ja:布田駅","osm_element_type":"node","osm_element_id":7682968810,"sourceType":"openstreetmap","entityType":"modern-rail-station","geometryType":"Point","sourceGeometryType":"Point","network":null,"station":null,"layer":null,"usage":null,"osm_way_id":null,"id":"station:node:7682968810","type":"station"},"geometry":{"type":"Point","coordinates":[139.5517595,35.6498661]}},{"type":"Feature","properties":{"railway":"station","name":"府中","name:ja":"府中","name:en":"Fuchu","operator":null,"ref":"KO24","public_transport":"station","wikidata":"Q4493756","wikipedia":"ja:府中駅 (東京都)","osm_element_type":"node","osm_element_id":7682981674,"sourceType":"openstreetmap","entityType":"modern-rail-station","geometryType":"Point","sourceGeometryType":"Point","network":null,"station":null,"layer":null,"usage":null,"osm_way_id":null,"id":"station:node:7682981674","type":"station"},"geometry":{"type":"Point","coordinates":[139.4800091,35.672219]}},{"type":"Feature","properties":{"railway":"station","name":"聖蹟桜ヶ丘","name:ja":"聖蹟桜ヶ丘","name:en":"Seiseki-sakuragaoka","operator":"京王電鉄","ref":"KO27","public_transport":"station","wikidata":"Q1064646","wikipedia":"ja:聖蹟桜ヶ丘駅","osm_element_type":"node","osm_element_id":7683003648,"sourceType":"openstreetmap","entityType":"modern-rail-station","geometryType":"Point","sourceGeometryType":"Point","network":null,"station":null,"layer":null,"usage":null,"osm_way_id":null,"id":"station:node:7683003648","type":"station"},"geometry":{"type":"Point","coordinates":[139.4470446,35.6508541]}},{"type":"Feature","properties":{"railway":"station","name":"多磨霊園","name:ja":"多磨霊園","name:en":"Tama-reien","operator":"京王電鉄","ref":"KO22","public_transport":"station","wikidata":"Q7680496","wikipedia":"ja:多磨霊園駅","osm_element_type":"node","osm_element_id":7683007940,"sourceType":"openstreetmap","entityType":"modern-rail-station","geometryType":"Point","sourceGeometryType":"Point","network":null,"station":null,"layer":null,"usage":null,"osm_way_id":null,"id":"station:node:7683007940","type":"station"},"geometry":{"type":"Point","coordinates":[139.5030177,35.6661125]}},{"type":"Feature","properties":{"railway":"station","name":"東府中","name:ja":"東府中","name:en":"Higashi-fuchu","operator":"京王電鉄","ref":"KO23","public_transport":"station","wikidata":"Q4497461","wikipedia":"ja:東府中駅","osm_element_type":"node","osm_element_id":7683014978,"sourceType":"openstreetmap","entityType":"modern-rail-station","geometryType":"Point","sourceGeometryType":"Point","network":null,"station":null,"layer":null,"usage":null,"osm_way_id":null,"id":"station:node:7683014978","type":"station"},"geometry":{"type":"Point","coordinates":[139.4951461,35.6688995]}},{"type":"Feature","properties":{"railway":"station","name":"中河原","name:ja":"中河原","name:en":"Nakagawara","operator":"京王電鉄","ref":"KO26","public_transport":"station","wikidata":"Q4312482","wikipedia":"ja:中河原駅","osm_element_type":"node","osm_element_id":7683040566,"sourceType":"openstreetmap","entityType":"modern-rail-station","geometryType":"Point","sourceGeometryType":"Point","network":null,"station":null,"layer":null,"usage":null,"osm_way_id":null,"id":"station:node:7683040566","type":"station"},"geometry":{"type":"Point","coordinates":[139.4579544,35.6596099]}},{"type":"Feature","properties":{"railway":"station","name":"多摩動物公園","name:ja":"多摩動物公園","name:en":"Tama-dobutsukoen","operator":"京王電鉄","ref":"KO47","public_transport":"station","wikidata":"Q4450752","wikipedia":"ja:多摩動物公園駅","osm_element_type":"node","osm_element_id":7683043067,"sourceType":"openstreetmap","entityType":"modern-rail-station","geometryType":"Point","sourceGeometryType":"Point","network":null,"station":null,"layer":null,"usage":null,"osm_way_id":null,"id":"station:node:7683043067","type":"station"},"geometry":{"type":"Point","coordinates":[139.4045053,35.6491085]}},{"type":"Feature","properties":{"railway":"station","name":"平山城址公園","name:ja":"平山城址公園","name:en":"Hirayamajoshi-koen","operator":"京王電鉄","ref":"KO31","public_transport":"station","wikidata":"Q4497858","wikipedia":"ja:平山城址公園駅","osm_element_type":"node","osm_element_id":7683074728,"sourceType":"openstreetmap","entityType":"modern-rail-station","geometryType":"Point","sourceGeometryType":"Point","network":null,"station":null,"layer":null,"usage":null,"osm_way_id":null,"id":"station:node:7683074728","type":"station"},"geometry":{"type":"Point","coordinates":[139.3803307,35.647517]}},{"type":"Feature","properties":{"railway":"station","name":"南平","name:ja":"南平","name:en":"Minamidaira","operator":"京王電鉄","ref":"KO30","public_transport":"station","wikidata":"Q4294001","wikipedia":"ja:南平駅","osm_element_type":"node","osm_element_id":7683105642,"sourceType":"openstreetmap","entityType":"modern-rail-station","geometryType":"Point","sourceGeometryType":"Point","network":null,"station":null,"layer":null,"usage":null,"osm_way_id":null,"id":"station:node:7683105642","type":"station"},"geometry":{"type":"Point","coordinates":[139.3919562,35.6546404]}},{"type":"Feature","properties":{"railway":"station","name":"長沼","name:ja":"長沼","name:en":"Naganuma","operator":"京王電鉄","ref":"KO32","public_transport":"station","wikidata":"Q6958464","wikipedia":"ja:長沼駅 (東京都)","osm_element_type":"node","osm_element_id":7683115271,"sourceType":"openstreetmap","entityType":"modern-rail-station","geometryType":"Point","sourceGeometryType":"Point","network":null,"station":null,"layer":null,"usage":null,"osm_way_id":null,"id":"station:node:7683115271","type":"station"},"geometry":{"type":"Point","coordinates":[139.3659307,35.6427981]}},{"type":"Feature","properties":{"railway":"station","name":"北野","name:ja":"北野","name:en":"Kitano","operator":"京王電鉄","ref":"KO33","public_transport":"station","wikidata":"Q4222444","wikipedia":"ja:北野駅 (東京都)","osm_element_type":"node","osm_element_id":7683133748,"sourceType":"openstreetmap","entityType":"modern-rail-station","geometryType":"Point","sourceGeometryType":"Point","network":null,"station":null,"layer":null,"usage":null,"osm_way_id":null,"id":"station:node:7683133748","type":"station"},"geometry":{"type":"Point","coordinates":[139.3540839,35.6446036]}},{"type":"Feature","properties":{"railway":"station","name":"国領","name:ja":"国領","name:en":"Kokuryo","operator":"京王電鉄","ref":"KO16","public_transport":"station","wikidata":"Q4227494","wikipedia":"ja:国領駅","osm_element_type":"node","osm_element_id":7683200691,"sourceType":"openstreetmap","entityType":"modern-rail-station","geometryType":"Point","sourceGeometryType":"Point","network":null,"station":null,"layer":null,"usage":null,"osm_way_id":null,"id":"station:node:7683200691","type":"station"},"geometry":{"type":"Point","coordinates":[139.558541,35.6502158]}},{"type":"Feature","properties":{"railway":"station","name":"高松","name:ja":"高松","name:en":"Takamatsu","operator":"多摩都市モノレール","ref":null,"public_transport":"station","wikidata":"Q7677135","wikipedia":"ja:高松駅 (東京都)","osm_element_type":"node","osm_element_id":7749777844,"sourceType":"openstreetmap","entityType":"modern-rail-station","geometryType":"Point","sourceGeometryType":"Point","network":null,"station":"monorail","layer":null,"usage":null,"osm_way_id":null,"id":"station:node:7749777844","type":"station"},"geometry":{"type":"Point","coordinates":[139.4132745,35.7101518]}},{"type":"Feature","properties":{"railway":"station","name":"立飛","name:ja":"立飛","name:en":"Tachihi","operator":"多摩都市モノレール","ref":null,"public_transport":"station","wikidata":"Q7673726","wikipedia":"ja:立飛駅","osm_element_type":"node","osm_element_id":7749786872,"sourceType":"openstreetmap","entityType":"modern-rail-station","geometryType":"Point","sourceGeometryType":"Point","network":null,"station":"monorail","layer":null,"usage":null,"osm_way_id":null,"id":"station:node:7749786872","type":"station"},"geometry":{"type":"Point","coordinates":[139.4171959,35.7144509]}},{"type":"Feature","properties":{"railway":"station","name":"泉体育館","name:ja":"泉体育館","name:en":"Izumi-Taiikukan","operator":"多摩都市モノレール","ref":null,"public_transport":"station","wikidata":"Q6102266","wikipedia":"ja:泉体育館駅","osm_element_type":"node","osm_element_id":7749786873,"sourceType":"openstreetmap","entityType":"modern-rail-station","geometryType":"Point","sourceGeometryType":"Point","network":null,"station":"monorail","layer":null,"usage":null,"osm_way_id":null,"id":"station:node:7749786873","type":"station"},"geometry":{"type":"Point","coordinates":[139.4195455,35.7188183]}},{"type":"Feature","properties":{"railway":"station","name":"砂川七番","name:ja":"砂川七番","name:en":"Sunagawa-Nanaban","operator":"多摩都市モノレール","ref":null,"public_transport":"station","wikidata":"Q7638759","wikipedia":"ja:砂川七番駅","osm_element_type":"node","osm_element_id":7749786874,"sourceType":"openstreetmap","entityType":"modern-rail-station","geometryType":"Point","sourceGeometryType":"Point","network":null,"station":"monorail","layer":null,"usage":null,"osm_way_id":null,"id":"station:node:7749786874","type":"station"},"geometry":{"type":"Point","coordinates":[139.418131,35.7233752]}},{"type":"Feature","properties":{"railway":"station","name":"桜街道","name:ja":"桜街道","name:en":"Sakurakaido","operator":"多摩都市モノレール","ref":null,"public_transport":"station","wikidata":"Q7403154","wikipedia":"ja:桜街道駅","osm_element_type":"node","osm_element_id":7749786875,"sourceType":"openstreetmap","entityType":"modern-rail-station","geometryType":"Point","sourceGeometryType":"Point","network":null,"station":"monorail","layer":null,"usage":null,"osm_way_id":null,"id":"station:node:7749786875","type":"station"},"geometry":{"type":"Point","coordinates":[139.416651,35.739065]}},{"type":"Feature","properties":{"railway":"station","name":"上北台","name:ja":"上北台","name:en":"Kamikitadai","operator":"多摩都市モノレール","ref":null,"public_transport":"station","wikidata":"Q6357916","wikipedia":"ja:上北台駅","osm_element_type":"node","osm_element_id":7749786876,"sourceType":"openstreetmap","entityType":"modern-rail-station","geometryType":"Point","sourceGeometryType":"Point","network":null,"station":"monorail","layer":null,"usage":null,"osm_way_id":null,"id":"station:node:7749786876","type":"station"},"geometry":{"type":"Point","coordinates":[139.4158575,35.7458813]}},{"type":"Feature","properties":{"railway":"station","name":"あざみ野","name:ja":"あざみ野","name:en":"Azamino","operator":"横浜市交通局","ref":"B32","public_transport":"station","wikidata":"Q852232","wikipedia":"ja:あざみ野駅","osm_element_type":"node","osm_element_id":7749849503,"sourceType":"openstreetmap","entityType":"modern-rail-station","geometryType":"Point","sourceGeometryType":"Point","network":"横浜市営地下鉄","station":"subway","layer":null,"usage":null,"osm_way_id":null,"id":"station:node:7749849503","type":"station"},"geometry":{"type":"Point","coordinates":[139.5536107,35.5680456]}},{"type":"Feature","properties":{"railway":"station","name":"中川","name:ja":"中川","name:en":"Nakagawa","operator":"横浜市交通局","ref":"B31","public_transport":"station","wikidata":"Q573443","wikipedia":"ja:中川駅 (神奈川県)","osm_element_type":"node","osm_element_id":7749869512,"sourceType":"openstreetmap","entityType":"modern-rail-station","geometryType":"Point","sourceGeometryType":"Point","network":"横浜市営地下鉄","station":"subway","layer":null,"usage":null,"osm_way_id":null,"id":"station:node:7749869512","type":"station"},"geometry":{"type":"Point","coordinates":[139.5699517,35.5629066]}},{"type":"Feature","properties":{"railway":"station","name":"センター南","name:ja":"センター南","name:en":"Center Minami","operator":"横浜市交通局","ref":"B29","public_transport":"station","wikidata":"Q844629","wikipedia":"ja:センター南駅","osm_element_type":"node","osm_element_id":7750187061,"sourceType":"openstreetmap","entityType":"modern-rail-station","geometryType":"Point","sourceGeometryType":"Point","network":"横浜市営地下鉄","station":"subway","layer":null,"usage":null,"osm_way_id":null,"id":"station:node:7750187061","type":"station"},"geometry":{"type":"Point","coordinates":[139.5742694,35.5454101]}},{"type":"Feature","properties":{"railway":"station","name":"西新宿五丁目","name:ja":"西新宿五丁目","name:en":"Nishi-shinjuku-gochome","operator":"東京都交通局","ref":"E29","public_transport":"station","wikidata":"Q275541","wikipedia":"ja:西新宿五丁目駅","osm_element_type":"node","osm_element_id":7761779877,"sourceType":"openstreetmap","entityType":"modern-rail-station","geometryType":"Point","sourceGeometryType":"Point","network":"都営地下鉄","station":"subway","layer":null,"usage":null,"osm_way_id":null,"id":"station:node:7761779877","type":"station"},"geometry":{"type":"Point","coordinates":[139.6845183,35.6898839]}},{"type":"Feature","properties":{"railway":"station","name":"保谷","name:ja":"保谷","name:en":"Hoya","operator":"西武鉄道","ref":"SI12","public_transport":"station","wikidata":"Q843153","wikipedia":"ja:保谷駅","osm_element_type":"node","osm_element_id":7763479268,"sourceType":"openstreetmap","entityType":"modern-rail-station","geometryType":"Point","sourceGeometryType":"Point","network":"西武鉄道","station":null,"layer":null,"usage":null,"osm_way_id":null,"id":"station:node:7763479268","type":"station"},"geometry":{"type":"Point","coordinates":[139.5673646,35.7483016]}},{"type":"Feature","properties":{"railway":"station","name":"日吉","name:ja":"日吉","name:en":"Hiyoshi","operator":"横浜市交通局","ref":"G10","public_transport":"station","wikidata":"Q390392","wikipedia":"ja:日吉駅 (神奈川県)","osm_element_type":"node","osm_element_id":7772745205,"sourceType":"openstreetmap","entityType":"modern-rail-station","geometryType":"Point","sourceGeometryType":"Point","network":"横浜市営地下鉄","station":"subway","layer":null,"usage":null,"osm_way_id":null,"id":"station:node:7772745205","type":"station"},"geometry":{"type":"Point","coordinates":[139.6464819,35.5534441]}},{"type":"Feature","properties":{"railway":"station","name":"日吉本町","name:ja":"日吉本町","name:en":"Hiyoshi-honcho","operator":"横浜市交通局","ref":"G09","public_transport":"station","wikidata":"Q5872965","wikipedia":"ja:日吉本町駅","osm_element_type":"node","osm_element_id":7772745206,"sourceType":"openstreetmap","entityType":"modern-rail-station","geometryType":"Point","sourceGeometryType":"Point","network":"横浜市営地下鉄","station":"subway","layer":null,"usage":null,"osm_way_id":null,"id":"station:node:7772745206","type":"station"},"geometry":{"type":"Point","coordinates":[139.6336227,35.5500655]}},{"type":"Feature","properties":{"railway":"station","name":"高田","name:ja":"高田","name:en":"Takata","operator":"横浜市交通局","ref":"G08","public_transport":"station","wikidata":"Q7677418","wikipedia":"ja:高田駅 (神奈川県)","osm_element_type":"node","osm_element_id":7772745207,"sourceType":"openstreetmap","entityType":"modern-rail-station","geometryType":"Point","sourceGeometryType":"Point","network":"横浜市営地下鉄","station":"subway","layer":null,"usage":null,"osm_way_id":null,"id":"station:node:7772745207","type":"station"},"geometry":{"type":"Point","coordinates":[139.6200521,35.5496776]}},{"type":"Feature","properties":{"railway":"station","name":"東山田","name:ja":"東山田","name:en":"Higashi-yamata","operator":"横浜市交通局","ref":"G07","public_transport":"station","wikidata":"Q11103294","wikipedia":"ja:東山田駅","osm_element_type":"node","osm_element_id":7772745208,"sourceType":"openstreetmap","entityType":"modern-rail-station","geometryType":"Point","sourceGeometryType":"Point","network":"横浜市営地下鉄","station":"subway","layer":null,"usage":null,"osm_way_id":null,"id":"station:node:7772745208","type":"station"},"geometry":{"type":"Point","coordinates":[139.6046897,35.554173]}},{"type":"Feature","properties":{"railway":"station","name":"北山田","name:ja":"北山田","name:en":"Kita-yamata","operator":"横浜市交通局","ref":"G06","public_transport":"station","wikidata":"Q6417619","wikipedia":"ja:北山田駅 (神奈川県)","osm_element_type":"node","osm_element_id":7772745209,"sourceType":"openstreetmap","entityType":"modern-rail-station","geometryType":"Point","sourceGeometryType":"Point","network":"横浜市営地下鉄","station":"subway","layer":null,"usage":null,"osm_way_id":null,"id":"station:node:7772745209","type":"station"},"geometry":{"type":"Point","coordinates":[139.5927407,35.5609685]}},{"type":"Feature","properties":{"railway":"station","name":"都立大学","name:ja":"都立大学","name:en":"Toritsu-daigaku","operator":"東急電鉄","ref":"TY06","public_transport":"station","wikidata":"Q7825831","wikipedia":"ja:都立大学駅","osm_element_type":"node","osm_element_id":7772934663,"sourceType":"openstreetmap","entityType":"modern-rail-station","geometryType":"Point","sourceGeometryType":"Point","network":"東急電鉄","station":null,"layer":null,"usage":null,"osm_way_id":null,"id":"station:node:7772934663","type":"station"},"geometry":{"type":"Point","coordinates":[139.676184,35.6175433]}},{"type":"Feature","properties":{"railway":"station","name":"北参道","name:ja":"北参道","name:en":"Kita-sando","operator":"東京地下鉄","ref":"F14","public_transport":"station","wikidata":"Q128322","wikipedia":"ja:北参道駅","osm_element_type":"node","osm_element_id":7775803876,"sourceType":"openstreetmap","entityType":"modern-rail-station","geometryType":"Point","sourceGeometryType":"Point","network":null,"station":"subway","layer":null,"usage":null,"osm_way_id":null,"id":"station:node:7775803876","type":"station"},"geometry":{"type":"Point","coordinates":[139.705414,35.6784974]}},{"type":"Feature","properties":{"railway":"station","name":"西早稲田","name:ja":"西早稲田","name:en":"Nishi-waseda","operator":"東京地下鉄","ref":"F11","public_transport":"station","wikidata":"Q128305","wikipedia":"ja:西早稲田駅","osm_element_type":"node","osm_element_id":7775803878,"sourceType":"openstreetmap","entityType":"modern-rail-station","geometryType":"Point","sourceGeometryType":"Point","network":null,"station":"subway","layer":null,"usage":null,"osm_way_id":null,"id":"station:node:7775803878","type":"station"},"geometry":{"type":"Point","coordinates":[139.7090404,35.7079347]}},{"type":"Feature","properties":{"railway":"station","name":"根津","name:ja":null,"name:en":"Nezu","operator":"東京地下鉄","ref":"C14","public_transport":"station","wikidata":"Q390655","wikipedia":"ja:根津駅","osm_element_type":"node","osm_element_id":7777176885,"sourceType":"openstreetmap","entityType":"modern-rail-station","geometryType":"Point","sourceGeometryType":"Point","network":null,"station":"subway","layer":null,"usage":null,"osm_way_id":null,"id":"station:node:7777176885","type":"station"},"geometry":{"type":"Point","coordinates":[139.7657175,35.7173914]}},{"type":"Feature","properties":{"railway":"station","name":"町屋","name:ja":"町屋","name:en":"Machiya","operator":"東京地下鉄","ref":"C17","public_transport":"station","wikidata":"Q390638","wikipedia":"ja:町屋駅","osm_element_type":"node","osm_element_id":7777176985,"sourceType":"openstreetmap","entityType":"modern-rail-station","geometryType":"Point","sourceGeometryType":"Point","network":null,"station":"subway","layer":null,"usage":null,"osm_way_id":null,"id":"station:node:7777176985","type":"station"},"geometry":{"type":"Point","coordinates":[139.7800901,35.7421779]}},{"type":"Feature","properties":{"railway":"station","name":"千駄木","name:ja":"千駄木","name:en":"Sendagi","operator":"東京地下鉄","ref":"C15","public_transport":"station","wikidata":"Q390662","wikipedia":"ja:千駄木駅","osm_element_type":"node","osm_element_id":7777177085,"sourceType":"openstreetmap","entityType":"modern-rail-station","geometryType":"Point","sourceGeometryType":"Point","network":null,"station":"subway","layer":null,"usage":null,"osm_way_id":null,"id":"station:node:7777177085","type":"station"},"geometry":{"type":"Point","coordinates":[139.7632458,35.7255677]}},{"type":"Feature","properties":{"railway":"station","name":"川口元郷","name:ja":"川口元郷","name:en":"Kawaguchi-motogo","operator":"埼玉高速鉄道","ref":null,"public_transport":"station","wikidata":"Q3701469","wikipedia":"ja:川口元郷駅","osm_element_type":"node","osm_element_id":7777248385,"sourceType":"openstreetmap","entityType":"modern-rail-station","geometryType":"Point","sourceGeometryType":"Point","network":null,"station":"subway","layer":null,"usage":null,"osm_way_id":null,"id":"station:node:7777248385","type":"station"},"geometry":{"type":"Point","coordinates":[139.7300045,35.8001212]}},{"type":"Feature","properties":{"railway":"station","name":"赤羽橋","name:ja":"赤羽橋","name:en":"Akabanebashi","operator":"東京都交通局","ref":"E21","public_transport":"station","wikidata":"Q246176","wikipedia":"ja:赤羽橋駅","osm_element_type":"node","osm_element_id":7777248485,"sourceType":"openstreetmap","entityType":"modern-rail-station","geometryType":"Point","sourceGeometryType":"Point","network":"都営地下鉄","station":"subway","layer":null,"usage":null,"osm_way_id":null,"id":"station:node:7777248485","type":"station"},"geometry":{"type":"Point","coordinates":[139.7439828,35.6550406]}},{"type":"Feature","properties":{"railway":"station","name":"北綾瀬","name:ja":"北綾瀬","name:en":"Kita-ayase","operator":"東京地下鉄","ref":"C20","public_transport":"station","wikidata":"Q1040951","wikipedia":"ja:北綾瀬駅","osm_element_type":"node","osm_element_id":7786715952,"sourceType":"openstreetmap","entityType":"modern-rail-station","geometryType":"Point","sourceGeometryType":"Point","network":null,"station":"subway","layer":null,"usage":null,"osm_way_id":null,"id":"station:node:7786715952","type":"station"},"geometry":{"type":"Point","coordinates":[139.832145,35.7768999]}},{"type":"Feature","properties":{"railway":"station","name":"外苑前","name:ja":"外苑前","name:en":"Gaiemmae","operator":"東京地下鉄","ref":"G03","public_transport":"station","wikidata":"Q275433","wikipedia":"ja:外苑前駅","osm_element_type":"node","osm_element_id":7786715953,"sourceType":"openstreetmap","entityType":"modern-rail-station","geometryType":"Point","sourceGeometryType":"Point","network":null,"station":"subway","layer":null,"usage":null,"osm_way_id":null,"id":"station:node:7786715953","type":"station"},"geometry":{"type":"Point","coordinates":[139.7178823,35.6704649]}},{"type":"Feature","properties":{"railway":"station","name":"京橋","name:ja":"京橋","name:en":"Kyobashi","operator":"東京地下鉄","ref":"G10","public_transport":"station","wikidata":"Q347981","wikipedia":"ja:京橋駅 (東京都)","osm_element_type":"node","osm_element_id":7786715954,"sourceType":"openstreetmap","entityType":"modern-rail-station","geometryType":"Point","sourceGeometryType":"Point","network":null,"station":"subway","layer":null,"usage":null,"osm_way_id":null,"id":"station:node:7786715954","type":"station"},"geometry":{"type":"Point","coordinates":[139.7700412,35.676696]}},{"type":"Feature","properties":{"railway":"station","name":"末広町","name:ja":"末広町","name:en":"Suehirocho","operator":"東京地下鉄","ref":"G14","public_transport":"station","wikidata":"Q347988","wikipedia":"ja:末広町駅 (東京都)","osm_element_type":"node","osm_element_id":7786715955,"sourceType":"openstreetmap","entityType":"modern-rail-station","geometryType":"Point","sourceGeometryType":"Point","network":null,"station":"subway","layer":null,"usage":null,"osm_way_id":null,"id":"station:node:7786715955","type":"station"},"geometry":{"type":"Point","coordinates":[139.7716793,35.7029361]}},{"type":"Feature","properties":{"railway":"station","name":"上野広小路","name:ja":"上野広小路","name:en":"Ueno-hirokoji","operator":"東京地下鉄","ref":"G15","public_transport":"station","wikidata":"Q1156446","wikipedia":"ja:上野広小路駅","osm_element_type":"node","osm_element_id":7786715956,"sourceType":"openstreetmap","entityType":"modern-rail-station","geometryType":"Point","sourceGeometryType":"Point","network":null,"station":"subway","layer":null,"usage":null,"osm_way_id":null,"id":"station:node:7786715956","type":"station"},"geometry":{"type":"Point","coordinates":[139.7729909,35.7078328]}},{"type":"Feature","properties":{"railway":"station","name":"上野","name:ja":"上野","name:en":"Ueno","operator":"東京地下鉄","ref":"G16 H18","public_transport":"station","wikidata":"Q801551","wikipedia":"ja:上野駅","osm_element_type":"node","osm_element_id":7786715957,"sourceType":"openstreetmap","entityType":"modern-rail-station","geometryType":"Point","sourceGeometryType":"Point","network":null,"station":"subway","layer":null,"usage":null,"osm_way_id":null,"id":"station:node:7786715957","type":"station"},"geometry":{"type":"Point","coordinates":[139.7761542,35.7117081]}},{"type":"Feature","properties":{"railway":"station","name":"稲荷町","name:ja":"稲荷町","name:en":"Inaricho","operator":"東京地下鉄","ref":"G17","public_transport":"station","wikidata":"Q347996","wikipedia":"ja:稲荷町駅 (東京都)","osm_element_type":"node","osm_element_id":7786715958,"sourceType":"openstreetmap","entityType":"modern-rail-station","geometryType":"Point","sourceGeometryType":"Point","network":null,"station":"subway","layer":null,"usage":null,"osm_way_id":null,"id":"station:node:7786715958","type":"station"},"geometry":{"type":"Point","coordinates":[139.7826851,35.7113867]}},{"type":"Feature","properties":{"railway":"station","name":"田原町","name:ja":"田原町","name:en":"Tawaramachi","operator":"東京地下鉄","ref":"G18","public_transport":"station","wikidata":"Q1196090","wikipedia":"ja:田原町駅 (東京都)","osm_element_type":"node","osm_element_id":7786715959,"sourceType":"openstreetmap","entityType":"modern-rail-station","geometryType":"Point","sourceGeometryType":"Point","network":"東京メトロ","station":"subway","layer":null,"usage":null,"osm_way_id":null,"id":"station:node:7786715959","type":"station"},"geometry":{"type":"Point","coordinates":[139.7907549,35.7098357]}},{"type":"Feature","properties":{"railway":"station","name":"新大塚","name:ja":"新大塚","name:en":"Shin-otsuka","operator":"東京地下鉄","ref":"M24","public_transport":"station","wikidata":"Q1078382","wikipedia":"ja:新大塚駅","osm_element_type":"node","osm_element_id":7786715960,"sourceType":"openstreetmap","entityType":"modern-rail-station","geometryType":"Point","sourceGeometryType":"Point","network":null,"station":"subway","layer":null,"usage":null,"osm_way_id":null,"id":"station:node:7786715960","type":"station"},"geometry":{"type":"Point","coordinates":[139.7299234,35.7257823]}},{"type":"Feature","properties":{"railway":"station","name":"御茶ノ水","name:ja":"御茶ノ水","name:en":"Ochanomizu","operator":"東京地下鉄","ref":"M20","public_transport":"station","wikidata":"Q801289","wikipedia":"ja:御茶ノ水駅","osm_element_type":"node","osm_element_id":7786715961,"sourceType":"openstreetmap","entityType":"modern-rail-station","geometryType":"Point","sourceGeometryType":"Point","network":null,"station":"subway","layer":null,"usage":null,"osm_way_id":null,"id":"station:node:7786715961","type":"station"},"geometry":{"type":"Point","coordinates":[139.764082,35.7005755]}},{"type":"Feature","properties":{"railway":"station","name":"新宿御苑前","name:ja":"新宿御苑前","name:en":"Shinjuku-gyoemmae","operator":"東京地下鉄","ref":"M10","public_transport":"station","wikidata":"Q1132610","wikipedia":"ja:新宿御苑前駅","osm_element_type":"node","osm_element_id":7786715962,"sourceType":"openstreetmap","entityType":"modern-rail-station","geometryType":"Point","sourceGeometryType":"Point","network":null,"station":"subway","layer":null,"usage":null,"osm_way_id":null,"id":"station:node:7786715962","type":"station"},"geometry":{"type":"Point","coordinates":[139.7107396,35.6885735]}},{"type":"Feature","properties":{"railway":"station","name":"新中野","name:ja":"新中野","name:en":"Shin-nakano","operator":"東京地下鉄","ref":"M05","public_transport":"station","wikidata":"Q1073232","wikipedia":"ja:新中野駅","osm_element_type":"node","osm_element_id":7786715963,"sourceType":"openstreetmap","entityType":"modern-rail-station","geometryType":"Point","sourceGeometryType":"Point","network":null,"station":"subway","layer":null,"usage":null,"osm_way_id":null,"id":"station:node:7786715963","type":"station"},"geometry":{"type":"Point","coordinates":[139.6686428,35.6974599]}},{"type":"Feature","properties":{"railway":"station","name":"国会議事堂前","name:ja":"国会議事堂前","name:en":"Kokkai-gijidomae","operator":"東京地下鉄","ref":"M14","public_transport":"station","wikidata":"Q1192508","wikipedia":"ja:国会議事堂前駅","osm_element_type":"node","osm_element_id":7786715964,"sourceType":"openstreetmap","entityType":"modern-rail-station","geometryType":"Point","sourceGeometryType":"Point","network":null,"station":"subway","layer":null,"usage":null,"osm_way_id":null,"id":"station:node:7786715964","type":"station"},"geometry":{"type":"Point","coordinates":[139.7455534,35.6745485]}},{"type":"Feature","properties":{"railway":"station","name":"淡路町","name:ja":"淡路町","name:en":"Awajicho","operator":"東京地下鉄","ref":"M19","public_transport":"station","wikidata":"Q1078432","wikipedia":"ja:淡路町駅","osm_element_type":"node","osm_element_id":7786715965,"sourceType":"openstreetmap","entityType":"modern-rail-station","geometryType":"Point","sourceGeometryType":"Point","network":null,"station":"subway","layer":null,"usage":null,"osm_way_id":null,"id":"station:node:7786715965","type":"station"},"geometry":{"type":"Point","coordinates":[139.767473,35.6950614]}},{"type":"Feature","properties":{"railway":"station","name":"大手町","name:ja":"大手町","name:en":"Otemachi","operator":"東京地下鉄","ref":"M18","public_transport":"station","wikidata":"Q1326767","wikipedia":"ja:大手町駅 (東京都)","osm_element_type":"node","osm_element_id":7786715966,"sourceType":"openstreetmap","entityType":"modern-rail-station","geometryType":"Point","sourceGeometryType":"Point","network":null,"station":"subway","layer":null,"usage":null,"osm_way_id":null,"id":"station:node:7786715966","type":"station"},"geometry":{"type":"Point","coordinates":[139.7662244,35.6867882]}},{"type":"Feature","properties":{"railway":"station","name":"四谷三丁目","name:ja":"四谷三丁目","name:en":"Yotsuya-sanchome","operator":"東京地下鉄","ref":"M11","public_transport":"station","wikidata":"Q1073207","wikipedia":"ja:四谷三丁目駅","osm_element_type":"node","osm_element_id":7786715967,"sourceType":"openstreetmap","entityType":"modern-rail-station","geometryType":"Point","sourceGeometryType":"Point","network":null,"station":"subway","layer":null,"usage":null,"osm_way_id":null,"id":"station:node:7786715967","type":"station"},"geometry":{"type":"Point","coordinates":[139.7205752,35.687988]}},{"type":"Feature","properties":{"railway":"station","name":"西新宿","name:ja":"西新宿","name:en":"Nishi-shinjuku","operator":"東京地下鉄","ref":"M07","public_transport":"station","wikidata":"Q138555","wikipedia":"ja:西新宿駅","osm_element_type":"node","osm_element_id":7786715968,"sourceType":"openstreetmap","entityType":"modern-rail-station","geometryType":"Point","sourceGeometryType":"Point","network":null,"station":"subway","layer":null,"usage":null,"osm_way_id":null,"id":"station:node:7786715968","type":"station"},"geometry":{"type":"Point","coordinates":[139.6927667,35.6944315]}},{"type":"Feature","properties":{"railway":"station","name":"虎ノ門","name:ja":"虎ノ門","name:en":"Toranomon","operator":"東京地下鉄","ref":"G07","public_transport":"station","wikidata":"Q347972","wikipedia":"ja:虎ノ門駅","osm_element_type":"node","osm_element_id":7786715969,"sourceType":"openstreetmap","entityType":"modern-rail-station","geometryType":"Point","sourceGeometryType":"Point","network":"ロ銀座線","station":"subway","layer":null,"usage":null,"osm_way_id":null,"id":"station:node:7786715969","type":"station"},"geometry":{"type":"Point","coordinates":[139.750056,35.6701871]}},{"type":"Feature","properties":{"railway":"station","name":"東高円寺","name:ja":"東高円寺","name:en":"Higashi-koenji","operator":"東京地下鉄","ref":"M04","public_transport":"station","wikidata":"Q1078443","wikipedia":"ja:東高円寺駅","osm_element_type":"node","osm_element_id":7786715970,"sourceType":"openstreetmap","entityType":"modern-rail-station","geometryType":"Point","sourceGeometryType":"Point","network":null,"station":"subway","layer":null,"usage":null,"osm_way_id":null,"id":"station:node:7786715970","type":"station"},"geometry":{"type":"Point","coordinates":[139.6581601,35.6979717]}},{"type":"Feature","properties":{"railway":"station","name":"新高円寺","name:ja":"新高円寺","name:en":"Shin-koenji","operator":"東京地下鉄","ref":"M03","public_transport":"station","wikidata":"Q1078400","wikipedia":"ja:新高円寺駅","osm_element_type":"node","osm_element_id":7786715971,"sourceType":"openstreetmap","entityType":"modern-rail-station","geometryType":"Point","sourceGeometryType":"Point","network":null,"station":"subway","layer":null,"usage":null,"osm_way_id":null,"id":"station:node:7786715971","type":"station"},"geometry":{"type":"Point","coordinates":[139.648688,35.6978735]}},{"type":"Feature","properties":{"railway":"station","name":"南阿佐ケ谷","name:ja":"南阿佐ケ谷","name:en":"Minami-asagaya","operator":"東京地下鉄","ref":"M02","public_transport":"station","wikidata":"Q1073001","wikipedia":"ja:南阿佐ケ谷駅","osm_element_type":"node","osm_element_id":7786715972,"sourceType":"openstreetmap","entityType":"modern-rail-station","geometryType":"Point","sourceGeometryType":"Point","network":null,"station":"subway","layer":null,"usage":null,"osm_way_id":null,"id":"station:node:7786715972","type":"station"},"geometry":{"type":"Point","coordinates":[139.6357088,35.6993987]}},{"type":"Feature","properties":{"railway":"station","name":"虎ノ門ヒルズ","name:ja":"虎ノ門ヒルズ","name:en":"Toranomon Hills","operator":"東京地下鉄","ref":"H06","public_transport":"station","wikidata":"Q59452622","wikipedia":"ja:虎ノ門ヒルズ駅","osm_element_type":"node","osm_element_id":7786715973,"sourceType":"openstreetmap","entityType":"modern-rail-station","geometryType":"Point","sourceGeometryType":"Point","network":"東京メトロ","station":"subway","layer":null,"usage":null,"osm_way_id":null,"id":"station:node:7786715973","type":"station"},"geometry":{"type":"Point","coordinates":[139.7477648,35.6674688]}},{"type":"Feature","properties":{"railway":"station","name":"神谷町","name:ja":"神谷町","name:en":"Kamiyacho","operator":"東京地下鉄","ref":"H05","public_transport":"station","wikidata":"Q1072953","wikipedia":"ja:神谷町駅","osm_element_type":"node","osm_element_id":7786715974,"sourceType":"openstreetmap","entityType":"modern-rail-station","geometryType":"Point","sourceGeometryType":"Point","network":null,"station":"subway","layer":null,"usage":null,"osm_way_id":null,"id":"station:node:7786715974","type":"station"},"geometry":{"type":"Point","coordinates":[139.7450477,35.662964]}},{"type":"Feature","properties":{"railway":"station","name":"六本木","name:ja":"六本木","name:en":"Roppongi","operator":"東京地下鉄","ref":"H04","public_transport":"station","wikidata":"Q1326723","wikipedia":"ja:六本木駅","osm_element_type":"node","osm_element_id":7786715975,"sourceType":"openstreetmap","entityType":"modern-rail-station","geometryType":"Point","sourceGeometryType":"Point","network":null,"station":"subway","layer":null,"usage":null,"osm_way_id":null,"id":"station:node:7786715975","type":"station"},"geometry":{"type":"Point","coordinates":[139.7313268,35.6628364]}},{"type":"Feature","properties":{"railway":"station","name":"広尾","name:ja":"広尾","name:en":"Hiro-o","operator":"東京地下鉄","ref":"H03","public_transport":"station","wikidata":"Q1156428","wikipedia":"ja:広尾駅","osm_element_type":"node","osm_element_id":7786715976,"sourceType":"openstreetmap","entityType":"modern-rail-station","geometryType":"Point","sourceGeometryType":"Point","network":null,"station":"subway","layer":null,"usage":null,"osm_way_id":null,"id":"station:node:7786715976","type":"station"},"geometry":{"type":"Point","coordinates":[139.7222033,35.6520629]}},{"type":"Feature","properties":{"railway":"station","name":"麹町","name:ja":"麹町","name:en":"Kojimachi","operator":"東京地下鉄","ref":"Y15","public_transport":"station","wikidata":"Q331948","wikipedia":"ja:麹町駅","osm_element_type":"node","osm_element_id":7786715977,"sourceType":"openstreetmap","entityType":"modern-rail-station","geometryType":"Point","sourceGeometryType":"Point","network":null,"station":"subway","layer":null,"usage":null,"osm_way_id":null,"id":"station:node:7786715977","type":"station"},"geometry":{"type":"Point","coordinates":[139.7376514,35.6840244]}},{"type":"Feature","properties":{"railway":"station","name":"八丁堀","name:ja":"八丁堀","name:en":"Hatchobori","operator":"東京地下鉄","ref":"H12","public_transport":"station","wikidata":"Q1073008","wikipedia":"ja:八丁堀駅 (東京都)","osm_element_type":"node","osm_element_id":7786715978,"sourceType":"openstreetmap","entityType":"modern-rail-station","geometryType":"Point","sourceGeometryType":"Point","network":null,"station":"subway","layer":null,"usage":null,"osm_way_id":null,"id":"station:node:7786715978","type":"station"},"geometry":{"type":"Point","coordinates":[139.7770726,35.6750004]}},{"type":"Feature","properties":{"railway":"station","name":"茅場町","name:ja":"茅場町","name:en":"Kayabacho","operator":"東京地下鉄","ref":"H13","public_transport":"station","wikidata":"Q80566","wikipedia":"ja:茅場町駅","osm_element_type":"node","osm_element_id":7786715979,"sourceType":"openstreetmap","entityType":"modern-rail-station","geometryType":"Point","sourceGeometryType":"Point","network":null,"station":"subway","layer":null,"usage":null,"osm_way_id":null,"id":"station:node:7786715979","type":"station"},"geometry":{"type":"Point","coordinates":[139.779738,35.6792567]}},{"type":"Feature","properties":{"railway":"station","name":"小伝馬町","name:ja":"小伝馬町","name:en":"Kodemmacho","operator":"東京地下鉄","ref":"H15","public_transport":"station","wikidata":"Q1072970","wikipedia":"ja:小伝馬町駅","osm_element_type":"node","osm_element_id":7786715980,"sourceType":"openstreetmap","entityType":"modern-rail-station","geometryType":"Point","sourceGeometryType":"Point","network":null,"station":"subway","layer":null,"usage":null,"osm_way_id":null,"id":"station:node:7786715980","type":"station"},"geometry":{"type":"Point","coordinates":[139.7784526,35.6907525]}},{"type":"Feature","properties":{"railway":"station","name":"上野","name:ja":"上野","name:en":"Ueno","operator":"東京地下鉄","ref":"H18","public_transport":"station","wikidata":"Q801551","wikipedia":"ja:上野駅","osm_element_type":"node","osm_element_id":7786715981,"sourceType":"openstreetmap","entityType":"modern-rail-station","geometryType":"Point","sourceGeometryType":"Point","network":null,"station":"subway","layer":null,"usage":null,"osm_way_id":null,"id":"station:node:7786715981","type":"station"},"geometry":{"type":"Point","coordinates":[139.7775694,35.7118212]}},{"type":"Feature","properties":{"railway":"station","name":"入谷","name:ja":"入谷","name:en":"Iriya","operator":"東京地下鉄","ref":"H19","public_transport":"station","wikidata":"Q1073228","wikipedia":"ja:入谷駅 (東京都)","osm_element_type":"node","osm_element_id":7786715982,"sourceType":"openstreetmap","entityType":"modern-rail-station","geometryType":"Point","sourceGeometryType":"Point","network":null,"station":"subway","layer":null,"usage":null,"osm_way_id":null,"id":"station:node:7786715982","type":"station"},"geometry":{"type":"Point","coordinates":[139.7845821,35.720709]}},{"type":"Feature","properties":{"railway":"station","name":"三ノ輪","name:ja":"三ノ輪","name:en":"Minowa","operator":"東京地下鉄","ref":"H20","public_transport":"station","wikidata":"Q1072979","wikipedia":"ja:三ノ輪駅","osm_element_type":"node","osm_element_id":7786715983,"sourceType":"openstreetmap","entityType":"modern-rail-station","geometryType":"Point","sourceGeometryType":"Point","network":null,"station":"subway","layer":null,"usage":null,"osm_way_id":null,"id":"station:node:7786715983","type":"station"},"geometry":{"type":"Point","coordinates":[139.7913004,35.7295502]}},{"type":"Feature","properties":{"railway":"station","name":"方南町","name:ja":"方南町","name:en":"Honancho","operator":"東京地下鉄","ref":"Mb03","public_transport":"station","wikidata":"Q1078437","wikipedia":"ja:方南町駅","osm_element_type":"node","osm_element_id":7787647712,"sourceType":"openstreetmap","entityType":"modern-rail-station","geometryType":"Point","sourceGeometryType":"Point","network":null,"station":"subway","layer":null,"usage":null,"osm_way_id":null,"id":"station:node:7787647712","type":"station"},"geometry":{"type":"Point","coordinates":[139.6576888,35.6835007]}},{"type":"Feature","properties":{"railway":"station","name":"中野富士見町","name:ja":"中野富士見町","name:en":"Nakano-fujimicho","operator":"東京地下鉄","ref":"Mb04","public_transport":"station","wikidata":"Q1132601","wikipedia":"ja:中野富士見町駅","osm_element_type":"node","osm_element_id":7787647714,"sourceType":"openstreetmap","entityType":"modern-rail-station","geometryType":"Point","sourceGeometryType":"Point","network":null,"station":"subway","layer":null,"usage":null,"osm_way_id":null,"id":"station:node:7787647714","type":"station"},"geometry":{"type":"Point","coordinates":[139.6670329,35.6905641]}},{"type":"Feature","properties":{"railway":"station","name":"東日本橋","name:ja":"東日本橋","name:en":"Higashi-nihombashi","operator":"東京都交通局","ref":"A15","public_transport":"station","wikidata":"Q906172","wikipedia":"ja:東日本橋駅","osm_element_type":"node","osm_element_id":7791591074,"sourceType":"openstreetmap","entityType":"modern-rail-station","geometryType":"Point","sourceGeometryType":"Point","network":"都営地下鉄","station":"subway","layer":null,"usage":null,"osm_way_id":null,"id":"station:node:7791591074","type":"station"},"geometry":{"type":"Point","coordinates":[139.7848848,35.6921239]}},{"type":"Feature","properties":{"railway":"station","name":"浅草橋","name:ja":"浅草橋","name:en":"Asakusabashi","operator":"東京都交通局","ref":"A16","public_transport":"station","wikidata":"Q800404","wikipedia":"ja:浅草橋駅","osm_element_type":"node","osm_element_id":7791591075,"sourceType":"openstreetmap","entityType":"modern-rail-station","geometryType":"Point","sourceGeometryType":"Point","network":"都営地下鉄","station":"subway","layer":null,"usage":null,"osm_way_id":null,"id":"station:node:7791591075","type":"station"},"geometry":{"type":"Point","coordinates":[139.7863101,35.6973915]}},{"type":"Feature","properties":{"railway":"station","name":"蔵前","name:ja":"蔵前","name:en":"Kuramae","operator":"東京都交通局","ref":"A17","public_transport":"station","wikidata":"Q112348","wikipedia":"ja:蔵前駅","osm_element_type":"node","osm_element_id":7791591076,"sourceType":"openstreetmap","entityType":"modern-rail-station","geometryType":"Point","sourceGeometryType":"Point","network":"都営地下鉄","station":"subway","layer":null,"usage":null,"osm_way_id":null,"id":"station:node:7791591076","type":"station"},"geometry":{"type":"Point","coordinates":[139.790939,35.7032122]}},{"type":"Feature","properties":{"railway":"station","name":"練馬春日町","name:ja":"練馬春日町","name:en":"Nerima-kasugacho","operator":"東京都交通局","ref":"E27","public_transport":"station","wikidata":"Q275521","wikipedia":"ja:練馬春日町駅","osm_element_type":"node","osm_element_id":7791591077,"sourceType":"openstreetmap","entityType":"modern-rail-station","geometryType":"Point","sourceGeometryType":"Point","network":"都営地下鉄","station":"subway","layer":null,"usage":null,"osm_way_id":null,"id":"station:node:7791591077","type":"station"},"geometry":{"type":"Point","coordinates":[139.6403755,35.751398]}},{"type":"Feature","properties":{"railway":"station","name":"宝町","name:ja":"宝町","name:en":"Takaracho","operator":"東京都交通局","ref":"A12","public_transport":"station","wikidata":"Q1040938","wikipedia":"ja:宝町駅 (東京都)","osm_element_type":"node","osm_element_id":7791591078,"sourceType":"openstreetmap","entityType":"modern-rail-station","geometryType":"Point","sourceGeometryType":"Point","network":"都営地下鉄","station":"subway","layer":null,"usage":null,"osm_way_id":null,"id":"station:node:7791591078","type":"station"},"geometry":{"type":"Point","coordinates":[139.7718846,35.6754339]}},{"type":"Feature","properties":{"railway":"station","name":"高輪台","name:ja":"高輪台","name:en":"Takanawadai","operator":"東京都交通局","ref":"A06","public_transport":"station","wikidata":"Q1040769","wikipedia":"ja:高輪台駅","osm_element_type":"node","osm_element_id":7791591079,"sourceType":"openstreetmap","entityType":"modern-rail-station","geometryType":"Point","sourceGeometryType":"Point","network":"都営地下鉄","station":"subway","layer":null,"usage":null,"osm_way_id":null,"id":"station:node:7791591079","type":"station"},"geometry":{"type":"Point","coordinates":[139.7304256,35.6317345]}},{"type":"Feature","properties":{"railway":"station","name":"戸越","name:ja":"戸越","name:en":"Togoshi","operator":"東京都交通局","ref":"A04","public_transport":"station","wikidata":"Q1040884","wikipedia":"ja:戸越駅","osm_element_type":"node","osm_element_id":7791591080,"sourceType":"openstreetmap","entityType":"modern-rail-station","geometryType":"Point","sourceGeometryType":"Point","network":"都営地下鉄","station":"subway","layer":null,"usage":null,"osm_way_id":null,"id":"station:node:7791591080","type":"station"},"geometry":{"type":"Point","coordinates":[139.7163642,35.614502]}},{"type":"Feature","properties":{"railway":"station","name":"豊島園","name:ja":"豊島園","name:en":"Toshimaen","operator":"東京都交通局","ref":"E36","public_transport":"station","wikidata":"Q906947","wikipedia":"ja:豊島園駅","osm_element_type":"node","osm_element_id":7791591081,"sourceType":"openstreetmap","entityType":"modern-rail-station","geometryType":"Point","sourceGeometryType":"Point","network":"都営地下鉄","station":"subway","layer":null,"usage":null,"osm_way_id":null,"id":"station:node:7791591081","type":"station"},"geometry":{"type":"Point","coordinates":[139.6490783,35.7421722]}},{"type":"Feature","properties":{"railway":"station","name":"練馬","name:ja":"練馬","name:en":"Nerima","operator":"東京都交通局","ref":"E35","public_transport":"station","wikidata":"Q906953","wikipedia":"ja:練馬駅","osm_element_type":"node","osm_element_id":7791591082,"sourceType":"openstreetmap","entityType":"modern-rail-station","geometryType":"Point","sourceGeometryType":"Point","network":"都営地下鉄","station":"subway","layer":null,"usage":null,"osm_way_id":null,"id":"station:node:7791591082","type":"station"},"geometry":{"type":"Point","coordinates":[139.6544918,35.7373437]}},{"type":"Feature","properties":{"railway":"station","name":"新江古田","name:ja":"新江古田","name:en":"Shin-egota","operator":"東京都交通局","ref":"E34","public_transport":"station","wikidata":"Q275527","wikipedia":"ja:新江古田駅","osm_element_type":"node","osm_element_id":7791591083,"sourceType":"openstreetmap","entityType":"modern-rail-station","geometryType":"Point","sourceGeometryType":"Point","network":"都営地下鉄","station":"subway","layer":null,"usage":null,"osm_way_id":null,"id":"station:node:7791591083","type":"station"},"geometry":{"type":"Point","coordinates":[139.6704167,35.7326022]}},{"type":"Feature","properties":{"railway":"station","name":"落合南長崎","name:ja":"落合南長崎","name:en":"Ochiai-minami-nagasaki","operator":"東京都交通局","ref":"E33","public_transport":"station","wikidata":"Q275510","wikipedia":"ja:落合南長崎駅","osm_element_type":"node","osm_element_id":7791591084,"sourceType":"openstreetmap","entityType":"modern-rail-station","geometryType":"Point","sourceGeometryType":"Point","network":"都営地下鉄","station":"subway","layer":null,"usage":null,"osm_way_id":null,"id":"station:node:7791591084","type":"station"},"geometry":{"type":"Point","coordinates":[139.6835782,35.7232248]}},{"type":"Feature","properties":{"railway":"station","name":"本所吾妻橋","name:ja":"本所吾妻橋","name:en":"Honjo-azumabashi","operator":"東京都交通局","ref":"A19","public_transport":"station","wikidata":"Q910813","wikipedia":"en:Honjo-azumabashi Station","osm_element_type":"node","osm_element_id":7791605885,"sourceType":"openstreetmap","entityType":"modern-rail-station","geometryType":"Point","sourceGeometryType":"Point","network":"都営地下鉄","station":"subway","layer":null,"usage":null,"osm_way_id":null,"id":"station:node:7791605885","type":"station"},"geometry":{"type":"Point","coordinates":[139.8043487,35.7085609]}},{"type":"Feature","properties":{"railway":"station","name":"浅草","name:ja":"浅草","name:en":"Asakusa","operator":"東京都交通局","ref":"A18","public_transport":"station","wikidata":"Q800405","wikipedia":"ja:浅草駅","osm_element_type":"node","osm_element_id":7791605886,"sourceType":"openstreetmap","entityType":"modern-rail-station","geometryType":"Point","sourceGeometryType":"Point","network":"都営地下鉄","station":"subway","layer":null,"usage":null,"osm_way_id":null,"id":"station:node:7791605886","type":"station"},"geometry":{"type":"Point","coordinates":[139.7965668,35.708959]}},{"type":"Feature","properties":{"railway":"station","name":"中延","name:ja":"中延","name:en":"Nakanobu","operator":"東京都交通局","ref":"A03","public_transport":"station","wikidata":"Q1040875","wikipedia":"ja:中延駅","osm_element_type":"node","osm_element_id":7791605887,"sourceType":"openstreetmap","entityType":"modern-rail-station","geometryType":"Point","sourceGeometryType":"Point","network":"都営地下鉄","station":"subway","layer":null,"usage":null,"osm_way_id":null,"id":"station:node:7791605887","type":"station"},"geometry":{"type":"Point","coordinates":[139.7136531,35.605254]}},{"type":"Feature","properties":{"railway":"station","name":"五反田","name:ja":"五反田","name:en":"Gotanda","operator":"東京都交通局","ref":"A05","public_transport":"station","wikidata":"Q736018","wikipedia":"ja:五反田駅","osm_element_type":"node","osm_element_id":7791605888,"sourceType":"openstreetmap","entityType":"modern-rail-station","geometryType":"Point","sourceGeometryType":"Point","network":"都営地下鉄","station":"subway","layer":null,"usage":null,"osm_way_id":null,"id":"station:node:7791605888","type":"station"},"geometry":{"type":"Point","coordinates":[139.7242137,35.6270895]}},{"type":"Feature","properties":{"railway":"station","name":"馬込","name:ja":"馬込","name:en":"Magome","operator":"東京都交通局","ref":"A02","public_transport":"station","wikidata":"Q1040904","wikipedia":"ja:馬込駅","osm_element_type":"node","osm_element_id":7791605889,"sourceType":"openstreetmap","entityType":"modern-rail-station","geometryType":"Point","sourceGeometryType":"Point","network":"都営地下鉄","station":"subway","layer":null,"usage":null,"osm_way_id":null,"id":"station:node:7791605889","type":"station"},"geometry":{"type":"Point","coordinates":[139.7119274,35.5967788]}},{"type":"Feature","properties":{"railway":"station","name":"西馬込","name:ja":"西馬込","name:en":"Nishi-magome","operator":"東京都交通局","ref":"A01","public_transport":"station","wikidata":"Q1038919","wikipedia":"ja:西馬込駅","osm_element_type":"node","osm_element_id":7791605890,"sourceType":"openstreetmap","entityType":"modern-rail-station","geometryType":"Point","sourceGeometryType":"Point","network":"都営地下鉄","station":"subway","layer":null,"usage":null,"osm_way_id":null,"id":"station:node:7791605890","type":"station"},"geometry":{"type":"Point","coordinates":[139.7063115,35.5872987]}},{"type":"Feature","properties":{"railway":"station","name":"中井","name:ja":"中井","name:en":"Nakai","operator":"東京都交通局","ref":"E32","public_transport":"station","wikidata":"Q275116","wikipedia":"ja:中井駅","osm_element_type":"node","osm_element_id":7791605891,"sourceType":"openstreetmap","entityType":"modern-rail-station","geometryType":"Point","sourceGeometryType":"Point","network":"都営地下鉄","station":"subway","layer":null,"usage":null,"osm_way_id":null,"id":"station:node:7791605891","type":"station"},"geometry":{"type":"Point","coordinates":[139.6863482,35.714067]}},{"type":"Feature","properties":{"railway":"station","name":"東中野","name:ja":"東中野","name:en":"Higashi-nakano","operator":"東京都交通局","ref":"E31","public_transport":"station","wikidata":"Q800921","wikipedia":"ja:東中野駅","osm_element_type":"node","osm_element_id":7791605892,"sourceType":"openstreetmap","entityType":"modern-rail-station","geometryType":"Point","sourceGeometryType":"Point","network":"都営地下鉄","station":"subway","layer":null,"usage":null,"osm_way_id":null,"id":"station:node:7791605892","type":"station"},"geometry":{"type":"Point","coordinates":[139.6832315,35.7073477]}},{"type":"Feature","properties":{"railway":"station","name":"六本木","name:ja":"六本木","name:en":"Roppongi","operator":"東京都交通局","ref":"E23","public_transport":"station","wikidata":"Q1326723","wikipedia":"ja:六本木駅","osm_element_type":"node","osm_element_id":7791605893,"sourceType":"openstreetmap","entityType":"modern-rail-station","geometryType":"Point","sourceGeometryType":"Point","network":"都営地下鉄","station":"subway","layer":null,"usage":null,"osm_way_id":null,"id":"station:node:7791605893","type":"station"},"geometry":{"type":"Point","coordinates":[139.7319706,35.6635758]}},{"type":"Feature","properties":{"railway":"station","name":"築地市場","name:ja":"築地市場","name:en":"Tsukijishijo","operator":"東京都交通局","ref":"E18","public_transport":"station","wikidata":"Q246180","wikipedia":"ja:築地市場駅","osm_element_type":"node","osm_element_id":7791605894,"sourceType":"openstreetmap","entityType":"modern-rail-station","geometryType":"Point","sourceGeometryType":"Point","network":"都営地下鉄","station":"subway","layer":null,"usage":null,"osm_way_id":null,"id":"station:node:7791605894","type":"station"},"geometry":{"type":"Point","coordinates":[139.7668843,35.6648789]}},{"type":"Feature","properties":{"railway":"station","name":"門前仲町","name:ja":"門前仲町","name:en":"Monzen-nakacho","operator":"東京都交通局","ref":"E15","public_transport":"station","wikidata":"Q80576","wikipedia":"ja:門前仲町駅","osm_element_type":"node","osm_element_id":7791605895,"sourceType":"openstreetmap","entityType":"modern-rail-station","geometryType":"Point","sourceGeometryType":"Point","network":"都営地下鉄","station":"subway","layer":null,"usage":null,"osm_way_id":null,"id":"station:node:7791605895","type":"station"},"geometry":{"type":"Point","coordinates":[139.7950012,35.6726188]}},{"type":"Feature","properties":{"railway":"station","name":"両国","name:ja":"両国","name:en":"Ryogoku","operator":"東京都交通局","ref":"E12","public_transport":"station","wikidata":"Q801389","wikipedia":"ja:両国駅","osm_element_type":"node","osm_element_id":7791605896,"sourceType":"openstreetmap","entityType":"modern-rail-station","geometryType":"Point","sourceGeometryType":"Point","network":"都営地下鉄","station":"subway","layer":null,"usage":null,"osm_way_id":null,"id":"station:node:7791605896","type":"station"},"geometry":{"type":"Point","coordinates":[139.7974284,35.6968538]}},{"type":"Feature","properties":{"railway":"station","name":"蔵前","name:ja":"蔵前","name:en":"Kuramae","operator":"東京都交通局","ref":"E11","public_transport":"station","wikidata":"Q112348","wikipedia":"ja:蔵前駅","osm_element_type":"node","osm_element_id":7791605897,"sourceType":"openstreetmap","entityType":"modern-rail-station","geometryType":"Point","sourceGeometryType":"Point","network":"都営地下鉄","station":"subway","layer":null,"usage":null,"osm_way_id":null,"id":"station:node:7791605897","type":"station"},"geometry":{"type":"Point","coordinates":[139.7924102,35.7055187]}},{"type":"Feature","properties":{"railway":"station","name":"本蓮沼","name:ja":"本蓮沼","name:en":"Motohasunuma","operator":"東京都交通局","ref":"I20","public_transport":"station","wikidata":"Q1039257","wikipedia":"ja:本蓮沼駅","osm_element_type":"node","osm_element_id":7791605898,"sourceType":"openstreetmap","entityType":"modern-rail-station","geometryType":"Point","sourceGeometryType":"Point","network":"都営地下鉄","station":"subway","layer":null,"usage":null,"osm_way_id":null,"id":"station:node:7791605898","type":"station"},"geometry":{"type":"Point","coordinates":[139.7024438,35.7685214]}},{"type":"Feature","properties":{"railway":"station","name":"板橋本町","name:ja":"板橋本町","name:en":"Itabashihoncho","operator":"東京都交通局","ref":"I19","public_transport":"station","wikidata":"Q1073933","wikipedia":"ja:板橋本町駅","osm_element_type":"node","osm_element_id":7791605899,"sourceType":"openstreetmap","entityType":"modern-rail-station","geometryType":"Point","sourceGeometryType":"Point","network":"都営地下鉄","station":"subway","layer":null,"usage":null,"osm_way_id":null,"id":"station:node:7791605899","type":"station"},"geometry":{"type":"Point","coordinates":[139.7055249,35.7614305]}},{"type":"Feature","properties":{"railway":"station","name":"板橋区役所前","name:ja":"板橋区役所前","name:en":"Itabashi-kuyakushomae","operator":"東京都交通局","ref":"I18","public_transport":"station","wikidata":"Q1039760","wikipedia":"ja:板橋区役所前駅","osm_element_type":"node","osm_element_id":7791605900,"sourceType":"openstreetmap","entityType":"modern-rail-station","geometryType":"Point","sourceGeometryType":"Point","network":"都営地下鉄","station":"subway","layer":null,"usage":null,"osm_way_id":null,"id":"station:node:7791605900","type":"station"},"geometry":{"type":"Point","coordinates":[139.71004,35.7513477]}},{"type":"Feature","properties":{"railway":"station","name":"西巣鴨","name:ja":"西巣鴨","name:en":"Nishi-sugamo","operator":"東京都交通局","ref":"I16","public_transport":"station","wikidata":"Q1039887","wikipedia":"ja:西巣鴨駅","osm_element_type":"node","osm_element_id":7791605901,"sourceType":"openstreetmap","entityType":"modern-rail-station","geometryType":"Point","sourceGeometryType":"Point","network":"都営地下鉄","station":"subway","layer":null,"usage":null,"osm_way_id":null,"id":"station:node:7791605901","type":"station"},"geometry":{"type":"Point","coordinates":[139.7286973,35.7435537]}},{"type":"Feature","properties":{"railway":"station","name":"内幸町","name:ja":"内幸町","name:en":"Uchisaiwaicho","operator":"東京都交通局","ref":"I07","public_transport":"station","wikidata":"Q1038948","wikipedia":"ja:内幸町駅","osm_element_type":"node","osm_element_id":7791605902,"sourceType":"openstreetmap","entityType":"modern-rail-station","geometryType":"Point","sourceGeometryType":"Point","network":"都営地下鉄","station":"subway","layer":null,"usage":null,"osm_way_id":null,"id":"station:node:7791605902","type":"station"},"geometry":{"type":"Point","coordinates":[139.7553799,35.6694556]}},{"type":"Feature","properties":{"railway":"station","name":"曙橋","name:ja":"曙橋","name:en":"Akebonobashi","operator":"東京都交通局","ref":"S03","public_transport":"station","wikidata":"Q128308","wikipedia":"ja:曙橋駅","osm_element_type":"node","osm_element_id":7791605903,"sourceType":"openstreetmap","entityType":"modern-rail-station","geometryType":"Point","sourceGeometryType":"Point","network":"都営地下鉄","station":"subway","layer":null,"usage":null,"osm_way_id":null,"id":"station:node:7791605903","type":"station"},"geometry":{"type":"Point","coordinates":[139.7228634,35.6924146]}},{"type":"Feature","properties":{"railway":"station","name":"市ケ谷","name:ja":"市ケ谷","name:en":"Ichigaya","operator":"東京都交通局","ref":"S04","public_transport":"station","wikidata":"Q800947","wikipedia":"ja:市ケ谷駅","osm_element_type":"node","osm_element_id":7791605904,"sourceType":"openstreetmap","entityType":"modern-rail-station","geometryType":"Point","sourceGeometryType":"Point","network":"都営地下鉄","station":"subway","layer":null,"usage":null,"osm_way_id":null,"id":"station:node:7791605904","type":"station"},"geometry":{"type":"Point","coordinates":[139.7376683,35.6915471]}},{"type":"Feature","properties":{"railway":"station","name":"神保町","name:ja":"神保町","name:en":"Jimbocho","operator":"東京都交通局","ref":"S06","public_transport":"station","wikidata":"Q76805","wikipedia":"ja:神保町駅","osm_element_type":"node","osm_element_id":7791605905,"sourceType":"openstreetmap","entityType":"modern-rail-station","geometryType":"Point","sourceGeometryType":"Point","network":"都営地下鉄","station":"subway","layer":null,"usage":null,"osm_way_id":null,"id":"station:node:7791605905","type":"station"},"geometry":{"type":"Point","coordinates":[139.7583937,35.6959719]}},{"type":"Feature","properties":{"railway":"station","name":"馬喰横山","name:ja":"馬喰横山","name:en":"Bakuroyokoyama","operator":"東京都交通局","ref":"S09","public_transport":"station","wikidata":"Q128303","wikipedia":"ja:馬喰横山駅","osm_element_type":"node","osm_element_id":7791605906,"sourceType":"openstreetmap","entityType":"modern-rail-station","geometryType":"Point","sourceGeometryType":"Point","network":"都営地下鉄","station":"subway","layer":null,"usage":null,"osm_way_id":null,"id":"station:node:7791605906","type":"station"},"geometry":{"type":"Point","coordinates":[139.7827937,35.6921222]}},{"type":"Feature","properties":{"railway":"station","name":"船堀","name:ja":"船堀","name:en":"Funabori","operator":"東京都交通局","ref":"S17","public_transport":"station","wikidata":"Q1041252","wikipedia":"ja:船堀駅","osm_element_type":"node","osm_element_id":7791605907,"sourceType":"openstreetmap","entityType":"modern-rail-station","geometryType":"Point","sourceGeometryType":"Point","network":"都営地下鉄","station":"subway","layer":null,"usage":null,"osm_way_id":null,"id":"station:node:7791605907","type":"station"},"geometry":{"type":"Point","coordinates":[139.864297,35.6838309]}},{"type":"Feature","properties":{"railway":"station","name":"篠崎","name:ja":"篠崎","name:en":"Shinozaki","operator":"東京都交通局","ref":"S20","public_transport":"station","wikidata":"Q1043876","wikipedia":"ja:篠崎駅","osm_element_type":"node","osm_element_id":7791605908,"sourceType":"openstreetmap","entityType":"modern-rail-station","geometryType":"Point","sourceGeometryType":"Point","network":"都営地下鉄","station":"subway","layer":null,"usage":null,"osm_way_id":null,"id":"station:node:7791605908","type":"station"},"geometry":{"type":"Point","coordinates":[139.9038381,35.7060788]}},{"type":"Feature","properties":{"railway":"station","name":"瑞江","name:ja":"瑞江","name:en":"Mizue","operator":"東京都交通局","ref":"S19","public_transport":"station","wikidata":"Q1040898","wikipedia":"ja:瑞江駅","osm_element_type":"node","osm_element_id":7791605909,"sourceType":"openstreetmap","entityType":"modern-rail-station","geometryType":"Point","sourceGeometryType":"Point","network":"都営地下鉄","station":"subway","layer":null,"usage":null,"osm_way_id":null,"id":"station:node:7791605909","type":"station"},"geometry":{"type":"Point","coordinates":[139.8976392,35.6932479]}},{"type":"Feature","properties":{"railway":"station","name":"大島","name:ja":"大島","name:en":"Ojima","operator":"東京都交通局","ref":"S15","public_transport":"station","wikidata":"Q1040931","wikipedia":"ja:大島駅 (東京都)","osm_element_type":"node","osm_element_id":7791605910,"sourceType":"openstreetmap","entityType":"modern-rail-station","geometryType":"Point","sourceGeometryType":"Point","network":"都営地下鉄","station":"subway","layer":null,"usage":null,"osm_way_id":null,"id":"station:node:7791605910","type":"station"},"geometry":{"type":"Point","coordinates":[139.835076,35.6897695]}},{"type":"Feature","properties":{"railway":"station","name":"東大島","name:ja":"東大島","name:en":"Higashi-ojima","operator":"東京都交通局","ref":"S16","public_transport":"station","wikidata":"Q908010","wikipedia":"ja:東大島駅","osm_element_type":"node","osm_element_id":7791605911,"sourceType":"openstreetmap","entityType":"modern-rail-station","geometryType":"Point","sourceGeometryType":"Point","network":"都営地下鉄","station":"subway","layer":null,"usage":null,"osm_way_id":null,"id":"station:node:7791605911","type":"station"},"geometry":{"type":"Point","coordinates":[139.8459524,35.6902967]}},{"type":"Feature","properties":{"railway":"station","name":"新板橋","name:ja":"新板橋","name:en":"Shin-itabashi","operator":"東京都交通局","ref":"I17","public_transport":"station","wikidata":"Q1039904","wikipedia":"ja:新板橋駅","osm_element_type":"node","osm_element_id":7791605913,"sourceType":"openstreetmap","entityType":"modern-rail-station","geometryType":"Point","sourceGeometryType":"Point","network":"都営地下鉄","station":"subway","layer":null,"usage":null,"osm_way_id":null,"id":"station:node:7791605913","type":"station"},"geometry":{"type":"Point","coordinates":[139.7199032,35.7487966]}},{"type":"Feature","properties":{"railway":"station","name":"志村坂上","name:ja":"志村坂上","name:en":"Shimura-sakaue","operator":"東京都交通局","ref":"I21","public_transport":"station","wikidata":"Q1039780","wikipedia":"ja:志村坂上駅","osm_element_type":"node","osm_element_id":7791605915,"sourceType":"openstreetmap","entityType":"modern-rail-station","geometryType":"Point","sourceGeometryType":"Point","network":"都営地下鉄","station":"subway","layer":null,"usage":null,"osm_way_id":null,"id":"station:node:7791605915","type":"station"},"geometry":{"type":"Point","coordinates":[139.6955288,35.7756688]}},{"type":"Feature","properties":{"railway":"station","name":"志村三丁目","name:ja":"志村三丁目","name:en":"Shimura-sanchome","operator":"東京都交通局","ref":"I22","public_transport":"station","wikidata":"Q1039149","wikipedia":"ja:志村三丁目駅","osm_element_type":"node","osm_element_id":7791605917,"sourceType":"openstreetmap","entityType":"modern-rail-station","geometryType":"Point","sourceGeometryType":"Point","network":"都営地下鉄","station":"subway","layer":null,"usage":null,"osm_way_id":null,"id":"station:node:7791605917","type":"station"},"geometry":{"type":"Point","coordinates":[139.6859968,35.7775108]}},{"type":"Feature","properties":{"railway":"station","name":"蓮根","name:ja":"蓮根","name:en":"Hasune","operator":"東京都交通局","ref":"I23","public_transport":"station","wikidata":"Q1038786","wikipedia":"ja:蓮根駅","osm_element_type":"node","osm_element_id":7791605919,"sourceType":"openstreetmap","entityType":"modern-rail-station","geometryType":"Point","sourceGeometryType":"Point","network":"都営地下鉄","station":"subway","layer":null,"usage":null,"osm_way_id":null,"id":"station:node:7791605919","type":"station"},"geometry":{"type":"Point","coordinates":[139.6790713,35.7843239]}},{"type":"Feature","properties":{"railway":"station","name":"西台","name:ja":"西台","name:en":"Nishidai","operator":"東京都交通局","ref":"I24","public_transport":"station","wikidata":"Q1039896","wikipedia":"ja:西台駅","osm_element_type":"node","osm_element_id":7791605921,"sourceType":"openstreetmap","entityType":"modern-rail-station","geometryType":"Point","sourceGeometryType":"Point","network":"都営地下鉄","station":"subway","layer":null,"usage":null,"osm_way_id":null,"id":"station:node:7791605921","type":"station"},"geometry":{"type":"Point","coordinates":[139.6740221,35.7869663]}},{"type":"Feature","properties":{"railway":"station","name":"高島平","name:ja":"高島平","name:en":"Takashimadaira","operator":"東京都交通局","ref":"I25","public_transport":"station","wikidata":"Q1038971","wikipedia":"ja:高島平駅","osm_element_type":"node","osm_element_id":7791605923,"sourceType":"openstreetmap","entityType":"modern-rail-station","geometryType":"Point","sourceGeometryType":"Point","network":"都営地下鉄","station":"subway","layer":null,"usage":null,"osm_way_id":null,"id":"station:node:7791605923","type":"station"},"geometry":{"type":"Point","coordinates":[139.6612548,35.7889131]}},{"type":"Feature","properties":{"railway":"station","name":"西高島平","name:ja":"西高島平","name:en":"Nishi-takashimadaira","operator":"東京都交通局","ref":"I27","public_transport":"station","wikidata":"Q1039288","wikipedia":"ja:西高島平駅","osm_element_type":"node","osm_element_id":7791605925,"sourceType":"openstreetmap","entityType":"modern-rail-station","geometryType":"Point","sourceGeometryType":"Point","network":"都営地下鉄","station":"subway","layer":null,"usage":null,"osm_way_id":null,"id":"station:node:7791605925","type":"station"},"geometry":{"type":"Point","coordinates":[139.6457724,35.7919112]}},{"type":"Feature","properties":{"railway":"station","name":"西大島","name:ja":"西大島","name:en":"Nishi-ojima","operator":"東京都交通局","ref":"S14","public_transport":"station","wikidata":"Q1044267","wikipedia":"ja:西大島駅","osm_element_type":"node","osm_element_id":7791605927,"sourceType":"openstreetmap","entityType":"modern-rail-station","geometryType":"Point","sourceGeometryType":"Point","network":"都営地下鉄","station":"subway","layer":null,"usage":null,"osm_way_id":null,"id":"station:node:7791605927","type":"station"},"geometry":{"type":"Point","coordinates":[139.8266345,35.6893724]}},{"type":"Feature","properties":{"railway":"station","name":"菊川","name:ja":"菊川","name:en":"Kikukawa","operator":"東京都交通局","ref":"S12","public_transport":"station","wikidata":"Q1043756","wikipedia":"ja:菊川駅 (東京都)","osm_element_type":"node","osm_element_id":7791605928,"sourceType":"openstreetmap","entityType":"modern-rail-station","geometryType":"Point","sourceGeometryType":"Point","network":"都営地下鉄","station":"subway","layer":null,"usage":null,"osm_way_id":null,"id":"station:node:7791605928","type":"station"},"geometry":{"type":"Point","coordinates":[139.806123,35.6884156]}},{"type":"Feature","properties":{"railway":"station","name":"一之江","name:ja":"一之江","name:en":"Ichinoe","operator":"東京都交通局","ref":"S18","public_transport":"station","wikidata":"Q1044276","wikipedia":"ja:一之江駅","osm_element_type":"node","osm_element_id":7791605929,"sourceType":"openstreetmap","entityType":"modern-rail-station","geometryType":"Point","sourceGeometryType":"Point","network":"都営地下鉄","station":"subway","layer":null,"usage":null,"osm_way_id":null,"id":"station:node:7791605929","type":"station"},"geometry":{"type":"Point","coordinates":[139.8831198,35.6860437]}},{"type":"Feature","properties":{"railway":"station","name":"品川","name:ja":"品川","name:en":"Shinagawa","operator":"JR東海","ref":null,"public_transport":"station","wikidata":null,"wikipedia":null,"osm_element_type":"node","osm_element_id":7792004174,"sourceType":"openstreetmap","entityType":"modern-rail-station","geometryType":"Point","sourceGeometryType":"Point","network":"東海道新幹線","station":null,"layer":null,"usage":null,"osm_way_id":null,"id":"station:node:7792004174","type":"station"},"geometry":{"type":"Point","coordinates":[139.7400659,35.6286457]}},{"type":"Feature","properties":{"railway":"station","name":"東中野","name:ja":"東中野","name:en":"Higashi-Nakano","operator":"東日本旅客鉄道","ref":null,"public_transport":"station","wikidata":"Q800921","wikipedia":"ja:東中野駅","osm_element_type":"node","osm_element_id":7808533560,"sourceType":"openstreetmap","entityType":"modern-rail-station","geometryType":"Point","sourceGeometryType":"Point","network":null,"station":null,"layer":null,"usage":null,"osm_way_id":null,"id":"station:node:7808533560","type":"station"},"geometry":{"type":"Point","coordinates":[139.6848675,35.7062503]}},{"type":"Feature","properties":{"railway":"station","name":"大崎広小路","name:ja":"大崎広小路","name:en":"Osakihirokoji","operator":null,"ref":"IK02","public_transport":"station","wikidata":"Q8081686","wikipedia":"ja:大崎広小路駅","osm_element_type":"node","osm_element_id":7808705900,"sourceType":"openstreetmap","entityType":"modern-rail-station","geometryType":"Point","sourceGeometryType":"Point","network":null,"station":null,"layer":null,"usage":null,"osm_way_id":null,"id":"station:node:7808705900","type":"station"},"geometry":{"type":"Point","coordinates":[139.7225696,35.6225443]}},{"type":"Feature","properties":{"railway":"station","name":"宿河原","name:ja":"宿河原","name:en":"Shukugawara","operator":"東日本旅客鉄道","ref":"JN13","public_transport":"station","wikidata":"Q5366653","wikipedia":"ja:宿河原駅","osm_element_type":"node","osm_element_id":7810402933,"sourceType":"openstreetmap","entityType":"modern-rail-station","geometryType":"Point","sourceGeometryType":"Point","network":null,"station":null,"layer":null,"usage":null,"osm_way_id":null,"id":"station:node:7810402933","type":"station"},"geometry":{"type":"Point","coordinates":[139.5797649,35.6153368]}},{"type":"Feature","properties":{"railway":"station","name":"武蔵溝ノ口","name:ja":"武蔵溝ノ口","name:en":"Musashi-Mizonokuchi","operator":"東日本旅客鉄道","ref":"JN10","public_transport":"station","wikidata":"Q5367854","wikipedia":"ja:武蔵溝ノ口駅","osm_element_type":"node","osm_element_id":7810421031,"sourceType":"openstreetmap","entityType":"modern-rail-station","geometryType":"Point","sourceGeometryType":"Point","network":null,"station":null,"layer":null,"usage":null,"osm_way_id":null,"id":"station:node:7810421031","type":"station"},"geometry":{"type":"Point","coordinates":[139.6112408,35.5990079]}},{"type":"Feature","properties":{"railway":"station","name":"谷保","name:ja":"谷保","name:en":"Yaho","operator":"東日本旅客鉄道","ref":"JN23","public_transport":"station","wikidata":"Q5366778","wikipedia":"ja:谷保駅","osm_element_type":"node","osm_element_id":7810422310,"sourceType":"openstreetmap","entityType":"modern-rail-station","geometryType":"Point","sourceGeometryType":"Point","network":null,"station":null,"layer":null,"usage":null,"osm_way_id":null,"id":"station:node:7810422310","type":"station"},"geometry":{"type":"Point","coordinates":[139.4468745,35.6813534]}},{"type":"Feature","properties":{"railway":"station","name":"矢川","name:ja":"矢川","name:en":"Yagawa","operator":"東日本旅客鉄道","ref":"JN24","public_transport":"station","wikidata":"Q5366364","wikipedia":"ja:矢川駅","osm_element_type":"node","osm_element_id":7810437825,"sourceType":"openstreetmap","entityType":"modern-rail-station","geometryType":"Point","sourceGeometryType":"Point","network":null,"station":null,"layer":null,"usage":null,"osm_way_id":null,"id":"station:node:7810437825","type":"station"},"geometry":{"type":"Point","coordinates":[139.4314996,35.6850922]}},{"type":"Feature","properties":{"railway":"station","name":"矢野口","name:ja":"矢野口","name:en":"Yanokuchi","operator":"東日本旅客鉄道","ref":"JN17","public_transport":"station","wikidata":"Q5366316","wikipedia":"ja:矢野口駅","osm_element_type":"node","osm_element_id":7810457140,"sourceType":"openstreetmap","entityType":"modern-rail-station","geometryType":"Point","sourceGeometryType":"Point","network":null,"station":null,"layer":null,"usage":null,"osm_way_id":null,"id":"station:node:7810457140","type":"station"},"geometry":{"type":"Point","coordinates":[139.520527,35.6416594]}},{"type":"Feature","properties":{"railway":"station","name":"稲田堤","name:ja":"稲田堤","name:en":"Inadazutsumi","operator":"東日本旅客鉄道","ref":"JN16","public_transport":"station","wikidata":"Q5368291","wikipedia":"ja:稲田堤駅","osm_element_type":"node","osm_element_id":7810489202,"sourceType":"openstreetmap","entityType":"modern-rail-station","geometryType":"Point","sourceGeometryType":"Point","network":null,"station":null,"layer":null,"usage":null,"osm_way_id":null,"id":"station:node:7810489202","type":"station"},"geometry":{"type":"Point","coordinates":[139.5354697,35.6335119]}},{"type":"Feature","properties":{"railway":"station","name":"武蔵新城","name:ja":"武蔵新城","name:en":"Musashi-Shinjo","operator":"東日本旅客鉄道","ref":"JN09","public_transport":"station","wikidata":"Q5366887","wikipedia":"ja:武蔵新城駅","osm_element_type":"node","osm_element_id":7810497426,"sourceType":"openstreetmap","entityType":"modern-rail-station","geometryType":"Point","sourceGeometryType":"Point","network":null,"station":null,"layer":null,"usage":null,"osm_way_id":null,"id":"station:node:7810497426","type":"station"},"geometry":{"type":"Point","coordinates":[139.6298478,35.5871571]}},{"type":"Feature","properties":{"railway":"station","name":"武蔵中原","name:ja":null,"name:en":"Musashi-Nakahara","operator":"東日本旅客鉄道","ref":"JN08","public_transport":"station","wikidata":"Q5367238","wikipedia":"ja:武蔵中原駅","osm_element_type":"node","osm_element_id":7810500162,"sourceType":"openstreetmap","entityType":"modern-rail-station","geometryType":"Point","sourceGeometryType":"Point","network":null,"station":null,"layer":null,"usage":null,"osm_way_id":null,"id":"station:node:7810500162","type":"station"},"geometry":{"type":"Point","coordinates":[139.6417595,35.5809082]}},{"type":"Feature","properties":{"railway":"station","name":"新三河島","name:ja":"新三河島","name:en":"Shim-Mikawashima","operator":"京成電鉄","ref":"KS03","public_transport":"station","wikidata":"Q5367894","wikipedia":"ja:新三河島駅","osm_element_type":"node","osm_element_id":7811267724,"sourceType":"openstreetmap","entityType":"modern-rail-station","geometryType":"Point","sourceGeometryType":"Point","network":"京成","station":null,"layer":null,"usage":null,"osm_way_id":null,"id":"station:node:7811267724","type":"station"},"geometry":{"type":"Point","coordinates":[139.7739458,35.7372049]}},{"type":"Feature","properties":{"railway":"station","name":"京成関屋","name:ja":"京成関屋","name:en":"Keisei Sekiya","operator":"京成電鉄","ref":"KS06","public_transport":"station","wikidata":"Q6383849","wikipedia":"ja:京成関屋駅","osm_element_type":"node","osm_element_id":7811267726,"sourceType":"openstreetmap","entityType":"modern-rail-station","geometryType":"Point","sourceGeometryType":"Point","network":"京成電鉄","station":null,"layer":null,"usage":null,"osm_way_id":null,"id":"station:node:7811267726","type":"station"},"geometry":{"type":"Point","coordinates":[139.8117763,35.7439951]}},{"type":"Feature","properties":{"railway":"station","name":"堀切菖蒲園","name:ja":"堀切菖蒲園","name:en":"Horikirishobuen","operator":"京成電鉄","ref":"KS07","public_transport":"station","wikidata":"Q5903250","wikipedia":"ja:堀切菖蒲園駅","osm_element_type":"node","osm_element_id":7811267728,"sourceType":"openstreetmap","entityType":"modern-rail-station","geometryType":"Point","sourceGeometryType":"Point","network":"京成","station":null,"layer":null,"usage":null,"osm_way_id":null,"id":"station:node:7811267728","type":"station"},"geometry":{"type":"Point","coordinates":[139.8274834,35.7476751]}},{"type":"Feature","properties":{"railway":"station","name":"石川台","name:ja":"石川台","name:en":"Ishikawa-dai","operator":"東急電鉄","ref":"IK08","public_transport":"station","wikidata":"Q6080316","wikipedia":"ja:石川台駅","osm_element_type":"node","osm_element_id":7817272379,"sourceType":"openstreetmap","entityType":"modern-rail-station","geometryType":"Point","sourceGeometryType":"Point","network":"東急電鉄","station":null,"layer":null,"usage":null,"osm_way_id":null,"id":"station:node:7817272379","type":"station"},"geometry":{"type":"Point","coordinates":[139.6854947,35.5971322]}},{"type":"Feature","properties":{"railway":"station","name":"熊川","name:ja":"熊川","name:en":"Kumagawa","operator":null,"ref":null,"public_transport":"station","wikidata":"Q6443378","wikipedia":"ja:熊川駅","osm_element_type":"node","osm_element_id":7829676200,"sourceType":"openstreetmap","entityType":"modern-rail-station","geometryType":"Point","sourceGeometryType":"Point","network":null,"station":null,"layer":null,"usage":null,"osm_way_id":null,"id":"station:node:7829676200","type":"station"},"geometry":{"type":"Point","coordinates":[139.3354073,35.7284457]}},{"type":"Feature","properties":{"railway":"station","name":"新小平","name:ja":"新小平","name:en":"Shin-Kodaira","operator":"東日本旅客鉄道","ref":"JM32","public_transport":"station","wikidata":"Q7497112","wikipedia":"ja:新小平駅","osm_element_type":"node","osm_element_id":7833960690,"sourceType":"openstreetmap","entityType":"modern-rail-station","geometryType":"Point","sourceGeometryType":"Point","network":null,"station":null,"layer":null,"usage":null,"osm_way_id":null,"id":"station:node:7833960690","type":"station"},"geometry":{"type":"Point","coordinates":[139.4706846,35.731206]}},{"type":"Feature","properties":{"railway":"station","name":"沼部","name:ja":"沼部","name:en":"Numabe","operator":null,"ref":"TM02","public_transport":"station","wikidata":"Q11554639","wikipedia":"ja:沼部駅","osm_element_type":"node","osm_element_id":7834193975,"sourceType":"openstreetmap","entityType":"modern-rail-station","geometryType":"Point","sourceGeometryType":"Point","network":null,"station":null,"layer":null,"usage":null,"osm_way_id":null,"id":"station:node:7834193975","type":"station"},"geometry":{"type":"Point","coordinates":[139.6730652,35.5827683]}},{"type":"Feature","properties":{"railway":"station","name":"下丸子","name:ja":"下丸子","name:en":"Shimomaruko","operator":null,"ref":"TM04","public_transport":"station","wikidata":"Q7496927","wikipedia":"ja:下丸子駅","osm_element_type":"node","osm_element_id":7834193976,"sourceType":"openstreetmap","entityType":"modern-rail-station","geometryType":"Point","sourceGeometryType":"Point","network":null,"station":"light_rail","layer":null,"usage":null,"osm_way_id":null,"id":"station:node:7834193976","type":"station"},"geometry":{"type":"Point","coordinates":[139.6855952,35.5713856]}},{"type":"Feature","properties":{"railway":"station","name":"武蔵新田","name:ja":"武蔵新田","name:en":"Musashi-nitta","operator":null,"ref":"TM05","public_transport":"station","wikidata":"Q6940140","wikipedia":"ja:武蔵新田駅","osm_element_type":"node","osm_element_id":7834193978,"sourceType":"openstreetmap","entityType":"modern-rail-station","geometryType":"Point","sourceGeometryType":"Point","network":null,"station":null,"layer":null,"usage":null,"osm_way_id":null,"id":"station:node:7834193978","type":"station"},"geometry":{"type":"Point","coordinates":[139.6924791,35.5678616]}},{"type":"Feature","properties":{"railway":"station","name":"矢口渡","name:ja":"矢口渡","name:en":"Yaguchi-no-watashi","operator":"東急電鉄","ref":"TM06","public_transport":"station","wikidata":"Q8046756","wikipedia":"ja:矢口渡駅","osm_element_type":"node","osm_element_id":7834193980,"sourceType":"openstreetmap","entityType":"modern-rail-station","geometryType":"Point","sourceGeometryType":"Point","network":"東急電鉄","station":null,"layer":null,"usage":null,"osm_way_id":null,"id":"station:node:7834193980","type":"station"},"geometry":{"type":"Point","coordinates":[139.7002588,35.5625766]}},{"type":"Feature","properties":{"railway":"station","name":"鵜の木","name:ja":"鵜の木","name:en":"Unoki","operator":null,"ref":"TM03","public_transport":"station","wikidata":"Q7897240","wikipedia":"ja:鵜の木駅","osm_element_type":"node","osm_element_id":7834193982,"sourceType":"openstreetmap","entityType":"modern-rail-station","geometryType":"Point","sourceGeometryType":"Point","network":null,"station":"light_rail","layer":null,"usage":null,"osm_way_id":null,"id":"station:node:7834193982","type":"station"},"geometry":{"type":"Point","coordinates":[139.6805741,35.5754603]}},{"type":"Feature","properties":{"railway":"station","name":"久が原","name:ja":"久が原","name:en":"Kugahara","operator":null,"ref":"IK11","public_transport":"station","wikidata":"Q6441939","wikipedia":"ja:久が原駅","osm_element_type":"node","osm_element_id":7834193984,"sourceType":"openstreetmap","entityType":"modern-rail-station","geometryType":"Point","sourceGeometryType":"Point","network":null,"station":"light_rail","layer":null,"usage":null,"osm_way_id":null,"id":"station:node:7834193984","type":"station"},"geometry":{"type":"Point","coordinates":[139.6856542,35.5795927]}},{"type":"Feature","properties":{"railway":"station","name":"羽田空港第3ターミナル","name:ja":"羽田空港第3ターミナル","name:en":"Haneda Airport Terminal 3","operator":"京浜急行電鉄","ref":"KK16","public_transport":"station","wikidata":"Q11284112","wikipedia":"ja:羽田空港第3ターミナル駅","osm_element_type":"node","osm_element_id":7834298285,"sourceType":"openstreetmap","entityType":"modern-rail-station","geometryType":"Point","sourceGeometryType":"Point","network":null,"station":"subway","layer":null,"usage":null,"osm_way_id":null,"id":"station:node:7834298285","type":"station"},"geometry":{"type":"Point","coordinates":[139.7670385,35.5450118]}},{"type":"Feature","properties":{"railway":"station","name":"若葉台","name:ja":"若葉台","name:en":"Wakabadai","operator":"京王電鉄","ref":"KO39","public_transport":"station","wikidata":"Q4102591","wikipedia":"ja:若葉台駅","osm_element_type":"node","osm_element_id":7834562492,"sourceType":"openstreetmap","entityType":"modern-rail-station","geometryType":"Point","sourceGeometryType":"Point","network":null,"station":null,"layer":null,"usage":null,"osm_way_id":null,"id":"station:node:7834562492","type":"station"},"geometry":{"type":"Point","coordinates":[139.4726652,35.6193445]}},{"type":"Feature","properties":{"railway":"station","name":"京王稲田堤","name:ja":"京王稲田堤","name:en":"Keio-inadazutsumi","operator":null,"ref":"KO36","public_transport":"station","wikidata":"Q4251057","wikipedia":"ja:京王稲田堤駅","osm_element_type":"node","osm_element_id":7834562496,"sourceType":"openstreetmap","entityType":"modern-rail-station","geometryType":"Point","sourceGeometryType":"Point","network":null,"station":null,"layer":null,"usage":null,"osm_way_id":null,"id":"station:node:7834562496","type":"station"},"geometry":{"type":"Point","coordinates":[139.5309503,35.6337429]}},{"type":"Feature","properties":{"railway":"station","name":"京王よみうりランド","name:ja":"京王よみうりランド","name:en":"Keiō-Yomiuri-Land","operator":"京王電鉄","ref":"KO37","public_transport":"station","wikidata":"Q4251055","wikipedia":"ja:京王よみうりランド駅","osm_element_type":"node","osm_element_id":7834562497,"sourceType":"openstreetmap","entityType":"modern-rail-station","geometryType":"Point","sourceGeometryType":"Point","network":null,"station":null,"layer":null,"usage":null,"osm_way_id":null,"id":"station:node:7834562497","type":"station"},"geometry":{"type":"Point","coordinates":[139.5168349,35.6329471]}},{"type":"Feature","properties":{"railway":"station","name":"京王多摩川","name:ja":"京王多摩川","name:en":"Keio-tamagawa","operator":"京王電鉄","ref":"KO35","public_transport":"station","wikidata":"Q4251058","wikipedia":"ja:京王多摩川駅","osm_element_type":"node","osm_element_id":7834562498,"sourceType":"openstreetmap","entityType":"modern-rail-station","geometryType":"Point","sourceGeometryType":"Point","network":null,"station":null,"layer":null,"usage":null,"osm_way_id":null,"id":"station:node:7834562498","type":"station"},"geometry":{"type":"Point","coordinates":[139.5369116,35.6447764]}},{"type":"Feature","properties":{"railway":"station","name":"稲城","name:ja":null,"name:en":"Inagi","operator":"京王電鉄","ref":"KO38","public_transport":"station","wikidata":"Q4200479","wikipedia":"ja:稲城駅","osm_element_type":"node","osm_element_id":7834562500,"sourceType":"openstreetmap","entityType":"modern-rail-station","geometryType":"Point","sourceGeometryType":"Point","network":null,"station":null,"layer":null,"usage":null,"osm_way_id":null,"id":"station:node:7834562500","type":"station"},"geometry":{"type":"Point","coordinates":[139.500445,35.6362354]}},{"type":"Feature","properties":{"railway":"station","name":"南大沢","name:ja":"南大沢","name:en":"Minami-osawa","operator":"京王電鉄","ref":"KO43","public_transport":"station","wikidata":"Q4293994","wikipedia":"ja:南大沢駅","osm_element_type":"node","osm_element_id":7834562502,"sourceType":"openstreetmap","entityType":"modern-rail-station","geometryType":"Point","sourceGeometryType":"Point","network":null,"station":null,"layer":null,"usage":null,"osm_way_id":null,"id":"station:node:7834562502","type":"station"},"geometry":{"type":"Point","coordinates":[139.3799374,35.6141445]}},{"type":"Feature","properties":{"railway":"station","name":"京王堀之内","name:ja":"京王堀之内","name:en":"Keio-horinouchi","operator":"京王電鉄","ref":"KO42","public_transport":"station","wikidata":"Q269149","wikipedia":"ja:京王堀之内駅","osm_element_type":"node","osm_element_id":7834562504,"sourceType":"openstreetmap","entityType":"modern-rail-station","geometryType":"Point","sourceGeometryType":"Point","network":null,"station":null,"layer":null,"usage":null,"osm_way_id":null,"id":"station:node:7834562504","type":"station"},"geometry":{"type":"Point","coordinates":[139.4003398,35.6244777]}},{"type":"Feature","properties":{"railway":"station","name":"天空橋","name:ja":"天空橋","name:en":"Tenkubashi","operator":"京浜急行電鉄 (Keikyu Corporation)","ref":"KK15","public_transport":"station","wikidata":"Q5367248","wikipedia":"ja:天空橋駅","osm_element_type":"node","osm_element_id":7834562506,"sourceType":"openstreetmap","entityType":"modern-rail-station","geometryType":"Point","sourceGeometryType":"Point","network":null,"station":null,"layer":null,"usage":null,"osm_way_id":null,"id":"station:node:7834562506","type":"station"},"geometry":{"type":"Point","coordinates":[139.7546879,35.5481131]}},{"type":"Feature","properties":{"railway":"station","name":"羽田空港第1・第2ターミナル","name:ja":"羽田空港第1・第2ターミナル","name:en":"Haneda Airport Terminal 1・2","operator":"京浜急行電鉄","ref":"KK17","public_transport":"station","wikidata":"Q906745","wikipedia":"ja:羽田空港第1・第2ターミナル駅","osm_element_type":"node","osm_element_id":7834562508,"sourceType":"openstreetmap","entityType":"modern-rail-station","geometryType":"Point","sourceGeometryType":"Point","network":null,"station":"subway","layer":null,"usage":null,"osm_way_id":null,"id":"station:node:7834562508","type":"station"},"geometry":{"type":"Point","coordinates":[139.7860924,35.5498485]}},{"type":"Feature","properties":{"railway":"station","name":"穴守稲荷","name:ja":"穴守稲荷","name:en":"Anamori-Inari","operator":"京浜急行電鉄","ref":"KK14","public_transport":"station","wikidata":"Q4751212","wikipedia":"ja:穴守稲荷駅","osm_element_type":"node","osm_element_id":7834562509,"sourceType":"openstreetmap","entityType":"modern-rail-station","geometryType":"Point","sourceGeometryType":"Point","network":null,"station":null,"layer":null,"usage":null,"osm_way_id":null,"id":"station:node:7834562509","type":"station"},"geometry":{"type":"Point","coordinates":[139.7467567,35.5503155]}},{"type":"Feature","properties":{"railway":"station","name":"大鳥居","name:ja":"大鳥居","name:en":"Otorii","operator":"京浜急行電鉄","ref":"KK13","public_transport":"station","wikidata":"Q5362449","wikipedia":"ja:大鳥居駅","osm_element_type":"node","osm_element_id":7834562510,"sourceType":"openstreetmap","entityType":"modern-rail-station","geometryType":"Point","sourceGeometryType":"Point","network":null,"station":null,"layer":null,"usage":null,"osm_way_id":null,"id":"station:node:7834562510","type":"station"},"geometry":{"type":"Point","coordinates":[139.7396874,35.5524666]}},{"type":"Feature","properties":{"railway":"station","name":"糀谷","name:ja":"糀谷","name:en":"Kojiya","operator":"京浜急行電鉄 (Keikyu Corporation)","ref":"KK12","public_transport":"station","wikidata":"Q5361691","wikipedia":"ja:糀谷駅","osm_element_type":"node","osm_element_id":7834562511,"sourceType":"openstreetmap","entityType":"modern-rail-station","geometryType":"Point","sourceGeometryType":"Point","network":null,"station":null,"layer":null,"usage":null,"osm_way_id":null,"id":"station:node:7834562511","type":"station"},"geometry":{"type":"Point","coordinates":[139.7294665,35.5547024]}},{"type":"Feature","properties":{"railway":"station","name":"新馬場","name:ja":"新馬場","name:en":"Shimbamba","operator":"京浜急行電鉄","ref":"KK03","public_transport":"station","wikidata":"Q863236","wikipedia":"ja:新馬場駅","osm_element_type":"node","osm_element_id":7834575753,"sourceType":"openstreetmap","entityType":"modern-rail-station","geometryType":"Point","sourceGeometryType":"Point","network":null,"station":null,"layer":null,"usage":null,"osm_way_id":null,"id":"station:node:7834575753","type":"station"},"geometry":{"type":"Point","coordinates":[139.7414646,35.6165106]}},{"type":"Feature","properties":{"railway":"station","name":"雑色","name:ja":"雑色","name:en":"Zoshiki","operator":"京浜急行電鉄 (Keikyu Corporation)","ref":"KK18","public_transport":"station","wikidata":"Q8076244","wikipedia":"ja:雑色駅","osm_element_type":"node","osm_element_id":7834719308,"sourceType":"openstreetmap","entityType":"modern-rail-station","geometryType":"Point","sourceGeometryType":"Point","network":null,"station":null,"layer":null,"usage":null,"osm_way_id":null,"id":"station:node:7834719308","type":"station"},"geometry":{"type":"Point","coordinates":[139.7149801,35.5496951]}},{"type":"Feature","properties":{"railway":"station","name":"梅屋敷","name:ja":"梅屋敷","name:en":"Umeyashiki","operator":"京浜急行電鉄","ref":"KK10","public_transport":"station","wikidata":"Q865643","wikipedia":"ja:梅屋敷駅 (東京都)","osm_element_type":"node","osm_element_id":7834719310,"sourceType":"openstreetmap","entityType":"modern-rail-station","geometryType":"Point","sourceGeometryType":"Point","network":null,"station":null,"layer":null,"usage":null,"osm_way_id":null,"id":"station:node:7834719310","type":"station"},"geometry":{"type":"Point","coordinates":[139.728368,35.5669662]}},{"type":"Feature","properties":{"railway":"station","name":"大森町","name:ja":"大森町","name:en":"Omorimachi","operator":"京浜急行電鉄","ref":"KK09","public_transport":"station","wikidata":"Q5362060","wikipedia":"ja:大森町駅","osm_element_type":"node","osm_element_id":7834719312,"sourceType":"openstreetmap","entityType":"modern-rail-station","geometryType":"Point","sourceGeometryType":"Point","network":null,"station":null,"layer":null,"usage":null,"osm_way_id":null,"id":"station:node:7834719312","type":"station"},"geometry":{"type":"Point","coordinates":[139.7320685,35.5725032]}},{"type":"Feature","properties":{"railway":"station","name":"平和島","name:ja":"平和島","name:en":"Heiwajima","operator":"京浜急行電鉄","ref":"KK08","public_transport":"station","wikidata":"Q5367220","wikipedia":"ja:平和島駅","osm_element_type":"node","osm_element_id":7834719314,"sourceType":"openstreetmap","entityType":"modern-rail-station","geometryType":"Point","sourceGeometryType":"Point","network":null,"station":"train","layer":null,"usage":null,"osm_way_id":null,"id":"station:node:7834719314","type":"station"},"geometry":{"type":"Point","coordinates":[139.7349686,35.5787037]}},{"type":"Feature","properties":{"railway":"station","name":"大森海岸","name:ja":"大森海岸","name:en":"Ōmorikaigan","operator":"京浜急行電鉄","ref":"KK07","public_transport":"station","wikidata":"Q1592872","wikipedia":"ja:大森海岸駅","osm_element_type":"node","osm_element_id":7834719318,"sourceType":"openstreetmap","entityType":"modern-rail-station","geometryType":"Point","sourceGeometryType":"Point","network":null,"station":null,"layer":null,"usage":null,"osm_way_id":null,"id":"station:node:7834719318","type":"station"},"geometry":{"type":"Point","coordinates":[139.7353937,35.5876986]}},{"type":"Feature","properties":{"railway":"station","name":"青物横丁","name:ja":"青物横丁","name:en":"Aomono-yokocho","operator":"京浜急行電鉄","ref":"KK04","public_transport":"station","wikidata":"Q852188","wikipedia":"ja:青物横丁駅","osm_element_type":"node","osm_element_id":7834719324,"sourceType":"openstreetmap","entityType":"modern-rail-station","geometryType":"Point","sourceGeometryType":"Point","network":null,"station":"subway","layer":null,"usage":null,"osm_way_id":null,"id":"station:node:7834719324","type":"station"},"geometry":{"type":"Point","coordinates":[139.7430769,35.6088735]}},{"type":"Feature","properties":{"railway":"station","name":"六郷土手","name:ja":"六郷土手","name:en":"Rokugodote","operator":"京浜急行電鉄","ref":"KK19","public_transport":"station","wikidata":"Q7360103","wikipedia":"ja:六郷土手駅","osm_element_type":"node","osm_element_id":7834808028,"sourceType":"openstreetmap","entityType":"modern-rail-station","geometryType":"Point","sourceGeometryType":"Point","network":null,"station":null,"layer":null,"usage":null,"osm_way_id":null,"id":"station:node:7834808028","type":"station"},"geometry":{"type":"Point","coordinates":[139.7076671,35.5406578]}},{"type":"Feature","properties":{"railway":"station","name":"お花茶屋","name:ja":"お花茶屋","name:en":"Ohanajaya","operator":"京成電鉄","ref":"KS08","public_transport":"station","wikidata":"Q7080614","wikipedia":"ja:お花茶屋駅","osm_element_type":"node","osm_element_id":7857922509,"sourceType":"openstreetmap","entityType":"modern-rail-station","geometryType":"Point","sourceGeometryType":"Point","network":"京成電鉄","station":null,"layer":null,"usage":null,"osm_way_id":null,"id":"station:node:7857922509","type":"station"},"geometry":{"type":"Point","coordinates":[139.8401447,35.7475893]}},{"type":"Feature","properties":{"railway":"station","name":"千住大橋","name:ja":"千住大橋","name:en":"Senjuohashi","operator":"京成電鉄","ref":"KS05","public_transport":"station","wikidata":"Q388969","wikipedia":"ja:千住大橋駅","osm_element_type":"node","osm_element_id":7857922511,"sourceType":"openstreetmap","entityType":"modern-rail-station","geometryType":"Point","sourceGeometryType":"Point","network":"京成電鉄","station":null,"layer":null,"usage":null,"osm_way_id":null,"id":"station:node:7857922511","type":"station"},"geometry":{"type":"Point","coordinates":[139.7968196,35.7424234]}},{"type":"Feature","properties":{"railway":"station","name":"町屋","name:ja":"町屋","name:en":"Machiya","operator":"京成電鉄","ref":"KS04","public_transport":"station","wikidata":"Q390638","wikipedia":"ja:町屋駅","osm_element_type":"node","osm_element_id":7857922514,"sourceType":"openstreetmap","entityType":"modern-rail-station","geometryType":"Point","sourceGeometryType":"Point","network":"京成電鉄","station":null,"layer":null,"usage":null,"osm_way_id":null,"id":"station:node:7857922514","type":"station"},"geometry":{"type":"Point","coordinates":[139.7814487,35.742289]}},{"type":"Feature","properties":{"railway":"station","name":"市川真間","name:ja":"市川真間","name:en":"Ichikawamama","operator":"京成電鉄","ref":"KS14","public_transport":"station","wikidata":"Q5986159","wikipedia":"ja:市川真間駅","osm_element_type":"node","osm_element_id":7858116083,"sourceType":"openstreetmap","entityType":"modern-rail-station","geometryType":"Point","sourceGeometryType":"Point","network":"京成","station":null,"layer":null,"usage":null,"osm_way_id":null,"id":"station:node:7858116083","type":"station"},"geometry":{"type":"Point","coordinates":[139.9115626,35.7313977]}},{"type":"Feature","properties":{"railway":"station","name":"国府台","name:ja":"国府台","name:en":"Konodai","operator":"京成電鉄","ref":"KS13","public_transport":"station","wikidata":"Q6455240","wikipedia":"ja:国府台駅","osm_element_type":"node","osm_element_id":7858116084,"sourceType":"openstreetmap","entityType":"modern-rail-station","geometryType":"Point","sourceGeometryType":"Point","network":"京成電鉄","station":null,"layer":null,"usage":null,"osm_way_id":null,"id":"station:node:7858116084","type":"station"},"geometry":{"type":"Point","coordinates":[139.9025067,35.7364217]}},{"type":"Feature","properties":{"railway":"station","name":"江戸川","name:ja":"江戸川","name:en":"Edogawa","operator":"京成電鉄","ref":"KS12","public_transport":"station","wikidata":"Q5340176","wikipedia":"ja:江戸川駅","osm_element_type":"node","osm_element_id":7858131585,"sourceType":"openstreetmap","entityType":"modern-rail-station","geometryType":"Point","sourceGeometryType":"Point","network":"京成","station":null,"layer":null,"usage":null,"osm_way_id":null,"id":"station:node:7858131585","type":"station"},"geometry":{"type":"Point","coordinates":[139.8958777,35.7377552]}},{"type":"Feature","properties":{"railway":"station","name":"京成小岩","name:ja":"京成小岩","name:en":"Keisei Koiwa","operator":"京成電鉄","ref":"KS11","public_transport":"station","wikidata":"Q6383844","wikipedia":"ja:京成小岩駅","osm_element_type":"node","osm_element_id":7858131586,"sourceType":"openstreetmap","entityType":"modern-rail-station","geometryType":"Point","sourceGeometryType":"Point","network":"京成電鉄","station":null,"layer":null,"usage":null,"osm_way_id":null,"id":"station:node:7858131586","type":"station"},"geometry":{"type":"Point","coordinates":[139.8833524,35.7424201]}},{"type":"Feature","properties":{"railway":"station","name":"北池袋","name:ja":"北池袋","name:en":"Kita-ikebukuro","operator":"東武鉄道","ref":"TJ02","public_transport":"station","wikidata":"Q6417547","wikipedia":"ja:北池袋駅","osm_element_type":"node","osm_element_id":7863114045,"sourceType":"openstreetmap","entityType":"modern-rail-station","geometryType":"Point","sourceGeometryType":"Point","network":"東武鉄道","station":null,"layer":null,"usage":null,"osm_way_id":null,"id":"station:node:7863114045","type":"station"},"geometry":{"type":"Point","coordinates":[139.7168198,35.7409856]}},{"type":"Feature","properties":{"railway":"station","name":"下赤塚","name:ja":"下赤塚","name:en":"Shimo-akatsuka","operator":"東武鉄道","ref":"TJ09","public_transport":"station","wikidata":"Q7496913","wikipedia":"ja:下赤塚駅","osm_element_type":"node","osm_element_id":7863114049,"sourceType":"openstreetmap","entityType":"modern-rail-station","geometryType":"Point","sourceGeometryType":"Point","network":"東武鉄道","station":null,"layer":null,"usage":null,"osm_way_id":null,"id":"station:node:7863114049","type":"station"},"geometry":{"type":"Point","coordinates":[139.6445735,35.7705809]}},{"type":"Feature","properties":{"railway":"station","name":"成増","name:ja":"成増","name:en":"Narimasu","operator":"東武鉄道","ref":"TJ10","public_transport":"station","wikidata":"Q6965958","wikipedia":null,"osm_element_type":"node","osm_element_id":7864238163,"sourceType":"openstreetmap","entityType":"modern-rail-station","geometryType":"Point","sourceGeometryType":"Point","network":"東武鉄道","station":null,"layer":null,"usage":null,"osm_way_id":null,"id":"station:node:7864238163","type":"station"},"geometry":{"type":"Point","coordinates":[139.632934,35.7775924]}},{"type":"Feature","properties":{"railway":"station","name":"東武練馬","name:ja":"東武練馬","name:en":"Tobu-nerima","operator":"東武鉄道","ref":"TJ08","public_transport":"station","wikidata":"Q7862632","wikipedia":"ja:東武練馬駅","osm_element_type":"node","osm_element_id":7864238167,"sourceType":"openstreetmap","entityType":"modern-rail-station","geometryType":"Point","sourceGeometryType":"Point","network":"東武鉄道","station":null,"layer":null,"usage":null,"osm_way_id":null,"id":"station:node:7864238167","type":"station"},"geometry":{"type":"Point","coordinates":[139.6625765,35.7686483]}},{"type":"Feature","properties":{"railway":"station","name":"上板橋","name:ja":"上板橋","name:en":"Kami-itabashi","operator":"東武鉄道","ref":"TJ07","public_transport":"station","wikidata":"Q6357144","wikipedia":"ja:上板橋駅","osm_element_type":"node","osm_element_id":7864238168,"sourceType":"openstreetmap","entityType":"modern-rail-station","geometryType":"Point","sourceGeometryType":"Point","network":"東武鉄道","station":null,"layer":null,"usage":null,"osm_way_id":null,"id":"station:node:7864238168","type":"station"},"geometry":{"type":"Point","coordinates":[139.6765427,35.763474]}},{"type":"Feature","properties":{"railway":"station","name":"ときわ台","name:ja":"ときわ台","name:en":"Tokiwadai","operator":"東武鉄道","ref":"TJ06","public_transport":"station","wikidata":"Q7813626","wikipedia":"ja:ときわ台駅 (東京都)","osm_element_type":"node","osm_element_id":7864238172,"sourceType":"openstreetmap","entityType":"modern-rail-station","geometryType":"Point","sourceGeometryType":"Point","network":"東武鉄道","station":null,"layer":null,"usage":null,"osm_way_id":null,"id":"station:node:7864238172","type":"station"},"geometry":{"type":"Point","coordinates":[139.6885362,35.7589153]}},{"type":"Feature","properties":{"railway":"station","name":"中板橋","name:ja":"中板橋","name:en":"Naka-itabashi","operator":"東武鉄道","ref":"TJ05","public_transport":"station","wikidata":"Q6960085","wikipedia":"ja:中板橋駅","osm_element_type":"node","osm_element_id":7864238174,"sourceType":"openstreetmap","entityType":"modern-rail-station","geometryType":"Point","sourceGeometryType":"Point","network":"東武鉄道","station":null,"layer":null,"usage":null,"osm_way_id":null,"id":"station:node:7864238174","type":"station"},"geometry":{"type":"Point","coordinates":[139.6941829,35.7564001]}},{"type":"Feature","properties":{"railway":"station","name":"大山","name:ja":"大山","name:en":"Oyama","operator":"東武鉄道","ref":"TJ04","public_transport":"station","wikidata":"Q8081809","wikipedia":"ja:大山駅 (東京都)","osm_element_type":"node","osm_element_id":7864238179,"sourceType":"openstreetmap","entityType":"modern-rail-station","geometryType":"Point","sourceGeometryType":"Point","network":null,"station":null,"layer":null,"usage":null,"osm_way_id":null,"id":"station:node:7864238179","type":"station"},"geometry":{"type":"Point","coordinates":[139.7024348,35.7486238]}},{"type":"Feature","properties":{"railway":"station","name":"下板橋","name:ja":"下板橋","name:en":"Shimo-itabashi","operator":"東武鉄道","ref":"TJ03","public_transport":"station","wikidata":"Q7496921","wikipedia":"ja:下板橋駅","osm_element_type":"node","osm_element_id":7864238181,"sourceType":"openstreetmap","entityType":"modern-rail-station","geometryType":"Point","sourceGeometryType":"Point","network":"東武鉄道","station":null,"layer":null,"usage":null,"osm_way_id":null,"id":"station:node:7864238181","type":"station"},"geometry":{"type":"Point","coordinates":[139.7154787,35.7452488]}},{"type":"Feature","properties":{"railway":"station","name":"市川","name:ja":"市川","name:en":"Ichikawa","operator":"東日本旅客鉄道","ref":"JB27;JO24","public_transport":"station","wikidata":"Q1067608","wikipedia":"ja:市川駅","osm_element_type":"node","osm_element_id":7865838620,"sourceType":"openstreetmap","entityType":"modern-rail-station","geometryType":"Point","sourceGeometryType":"Point","network":null,"station":null,"layer":null,"usage":null,"osm_way_id":null,"id":"station:node:7865838620","type":"station"},"geometry":{"type":"Point","coordinates":[139.908165,35.7288545]}},{"type":"Feature","properties":{"railway":"station","name":"新小岩","name:ja":"新小岩","name:en":"Shin-Koiwa","operator":"東日本旅客鉄道","ref":"JB25;JO23","public_transport":"station","wikidata":"Q1063750","wikipedia":"ja:新小岩駅","osm_element_type":"node","osm_element_id":7865838622,"sourceType":"openstreetmap","entityType":"modern-rail-station","geometryType":"Point","sourceGeometryType":"Point","network":null,"station":null,"layer":null,"usage":null,"osm_way_id":null,"id":"station:node:7865838622","type":"station"},"geometry":{"type":"Point","coordinates":[139.8579762,35.7169396]}},{"type":"Feature","properties":{"railway":"station","name":"平井","name:ja":"平井","name:en":"Hirai","operator":"東日本旅客鉄道","ref":null,"public_transport":"station","wikidata":"Q909531","wikipedia":"ja:平井駅 (東京都)","osm_element_type":"node","osm_element_id":7865838626,"sourceType":"openstreetmap","entityType":"modern-rail-station","geometryType":"Point","sourceGeometryType":"Point","network":null,"station":null,"layer":null,"usage":null,"osm_way_id":null,"id":"station:node:7865838626","type":"station"},"geometry":{"type":"Point","coordinates":[139.8425004,35.706421]}},{"type":"Feature","properties":{"railway":"station","name":"錦糸町","name:ja":"錦糸町","name:en":"Kinshicho","operator":"東日本旅客鉄道","ref":"JB22;JO22","public_transport":"station","wikidata":"Q801017","wikipedia":"ja:錦糸町駅","osm_element_type":"node","osm_element_id":7865838635,"sourceType":"openstreetmap","entityType":"modern-rail-station","geometryType":"Point","sourceGeometryType":"Point","network":null,"station":null,"layer":null,"usage":null,"osm_way_id":null,"id":"station:node:7865838635","type":"station"},"geometry":{"type":"Point","coordinates":[139.8139559,35.6967489]}},{"type":"Feature","properties":{"railway":"station","name":"浅草橋","name:ja":"浅草橋","name:en":"Asakusabashi","operator":"東日本旅客鉄道","ref":null,"public_transport":"station","wikidata":"Q800404","wikipedia":"ja:浅草橋駅","osm_element_type":"node","osm_element_id":7865838637,"sourceType":"openstreetmap","entityType":"modern-rail-station","geometryType":"Point","sourceGeometryType":"Point","network":null,"station":null,"layer":null,"usage":null,"osm_way_id":null,"id":"station:node:7865838637","type":"station"},"geometry":{"type":"Point","coordinates":[139.7846842,35.6974062]}},{"type":"Feature","properties":{"railway":"station","name":"信濃町","name:ja":"信濃町","name:en":"Shinanomachi","operator":"東日本旅客鉄道","ref":null,"public_transport":"station","wikidata":"Q335677","wikipedia":"ja:信濃町駅","osm_element_type":"node","osm_element_id":7865838639,"sourceType":"openstreetmap","entityType":"modern-rail-station","geometryType":"Point","sourceGeometryType":"Point","network":null,"station":null,"layer":null,"usage":null,"osm_way_id":null,"id":"station:node:7865838639","type":"station"},"geometry":{"type":"Point","coordinates":[139.7204947,35.6800236]}},{"type":"Feature","properties":{"railway":"station","name":"大久保","name:ja":"大久保","name:en":"Okubo","operator":"東日本旅客鉄道","ref":"JB09","public_transport":"station","wikidata":"Q116259","wikipedia":"ja:大久保駅 (東京都)","osm_element_type":"node","osm_element_id":7865838640,"sourceType":"openstreetmap","entityType":"modern-rail-station","geometryType":"Point","sourceGeometryType":"Point","network":null,"station":null,"layer":null,"usage":null,"osm_way_id":null,"id":"station:node:7865838640","type":"station"},"geometry":{"type":"Point","coordinates":[139.6973178,35.7007776]}},{"type":"Feature","properties":{"railway":"station","name":"一橋学園","name:ja":"一橋学園","name:en":"Hitotsubashi-gakuen","operator":"西武鉄道","ref":"ST02","public_transport":"station","wikidata":"Q5872402","wikipedia":"ja:一橋学園駅","osm_element_type":"node","osm_element_id":7867500191,"sourceType":"openstreetmap","entityType":"modern-rail-station","geometryType":"Point","sourceGeometryType":"Point","network":null,"station":null,"layer":null,"usage":null,"osm_way_id":null,"id":"station:node:7867500191","type":"station"},"geometry":{"type":"Point","coordinates":[139.4801232,35.7217787]}},{"type":"Feature","properties":{"railway":"station","name":"武蔵大和","name:ja":"武蔵大和","name:en":"Musashi-Yamato","operator":"西武鉄道","ref":"ST06","public_transport":"station","wikidata":"Q6940151","wikipedia":"ja:武蔵大和駅","osm_element_type":"node","osm_element_id":7867500196,"sourceType":"openstreetmap","entityType":"modern-rail-station","geometryType":"Point","sourceGeometryType":"Point","network":"西武鉄道","station":null,"layer":null,"usage":null,"osm_way_id":null,"id":"station:node:7867500196","type":"station"},"geometry":{"type":"Point","coordinates":[139.4442465,35.7562258]}},{"type":"Feature","properties":{"railway":"station","name":"国分寺","name:ja":"国分寺","name:en":"Kokubunji","operator":"西武鉄道","ref":"SK01;ST01","public_transport":"station","wikidata":"Q251693","wikipedia":"ja:国分寺駅","osm_element_type":"node","osm_element_id":7867500687,"sourceType":"openstreetmap","entityType":"modern-rail-station","geometryType":"Point","sourceGeometryType":"Point","network":"西武鉄道","station":null,"layer":null,"usage":null,"osm_way_id":null,"id":"station:node:7867500687","type":"station"},"geometry":{"type":"Point","coordinates":[139.4803096,35.7002428]}},{"type":"Feature","properties":{"railway":"station","name":"八坂","name:ja":"八坂","name:en":"Yasaka","operator":"西武鉄道","ref":"ST05","public_transport":"station","wikidata":"Q8014496","wikipedia":"ja:八坂駅 (東京都)","osm_element_type":"node","osm_element_id":7867500891,"sourceType":"openstreetmap","entityType":"modern-rail-station","geometryType":"Point","sourceGeometryType":"Point","network":"西武鉄道","station":null,"layer":null,"usage":null,"osm_way_id":null,"id":"station:node:7867500891","type":"station"},"geometry":{"type":"Point","coordinates":[139.4674364,35.7451604]}},{"type":"Feature","properties":{"railway":"station","name":"青梅街道","name:ja":"青梅街道","name:en":"Ome-kaido","operator":"西武鉄道","ref":"ST03","public_transport":"station","wikidata":"Q8014548","wikipedia":"ja:青梅街道駅","osm_element_type":"node","osm_element_id":7867500892,"sourceType":"openstreetmap","entityType":"modern-rail-station","geometryType":"Point","sourceGeometryType":"Point","network":"西武鉄道","station":null,"layer":null,"usage":null,"osm_way_id":null,"id":"station:node:7867500892","type":"station"},"geometry":{"type":"Point","coordinates":[139.4765592,35.7306459]}},{"type":"Feature","properties":{"railway":"station","name":"萩山","name:ja":"萩山","name:en":"Hagiyama","operator":"西武鉄道","ref":"SS30;ST04","public_transport":"station","wikidata":"Q5638755","wikipedia":"ja:萩山駅","osm_element_type":"node","osm_element_id":7867502185,"sourceType":"openstreetmap","entityType":"modern-rail-station","geometryType":"Point","sourceGeometryType":"Point","network":"西武鉄道","station":null,"layer":null,"usage":null,"osm_way_id":null,"id":"station:node:7867502185","type":"station"},"geometry":{"type":"Point","coordinates":[139.4771811,35.7406792]}},{"type":"Feature","properties":{"railway":"station","name":"多摩湖","name:ja":"多摩湖","name:en":"Tamako","operator":"西武鉄道","ref":"ST07","public_transport":"station","wikidata":"Q7446596","wikipedia":"ja:多摩湖駅","osm_element_type":"node","osm_element_id":7867502186,"sourceType":"openstreetmap","entityType":"modern-rail-station","geometryType":"Point","sourceGeometryType":"Point","network":"西武鉄道","station":null,"layer":null,"usage":null,"osm_way_id":null,"id":"station:node:7867502186","type":"station"},"geometry":{"type":"Point","coordinates":[139.4426285,35.7660664]}},{"type":"Feature","properties":{"railway":"station","name":"初台","name:ja":"初台","name:en":"Hatsudai","operator":"京王電鉄","ref":"KO02","public_transport":"station","wikidata":"Q4496691","wikipedia":"ja:初台駅","osm_element_type":"node","osm_element_id":7872741440,"sourceType":"openstreetmap","entityType":"modern-rail-station","geometryType":"Point","sourceGeometryType":"Point","network":null,"station":null,"layer":null,"usage":null,"osm_way_id":null,"id":"station:node:7872741440","type":"station"},"geometry":{"type":"Point","coordinates":[139.6862442,35.6811565]}},{"type":"Feature","properties":{"railway":"station","name":"用賀","name:ja":"用賀","name:en":"Yoga","operator":"東急電鉄","ref":"DT06","public_transport":"station","wikidata":"Q5367233","wikipedia":"ja:用賀駅","osm_element_type":"node","osm_element_id":7880318769,"sourceType":"openstreetmap","entityType":"modern-rail-station","geometryType":"Point","sourceGeometryType":"Point","network":"東急電鉄","station":null,"layer":null,"usage":null,"osm_way_id":null,"id":"station:node:7880318769","type":"station"},"geometry":{"type":"Point","coordinates":[139.6341544,35.6266472]}},{"type":"Feature","properties":{"railway":"station","name":"桜新町","name:ja":"桜新町","name:en":"Sakura-shimmachi","operator":null,"ref":"DT05","public_transport":"station","wikidata":"Q261870","wikipedia":"ja:桜新町駅","osm_element_type":"node","osm_element_id":7880318770,"sourceType":"openstreetmap","entityType":"modern-rail-station","geometryType":"Point","sourceGeometryType":"Point","network":null,"station":null,"layer":null,"usage":null,"osm_way_id":null,"id":"station:node:7880318770","type":"station"},"geometry":{"type":"Point","coordinates":[139.6453688,35.6317241]}},{"type":"Feature","properties":{"railway":"station","name":"駒沢大学","name:ja":"駒沢大学","name:en":"Komazawa-daigaku","operator":"東急電鉄","ref":"DT04","public_transport":"station","wikidata":"Q6428224","wikipedia":"ja:駒沢大学駅","osm_element_type":"node","osm_element_id":7880318771,"sourceType":"openstreetmap","entityType":"modern-rail-station","geometryType":"Point","sourceGeometryType":"Point","network":"東急電鉄","station":null,"layer":null,"usage":null,"osm_way_id":null,"id":"station:node:7880318771","type":"station"},"geometry":{"type":"Point","coordinates":[139.6611562,35.6331934]}},{"type":"Feature","properties":{"railway":"station","name":"三軒茶屋","name:ja":"三軒茶屋","name:en":"Sangen-jaya","operator":null,"ref":"DT03","public_transport":"station","wikidata":"Q7417938","wikipedia":"ja:三軒茶屋駅","osm_element_type":"node","osm_element_id":7880318772,"sourceType":"openstreetmap","entityType":"modern-rail-station","geometryType":"Point","sourceGeometryType":"Point","network":null,"station":null,"layer":null,"usage":null,"osm_way_id":null,"id":"station:node:7880318772","type":"station"},"geometry":{"type":"Point","coordinates":[139.6713037,35.6435527]}},{"type":"Feature","properties":{"railway":"station","name":"池尻大橋","name:ja":"池尻大橋","name:en":"Ikejiri-ohashi","operator":null,"ref":"DT02","public_transport":"station","wikidata":"Q852141","wikipedia":"ja:池尻大橋駅","osm_element_type":"node","osm_element_id":7880318773,"sourceType":"openstreetmap","entityType":"modern-rail-station","geometryType":"Point","sourceGeometryType":"Point","network":null,"station":null,"layer":null,"usage":null,"osm_way_id":null,"id":"station:node:7880318773","type":"station"},"geometry":{"type":"Point","coordinates":[139.6847724,35.6507634]}},{"type":"Feature","properties":{"railway":"station","name":"西武球場前","name:ja":"西武球場前","name:en":"Seibukyujo-mae","operator":"西武鉄道","ref":"SI41","public_transport":"station","wikidata":"Q7446591","wikipedia":"ja:西武球場前駅","osm_element_type":"node","osm_element_id":7880733141,"sourceType":"openstreetmap","entityType":"modern-rail-station","geometryType":"Point","sourceGeometryType":"Point","network":"西武鉄道","station":null,"layer":null,"usage":null,"osm_way_id":null,"id":"station:node:7880733141","type":"station"},"geometry":{"type":"Point","coordinates":[139.4190676,35.7704678]}},{"type":"Feature","properties":{"railway":"station","name":"下山口","name:ja":"下山口","name:en":"Shimo-Yamaguchi","operator":"西武鉄道","ref":"SI40","public_transport":"station","wikidata":"Q7496941","wikipedia":"ja:下山口駅","osm_element_type":"node","osm_element_id":7880733147,"sourceType":"openstreetmap","entityType":"modern-rail-station","geometryType":"Point","sourceGeometryType":"Point","network":null,"station":null,"layer":null,"usage":null,"osm_way_id":null,"id":"station:node:7880733147","type":"station"},"geometry":{"type":"Point","coordinates":[139.4414607,35.7795178]}},{"type":"Feature","properties":{"railway":"station","name":"東所沢","name:ja":"東所沢","name:en":"Higashi-Tokorozawa","operator":"東日本旅客鉄道","ref":"JM30","public_transport":"station","wikidata":"Q5753886","wikipedia":"ja:東所沢駅","osm_element_type":"node","osm_element_id":7881229733,"sourceType":"openstreetmap","entityType":"modern-rail-station","geometryType":"Point","sourceGeometryType":"Point","network":null,"station":null,"layer":null,"usage":null,"osm_way_id":null,"id":"station:node:7881229733","type":"station"},"geometry":{"type":"Point","coordinates":[139.5145423,35.7949334]}},{"type":"Feature","properties":{"railway":"station","name":"北府中","name:ja":"北府中","name:en":"Kita-Fuchu","operator":"東日本旅客鉄道","ref":"JM34","public_transport":"station","wikidata":"Q6417528","wikipedia":"ja:北府中駅","osm_element_type":"node","osm_element_id":7881229743,"sourceType":"openstreetmap","entityType":"modern-rail-station","geometryType":"Point","sourceGeometryType":"Point","network":null,"station":null,"layer":null,"usage":null,"osm_way_id":null,"id":"station:node:7881229743","type":"station"},"geometry":{"type":"Point","coordinates":[139.4717547,35.6807665]}},{"type":"Feature","properties":{"railway":"station","name":"池ノ上","name:ja":"池ノ上","name:en":"Ikenoue","operator":"京王電鉄","ref":"IN04","public_transport":"station","wikidata":"Q4199142","wikipedia":"ja:池ノ上駅","osm_element_type":"node","osm_element_id":7892696560,"sourceType":"openstreetmap","entityType":"modern-rail-station","geometryType":"Point","sourceGeometryType":"Point","network":null,"station":null,"layer":null,"usage":null,"osm_way_id":null,"id":"station:node:7892696560","type":"station"},"geometry":{"type":"Point","coordinates":[139.6729246,35.6605069]}},{"type":"Feature","properties":{"railway":"station","name":"新代田","name:ja":"新代田","name:en":"Shindaita","operator":"京王電鉄","ref":"IN06","public_transport":"station","wikidata":"Q263289","wikipedia":"ja:新代田駅","osm_element_type":"node","osm_element_id":7892696562,"sourceType":"openstreetmap","entityType":"modern-rail-station","geometryType":"Point","sourceGeometryType":"Point","network":null,"station":null,"layer":null,"usage":null,"osm_way_id":null,"id":"station:node:7892696562","type":"station"},"geometry":{"type":"Point","coordinates":[139.6606159,35.6626076]}},{"type":"Feature","properties":{"railway":"station","name":"東松原","name:ja":"東松原","name:en":"Higashi-matsubara","operator":"京王電鉄","ref":"IN07","public_transport":"station","wikidata":"Q4389689","wikipedia":"ja:東松原駅","osm_element_type":"node","osm_element_id":7892696564,"sourceType":"openstreetmap","entityType":"modern-rail-station","geometryType":"Point","sourceGeometryType":"Point","network":null,"station":null,"layer":null,"usage":null,"osm_way_id":null,"id":"station:node:7892696564","type":"station"},"geometry":{"type":"Point","coordinates":[139.6558575,35.6626431]}},{"type":"Feature","properties":{"railway":"station","name":"永福町","name:ja":"永福町","name:en":"Eifukucho","operator":"京王電鉄","ref":"IN09","public_transport":"station","wikidata":"Q4389461","wikipedia":"ja:永福町駅","osm_element_type":"node","osm_element_id":7892696569,"sourceType":"openstreetmap","entityType":"modern-rail-station","geometryType":"Point","sourceGeometryType":"Point","network":null,"station":null,"layer":null,"usage":null,"osm_way_id":null,"id":"station:node:7892696569","type":"station"},"geometry":{"type":"Point","coordinates":[139.642645,35.6762576]}},{"type":"Feature","properties":{"railway":"station","name":"西永福","name:ja":"西永福","name:en":"Nishi-eifuku","operator":"京王電鉄","ref":null,"public_transport":"station","wikidata":"Q31589","wikipedia":"ja:西永福駅","osm_element_type":"node","osm_element_id":7892696570,"sourceType":"openstreetmap","entityType":"modern-rail-station","geometryType":"Point","sourceGeometryType":"Point","network":null,"station":null,"layer":null,"usage":null,"osm_way_id":null,"id":"station:node:7892696570","type":"station"},"geometry":{"type":"Point","coordinates":[139.635535,35.678698]}},{"type":"Feature","properties":{"railway":"station","name":"浜田山","name:ja":"浜田山","name:en":"Hamadayama","operator":"京王電鉄","ref":"IN11","public_transport":"station","wikidata":"Q27101","wikipedia":"ja:浜田山駅","osm_element_type":"node","osm_element_id":7892696572,"sourceType":"openstreetmap","entityType":"modern-rail-station","geometryType":"Point","sourceGeometryType":"Point","network":null,"station":null,"layer":null,"usage":null,"osm_way_id":null,"id":"station:node:7892696572","type":"station"},"geometry":{"type":"Point","coordinates":[139.6274677,35.6816467]}},{"type":"Feature","properties":{"railway":"station","name":"高井戸","name:ja":"高井戸","name:en":"Takaido","operator":"京王電鉄","ref":"IN12","public_transport":"station","wikidata":"Q31309","wikipedia":"ja:高井戸駅","osm_element_type":"node","osm_element_id":7892696573,"sourceType":"openstreetmap","entityType":"modern-rail-station","geometryType":"Point","sourceGeometryType":"Point","network":null,"station":null,"layer":null,"usage":null,"osm_way_id":null,"id":"station:node:7892696573","type":"station"},"geometry":{"type":"Point","coordinates":[139.6149498,35.683248]}},{"type":"Feature","properties":{"railway":"station","name":"富士見ヶ丘","name:ja":"富士見ヶ丘","name:en":"Fujimigaoka","operator":"京王電鉄","ref":"IN13","public_transport":"station","wikidata":"Q27285","wikipedia":"ja:富士見ヶ丘駅","osm_element_type":"node","osm_element_id":7892696574,"sourceType":"openstreetmap","entityType":"modern-rail-station","geometryType":"Point","sourceGeometryType":"Point","network":null,"station":null,"layer":null,"usage":null,"osm_way_id":null,"id":"station:node:7892696574","type":"station"},"geometry":{"type":"Point","coordinates":[139.6076113,35.684671]}},{"type":"Feature","properties":{"railway":"station","name":"久我山","name:ja":"久我山","name:en":"Kugayama","operator":"京王電鉄","ref":"IN14","public_transport":"station","wikidata":"Q4244277","wikipedia":null,"osm_element_type":"node","osm_element_id":7892696575,"sourceType":"openstreetmap","entityType":"modern-rail-station","geometryType":"Point","sourceGeometryType":"Point","network":null,"station":null,"layer":null,"usage":null,"osm_way_id":null,"id":"station:node:7892696575","type":"station"},"geometry":{"type":"Point","coordinates":[139.5996129,35.6879766]}},{"type":"Feature","properties":{"railway":"station","name":"三鷹台","name:ja":"三鷹台","name:en":"Mitakadai","operator":"京王電鉄","ref":"IN15","public_transport":"station","wikidata":"Q4296577","wikipedia":"ja:三鷹台駅","osm_element_type":"node","osm_element_id":7892696577,"sourceType":"openstreetmap","entityType":"modern-rail-station","geometryType":"Point","sourceGeometryType":"Point","network":null,"station":null,"layer":null,"usage":null,"osm_way_id":null,"id":"station:node:7892696577","type":"station"},"geometry":{"type":"Point","coordinates":[139.5889139,35.6922426]}},{"type":"Feature","properties":{"railway":"station","name":"井の頭公園","name:ja":"井の頭公園","name:en":"Inokashira-koen","operator":"京王電鉄","ref":"IN16","public_transport":"station","wikidata":"Q4201277","wikipedia":"ja:井の頭公園駅","osm_element_type":"node","osm_element_id":7892696578,"sourceType":"openstreetmap","entityType":"modern-rail-station","geometryType":"Point","sourceGeometryType":"Point","network":null,"station":null,"layer":null,"usage":null,"osm_way_id":null,"id":"station:node:7892696578","type":"station"},"geometry":{"type":"Point","coordinates":[139.5827278,35.6975016]}},{"type":"Feature","properties":{"railway":"station","name":"吉祥寺","name:ja":"吉祥寺","name:en":"Kichijōji","operator":"京王電鉄","ref":"IN17","public_transport":"station","wikidata":"Q801004","wikipedia":"ja:吉祥寺駅","osm_element_type":"node","osm_element_id":7892696580,"sourceType":"openstreetmap","entityType":"modern-rail-station","geometryType":"Point","sourceGeometryType":"Point","network":null,"station":null,"layer":null,"usage":null,"osm_way_id":null,"id":"station:node:7892696580","type":"station"},"geometry":{"type":"Point","coordinates":[139.5803829,35.7022217]}},{"type":"Feature","properties":{"railway":"station","name":"神泉","name:ja":"神泉","name:en":"Shinsen","operator":"京王電鉄","ref":"IN02","public_transport":"station","wikidata":"Q4389637","wikipedia":"ja:神泉駅","osm_element_type":"node","osm_element_id":7892857493,"sourceType":"openstreetmap","entityType":"modern-rail-station","geometryType":"Point","sourceGeometryType":"Point","network":null,"station":null,"layer":null,"usage":null,"osm_way_id":null,"id":"station:node:7892857493","type":"station"},"geometry":{"type":"Point","coordinates":[139.6934884,35.6572159]}},{"type":"Feature","properties":{"railway":"station","name":"駒場東大前","name:ja":"駒場東大前","name:en":"Komaba-todaimae","operator":"京王電鉄","ref":"IN03","public_transport":"station","wikidata":"Q4229113","wikipedia":"ja:駒場東大前駅","osm_element_type":"node","osm_element_id":7892857494,"sourceType":"openstreetmap","entityType":"modern-rail-station","geometryType":"Point","sourceGeometryType":"Point","network":null,"station":null,"layer":null,"usage":null,"osm_way_id":null,"id":"station:node:7892857494","type":"station"},"geometry":{"type":"Point","coordinates":[139.6844553,35.6586714]}},{"type":"Feature","properties":{"railway":"station","name":"人形町","name:ja":"人形町","name:en":"Ningyocho","operator":"東京地下鉄","ref":"H14","public_transport":"station","wikidata":null,"wikipedia":null,"osm_element_type":"node","osm_element_id":7894118184,"sourceType":"openstreetmap","entityType":"modern-rail-station","geometryType":"Point","sourceGeometryType":"Point","network":"東京メトロ","station":"subway","layer":null,"usage":null,"osm_way_id":null,"id":"station:node:7894118184","type":"station"},"geometry":{"type":"Point","coordinates":[139.7824162,35.6861848]}},{"type":"Feature","properties":{"railway":"station","name":"洗足池","name:ja":"洗足池","name:en":"Senzoku-ike","operator":"東急電鉄","ref":"IK07","public_transport":"station","wikidata":"Q7451436","wikipedia":"ja:洗足池駅","osm_element_type":"node","osm_element_id":7899349367,"sourceType":"openstreetmap","entityType":"modern-rail-station","geometryType":"Point","sourceGeometryType":"Point","network":"東急電鉄","station":"light_rail","layer":null,"usage":null,"osm_way_id":null,"id":"station:node:7899349367","type":"station"},"geometry":{"type":"Point","coordinates":[139.6913023,35.5997965]}},{"type":"Feature","properties":{"railway":"station","name":"長原","name:ja":"長原","name:en":"Nagahara","operator":null,"ref":"IK06","public_transport":"station","wikidata":"Q6958330","wikipedia":"ja:長原駅 (東京都)","osm_element_type":"node","osm_element_id":7899349368,"sourceType":"openstreetmap","entityType":"modern-rail-station","geometryType":"Point","sourceGeometryType":"Point","network":null,"station":null,"layer":null,"usage":null,"osm_way_id":null,"id":"station:node:7899349368","type":"station"},"geometry":{"type":"Point","coordinates":[139.6979521,35.6022652]}},{"type":"Feature","properties":{"railway":"station","name":"五反田","name:ja":"五反田","name:en":"Gotanda","operator":"東急電鉄","ref":"IK01","public_transport":"station","wikidata":"Q736018","wikipedia":"ja:五反田駅","osm_element_type":"node","osm_element_id":7899349372,"sourceType":"openstreetmap","entityType":"modern-rail-station","geometryType":"Point","sourceGeometryType":"Point","network":"東急電鉄","station":null,"layer":null,"usage":null,"osm_way_id":null,"id":"station:node:7899349372","type":"station"},"geometry":{"type":"Point","coordinates":[139.7241399,35.6251373]}},{"type":"Feature","properties":{"railway":"station","name":"雪が谷大塚","name:ja":"雪が谷大塚","name:en":"Yukigaya-otsuka","operator":"東急電鉄","ref":"IK09","public_transport":"station","wikidata":"Q8060692","wikipedia":"ja:雪が谷大塚駅","osm_element_type":"node","osm_element_id":7899349374,"sourceType":"openstreetmap","entityType":"modern-rail-station","geometryType":"Point","sourceGeometryType":"Point","network":"東急電鉄","station":null,"layer":null,"usage":null,"osm_way_id":null,"id":"station:node:7899349374","type":"station"},"geometry":{"type":"Point","coordinates":[139.6810408,35.5919901]}},{"type":"Feature","properties":{"railway":"station","name":"荏原中延","name:ja":"荏原中延","name:en":"Ebara-nakanobu","operator":"東急電鉄","ref":"IK04","public_transport":"station","wikidata":"Q5331497","wikipedia":"ja:荏原中延駅","osm_element_type":"node","osm_element_id":7899349376,"sourceType":"openstreetmap","entityType":"modern-rail-station","geometryType":"Point","sourceGeometryType":"Point","network":"東急電鉄","station":null,"layer":null,"usage":null,"osm_way_id":null,"id":"station:node:7899349376","type":"station"},"geometry":{"type":"Point","coordinates":[139.7120054,35.6099457]}},{"type":"Feature","properties":{"railway":"station","name":"池上","name:ja":"池上","name:en":"Ikegami","operator":null,"ref":"IK13","public_transport":"station","wikidata":"Q5995781","wikipedia":"ja:池上駅","osm_element_type":"node","osm_element_id":7899349378,"sourceType":"openstreetmap","entityType":"modern-rail-station","geometryType":"Point","sourceGeometryType":"Point","network":null,"station":null,"layer":null,"usage":null,"osm_way_id":null,"id":"station:node:7899349378","type":"station"},"geometry":{"type":"Point","coordinates":[139.703049,35.5720205]}},{"type":"Feature","properties":{"railway":"station","name":"蓮沼","name:ja":"蓮沼","name:en":"Hasunuma","operator":"東急電鉄","ref":"IK14","public_transport":"station","wikidata":"Q5680732","wikipedia":"ja:蓮沼駅","osm_element_type":"node","osm_element_id":7899349379,"sourceType":"openstreetmap","entityType":"modern-rail-station","geometryType":"Point","sourceGeometryType":"Point","network":"東急電鉄","station":"light_rail","layer":null,"usage":null,"osm_way_id":null,"id":"station:node:7899349379","type":"station"},"geometry":{"type":"Point","coordinates":[139.70852,35.5642517]}},{"type":"Feature","properties":{"railway":"station","name":"千鳥町","name:ja":"千鳥町","name:en":"Chidoricho","operator":null,"ref":"IK12","public_transport":"station","wikidata":"Q5096628","wikipedia":"ja:千鳥町駅 (東京都)","osm_element_type":"node","osm_element_id":7899349381,"sourceType":"openstreetmap","entityType":"modern-rail-station","geometryType":"Point","sourceGeometryType":"Point","network":null,"station":null,"layer":null,"usage":null,"osm_way_id":null,"id":"station:node:7899349381","type":"station"},"geometry":{"type":"Point","coordinates":[139.6915805,35.5729144]}},{"type":"Feature","properties":{"railway":"station","name":"御嶽山","name:ja":"御嶽山","name:en":"Ontakesan","operator":"東急電鉄","ref":"IK10","public_transport":"station","wikidata":"Q7094574","wikipedia":"ja:御嶽山駅","osm_element_type":"node","osm_element_id":7899349382,"sourceType":"openstreetmap","entityType":"modern-rail-station","geometryType":"Point","sourceGeometryType":"Point","network":"東急電鉄","station":"light_rail","layer":null,"usage":null,"osm_way_id":null,"id":"station:node:7899349382","type":"station"},"geometry":{"type":"Point","coordinates":[139.6824718,35.5852523]}},{"type":"Feature","properties":{"railway":"station","name":"白金高輪","name:ja":"白金高輪","name:en":"Shirokane-takanawa","operator":"東京地下鉄","ref":"N03","public_transport":"station","wikidata":"Q112323","wikipedia":"ja:白金高輪駅","osm_element_type":"node","osm_element_id":7908619801,"sourceType":"openstreetmap","entityType":"modern-rail-station","geometryType":"Point","sourceGeometryType":"Point","network":"東京メトロ","station":"subway","layer":null,"usage":null,"osm_way_id":null,"id":"station:node:7908619801","type":"station"},"geometry":{"type":"Point","coordinates":[139.7341529,35.6429263]}},{"type":"Feature","properties":{"railway":"station","name":"泉岳寺","name:ja":"泉岳寺","name:en":"Sengakuji","operator":"京浜急行電鉄","ref":"A07","public_transport":"station","wikidata":"Q905742","wikipedia":"ja:泉岳寺駅","osm_element_type":"node","osm_element_id":7912711175,"sourceType":"openstreetmap","entityType":"modern-rail-station","geometryType":"Point","sourceGeometryType":"Point","network":null,"station":"subway","layer":null,"usage":null,"osm_way_id":null,"id":"station:node:7912711175","type":"station"},"geometry":{"type":"Point","coordinates":[139.7400118,35.6386825]}},{"type":"Feature","properties":{"railway":"station","name":"八広","name:ja":"八広","name:en":"Yahiro","operator":"京成電鉄","ref":"KS47","public_transport":"station","wikidata":"Q8015247","wikipedia":"ja:八広駅","osm_element_type":"node","osm_element_id":7913349582,"sourceType":"openstreetmap","entityType":"modern-rail-station","geometryType":"Point","sourceGeometryType":"Point","network":null,"station":null,"layer":null,"usage":null,"osm_way_id":null,"id":"station:node:7913349582","type":"station"},"geometry":{"type":"Point","coordinates":[139.8282344,35.727185]}},{"type":"Feature","properties":{"railway":"station","name":"四ツ木","name:ja":"四ツ木","name:en":"Yotsugi","operator":"京成電鉄","ref":"KS48","public_transport":"station","wikidata":"Q8015357","wikipedia":"ja:四ツ木駅","osm_element_type":"node","osm_element_id":7913349583,"sourceType":"openstreetmap","entityType":"modern-rail-station","geometryType":"Point","sourceGeometryType":"Point","network":null,"station":null,"layer":null,"usage":null,"osm_way_id":null,"id":"station:node:7913349583","type":"station"},"geometry":{"type":"Point","coordinates":[139.8348561,35.7317433]}},{"type":"Feature","properties":{"railway":"station","name":"京成立石","name:ja":"京成立石","name:en":"Keisei Tateishi","operator":"京成電鉄","ref":"KS49","public_transport":"station","wikidata":"Q5366765","wikipedia":"ja:京成立石駅","osm_element_type":"node","osm_element_id":7913349584,"sourceType":"openstreetmap","entityType":"modern-rail-station","geometryType":"Point","sourceGeometryType":"Point","network":"京成電鉄","station":null,"layer":null,"usage":null,"osm_way_id":null,"id":"station:node:7913349584","type":"station"},"geometry":{"type":"Point","coordinates":[139.8485055,35.7382678]}},{"type":"Feature","properties":{"railway":"station","name":"和光市","name:ja":"和光市","name:en":"Wakoshi","operator":"東武鉄道","ref":"TJ-11","public_transport":"station","wikidata":"Q128298","wikipedia":"ja:和光市駅","osm_element_type":"node","osm_element_id":7916302181,"sourceType":"openstreetmap","entityType":"modern-rail-station","geometryType":"Point","sourceGeometryType":"Point","network":"東武鉄道","station":null,"layer":null,"usage":null,"osm_way_id":null,"id":"station:node:7916302181","type":"station"},"geometry":{"type":"Point","coordinates":[139.6126538,35.7884181]}},{"type":"Feature","properties":{"railway":"station","name":"大門","name:ja":"大門","name:en":"Daimon","operator":"東京都交通局","ref":"E20","public_transport":"station","wikidata":"Q247129","wikipedia":"ja:大門駅 (東京都)","osm_element_type":"node","osm_element_id":7921767695,"sourceType":"openstreetmap","entityType":"modern-rail-station","geometryType":"Point","sourceGeometryType":"Point","network":"大江戸線","station":"subway","layer":null,"usage":null,"osm_way_id":null,"id":"station:node:7921767695","type":"station"},"geometry":{"type":"Point","coordinates":[139.7553648,35.6567438]}},{"type":"Feature","properties":{"railway":"station","name":"新日本橋","name:ja":"新日本橋","name:en":"Shin-Nihombashi","operator":"東日本旅客鉄道","ref":"JO20","public_transport":"station","wikidata":"Q844148","wikipedia":"ja:新日本橋駅","osm_element_type":"node","osm_element_id":7942251386,"sourceType":"openstreetmap","entityType":"modern-rail-station","geometryType":"Point","sourceGeometryType":"Point","network":null,"station":null,"layer":null,"usage":null,"osm_way_id":null,"id":"station:node:7942251386","type":"station"},"geometry":{"type":"Point","coordinates":[139.7741939,35.6890005]}},{"type":"Feature","properties":{"railway":"station","name":"馬喰町","name:ja":"馬喰町","name:en":"Bakurochō","operator":"東日本旅客鉄道","ref":"JO21","public_transport":"station","wikidata":"Q844182","wikipedia":"ja:馬喰町駅","osm_element_type":"node","osm_element_id":7942251391,"sourceType":"openstreetmap","entityType":"modern-rail-station","geometryType":"Point","sourceGeometryType":"Point","network":null,"station":null,"layer":null,"usage":null,"osm_way_id":null,"id":"station:node:7942251391","type":"station"},"geometry":{"type":"Point","coordinates":[139.7824352,35.6933714]}},{"type":"Feature","properties":{"railway":"station","name":"西小山","name:ja":"西小山","name:en":"Nishi-koyama","operator":null,"ref":"MG04","public_transport":"station","wikidata":"Q5370722","wikipedia":"ja:西小山駅","osm_element_type":"node","osm_element_id":7947512245,"sourceType":"openstreetmap","entityType":"modern-rail-station","geometryType":"Point","sourceGeometryType":"Point","network":null,"station":null,"layer":null,"usage":null,"osm_way_id":null,"id":"station:node:7947512245","type":"station"},"geometry":{"type":"Point","coordinates":[139.6987365,35.61547]}},{"type":"Feature","properties":{"railway":"station","name":"府中競馬正門前","name:ja":"府中競馬正門前","name:en":"Fuchukeiba-seimonmae","operator":"京王電鉄","ref":"KO46","public_transport":"station","wikidata":"Q4493753","wikipedia":"ja:府中競馬正門前駅","osm_element_type":"node","osm_element_id":7956324705,"sourceType":"openstreetmap","entityType":"modern-rail-station","geometryType":"Point","sourceGeometryType":"Point","network":null,"station":null,"layer":null,"usage":null,"osm_way_id":null,"id":"station:node:7956324705","type":"station"},"geometry":{"type":"Point","coordinates":[139.4847109,35.6684223]}},{"type":"Feature","properties":{"railway":"station","name":"上本郷","name:ja":"上本郷","name:en":"Kamihongo","operator":"京成電鉄","ref":"KS87","public_transport":"station","wikidata":"Q6357786","wikipedia":"ja:上本郷駅","osm_element_type":"node","osm_element_id":7962936959,"sourceType":"openstreetmap","entityType":"modern-rail-station","geometryType":"Point","sourceGeometryType":"Point","network":null,"station":null,"layer":null,"usage":null,"osm_way_id":null,"id":"station:node:7962936959","type":"station"},"geometry":{"type":"Point","coordinates":[139.9162363,35.7896751]}},{"type":"Feature","properties":{"railway":"station","name":"北国分","name:ja":"北国分","name:en":"Kita-Kokubun","operator":"北総鉄道","ref":"HS03","public_transport":"station","wikidata":"Q5366284","wikipedia":"ja:北国分駅","osm_element_type":"node","osm_element_id":7966050118,"sourceType":"openstreetmap","entityType":"modern-rail-station","geometryType":"Point","sourceGeometryType":"Point","network":null,"station":null,"layer":null,"usage":null,"osm_way_id":null,"id":"station:node:7966050118","type":"station"},"geometry":{"type":"Point","coordinates":[139.9140684,35.7629783]}},{"type":"Feature","properties":{"railway":"station","name":"矢切","name:ja":"矢切","name:en":"Yagiri","operator":"北総鉄道","ref":"HS02","public_transport":"station","wikidata":"Q5370868","wikipedia":"ja:矢切駅","osm_element_type":"node","osm_element_id":7966050120,"sourceType":"openstreetmap","entityType":"modern-rail-station","geometryType":"Point","sourceGeometryType":"Point","network":null,"station":null,"layer":null,"usage":null,"osm_way_id":null,"id":"station:node:7966050120","type":"station"},"geometry":{"type":"Point","coordinates":[139.9005501,35.7575055]}},{"type":"Feature","properties":{"railway":"station","name":"新柴又","name:ja":"新柴又","name:en":"Shin-Shibamata","operator":"北総鉄道","ref":"HS01","public_transport":"station","wikidata":"Q5370898","wikipedia":"ja:新柴又駅","osm_element_type":"node","osm_element_id":7966050122,"sourceType":"openstreetmap","entityType":"modern-rail-station","geometryType":"Point","sourceGeometryType":"Point","network":null,"station":null,"layer":null,"usage":null,"osm_way_id":null,"id":"station:node:7966050122","type":"station"},"geometry":{"type":"Point","coordinates":[139.8793606,35.7510711]}},{"type":"Feature","properties":{"railway":"station","name":"上井草","name:ja":"上井草","name:en":"Kami-Igusa","operator":null,"ref":"SS12","public_transport":"station","wikidata":"Q5973346","wikipedia":"ja:上井草駅","osm_element_type":"node","osm_element_id":7968982374,"sourceType":"openstreetmap","entityType":"modern-rail-station","geometryType":"Point","sourceGeometryType":"Point","network":null,"station":null,"layer":null,"usage":null,"osm_way_id":null,"id":"station:node:7968982374","type":"station"},"geometry":{"type":"Point","coordinates":[139.6030669,35.7252616]}},{"type":"Feature","properties":{"railway":"station","name":"武蔵関","name:ja":"武蔵関","name:en":"Musashi-Seki","operator":"西武鉄道","ref":"SS14","public_transport":"station","wikidata":"Q843304","wikipedia":"ja:武蔵関駅","osm_element_type":"node","osm_element_id":7975048240,"sourceType":"openstreetmap","entityType":"modern-rail-station","geometryType":"Point","sourceGeometryType":"Point","network":"西武鉄道","station":null,"layer":null,"usage":null,"osm_way_id":null,"id":"station:node:7975048240","type":"station"},"geometry":{"type":"Point","coordinates":[139.576787,35.7276304]}},{"type":"Feature","properties":{"railway":"station","name":"花小金井","name:ja":"花小金井","name:en":"Hana-Koganei","operator":"西武鉄道","ref":"SS18","public_transport":"station","wikidata":"Q5646738","wikipedia":"ja:花小金井駅","osm_element_type":"node","osm_element_id":7975077067,"sourceType":"openstreetmap","entityType":"modern-rail-station","geometryType":"Point","sourceGeometryType":"Point","network":null,"station":null,"layer":null,"usage":null,"osm_way_id":null,"id":"station:node:7975077067","type":"station"},"geometry":{"type":"Point","coordinates":[139.5132235,35.7261822]}},{"type":"Feature","properties":{"railway":"station","name":"東伏見","name:ja":"東伏見","name:en":"Higashi-Fushimi","operator":"西武鉄道","ref":"SS15","public_transport":"station","wikidata":"Q5753520","wikipedia":"ja:東伏見駅","osm_element_type":"node","osm_element_id":7975078848,"sourceType":"openstreetmap","entityType":"modern-rail-station","geometryType":"Point","sourceGeometryType":"Point","network":"西武鉄道","station":null,"layer":null,"usage":null,"osm_way_id":null,"id":"station:node:7975078848","type":"station"},"geometry":{"type":"Point","coordinates":[139.5642364,35.7287024]}},{"type":"Feature","properties":{"railway":"station","name":"下井草","name:ja":"下井草","name:en":"Shimo-Igusa","operator":"西武鉄道","ref":"SS10","public_transport":"station","wikidata":"Q843437","wikipedia":"ja:下井草駅","osm_element_type":"node","osm_element_id":7975088465,"sourceType":"openstreetmap","entityType":"modern-rail-station","geometryType":"Point","sourceGeometryType":"Point","network":"西武鉄道","station":null,"layer":null,"usage":null,"osm_way_id":null,"id":"station:node:7975088465","type":"station"},"geometry":{"type":"Point","coordinates":[139.6253354,35.7238306]}},{"type":"Feature","properties":{"railway":"station","name":"都立家政","name:ja":"都立家政","name:en":"Toritsu-Kasei","operator":"西武鉄道","ref":"SS08","public_transport":"station","wikidata":"Q843447","wikipedia":"ja:都立家政駅","osm_element_type":"node","osm_element_id":7975105177,"sourceType":"openstreetmap","entityType":"modern-rail-station","geometryType":"Point","sourceGeometryType":"Point","network":"西武鉄道","station":null,"layer":null,"usage":null,"osm_way_id":null,"id":"station:node:7975105177","type":"station"},"geometry":{"type":"Point","coordinates":[139.6446653,35.7224188]}},{"type":"Feature","properties":{"railway":"station","name":"西武柳沢","name:ja":"西武柳沢","name:en":"Seibu-Yagisawa","operator":"西武鉄道","ref":"SS16","public_transport":"station","wikidata":"Q8014478","wikipedia":"ja:西武柳沢駅","osm_element_type":"node","osm_element_id":7975108891,"sourceType":"openstreetmap","entityType":"modern-rail-station","geometryType":"Point","sourceGeometryType":"Point","network":null,"station":null,"layer":null,"usage":null,"osm_way_id":null,"id":"station:node:7975108891","type":"station"},"geometry":{"type":"Point","coordinates":[139.5525914,35.7286376]}},{"type":"Feature","properties":{"railway":"station","name":"上石神井","name:ja":"上石神井","name:en":"Kami-Shakujii","operator":"西武鉄道","ref":"SS13","public_transport":"station","wikidata":"Q842904","wikipedia":"ja:上石神井駅","osm_element_type":"node","osm_element_id":7975130445,"sourceType":"openstreetmap","entityType":"modern-rail-station","geometryType":"Point","sourceGeometryType":"Point","network":"西武鉄道","station":null,"layer":null,"usage":null,"osm_way_id":null,"id":"station:node:7975130445","type":"station"},"geometry":{"type":"Point","coordinates":[139.5925257,35.7261749]}},{"type":"Feature","properties":{"railway":"station","name":"小平","name:ja":"小平","name:en":"Kodaira","operator":"西武鉄道","ref":"SS19","public_transport":"station","wikidata":"Q6425085","wikipedia":"ja:小平駅","osm_element_type":"node","osm_element_id":7975136515,"sourceType":"openstreetmap","entityType":"modern-rail-station","geometryType":"Point","sourceGeometryType":"Point","network":null,"station":null,"layer":null,"usage":null,"osm_way_id":null,"id":"station:node:7975136515","type":"station"},"geometry":{"type":"Point","coordinates":[139.4882532,35.7370404]}},{"type":"Feature","properties":{"railway":"station","name":"田無","name:ja":"田無","name:en":"Tanashi","operator":"西武鉄道株式会社","ref":"SS17","public_transport":"station","wikidata":"Q843176","wikipedia":"ja:田無駅","osm_element_type":"node","osm_element_id":7975144904,"sourceType":"openstreetmap","entityType":"modern-rail-station","geometryType":"Point","sourceGeometryType":"Point","network":null,"station":null,"layer":null,"usage":null,"osm_way_id":null,"id":"station:node:7975144904","type":"station"},"geometry":{"type":"Point","coordinates":[139.5394387,35.7273146]}},{"type":"Feature","properties":{"railway":"station","name":"玉川上水","name:ja":"玉川上水","name:en":"Tamagawa-Josui","operator":"西武鉄道","ref":"SS33","public_transport":"station","wikidata":"Q842489","wikipedia":"ja:玉川上水駅","osm_element_type":"node","osm_element_id":7975158370,"sourceType":"openstreetmap","entityType":"modern-rail-station","geometryType":"Point","sourceGeometryType":"Point","network":"西武鉄道","station":null,"layer":null,"usage":null,"osm_way_id":null,"id":"station:node:7975158370","type":"station"},"geometry":{"type":"Point","coordinates":[139.4183493,35.7317831]}},{"type":"Feature","properties":{"railway":"station","name":"東大和市","name:ja":"東大和市","name:en":"Higashiyamatoshi","operator":null,"ref":null,"public_transport":"station","wikidata":"Q5754181","wikipedia":"ja:東大和市駅","osm_element_type":"node","osm_element_id":7975162849,"sourceType":"openstreetmap","entityType":"modern-rail-station","geometryType":"Point","sourceGeometryType":"Point","network":null,"station":null,"layer":null,"usage":null,"osm_way_id":null,"id":"station:node:7975162849","type":"station"},"geometry":{"type":"Point","coordinates":[139.4345214,35.7328898]}},{"type":"Feature","properties":{"railway":"station","name":"久米川","name:ja":"久米川","name:en":"Kumegawa","operator":"西武鉄道","ref":"SS20","public_transport":"station","wikidata":"Q6443795","wikipedia":"ja:久米川駅","osm_element_type":"node","osm_element_id":7975166907,"sourceType":"openstreetmap","entityType":"modern-rail-station","geometryType":"Point","sourceGeometryType":"Point","network":"西武鉄道","station":null,"layer":null,"usage":null,"osm_way_id":null,"id":"station:node:7975166907","type":"station"},"geometry":{"type":"Point","coordinates":[139.4725702,35.7496668]}},{"type":"Feature","properties":{"railway":"station","name":"新所沢","name:ja":"新所沢","name:en":"Shin-Tokorozawa","operator":"西武鉄道","ref":"SS24","public_transport":"station","wikidata":"Q7497140","wikipedia":"ja:新所沢駅","osm_element_type":"node","osm_element_id":7975170093,"sourceType":"openstreetmap","entityType":"modern-rail-station","geometryType":"Point","sourceGeometryType":"Point","network":"西武鉄道","station":null,"layer":null,"usage":null,"osm_way_id":null,"id":"station:node:7975170093","type":"station"},"geometry":{"type":"Point","coordinates":[139.4561526,35.8066745]}},{"type":"Feature","properties":{"railway":"station","name":"鷺ノ宮","name:ja":"鷺ノ宮","name:en":"Saginomiya","operator":"西武鉄道","ref":"SS09","public_transport":"station","wikidata":"Q843170","wikipedia":"ja:鷺ノ宮駅","osm_element_type":"node","osm_element_id":7978376605,"sourceType":"openstreetmap","entityType":"modern-rail-station","geometryType":"Point","sourceGeometryType":"Point","network":"西武鉄道","station":null,"layer":null,"usage":null,"osm_way_id":null,"id":"station:node:7978376605","type":"station"},"geometry":{"type":"Point","coordinates":[139.639543,35.7226521]}},{"type":"Feature","properties":{"railway":"station","name":"航空公園","name:ja":"航空公園","name:en":"Koku-koen","operator":"西武鉄道","ref":"SS23","public_transport":"station","wikidata":"Q6455205","wikipedia":"ja:航空公園駅","osm_element_type":"node","osm_element_id":7978379439,"sourceType":"openstreetmap","entityType":"modern-rail-station","geometryType":"Point","sourceGeometryType":"Point","network":"西武鉄道","station":null,"layer":null,"usage":null,"osm_way_id":null,"id":"station:node:7978379439","type":"station"},"geometry":{"type":"Point","coordinates":[139.4656794,35.7983033]}},{"type":"Feature","properties":{"railway":"station","name":"西武園","name:ja":"西武園","name:en":"Seibuen","operator":"西武鉄道","ref":"SK06","public_transport":"station","wikidata":"Q7446611","wikipedia":"ja:西武園駅","osm_element_type":"node","osm_element_id":7978957090,"sourceType":"openstreetmap","entityType":"modern-rail-station","geometryType":"Point","sourceGeometryType":"Point","network":null,"station":null,"layer":null,"usage":null,"osm_way_id":null,"id":"station:node:7978957090","type":"station"},"geometry":{"type":"Point","coordinates":[139.4487827,35.7678406]}},{"type":"Feature","properties":{"railway":"station","name":"押上〈スカイツリー前〉","name:ja":null,"name:en":"Oshiage 'SKYTREE'","operator":null,"ref":null,"public_transport":"station","wikidata":"Q80545","wikipedia":"ja:押上駅","osm_element_type":"node","osm_element_id":7992223096,"sourceType":"openstreetmap","entityType":"modern-rail-station","geometryType":"Point","sourceGeometryType":"Point","network":null,"station":"subway","layer":null,"usage":null,"osm_way_id":null,"id":"station:node:7992223096","type":"station"},"geometry":{"type":"Point","coordinates":[139.8128217,35.7106337]}},{"type":"Feature","properties":{"railway":"station","name":"鷹の台","name:ja":"鷹の台","name:en":"Takanodai","operator":"西武鉄道","ref":"SK03","public_transport":"station","wikidata":"Q7677190","wikipedia":"ja:鷹の台駅","osm_element_type":"node","osm_element_id":8015227851,"sourceType":"openstreetmap","entityType":"modern-rail-station","geometryType":"Point","sourceGeometryType":"Point","network":null,"station":null,"layer":null,"usage":null,"osm_way_id":null,"id":"station:node:8015227851","type":"station"},"geometry":{"type":"Point","coordinates":[139.4612022,35.7234533]}},{"type":"Feature","properties":{"railway":"station","name":"恋ヶ窪","name:ja":"恋ヶ窪","name:en":"Koigakubo","operator":"西武鉄道","ref":"SK02","public_transport":"station","wikidata":"Q6426270","wikipedia":"ja:恋ヶ窪駅","osm_element_type":"node","osm_element_id":8025693699,"sourceType":"openstreetmap","entityType":"modern-rail-station","geometryType":"Point","sourceGeometryType":"Point","network":null,"station":null,"layer":null,"usage":null,"osm_way_id":null,"id":"station:node:8025693699","type":"station"},"geometry":{"type":"Point","coordinates":[139.4640507,35.7113064]}},{"type":"Feature","properties":{"railway":"station","name":"東京ディズニーシー・ステーション","name:ja":"東京ディズニーシー・ステーション","name:en":"Tokyo DisneySea Station","operator":null,"ref":null,"public_transport":"station","wikidata":"Q5368690","wikipedia":"ja:東京ディズニーシー・ステーション駅","osm_element_type":"node","osm_element_id":8073893291,"sourceType":"openstreetmap","entityType":"modern-rail-station","geometryType":"Point","sourceGeometryType":"Point","network":null,"station":"monorail","layer":null,"usage":null,"osm_way_id":null,"id":"station:node:8073893291","type":"station"},"geometry":{"type":"Point","coordinates":[139.8895705,35.6274495]}},{"type":"Feature","properties":{"railway":"station","name":"ベイサイド・ステーション","name:ja":"ベイサイド・ステーション","name:en":"Bay Side Station","operator":null,"ref":null,"public_transport":"station","wikidata":"Q5368692","wikipedia":"ja:ベイサイド・ステーション駅","osm_element_type":"node","osm_element_id":8073893292,"sourceType":"openstreetmap","entityType":"modern-rail-station","geometryType":"Point","sourceGeometryType":"Point","network":null,"station":"monorail","layer":null,"usage":null,"osm_way_id":null,"id":"station:node:8073893292","type":"station"},"geometry":{"type":"Point","coordinates":[139.8763686,35.6278844]}},{"type":"Feature","properties":{"railway":"station","name":"東京ディズニーランド・ステーション","name:ja":"東京ディズニーランド・ステーション","name:en":"Tokyo Disneyland Station","operator":null,"ref":null,"public_transport":"station","wikidata":"Q5367499","wikipedia":"ja:東京ディズニーランド・ステーション駅","osm_element_type":"node","osm_element_id":8073893293,"sourceType":"openstreetmap","entityType":"modern-rail-station","geometryType":"Point","sourceGeometryType":"Point","network":null,"station":"monorail","layer":null,"usage":null,"osm_way_id":null,"id":"station:node:8073893293","type":"station"},"geometry":{"type":"Point","coordinates":[139.8786741,35.6359285]}},{"type":"Feature","properties":{"railway":"station","name":"武蔵引田","name:ja":"武蔵引田","name:en":"Musashi-Hikida","operator":null,"ref":null,"public_transport":"station","wikidata":"Q6940130","wikipedia":"ja:武蔵引田駅","osm_element_type":"node","osm_element_id":8089447339,"sourceType":"openstreetmap","entityType":"modern-rail-station","geometryType":"Point","sourceGeometryType":"Point","network":null,"station":null,"layer":null,"usage":null,"osm_way_id":null,"id":"station:node:8089447339","type":"station"},"geometry":{"type":"Point","coordinates":[139.2701831,35.7297501]}},{"type":"Feature","properties":{"railway":"station","name":"多磨","name:ja":"多磨","name:en":"Tama","operator":"西武鉄道","ref":"SW03","public_transport":"station","wikidata":"Q5368661","wikipedia":"ja:多磨駅","osm_element_type":"node","osm_element_id":8128277679,"sourceType":"openstreetmap","entityType":"modern-rail-station","geometryType":"Point","sourceGeometryType":"Point","network":"西武鉄道","station":null,"layer":null,"usage":null,"osm_way_id":null,"id":"station:node:8128277679","type":"station"},"geometry":{"type":"Point","coordinates":[139.5170281,35.6765958]}},{"type":"Feature","properties":{"railway":"station","name":"白糸台","name:ja":"白糸台","name:en":"Shiraitodai","operator":"西武鉄道","ref":"SW04","public_transport":"station","wikidata":"Q5368205","wikipedia":"ja:白糸台駅","osm_element_type":"node","osm_element_id":8128277680,"sourceType":"openstreetmap","entityType":"modern-rail-station","geometryType":"Point","sourceGeometryType":"Point","network":"西武鉄道","station":null,"layer":null,"usage":null,"osm_way_id":null,"id":"station:node:8128277680","type":"station"},"geometry":{"type":"Point","coordinates":[139.5098139,35.6664784]}},{"type":"Feature","properties":{"railway":"station","name":"競艇場前","name:ja":"競艇場前","name:en":"Kyoteijo-mae","operator":"西武鉄道","ref":"SW05","public_transport":"station","wikidata":"Q5368927","wikipedia":"ja:競艇場前駅 (東京都)","osm_element_type":"node","osm_element_id":8128277681,"sourceType":"openstreetmap","entityType":"modern-rail-station","geometryType":"Point","sourceGeometryType":"Point","network":"西武鉄道","station":null,"layer":null,"usage":null,"osm_way_id":null,"id":"station:node:8128277681","type":"station"},"geometry":{"type":"Point","coordinates":[139.4995827,35.6562077]}},{"type":"Feature","properties":{"railway":"station","name":"新小金井","name:ja":"新小金井","name:en":"Shin-Koganei","operator":"西武鉄道","ref":"SW02","public_transport":"station","wikidata":"Q5368666","wikipedia":"ja:新小金井駅","osm_element_type":"node","osm_element_id":8128277682,"sourceType":"openstreetmap","entityType":"modern-rail-station","geometryType":"Point","sourceGeometryType":"Point","network":"西武鉄道","station":null,"layer":null,"usage":null,"osm_way_id":null,"id":"station:node:8128277682","type":"station"},"geometry":{"type":"Point","coordinates":[139.5265006,35.6956595]}},{"type":"Feature","properties":{"railway":"station","name":"こどもの国","name:ja":"こどもの国","name:en":"Kodomonokuni","operator":"東急電鉄","ref":"KD03","public_transport":"station","wikidata":"Q6425421","wikipedia":"ja:こどもの国駅 (神奈川県)","osm_element_type":"node","osm_element_id":8317640068,"sourceType":"openstreetmap","entityType":"modern-rail-station","geometryType":"Point","sourceGeometryType":"Point","network":"こどもの国線","station":null,"layer":null,"usage":null,"osm_way_id":null,"id":"station:node:8317640068","type":"station"},"geometry":{"type":"Point","coordinates":[139.4864894,35.558128]}},{"type":"Feature","properties":{"railway":"station","name":"南橋本","name:ja":"南橋本","name:en":"Minami-Hashimoto","operator":"東日本旅客鉄道","ref":null,"public_transport":"station","wikidata":"Q6862886","wikipedia":"ja:南橋本駅","osm_element_type":"node","osm_element_id":8856750411,"sourceType":"openstreetmap","entityType":"modern-rail-station","geometryType":"Point","sourceGeometryType":"Point","network":null,"station":null,"layer":null,"usage":null,"osm_way_id":null,"id":"station:node:8856750411","type":"station"},"geometry":{"type":"Point","coordinates":[139.3525575,35.5801657]}},{"type":"Feature","properties":{"railway":"station","name":"旗の台","name:ja":"旗の台","name:en":"Hatanodai","operator":null,"ref":"IK05","public_transport":"station","wikidata":"Q852281","wikipedia":"ja:旗の台駅","osm_element_type":"node","osm_element_id":9216207028,"sourceType":"openstreetmap","entityType":"modern-rail-station","geometryType":"Point","sourceGeometryType":"Point","network":"東急電鉄","station":null,"layer":null,"usage":null,"osm_way_id":null,"id":"station:node:9216207028","type":"station"},"geometry":{"type":"Point","coordinates":[139.7033846,35.6051865]}},{"type":"Feature","properties":{"railway":"halt","name":"駐車場","name:ja":null,"name:en":null,"operator":null,"ref":null,"public_transport":null,"wikidata":null,"wikipedia":null,"osm_element_type":"node","osm_element_id":9706383884,"sourceType":"openstreetmap","entityType":"modern-rail-station","geometryType":"Point","sourceGeometryType":"Point","network":null,"station":"funicular","layer":null,"usage":null,"osm_way_id":null,"id":"station:node:9706383884","type":"station"},"geometry":{"type":"Point","coordinates":[139.8031377,35.7170993]}},{"type":"Feature","properties":{"railway":"halt","name":"本堂","name:ja":null,"name:en":null,"operator":null,"ref":null,"public_transport":null,"wikidata":null,"wikipedia":null,"osm_element_type":"node","osm_element_id":9706383887,"sourceType":"openstreetmap","entityType":"modern-rail-station","geometryType":"Point","sourceGeometryType":"Point","network":null,"station":"funicular","layer":null,"usage":null,"osm_way_id":null,"id":"station:node:9706383887","type":"station"},"geometry":{"type":"Point","coordinates":[139.8030384,35.7172147]}},{"type":"Feature","properties":{"railway":"station","name":"永田町","name:ja":"永田町","name:en":"Nagatacho","operator":null,"ref":null,"public_transport":"station","wikidata":null,"wikipedia":null,"osm_element_type":"node","osm_element_id":10113292369,"sourceType":"openstreetmap","entityType":"modern-rail-station","geometryType":"Point","sourceGeometryType":"Point","network":null,"station":"subway","layer":null,"usage":null,"osm_way_id":null,"id":"station:node:10113292369","type":"station"},"geometry":{"type":"Point","coordinates":[139.7389145,35.6784518]}},{"type":"Feature","properties":{"railway":"station","name":"北千住","name:ja":"北千住","name:en":"Kita-Senju","operator":"東武鉄道;東京地下鉄","ref":"TS09;H22","public_transport":"station","wikidata":"Q801026","wikipedia":"ja:北千住駅","osm_element_type":"node","osm_element_id":10115801078,"sourceType":"openstreetmap","entityType":"modern-rail-station","geometryType":"Point","sourceGeometryType":"Point","network":null,"station":"subway","layer":null,"usage":null,"osm_way_id":null,"id":"station:node:10115801078","type":"station"},"geometry":{"type":"Point","coordinates":[139.8054115,35.7495017]}},{"type":"Feature","properties":{"railway":"station","name":"拝島","name:ja":"拝島","name:en":"Haijima","operator":"西武鉄道","ref":null,"public_transport":"station","wikidata":"Q1065988","wikipedia":"ja:拝島駅","osm_element_type":"node","osm_element_id":10115936875,"sourceType":"openstreetmap","entityType":"modern-rail-station","geometryType":"Point","sourceGeometryType":"Point","network":"西武拝島線","station":null,"layer":null,"usage":null,"osm_way_id":null,"id":"station:node:10115936875","type":"station"},"geometry":{"type":"Point","coordinates":[139.3441581,35.7213446]}},{"type":"Feature","properties":{"railway":"station","name":"永田町","name:ja":"永田町","name:en":"Nagatacho","operator":null,"ref":null,"public_transport":"station","wikidata":null,"wikipedia":null,"osm_element_type":"node","osm_element_id":11047386279,"sourceType":"openstreetmap","entityType":"modern-rail-station","geometryType":"Point","sourceGeometryType":"Point","network":null,"station":"subway","layer":null,"usage":null,"osm_way_id":null,"id":"station:node:11047386279","type":"station"},"geometry":{"type":"Point","coordinates":[139.7391968,35.6785619]}},{"type":"Feature","properties":{"railway":"station","name":"東京","name:ja":"東京","name:en":"Tokyo","operator":"東日本旅客鉄道","ref":null,"public_transport":"station","wikidata":null,"wikipedia":null,"osm_element_type":"node","osm_element_id":11329319854,"sourceType":"openstreetmap","entityType":"modern-rail-station","geometryType":"Point","sourceGeometryType":"Point","network":null,"station":null,"layer":null,"usage":null,"osm_way_id":null,"id":"station:node:11329319854","type":"station"},"geometry":{"type":"Point","coordinates":[139.7674549,35.6811412]}},{"type":"Feature","properties":{"railway":"station","name":"東京","name:ja":"東京","name:en":"Tokyo","operator":"東海旅客鉄道","ref":null,"public_transport":"station","wikidata":null,"wikipedia":null,"osm_element_type":"node","osm_element_id":11329319855,"sourceType":"openstreetmap","entityType":"modern-rail-station","geometryType":"Point","sourceGeometryType":"Point","network":null,"station":null,"layer":null,"usage":null,"osm_way_id":null,"id":"station:node:11329319855","type":"station"},"geometry":{"type":"Point","coordinates":[139.7679859,35.6809626]}},{"type":"Feature","properties":{"railway":"halt","name":"寺務所","name:ja":null,"name:en":null,"operator":null,"ref":null,"public_transport":null,"wikidata":null,"wikipedia":null,"osm_element_type":"node","osm_element_id":12346011982,"sourceType":"openstreetmap","entityType":"modern-rail-station","geometryType":"Point","sourceGeometryType":"Point","network":null,"station":"funicular","layer":null,"usage":null,"osm_way_id":null,"id":"station:node:12346011982","type":"station"},"geometry":{"type":"Point","coordinates":[139.8030606,35.7171649]}},{"type":"Feature","properties":{"railway":"station","name":"大田","name:ja":"大田","name:en":null,"operator":"東日本旅客鉄道株式会社","ref":"KTC01","public_transport":"station","wikidata":null,"wikipedia":null,"osm_element_type":"node","osm_element_id":12985575683,"sourceType":"openstreetmap","entityType":"modern-rail-station","geometryType":"Point","sourceGeometryType":"Point","network":null,"station":null,"layer":null,"usage":"training","osm_way_id":null,"id":"station:node:12985575683","type":"station"},"geometry":{"type":"Point","coordinates":[139.7136914,35.5574873]}},{"type":"Feature","properties":{"railway":"station","name":"志茂田","name:ja":"志茂田","name:en":null,"operator":"東日本旅客鉄道株式会社","ref":"KTC02","public_transport":"station","wikidata":null,"wikipedia":null,"osm_element_type":"node","osm_element_id":12985575684,"sourceType":"openstreetmap","entityType":"modern-rail-station","geometryType":"Point","sourceGeometryType":"Point","network":null,"station":null,"layer":null,"usage":"training","osm_way_id":null,"id":"station:node:12985575684","type":"station"},"geometry":{"type":"Point","coordinates":[139.7120039,35.5565786]}},{"type":"Feature","properties":{"railway":"station","name":"武蔵境","name:ja":"武蔵境","name:en":"Musashi-Sakai","operator":"西武鉄道","ref":"SW01","public_transport":"station","wikidata":"Q137550","wikipedia":"ja:武蔵境駅","osm_element_type":"node","osm_element_id":13377879021,"sourceType":"openstreetmap","entityType":"modern-rail-station","geometryType":"Point","sourceGeometryType":"Point","network":null,"station":null,"layer":null,"usage":null,"osm_way_id":null,"id":"station:node:13377879021","type":"station"},"geometry":{"type":"Point","coordinates":[139.5440469,35.7019536]}},{"type":"Feature","properties":{"railway":"station","name":"東京","name:ja":"東京","name:en":"Tokyo","operator":"東日本旅客鉄道","ref":null,"public_transport":"station","wikidata":null,"wikipedia":null,"osm_element_type":"node","osm_element_id":13731947846,"sourceType":"openstreetmap","entityType":"modern-rail-station","geometryType":"Point","sourceGeometryType":"Point","network":"京葉線","station":null,"layer":null,"usage":null,"osm_way_id":null,"id":"station:node:13731947846","type":"station"},"geometry":{"type":"Point","coordinates":[139.7651006,35.6776775]}},{"type":"Feature","properties":{"railway":"station","name":"武蔵小杉","name:ja":"武蔵小杉","name:en":"Musashi-Kosugi","operator":"東日本旅客鉄道","ref":"MKG","public_transport":"station","wikidata":"Q801207","wikipedia":"ja:武蔵小杉駅","osm_element_type":"node","osm_element_id":13733834130,"sourceType":"openstreetmap","entityType":"modern-rail-station","geometryType":"Point","sourceGeometryType":"Point","network":null,"station":null,"layer":null,"usage":null,"osm_way_id":null,"id":"station:node:13733834130","type":"station"},"geometry":{"type":"Point","coordinates":[139.6636134,35.5741154]}},{"type":"Feature","properties":{"railway":"station","name":"名称不明駅","name:ja":null,"name:en":null,"operator":null,"ref":null,"public_transport":"station","wikidata":null,"wikipedia":null,"osm_element_type":"way","osm_element_id":528313640,"sourceType":"openstreetmap","entityType":"modern-rail-station","geometryType":"Point","sourceGeometryType":"Polygon","network":null,"station":null,"layer":"1","usage":null,"osm_way_id":528313640.0,"id":"station:way:528313640","type":"station"},"geometry":{"type":"Point","coordinates":[139.69535672933355,35.72654102222002]}},{"type":"Feature","properties":{"railway":"halt","name":"名称不明駅","name:ja":null,"name:en":null,"operator":null,"ref":null,"public_transport":"station","wikidata":null,"wikipedia":null,"osm_element_type":"way","osm_element_id":1009652562,"sourceType":"openstreetmap","entityType":"modern-rail-station","geometryType":"Point","sourceGeometryType":"Polygon","network":null,"station":null,"layer":null,"usage":null,"osm_way_id":1009652562.0,"id":"station:way:1009652562","type":"station"},"geometry":{"type":"Point","coordinates":[139.36688293198793,35.60190226796297]}},{"type":"Feature","properties":{"railway":"halt","name":"名称不明駅","name:ja":null,"name:en":null,"operator":null,"ref":null,"public_transport":"station","wikidata":null,"wikipedia":null,"osm_element_type":"way","osm_element_id":1107571717,"sourceType":"openstreetmap","entityType":"modern-rail-station","geometryType":"Point","sourceGeometryType":"Polygon","network":null,"station":null,"layer":"-1","usage":null,"osm_way_id":1107571717.0,"id":"station:way:1107571717","type":"station"},"geometry":{"type":"Point","coordinates":[139.51934508954557,35.771757898252766]}},{"type":"Feature","properties":{"railway":"halt","name":"名称不明駅","name:ja":null,"name:en":null,"operator":null,"ref":null,"public_transport":"station","wikidata":null,"wikipedia":null,"osm_element_type":"way","osm_element_id":1107571719,"sourceType":"openstreetmap","entityType":"modern-rail-station","geometryType":"Point","sourceGeometryType":"Polygon","network":null,"station":null,"layer":"1","usage":null,"osm_way_id":1107571719.0,"id":"station:way:1107571719","type":"station"},"geometry":{"type":"Point","coordinates":[139.52011833220743,35.77215930068028]}},{"type":"Feature","properties":{"railway":"station","name":"新高島平","name:ja":null,"name:en":"Shin-Takashimadaira","operator":null,"ref":null,"public_transport":"station","wikidata":null,"wikipedia":null,"osm_element_type":"relation","osm_element_id":2700440,"sourceType":"openstreetmap","entityType":"modern-rail-station","geometryType":"Point","sourceGeometryType":"MultiLineString","network":null,"station":null,"layer":null,"usage":null,"osm_way_id":null,"id":"station:relation:2700440","type":"station"},"geometry":{"type":"Point","coordinates":[139.6541718129032,35.7902434]}},{"type":"Feature","properties":{"railway":"station","name":"西高島平","name:ja":"西高島平","name:en":"Nishi-Takashimadaira","operator":null,"ref":null,"public_transport":null,"wikidata":null,"wikipedia":null,"osm_element_type":"relation","osm_element_id":2700441,"sourceType":"openstreetmap","entityType":"modern-rail-station","geometryType":"Point","sourceGeometryType":"MultiLineString","network":null,"station":null,"layer":null,"usage":null,"osm_way_id":null,"id":"station:relation:2700441","type":"station"},"geometry":{"type":"Point","coordinates":[139.64562872000002,35.79190486142857]}}]}
