{"type":"FeatureCollection","features":[{"type":"Feature","properties":{"id":"jp-national-20","name":"甲州街道","aliases":[],"type":"road","entityType":"statutory-road","jurisdiction":"Tokyo","roadClass":"national","geometrySource":"osm","source":["OpenStreetMap"],"license":"ODbL 1.0","confidence":"high","note":"OSM reference geometry used to identify and validate the canonical road.","provenance":{"provider":"cache","path":"data/cache/osm/references/jp-national-20-osm.geojson","cachedCoverageBoundsWgs84":[139.0,35.333333333,140.0,36.0],"workingBoundsWgs84":[139.0,35.333333333,140.0,36.0]}},"geometry":{"type":"MultiLineString","coordinates":[[[139.6965518,35.68774169999999],[139.6967952,35.687842],[139.6977205,35.688188700000005],[139.6978604,35.68824120000001],[139.6985254,35.688486000000005],[139.698699,35.6885573],[139.6987493,35.68857800000001],[139.6989409,35.688652]],[[139.7657432,35.6848263],[139.7659144,35.6847877],[139.7662817,35.68470239999999],[139.76733700000003,35.6844689],[139.7673977,35.6844554],[139.767679,35.684397000000004]],[[139.7595376,35.6751235],[139.7596438,35.675236399999996],[139.7598043,35.675442399999994],[139.7598248,35.675472],[139.7598785,35.67559130000001],[139.7600154,35.6759803],[139.76028930000004,35.676747],[139.7608255,35.6782792],[139.760847,35.6783405],[139.7608863,35.67848390000001],[139.76092,35.6786056]],[[139.7159426,35.6875692],[139.7161022,35.6876033],[139.7166772,35.6876765],[139.7168989,35.687704700000005],[139.7177048,35.687785299999994],[139.7178035,35.6877952],[139.7179615,35.6878113],[139.718636,35.6878726],[139.7194137,35.6879429],[139.7200826,35.68799670000001],[139.7201637,35.688003200000004],[139.7203019,35.688017200000004]],[[139.328711,35.660316],[139.3285805,35.6603271],[139.3274457,35.6604239],[139.3273961,35.660428100000004],[139.327331,35.66043369999999],[139.3266485,35.660491900000004],[139.325638,35.6605781],[139.3255516,35.660585400000016],[139.3254603,35.66059320000001],[139.325087,35.660625],[139.3247723,35.6606519],[139.3246282,35.6606642],[139.3241644,35.6607037],[139.3238174,35.66073329999999],[139.3234198,35.6607672],[139.323311,35.660776500000004]],[[139.7736924,35.6826018],[139.7737621,35.68271420000001],[139.77391460000004,35.68296130000001],[139.77416530000002,35.6833708],[139.7741937,35.68341720000001],[139.77425290000002,35.6835246]],[[139.7737674,35.6825677],[139.7737122,35.68248139999999]],[[139.7535512,35.67777950000001],[139.7536856,35.6777266],[139.7552575,35.6770635],[139.7556373,35.67690220000001],[139.7558753,35.6768011]],[[139.6619624,35.6728153],[139.6608249,35.6725272],[139.6606424,35.672481000000005],[139.6604752,35.6724383],[139.6591646,35.6721039]],[[139.7148242,35.6872271],[139.7141127,35.6871439],[139.7136926,35.6871056],[139.7131032,35.6870807],[139.7125516,35.6871113],[139.711925,35.6871981],[139.7105157,35.6875165],[139.7096366,35.68775010000001],[139.7089324,35.688011],[139.707034,35.6888778],[139.7061259,35.68940370000001]],[[139.7505725,35.6772654],[139.7507196,35.6772597],[139.7508515,35.6772627],[139.7511113,35.67728460000001],[139.7513418,35.67731839999999],[139.7516344,35.6773807],[139.7521327,35.6775234],[139.7525558,35.677669],[139.7529539,35.6777796],[139.7530159,35.6777968],[139.7530487,35.6778046],[139.7530829,35.6778117],[139.7531161,35.6778166],[139.7531522,35.67782],[139.7531905,35.6778226],[139.7532321,35.677823700000005],[139.7533097,35.677823],[139.7533493,35.6778225],[139.7533785,35.67782090000001],[139.7534013,35.67781810000001],[139.7534268,35.67781420000001],[139.7535512,35.67777950000001]],[[139.3473372,35.660962600000005],[139.3471733,35.6607876],[139.3471046,35.660714399999996]],[[139.3335883,35.6599554],[139.3334639,35.65996450000001],[139.3327602,35.66001630000001],[139.3312576,35.66012680000001],[139.3302031,35.6602043],[139.3301034,35.6602116],[139.3289212,35.660298499999996],[139.3287911,35.660308099999995]],[[139.4524398,35.676315300000006],[139.4523857,35.676343],[139.4517857,35.6766873],[139.4513264,35.6769416],[139.451067,35.67708340000001],[139.4508977,35.6771769]],[[139.4468434,35.675971],[139.4470482,35.676014],[139.44711230000001,35.6760289],[139.4471755,35.67604380000001],[139.4474364,35.676111399999996],[139.4476265,35.676169800000004],[139.447842,35.6762423]],[[139.4380524,35.6757616],[139.4367546,35.67575510000001]],[[139.4331172,35.675767799999996],[139.4327782,35.675766499999995],[139.43228,35.6757619],[139.4321207,35.67575790000001],[139.4319519,35.6757511],[139.4317867,35.6757385],[139.4316222,35.675721800000005],[139.43145770000004,35.67569900000001],[139.4313042,35.67567439999999],[139.4311405,35.6756441],[139.4310445,35.6756252]],[[139.4309858,35.6756985],[139.4311849,35.6757382],[139.431346,35.6757627],[139.431509,35.67578540000001],[139.4316746,35.67580590000001],[139.4318376,35.67582180000001],[139.4320041,35.675834099999996],[139.4321787,35.67584250000001],[139.4323356,35.6758459],[139.4325021,35.675848400000014],[139.432677,35.675848200000004],[139.432858,35.6758481],[139.4331791,35.6758471]],[[139.4310445,35.6756252],[139.4308282,35.6755749],[139.4306642,35.675532100000005],[139.4305057,35.6754874],[139.43034940000004,35.6754362],[139.43018540000003,35.675377600000004],[139.4296262,35.6751456],[139.4289663,35.674819199999995],[139.4279802,35.6742882],[139.4269381,35.6737497],[139.425339,35.67289409999999],[139.423512,35.6719472]],[[139.423456,35.6720135],[139.4251987,35.6729209],[139.4268784,35.6738107],[139.4282537,35.674529199999995],[139.42923,35.6750418],[139.4295101,35.6751807],[139.4296531,35.67524709999999],[139.4298091,35.6753165],[139.4299466,35.6753734],[139.4300859,35.6754289],[139.4302276,35.6754825],[139.4305453,35.6755854],[139.4307124,35.6756313],[139.4309858,35.6756985]],[[139.4204871,35.6703986],[139.4203919,35.67036290000001],[139.4203122,35.6703359],[139.4200033,35.6702341],[139.4198448,35.67019],[139.4195236,35.6701153],[139.4191871,35.67003840000001],[139.4190565,35.670013],[139.4189146,35.6699861],[139.4186326,35.6699486],[139.4184067,35.669925000000006],[139.4182329,35.669914],[139.4180784,35.669903299999994],[139.4179442,35.66989759999999],[139.4176484,35.6698918],[139.4174922,35.6698887],[139.4171168,35.6698877],[139.4166154,35.66989],[139.4162867,35.66989389999999],[139.4158407,35.6698916],[139.4151135,35.6698867],[139.4147754,35.66988460000001],[139.4143882,35.6698798],[139.4134642,35.6698743],[139.4129771,35.6698644],[139.4126676,35.66985659999999],[139.4123779,35.6698526],[139.4122256,35.669854],[139.4118061,35.66984889999999],[139.4111419,35.66985489999999],[139.4109739,35.669857900000004],[139.4108128,35.66985519999999],[139.410064,35.6698506],[139.4093462,35.6698327],[139.4091871,35.669832899999996],[139.4088162,35.6698269],[139.4086075,35.6698226]],[[139.3851104,35.6683459],[139.3858062,35.66847],[139.3860253,35.6684996],[139.3863289,35.6685404],[139.386823,35.668605],[139.388209,35.668785400000004],[139.3892082,35.668913700000004],[139.3897134,35.6689761],[139.3898969,35.66899539999999],[139.3900418,35.669005],[139.390176,35.66901029999999],[139.3902297,35.66900940000001]],[[139.6230501,35.67070609999999],[139.62316910000004,35.6706938],[139.62327,35.6706844],[139.6233516,35.6706768],[139.6239654,35.67060179999999],[139.6241687,35.67059139999999],[139.6243082,35.6705843],[139.62491150000002,35.6705772],[139.6249833,35.6705708],[139.6251348,35.6705609]],[[139.2814968,35.6428883],[139.2813313,35.6428288],[139.2812682,35.64280960000001],[139.28092280000004,35.6427061],[139.2807238,35.642656300000006],[139.2805239,35.64261320000001],[139.2802929,35.6425725],[139.2802017,35.642556400000004]],[[139.2542355,35.619222],[139.2541193,35.61920369999999],[139.2538902,35.6191431],[139.2535933,35.6190228]],[[139.236964,35.62030149999999],[139.2366324,35.6204979],[139.2365574,35.6205388]],[[139.2277941,35.6207458],[139.2275774,35.62048649999999],[139.2274789,35.620401699999995],[139.227408,35.6203507],[139.2273041,35.620291699999996],[139.2272186,35.620262700000005],[139.2271056,35.62024490000001],[139.2267514,35.62022],[139.2260975,35.620160500000004],[139.2258867,35.62014219999999],[139.225796,35.6201474],[139.2257053,35.6201668],[139.2256244,35.6202012],[139.22556080000004,35.6202448],[139.2254943,35.62032609999999],[139.2254736,35.620385],[139.2254553,35.6204647],[139.225432,35.6208488],[139.2253937,35.62092019999999],[139.2253422,35.62097489999999],[139.225284,35.6210153],[139.2252095,35.621028300000006],[139.2251351,35.621020800000004],[139.22508,35.6210065],[139.2250212,35.620965399999996],[139.2244341,35.6204602],[139.2243148,35.6204034],[139.2241992,35.62038100000001],[139.224082,35.6203755],[139.2239113,35.6204018],[139.2238368,35.6204159],[139.2237396,35.62042770000001],[139.2236589,35.6204306],[139.223556,35.62042420000001],[139.22334900000004,35.620384],[139.2232705,35.620372599999996],[139.2231992,35.6203791],[139.2231307,35.6203927],[139.2230673,35.6204143],[139.2229884,35.620452],[139.2226905,35.62062790000001],[139.2225669,35.6207218],[139.2224702,35.6208098],[139.2222758,35.6210768],[139.2221972,35.62115539999999],[139.2221238,35.6211988],[139.2220287,35.6212243],[139.2219512,35.6212282],[139.2218542,35.6212234],[139.2217406,35.621185],[139.2216425,35.621129800000006],[139.2215741,35.6210587],[139.2215365,35.6209671],[139.221564,35.6208334],[139.22176730000004,35.62025710000002],[139.2218034,35.6201595],[139.2218331,35.620030099999994],[139.221833,35.61992109999999],[139.2218116,35.61982760000001],[139.2217465,35.61971500000001],[139.2213571,35.61929300000001],[139.2212837,35.619181],[139.2212665,35.61907],[139.2212875,35.6189849],[139.221313,35.6189144],[139.2213503,35.6188449],[139.2216591,35.61835219999999],[139.2216965,35.6182735],[139.2217172,35.6181915],[139.221714,35.61811550000001],[139.2216829,35.618038299999995],[139.2216187,35.61796450000001],[139.2215429,35.6179084],[139.2214175,35.6178623],[139.2213201,35.6178595],[139.2212273,35.6178833],[139.2211621,35.617921],[139.2211043,35.6179775],[139.2210591,35.61805970000001],[139.2209087,35.6184347],[139.2208821,35.618498900000006],[139.2208343,35.6185554],[139.22078030000003,35.6186096],[139.2206965,35.6186663],[139.2203534,35.6189134],[139.2202734,35.61896719999999],[139.2202006,35.61900390000001],[139.2201048,35.6190259],[139.2199998,35.6190139],[139.2199152,35.61897810000001],[139.2198496,35.618937900000006],[139.2198082,35.618877700000006],[139.2197788,35.61880680000001],[139.2197711,35.6187151],[139.2198343,35.6181272],[139.2198385,35.6180556],[139.2198252,35.6179819],[139.2197635,35.61781930000001],[139.2197391,35.6177379],[139.2197492,35.61768989999999],[139.2197497,35.6176422],[139.2197698,35.617570900000004],[139.2197917,35.6174909],[139.2197918,35.6174097],[139.2197449,35.6173358],[139.2196735,35.6172227],[139.2196324,35.6171544],[139.2196163,35.6170655],[139.2196151,35.61696370000001],[139.2197615,35.61652469999999],[139.219839,35.616385300000005],[139.2199302,35.616260100000005],[139.2200916,35.61609669999999],[139.2201612,35.6160127],[139.2202484,35.6158648],[139.2202998,35.615745799999985],[139.2203682,35.61546310000001]],[[139.2198093,35.61496730000001],[139.2197379,35.614973299999996],[139.2192419,35.6150454],[139.2191241,35.615074500000006],[139.2190315,35.6151084],[139.2189645,35.615142399999996],[139.2188905,35.6152148],[139.2188635,35.6152707],[139.2188356,35.6153462],[139.2188207,35.615447399999994],[139.2187352,35.615970100000006],[139.2186925,35.61613330000001],[139.2186219,35.6162753],[139.2183729,35.6166651],[139.2182651,35.61686900000001],[139.2181621,35.6172287],[139.218106,35.6173157],[139.2180059,35.6174088],[139.217945,35.617450700000006],[139.2178822,35.61748529999999],[139.217799,35.617502900000005],[139.2176979,35.61750229999999],[139.2176264,35.61749360000001],[139.2175468,35.6174684],[139.2174772,35.61743630000001],[139.2173971,35.61736779999999],[139.2173311,35.61729389999999],[139.2172855,35.6172064],[139.2172567,35.6171072],[139.2172589,35.617016400000004],[139.217308,35.6167814],[139.2173322,35.6164656],[139.2173427,35.61614990000001],[139.2173283,35.6160258],[139.21730590000004,35.6159263],[139.2172789,35.6158259],[139.2171528,35.6154906],[139.2171004,35.6153833],[139.2170311,35.615266999999996],[139.216981,35.6152176],[139.21691530000004,35.6151691],[139.2168517,35.615134700000006],[139.2167675,35.615109900000014],[139.2166722,35.61509920000001],[139.216579,35.6150959],[139.2164943,35.6150991],[139.2164107,35.615118],[139.216318,35.61515260000001],[139.2162449,35.6152006],[139.2162058,35.6152407],[139.2161744,35.6152874],[139.2160245,35.61555189999999],[139.2159712,35.6156399],[139.2158969,35.615718300000005],[139.2158313,35.6157729],[139.2157446,35.615831799999995],[139.215427,35.6160016],[139.215386,35.6160393],[139.2153489,35.6160759],[139.2153215,35.6161146],[139.2152836,35.6161938],[139.2151942,35.61644410000001],[139.2151773,35.6164976],[139.2151684,35.616572100000006],[139.2151705,35.616640899999986],[139.2151941,35.6167162],[139.2152333,35.6168561],[139.2152457,35.616940199999995],[139.2152314,35.6170026],[139.2152024,35.6170595],[139.215163,35.6171005],[139.21510450000002,35.61714630000001],[139.2150285,35.617190300000004],[139.2148285,35.61727509999999],[139.2147786,35.617311],[139.2147447,35.6173436],[139.2147315,35.61737949999999],[139.214721,35.6174253],[139.2147148,35.6174922],[139.2146961,35.617605],[139.2146833,35.61765710000001],[139.2146501,35.617707900000006],[139.2146094,35.61774410000001],[139.2145439,35.61778429999999],[139.2144633,35.61781560000001],[139.2143788,35.61782529999999],[139.2142935,35.6178178],[139.2141974,35.61779919999999],[139.2140767,35.61774890000001],[139.2138264,35.61761119999999],[139.2138112,35.6175999]],[[139.2032223,35.6250319],[139.2031797,35.625029700000006],[139.2031395,35.6250231],[139.2030854,35.6250106],[139.2026016,35.624797300000004]],[[139.163317,35.6128954],[139.1631091,35.6128766],[139.1629089,35.61287230000001],[139.1627725,35.61287590000001],[139.1627614,35.61287620000001],[139.1626387,35.61288879999999],[139.1624933,35.6129192],[139.1623444,35.612974],[139.1621507,35.613060700000005],[139.1620536,35.6131015],[139.1619271,35.61315750000001],[139.1618138,35.6132003],[139.1616772,35.6132363],[139.1615769,35.613252599999996],[139.1614526,35.613254299999994],[139.1613384,35.6132441],[139.1612268,35.6132287],[139.1611011,35.613213099999996],[139.1609606,35.61319580000001],[139.1608169,35.6131861],[139.1606768,35.6131825],[139.1605183,35.613187499999995],[139.1601213,35.61323139999999],[139.1598716,35.6132602],[139.1596721,35.6132896],[139.1595162,35.61334099999999],[139.1594022,35.61341130000001],[139.1593035,35.61350999999999],[139.1592303,35.613627],[139.1591326,35.6139001],[139.15907630000004,35.6140385],[139.1589824,35.61418410000001],[139.1589005,35.6142624]],[[139.1735909,35.620674],[139.1735097,35.6206143],[139.1734669,35.6205846],[139.1732421,35.6204598],[139.1731391,35.62040340000001],[139.17301740000002,35.62037140000001],[139.1728935,35.6203682],[139.1727946,35.6203749],[139.1727102,35.6204087],[139.1726408,35.62044240000001],[139.1725928,35.620471800000004],[139.172542,35.62052220000001],[139.1724817,35.62059919999999],[139.1724381,35.62068],[139.1723771,35.62085679999999],[139.172326,35.6209633],[139.1722817,35.6210372],[139.1722162,35.621106000000005],[139.1721465,35.62116279999999],[139.1720714,35.6212007],[139.1719778,35.62123040000001],[139.171871,35.6212481],[139.1717815,35.62124829999999],[139.1716736,35.62123390000001],[139.1715661,35.6211994],[139.1714746,35.6211466],[139.1713925,35.62108799999999],[139.171295,35.6209894],[139.1712434,35.62090729999999],[139.1711368,35.6206355],[139.1711085,35.620559699999994],[139.1710805,35.6204643],[139.1710783,35.620389900000006],[139.1710873,35.62031069999999],[139.1711067,35.6202443],[139.171141,35.620179900000004],[139.171188,35.6201045],[139.1712706,35.6200263],[139.1713481,35.619966100000006],[139.1714621,35.61988250000001],[139.1715515,35.6198115],[139.1716215,35.619738500000004],[139.1716699,35.61966890000001],[139.1716865,35.619630699999995],[139.1716998,35.6195821],[139.1716993,35.6195025],[139.1716862,35.6194475],[139.1716706,35.6194028],[139.1716474,35.6193587],[139.17161090000002,35.61930389999999],[139.171557,35.6192427],[139.1715136,35.61919790000001],[139.1713265,35.61903230000001],[139.1712559,35.6189615],[139.1711878,35.618884300000005],[139.1711553,35.61884060000001],[139.1711323,35.61878920000001],[139.1710875,35.61864200000001],[139.1710454,35.6184707],[139.1709772,35.618202600000004],[139.170868,35.617772499999994],[139.1708439,35.6176929],[139.17082810000002,35.6176524],[139.1708082,35.61760350000001],[139.1707748,35.6175532],[139.1707279,35.617495600000005],[139.1706834,35.6174608],[139.1706199,35.6174294],[139.1705516,35.6174047],[139.1704786,35.61738270000001],[139.1703951,35.6173715],[139.1702939,35.6173623],[139.17017,35.61735310000001],[139.1700979,35.6173437],[139.1700376,35.61733110000001],[139.1699954,35.6173227],[139.1699499,35.61730790000001],[139.1699158,35.61729549999998],[139.1698878,35.6172804],[139.1698542,35.6172584],[139.1698231,35.6172254],[139.1697918,35.6171826],[139.1697669,35.6171394],[139.1697513,35.61709510000001],[139.1697425,35.6170492],[139.1697432,35.61700960000001],[139.1697589,35.6169528],[139.1697798,35.6169094],[139.1698149,35.61685560000001],[139.1698591,35.616804599999995],[139.169919,35.6167443],[139.1701111,35.616586100000006],[139.17016,35.6165429],[139.1702125,35.61649729999999],[139.17027,35.6164315],[139.1703009,35.6163888],[139.1703177,35.6163461],[139.1703453,35.6162679],[139.1703501,35.61617849999999],[139.1703462,35.6161149],[139.1703171,35.6159843],[139.1703004,35.6159065],[139.1702807,35.615780799999996]],[[139.4818439,35.6732758],[139.4817538,35.673281],[139.4817137,35.6732837],[139.481586,35.673284300000006],[139.480674,35.67325760000001],[139.4806083,35.67325710000001],[139.4804618,35.673254799999995]],[[139.2740637,35.6413632],[139.2739901,35.641265],[139.2739182,35.6411631],[139.2738092,35.64105860000001],[139.2736613,35.6409455],[139.2735111,35.6408425],[139.2733077,35.640703]],[[139.2710479,35.632857200000004],[139.2710333,35.6328165],[139.2709688,35.632679200000005],[139.2709288,35.63260960000001],[139.2708693,35.6325317],[139.2707447,35.6324003],[139.2706923,35.6323449]],[[139.3025039,35.65293590000001],[139.3022687,35.65279679999999],[139.30190360000003,35.65255830000001],[139.3014447,35.6522538],[139.3013412,35.652185100000004],[139.3012586,35.65212970000001],[139.3010674,35.65200879999999],[139.30045,35.65162240000001],[139.3001946,35.6514479],[139.3000034,35.6513272],[139.2999519,35.651292],[139.2998241,35.6512088],[139.2996946,35.6511264],[139.2995287,35.6510208],[139.2993268,35.6508924],[139.2990389,35.65070930000001],[139.2989275,35.6506405],[139.298732,35.6505199],[139.2984852,35.65035],[139.2981069,35.6501035],[139.2978129,35.64991139999999],[139.2977642,35.6498793],[139.2977231,35.6498491],[139.2974919,35.64969399999999],[139.2969984,35.64938050000001],[139.2967509,35.6492238],[139.2965321,35.649078700000004],[139.2963161,35.6489435],[139.2959918,35.648749699999996],[139.2958745,35.6486879],[139.2955979,35.648558300000005],[139.2954889,35.6485059],[139.2953786,35.648457100000016],[139.2952966,35.648428499999994],[139.295017,35.6483313],[139.2947334,35.6482276],[139.2939899,35.647971],[139.2929452,35.6476161],[139.2928832,35.64759409999999],[139.2926686,35.6475212]],[[139.2846673,35.6447717],[139.2843878,35.644637],[139.2834832,35.644188799999995],[139.283211,35.644030099999995],[139.2828755,35.6438287],[139.2826429,35.64367430000001],[139.28241440000002,35.6435165],[139.2820711,35.6432694],[139.2816995,35.6430102],[139.2816314,35.6429628],[139.2814968,35.6428883]],[[139.3184136,35.660935699999996],[139.318342,35.660901800000005],[139.3182173,35.6608455],[139.3171972,35.66032800000001],[139.3160877,35.65976109999999],[139.3160329,35.6597351],[139.3159769,35.65970850000001],[139.3159065,35.6596705],[139.3158559,35.6596432],[139.315023,35.6592316]],[[139.4045436,35.669347],[139.4042873,35.6693148],[139.4039522,35.6692779],[139.4036311,35.669240099999996],[139.4033059,35.6692019],[139.4029769,35.6691637],[139.4026448,35.669124399999994],[139.4021409,35.6690655],[139.4016264,35.6690077],[139.4013765,35.6689848],[139.4011197,35.668972600000004],[139.4010411,35.6689691],[139.4009488,35.668965],[139.4007783,35.66895679999999],[139.4004495,35.668933400000014],[139.4001223,35.6689132],[139.4000384,35.6689075],[139.3999591,35.66889870000001],[139.399789,35.66887979999999],[139.3994615,35.6688406],[139.3991343,35.6688027],[139.3988112,35.6687664],[139.3986915,35.6687506]],[[139.4044691,35.6694795],[139.4046401,35.6695011],[139.4049407,35.6695375],[139.4054562,35.66959789999999],[139.4057942,35.669637],[139.4059556,35.669654200000004],[139.4061209,35.66966930000001],[139.4062548,35.669681700000005],[139.4065091,35.66971070000001],[139.4065842,35.6697189],[139.4066426,35.669725],[139.4069351,35.6697619],[139.4072245,35.6697935],[139.4075039,35.6698283],[139.4077902,35.66986550000001],[139.4079557,35.66988729999999],[139.4080844,35.66990299999999],[139.408202,35.6699145],[139.408422,35.669930400000005],[139.4086317,35.6699401],[139.4091161,35.6699469],[139.4092683,35.66994819999999],[139.409361,35.66994569999999],[139.4096165,35.669943],[139.4099169,35.66993930000001],[139.4104407,35.669943399999994],[139.4108107,35.66994760000001],[139.4110884,35.6699489],[139.411442,35.6699578],[139.4117294,35.66996660000001],[139.4120635,35.6699689],[139.4122224,35.6699721],[139.4125674,35.66997250000001],[139.4128971,35.669968999999995],[139.4130681,35.6699666],[139.4133255,35.66996319999999],[139.4138971,35.669967],[139.4145557,35.6699714],[139.4148937,35.6699753],[139.4152968,35.6699767],[139.4155475,35.66998],[139.4158374,35.6699808],[139.4162144,35.6699841],[139.4163755,35.669986099999996],[139.4167083,35.669994800000005],[139.4170086,35.6700026],[139.4173414,35.67000629999999],[139.4174864,35.6700064],[139.4177752,35.6700113],[139.4179298,35.6700145],[139.4181017,35.6700207],[139.4182629,35.6700293],[139.4184371,35.67003979999999],[139.41859510000003,35.6700514],[139.4187523,35.67007079999999],[139.4189219,35.670094799999994],[139.4191597,35.670143499999995],[139.419411,35.670197299999984],[139.4196844,35.670263500000004],[139.419974,35.67034999999999],[139.4202783,35.6704516],[139.4203313,35.6704703],[139.4204413,35.6705128],[139.4205597,35.6705582]],[[139.5751198,35.65962880000001],[139.5748533,35.659543400000004],[139.574549,35.65945320000001],[139.5744869,35.65943560000001],[139.5743829,35.6594064]],[[139.2631309,35.62215689999999],[139.2630683,35.6219314],[139.263001,35.621757],[139.2628765,35.62148179999999],[139.2626541,35.62101800000001],[139.2625751,35.6208481],[139.2625629,35.6208213]],[[139.2470199,35.61636270000002],[139.2463158,35.6162969]],[[139.3851104,35.6683459],[139.3838537,35.66817399999999],[139.3823987,35.6679796],[139.3811501,35.6678246],[139.3807904,35.6677798],[139.3802416,35.6677058],[139.3792286,35.667605],[139.3790752,35.6675897],[139.3789894,35.6675802],[139.378487,35.6675242],[139.3780363,35.6674741],[139.3775493,35.6674178],[139.3774439,35.6674035],[139.3772557,35.6673774]],[[139.7061259,35.68940370000001],[139.7059099,35.689520400000006],[139.7057472,35.6895909],[139.7055792,35.68965109999999],[139.7054371,35.689691200000006],[139.7053089,35.68971979999999],[139.7051782,35.6897413],[139.7050058,35.6897545],[139.7045332,35.68974459999999]],[[139.7159555,35.687436500000004],[139.7156195,35.6873734],[139.7154415,35.68734119999999]],[[139.6633882,35.6733909],[139.6635682,35.6734461],[139.6638076,35.6735183],[139.664453,35.6737143],[139.66459390000003,35.6737557],[139.6648193,35.6738233],[139.6650724,35.6738982],[139.6655542,35.6740399],[139.6659785,35.6741637],[139.6664555,35.674301299999996],[139.6667821,35.6743938],[139.6672332,35.67452120000001]],[[139.3606564,35.664675200000005],[139.3602823,35.6645359]],[[139.3602823,35.6645359],[139.3602235,35.6645133],[139.3594049,35.664225599999995],[139.3582682,35.6638277],[139.3579046,35.6636982],[139.3573995,35.6635102],[139.3571478,35.663419100000006],[139.3569723,35.66335840000001]],[[139.348247,35.6619185],[139.3474087,35.66103629999999]],[[139.5624382,35.6534181],[139.5624033,35.6534006]],[[139.6568999,35.6714513],[139.6565958,35.67133329999999],[139.6564066,35.67126209999999],[139.656076,35.671134099999996],[139.6556641,35.670976]],[[139.6554944,35.6709143],[139.6552576,35.6708383],[139.6550462,35.67078419999999],[139.654804,35.6707375],[139.6544772,35.6706929],[139.65412480000003,35.67066100000001]],[[139.6501366,35.6700444],[139.6500153,35.670007500000004],[139.6497335,35.6698922],[139.6494675,35.6697593],[139.6486071,35.6692894],[139.6482453,35.66907549999999],[139.6480201,35.66894679999999],[139.6477762,35.66882350000001],[139.6475266,35.668715],[139.6472798,35.6686185],[139.6470383,35.66853],[139.6462767,35.668262799999994],[139.6459845,35.668172299999995],[139.6456947,35.6680831],[139.6453922,35.6680113],[139.64508710000004,35.667946],[139.6448899,35.6679079],[139.6444696,35.6678355]],[[139.65412480000003,35.67066100000001],[139.6534806,35.6706128],[139.6531484,35.67058],[139.652656,35.67051089999999],[139.6514032,35.670308999999996]],[[139.6444696,35.6678355],[139.6428269,35.667621200000006],[139.6427159,35.667606600000006],[139.64234160000004,35.66755739999999]],[[139.6281272,35.6698495],[139.6278182,35.669891799999995],[139.6272276,35.6699728],[139.6268287,35.6700281],[139.6264635,35.6700806],[139.6257538,35.6701972],[139.6256989,35.67020759999999],[139.6256174,35.6702231],[139.62551030000003,35.67023999999999],[139.625332,35.67026739999999],[139.6250188,35.6703244],[139.6249361,35.6703383],[139.6248053,35.670359600000005],[139.6247185,35.670374599999995]],[[139.6447575,35.6681133],[139.6452591,35.66819100000001],[139.6457587,35.668307],[139.6461914,35.6684361],[139.6467251,35.6686035],[139.6471825,35.6687655],[139.6474236,35.6688579],[139.647666,35.6689645],[139.6479017,35.6690836],[139.6481213,35.66920270000001],[139.6493149,35.66992979999999],[139.6495953,35.67007550000001],[139.6499194,35.670192500000006],[139.6501022,35.6702388]],[[139.6513712,35.67047],[139.6526027,35.6706693],[139.6531083,35.6707427],[139.6534452,35.670775600000006],[139.6541028,35.670825]],[[139.6541028,35.670825],[139.6544315,35.6708601],[139.6547269,35.67090499999999],[139.6549872,35.6709599],[139.6552098,35.671017299999995],[139.655415,35.67107899999999]],[[139.661912,35.6729446],[139.6626889,35.673156399999996],[139.6633882,35.6733909]],[[139.6591147,35.6722227],[139.660428,35.6725546],[139.6605885,35.6725952],[139.66077390000004,35.67264410000001],[139.661912,35.6729446]],[[139.6591646,35.6721039],[139.6580414,35.67180580000001],[139.6577141,35.671719399999986],[139.6574347,35.6716373],[139.6571689,35.6715508],[139.6568999,35.6714513]],[[139.5124431,35.6684915],[139.5126393,35.66841180000001]],[[139.7442043,35.683765000000015],[139.7441935,35.68362630000001],[139.7441996,35.6833278],[139.7442438,35.683052499999995],[139.7443023,35.682767],[139.74435570000003,35.682574800000005],[139.7444104,35.68241140000001],[139.7444737,35.68226000000001],[139.7445421,35.68213800000001],[139.7446538,35.6819454],[139.7446774,35.68190870000001]],[[139.7001174,35.6889509],[139.6999562,35.6889121],[139.6997911,35.68886690000001],[139.6996405,35.68881230000001],[139.6994801,35.6887488],[139.6992969,35.688664800000005],[139.6992095,35.68862470000001],[139.6989878,35.6885407]],[[139.7000896,35.68905259999999],[139.700283,35.6890915],[139.70114420000002,35.68925089999999],[139.7014655,35.689317900000006]],[[139.7019073,35.6893244],[139.7014953,35.6892146],[139.701172,35.6891452],[139.7004882,35.6890208],[139.7001174,35.6889509]],[[139.70364140000004,35.68976630000001],[139.7039234,35.68980199999999],[139.7039912,35.6898107],[139.7041258,35.689825]],[[139.18401380000003,35.617907100000004],[139.183609,35.617966800000005],[139.183198,35.6180389],[139.1830925,35.61806260000001],[139.182983,35.61809340000001],[139.1828783,35.6181296],[139.1826592,35.6182205],[139.1822265,35.618418000000005],[139.182124,35.61847310000001],[139.1820304,35.6185334],[139.1819338,35.61860020000001],[139.1816459,35.618818999999995],[139.1815388,35.6189063],[139.1814804,35.6189648],[139.1813847,35.6190999],[139.1813257,35.6191912],[139.1812833,35.61928549999999],[139.1812599,35.61935750000001],[139.1812464,35.619429800000006],[139.1812326,35.61954],[139.1812256,35.6197281],[139.181239,35.6199676],[139.1812358,35.6201205],[139.1811887,35.62026440000001],[139.1810632,35.620484],[139.1809392,35.6207249],[139.1808865,35.62078259999999],[139.1808314,35.6208262],[139.1807672,35.6208537],[139.1806946,35.620873800000005],[139.1806001,35.62087960000001],[139.1805453,35.62087060000001],[139.1804925,35.62085170000001],[139.1804184,35.6208077],[139.1803609,35.6207504],[139.1803193,35.6206397],[139.1803245,35.6203848],[139.1802878,35.6202828],[139.1802279,35.620223],[139.1800052,35.620055199999996],[139.1798949,35.62000809999999],[139.1797972,35.6199839],[139.1796986,35.6199793],[139.1795897,35.619985099999994],[139.1794932,35.620005],[139.1794048,35.6200372],[139.1793328,35.6200749],[139.1792868,35.62011350000001],[139.1792276,35.6201664],[139.1791942,35.620215800000004],[139.1790639,35.62042400000001],[139.1790405,35.6204635],[139.1790061,35.62049739999999],[139.1789324,35.6205454],[139.1788564,35.620577299999994],[139.1787467,35.6205875],[139.1786371,35.6205722],[139.1785521,35.620543500000004],[139.1784871,35.6205055],[139.1784413,35.6204762],[139.1783737,35.62042379999999],[139.1782195,35.6201754],[139.1781536,35.62011660000001],[139.1781048,35.6200829],[139.1780225,35.6200426],[139.1779421,35.62001430000001],[139.177829,35.6199911],[139.1777172,35.619982],[139.1775831,35.6199934],[139.1774515,35.6200173],[139.1773137,35.6200455],[139.1771479,35.620097400000006],[139.1770165,35.620132],[139.1768868,35.6201697],[139.1767568,35.62019080000001],[139.1766491,35.6202241],[139.17656420000003,35.6202703],[139.176472,35.62036100000001],[139.1759917,35.6208597],[139.1757994,35.6210655],[139.175734,35.6211577],[139.1756025,35.621379],[139.1755559,35.6214389],[139.1754809,35.621498300000006]],[[139.1739903,35.6209473],[139.1735909,35.620674]],[[139.5626663,35.653533100000004],[139.5624382,35.6534181]],[[139.56642870000002,35.6555571],[139.56614180000003,35.6553886],[139.5660461,35.6553323],[139.5655637,35.6550796],[139.5653866,35.654986799999996],[139.5653528,35.6549691],[139.5652548,35.6549176],[139.5652098,35.65489589999999],[139.5651461,35.6548624],[139.5648724,35.654720000000005],[139.5645586,35.6545514],[139.5644629,35.6544994],[139.5642733,35.654396999999996],[139.5637221,35.6540939],[139.5636245,35.6540427],[139.56323000000003,35.6538354],[139.5630127,35.65371629999999],[139.5627949,35.6535973],[139.562709,35.65355589999999]],[[139.7737122,35.68248139999999],[139.77363410000004,35.682508799999994]],[[139.7610353,35.6784502],[139.7609906,35.67830839999999],[139.7606809,35.677395],[139.760311,35.67637420000001],[139.7600438,35.67557179999999],[139.7599957,35.6754548],[139.7599453,35.6753468],[139.7598773,35.6752326],[139.7598608,35.6752096],[139.7597983,35.6751229],[139.7596743,35.6749918]],[[139.7062011,35.6894807],[139.7070762,35.6889393],[139.7089867,35.6881052],[139.7097311,35.687840900000005],[139.7106427,35.687603],[139.7119639,35.68730789999999],[139.7125182,35.6872262],[139.7130346,35.6871885],[139.7135889,35.68720669999999],[139.7148405,35.6873314]],[[139.2631309,35.62215689999999],[139.263152,35.622364899999994],[139.2631796,35.6225829],[139.2631859,35.6226328]],[[139.2637052,35.62617840000001],[139.2637044,35.626028899999994]],[[139.7630829,35.68536699999999],[139.7632332,35.685340200000006]],[[139.4526209,35.6762189],[139.4524398,35.676315300000006]],[[139.4587496,35.6734757],[139.4586129,35.67353380000001]],[[139.5270819,35.6623506],[139.5257955,35.6629427],[139.5250659,35.663255299999996]],[[139.5219896,35.664617899999996],[139.5220963,35.66457460000001],[139.5222346,35.6645176],[139.5225292,35.66439530000001],[139.5228255,35.66427380000001],[139.5231124,35.664155699999995],[139.5234168,35.6640332],[139.5235771,35.6639688],[139.5238661,35.6638487]],[[139.5623645,35.6533783],[139.5622612,35.653327000000004],[139.5618212,35.653104799999994],[139.5618025,35.65309649999999],[139.5617086,35.6530501],[139.5616362,35.6530149],[139.5615841,35.6529896],[139.5613474,35.652874499999996],[139.5610388,35.6527305],[139.5609116,35.6526712]],[[139.2718093,35.6394004],[139.2716619,35.63925019999999]],[[139.2625629,35.6208213],[139.26245,35.62057819999999]],[[139.2705136,35.636320100000006],[139.2704937,35.6361594]],[[139.2704937,35.6361594],[139.2704851,35.6360527],[139.2704611,35.6357811],[139.2704573,35.6356196],[139.2704624,35.6354435],[139.2704781,35.635269],[139.27051630000003,35.635037100000005],[139.2705877,35.63477350000001],[139.2708365,35.6340661],[139.2708613,35.6339946],[139.2710439,35.63350400000001],[139.2710734,35.6333871],[139.2710859,35.6331963],[139.2710771,35.63304359999999],[139.2710705,35.6329623],[139.2710479,35.632857200000004]],[[139.2716619,35.63925019999999],[139.2716341,35.639223099999995],[139.2715547,35.6391329],[139.2714708,35.639033299999994],[139.271397,35.6389188],[139.2713587,35.63883969999999],[139.2713136,35.6387095],[139.2712833,35.6385447],[139.2712435,35.6383129]],[[139.26245,35.62057819999999],[139.2624109,35.62045590000001],[139.2623998,35.6204213],[139.2623682,35.62029760000001],[139.2623594,35.62020089999999],[139.2623556,35.6200809],[139.2623669,35.6199721],[139.2624241,35.61965419999999],[139.2625411,35.61906700000001],[139.2625604,35.6189686],[139.2625913,35.6187417],[139.2626009,35.618525399999996],[139.2625895,35.6183983],[139.2625543,35.618282300000004],[139.2625007,35.6181932],[139.2624461,35.618112200000006],[139.2623747,35.618037199999996],[139.2622806,35.61796999999999],[139.2621768,35.61791860000001],[139.2620785,35.61788219999999],[139.2619637,35.6178644],[139.2618482,35.6178597],[139.2617438,35.617877],[139.2616369,35.617908099999994],[139.2615358,35.6179521],[139.2614347,35.6180124],[139.2613302,35.6180862],[139.2612068,35.6181859],[139.2611882,35.6182009]],[[139.0645548,35.6122703],[139.0639686,35.6117633]],[[139.1068488,35.6221275],[139.1068996,35.6220458],[139.1069403,35.6219649],[139.1070249,35.6216995],[139.1070896,35.6213998]],[[139.1073058,35.6183082],[139.1071669,35.6180571]],[[139.1049183,35.6297084],[139.1046377,35.629501000000005],[139.1045109,35.6293768],[139.1043659,35.6291446],[139.104029,35.6285051],[139.1038918,35.62821859999999],[139.1036904,35.6278331],[139.1035363,35.6274687],[139.1035149,35.6273269],[139.1035256,35.6270697],[139.1035685,35.6268186],[139.1036205,35.62667059999999],[139.1036934,35.62653000000001],[139.1037915,35.62638770000001],[139.1040835,35.6260302],[139.1044324,35.6256415],[139.104662,35.62540310000001],[139.1047864,35.62521009999999],[139.1049027,35.62497710000001],[139.1049389,35.62485950000001],[139.104951,35.624759999999995],[139.1049562,35.6246638],[139.10494800000004,35.6244491],[139.1048147,35.623241],[139.1048208,35.623148099999995],[139.1048326,35.62308170000001],[139.1048576,35.62302640000001],[139.1049023,35.622973],[139.1049497,35.6229239],[139.105013,35.622878],[139.1051042,35.622834],[139.1052075,35.6228095],[139.105317,35.6227952],[139.1056788,35.6227665],[139.1058388,35.622742300000006],[139.1060263,35.6226949],[139.106215,35.6226275],[139.10641720000004,35.62252639999999],[139.106625,35.6223612],[139.1067236,35.6222656],[139.1068488,35.6221275]],[[139.10720240000003,35.62068990000001],[139.1073438,35.61981610000001],[139.1074256,35.619154800000004],[139.1074597,35.6189272],[139.1074536,35.61868700000001],[139.1074197,35.6185523],[139.1073058,35.6183082]],[[139.0632373,35.6110505],[139.0629399,35.6108201]],[[139.0124288,35.60768889999999],[139.0121321,35.6079203]],[[139.0327884,35.608042399999995],[139.0323143,35.6080313]],[[139.0639686,35.6117633],[139.06378760000004,35.611598400000005],[139.0633842,35.6111782],[139.0632373,35.6110505]],[[139.0038901,35.6086553],[139.0036925,35.6086592],[139.0036295,35.6086636],[139.0035606,35.6086646],[139.0034528,35.60866939999999],[139.0033713,35.6086734],[139.0029448,35.6087017],[139.0023546,35.608751000000005],[139.0020962,35.6087682],[139.0015106,35.6088072],[139.0014771,35.6088095],[139.0008312,35.6088519],[139.0007282,35.608856800000005],[139.0000763,35.60889989999999],[139.0,35.60890237853503]],[[139.0323143,35.6080313],[139.0322452,35.60801970000001],[139.0321923,35.6080029],[139.0318351,35.60785719999999],[139.0316301,35.607761],[139.0309011,35.6073711],[139.0308256,35.60734190000001],[139.0307138,35.6073105],[139.0306153,35.607300900000006],[139.0303759,35.60728989999999],[139.0303008,35.6072767],[139.03024630000002,35.6072586],[139.0301884,35.6072273],[139.0301311,35.6071888],[139.0299596,35.6070318],[139.0299094,35.60696039999999],[139.0298956,35.6069074],[139.0298901,35.6068426],[139.0298964,35.6067857],[139.0299139,35.6067349],[139.0299607,35.6065823],[139.0299741,35.606496],[139.0299675,35.6064289],[139.0299472,35.60638260000001],[139.0299117,35.6063389],[139.029854,35.60629819999999],[139.0297158,35.6062173],[139.0292854,35.60601450000001],[139.0283873,35.6055967]],[[139.5757071,35.659798300000006],[139.5756096,35.6597702],[139.5755482,35.6597518],[139.575176,35.6596449],[139.5751198,35.65962880000001]],[[139.7627144,35.6835273],[139.7626743,35.683395100000006],[139.762423,35.6826195],[139.7624052,35.6825646],[139.762351,35.682392],[139.7622229,35.6819999],[139.762175,35.6818546],[139.7618555,35.68088809999999],[139.7615088,35.6798191],[139.7611254,35.67872969999999],[139.7611079,35.678680099999994],[139.761074,35.6785726],[139.7610353,35.6784502]],[[139.1656737,35.6137045],[139.1646898,35.61336620000001]],[[139.20354550000002,35.624687400000006],[139.2035597,35.6247455],[139.2035649,35.6247936],[139.2035581,35.6248449],[139.2035444,35.624885299999995],[139.2035108,35.62492859999999],[139.203471,35.6249673],[139.2034256,35.624995600000005],[139.2033804,35.62501850000001],[139.2033069,35.625035499999996],[139.2032223,35.6250319]],[[139.170451,35.6154354],[139.170771,35.61531140000001],[139.1709462,35.6152295],[139.1710135,35.61518499999999],[139.1710667,35.615146300000006],[139.17112470000004,35.61509949999999],[139.171172,35.6150556],[139.1712104,35.6150058],[139.1712416,35.6149559],[139.1712603,35.6149035],[139.1712718,35.6148453],[139.17127250000001,35.6147873],[139.1712662,35.614732200000006],[139.1712439,35.614662599999996],[139.171218,35.614598699999995],[139.1711305,35.6145224],[139.1710745,35.61449019999999],[139.1709783,35.6144577],[139.1708681,35.614441500000005],[139.1707076,35.61443269999999],[139.1705016,35.61442629999999],[139.170312,35.614403800000005],[139.1701248,35.6143614]],[[139.2010905,35.6224886],[139.2010012,35.6223761],[139.20089410000003,35.6221537],[139.2008179,35.622002200000004],[139.2007328,35.621849499999996],[139.2006635,35.6217654],[139.2006015,35.6217104],[139.2005093,35.6216431],[139.2004173,35.62160130000001],[139.1996879,35.6212968],[139.1996223,35.621272700000006],[139.1995778,35.62125640000001],[139.1995356,35.62123809999999],[139.1992511,35.621115],[139.1990074,35.6209968],[139.1988821,35.6209321],[139.1987641,35.620859],[139.1983909,35.62061320000001],[139.1982349,35.62052450000001],[139.1981262,35.6204721],[139.1980251,35.6204397],[139.1979141,35.620422],[139.1977822,35.620415300000005],[139.1976829,35.6204117],[139.1975677,35.6204006],[139.1974777,35.620382899999996],[139.1973897,35.6203488],[139.197322,35.62031449999999],[139.1972537,35.620262],[139.1970207,35.620037599999996],[139.1969395,35.61994330000001],[139.1968582,35.6198142],[139.19667460000002,35.6194706],[139.1966565,35.6194367],[139.1966089,35.6193467]],[[139.1471444,35.61649920000001],[139.1466147,35.616950300000006]],[[139.1283742,35.6204712],[139.128093,35.6204674]],[[139.128093,35.6204674],[139.1273878,35.6204372],[139.127113,35.620439700000006],[139.1268541,35.6204588],[139.1266425,35.620501100000006],[139.1264207,35.6205797],[139.1262368,35.62065629999999],[139.1260662,35.620751799999994],[139.1259258,35.62084880000001],[139.1257863,35.62099010000001],[139.1256589,35.6211382],[139.1254064,35.62153489999999],[139.125035,35.62220250000001],[139.1248493,35.6225363],[139.1246153,35.62287880000001],[139.124429,35.623145],[139.1243513,35.6232561],[139.1242884,35.623327700000004],[139.1242151,35.6233863],[139.1241199,35.6234406],[139.1240283,35.6234743],[139.1239003,35.623505200000004],[139.1232143,35.6236253],[139.1229951,35.6236892],[139.1227819,35.6237732],[139.1220012,35.624206],[139.1215452,35.624436700000004],[139.1213809,35.6245075],[139.1212184,35.624557200000005],[139.1210498,35.624596999999994],[139.1207636,35.6246392],[139.1201007,35.62474000000001],[139.1194404,35.6248398],[139.1190701,35.6248955],[139.1188193,35.6249315],[139.1187596,35.62494],[139.118524,35.6249568]],[[139.1466147,35.616950300000006],[139.1465135,35.61702940000001],[139.1464229,35.61707849999999],[139.1463359,35.6171109],[139.1461844,35.6171442],[139.1460628,35.6171645],[139.145794,35.617205299999995],[139.1449591,35.6173177],[139.1440319,35.61740840000001],[139.1438134,35.6174363],[139.1436425,35.617474800000004],[139.1433935,35.6175586],[139.1431482,35.6176115],[139.1428843,35.617686299999995],[139.14262270000003,35.6177954],[139.1421866,35.617976799999994],[139.1420349,35.6180532]],[[139.1306841,35.6196085],[139.1305684,35.619682399999995],[139.1304378,35.61973],[139.1302973,35.61976390000002],[139.1300986,35.6197945],[139.1299194,35.6198338],[139.1298199,35.6198731],[139.1297192,35.61993330000001],[139.1295516,35.62004970000001],[139.1292893,35.620202600000006],[139.1291206,35.62029369999999],[139.1289788,35.6203588],[139.1288595,35.6203954],[139.1287009,35.6204367],[139.1285391,35.6204626],[139.1283742,35.6204712]],[[139.0115058,35.6083567],[139.0113557,35.6083995],[139.0111642,35.60842910000001],[139.01085600000002,35.60844970000001],[139.0106234,35.6084679],[139.0102573,35.60852419999999],[139.0099201,35.60857219999999],[139.0096933,35.6086085],[139.0094344,35.6086505],[139.0092599,35.6086799],[139.0091152,35.6087148],[139.0088651,35.60877119999999],[139.0084344,35.6088562],[139.0082756,35.6088739],[139.0080932,35.608897],[139.0079301,35.6089195],[139.0078561,35.6089297],[139.0076823,35.60895370000001],[139.0073207,35.6090028],[139.0072864,35.60900709999999],[139.0070082,35.609036],[139.0066177,35.609061200000006],[139.00650470000002,35.6090602],[139.0064305,35.6090595],[139.0062628,35.6090471],[139.0059474,35.608996300000015],[139.0054107,35.60889829999999],[139.0052281,35.6088678],[139.0050274,35.6088288],[139.0044692,35.6086974],[139.0042858,35.60867110000002],[139.004121,35.6086603],[139.0038901,35.6086553]],[[139.0483282,35.6043287],[139.0480985,35.6041778],[139.0478506,35.6040497],[139.0476935,35.6039793],[139.0475044,35.603915],[139.0466961,35.6037191],[139.04657690000002,35.60368600000001],[139.0464637,35.603647],[139.0463758,35.6036075],[139.0446227,35.60257789999999],[139.0444442,35.6024752],[139.0442789,35.602409],[139.04410310000003,35.60235370000001],[139.0440696,35.6023432],[139.0438834,35.6023223],[139.0438551,35.60232059999999],[139.0436624,35.6023093],[139.0434581,35.60233780000001],[139.0431128,35.6024397],[139.0417479,35.60285749999999],[139.0411098,35.60304359999999],[139.0409319,35.60308620000001],[139.0408052,35.603116699999994],[139.0401642,35.6032709],[139.0397028,35.60336949999999],[139.039336,35.60347749999999],[139.0392178,35.6035461],[139.0391184,35.603633699999996],[139.0390307,35.603737699999996],[139.0388671,35.6039571],[139.0384508,35.60457830000001],[139.038417,35.604622500000005],[139.0381701,35.6049406]],[[139.1071669,35.6180571],[139.1068772,35.6175427],[139.1068597,35.6175106],[139.1068497,35.61749220000001],[139.1064037,35.6166595]],[[139.0283873,35.6055967],[139.0282771,35.605545799999994],[139.0280972,35.6054629],[139.0279929,35.6054033],[139.027885,35.60533170000001],[139.0277804,35.605253200000014],[139.0275078,35.60503229999999],[139.0268002,35.6044651],[139.0267179,35.6044054],[139.0266225,35.604335600000006],[139.0264937,35.6042791],[139.0263845,35.6042501],[139.0262624,35.6042349],[139.0261189,35.6042345],[139.0260093,35.60424509999999],[139.0258276,35.604270699999994],[139.0256454,35.60430850000001],[139.0255284,35.604334300000005],[139.0254416,35.6043478],[139.0252863,35.6043614],[139.0251324,35.6043604],[139.02441460000003,35.604290500000005],[139.0242313,35.6042918],[139.02410030000001,35.6042779],[139.0240255,35.6042518],[139.0239609,35.604206700000006],[139.023909,35.604154400000006],[139.0238747,35.6040886],[139.0238674,35.60402679999999],[139.0238716,35.603962100000004],[139.0238917,35.60390340000001],[139.0240654,35.6036904],[139.0241268,35.6035884],[139.0241598,35.6034909],[139.024167,35.6034006],[139.0241581,35.60332240000001],[139.0241312,35.603234900000004],[139.0240677,35.6031512],[139.0239828,35.603083600000005],[139.0238662,35.603018799999994],[139.0231599,35.60266150000001],[139.023042,35.6026187],[139.0229145,35.602585999999995],[139.0227908,35.6025683],[139.0222764,35.6025063],[139.0220233,35.6024857],[139.0218628,35.6024921],[139.0217324,35.6025208],[139.0216049,35.60256729999999],[139.02151160000003,35.6026138],[139.0211584,35.6028797],[139.0210244,35.6029644],[139.0209521,35.6030061],[139.0207426,35.6031081],[139.0205811,35.603214300000005],[139.0204837,35.603302500000005],[139.0203936,35.6034134],[139.0199895,35.60396020000001],[139.0199253,35.60403000000001],[139.0198199,35.6041025],[139.0197407,35.6041407],[139.0196078,35.60418490000001],[139.0194897,35.60420950000001],[139.0193018,35.6042481],[139.0191053,35.604286300000005],[139.01801,35.6044758],[139.0177623,35.6045356],[139.0176566,35.6045651],[139.0171625,35.6047113],[139.0167764,35.60488039999999],[139.016533,35.60502],[139.0162473,35.605208899999994],[139.0160278,35.605372200000005],[139.0157573,35.605564799999996],[139.0155705,35.605688],[139.0152298,35.6058688],[139.0150126,35.605989],[139.0149552,35.60601979999999],[139.0146879,35.60618649999999],[139.014564,35.606317],[139.0144797,35.6064337],[139.0142656,35.606771599999995],[139.0141097,35.606997500000006],[139.0140487,35.60706410000001],[139.0139779,35.60711500000001],[139.0138814,35.607172],[139.0134818,35.6073641]],[[139.759315,35.6751092],[139.7589168,35.6753729],[139.7586582,35.6755034],[139.7576887,35.67590920000001],[139.7572932,35.6760676],[139.7571512,35.6761279]],[[139.263236,35.62308560000001],[139.263244,35.6231527],[139.2632688,35.6234539],[139.2632927,35.623824199999994],[139.263341,35.624208599999996],[139.2633907,35.624497100000006],[139.26344,35.6246795]],[[139.2637044,35.626028899999994],[139.2637251,35.6257901],[139.2637198,35.6253668]],[[139.2633402,35.6230795],[139.2633294,35.6229689],[139.2633267,35.6229439]],[[139.26344,35.6246795],[139.2635321,35.6249712],[139.2636001,35.6252031],[139.2636378,35.62542700000001],[139.2636568,35.6257903],[139.2637044,35.626028899999994]],[[139.2637185,35.6247419],[139.26370410000004,35.624503],[139.2636865,35.6243312],[139.2636442,35.624103],[139.2635871,35.6237656],[139.2635672,35.623547300000006],[139.2635684,35.623391999999996],[139.2635747,35.6232972],[139.2635668,35.6232452],[139.2635069,35.6231521],[139.2634317,35.6231053],[139.263386,35.6230867],[139.2633402,35.6230795]],[[139.2637198,35.6253668],[139.2637185,35.6247419]],[[139.7475126,35.67904970000001],[139.7473515,35.6791881],[139.7472607,35.67924970000001],[139.7471798,35.679299],[139.7470953,35.679340599999996],[139.7469786,35.6793876],[139.7468602,35.67943210000001],[139.7464136,35.679574],[139.7462611,35.67961570000001],[139.7461962,35.67963039999999]],[[139.7710756,35.68362760000001],[139.771228,35.6835723],[139.7723632,35.68312170000001],[139.7724432,35.68309049999999]],[[139.4409538,35.6758539],[139.4411105,35.67585329999999],[139.441437,35.6758529],[139.4419323,35.6758526],[139.4424341,35.67584659999999],[139.4427714,35.67584740000001],[139.44293140000002,35.6758481],[139.443914,35.6758493],[139.4440832,35.675855],[139.4444158,35.675868200000004],[139.444753,35.67587850000001],[139.4451057,35.6758776],[139.445363,35.675877],[139.4454523,35.6758768],[139.44556520000003,35.6758764],[139.4458079,35.6758759],[139.446089,35.67588310000001],[139.4463807,35.6759048],[139.4466145,35.67593270000001],[139.4466258,35.67593459999999],[139.4468434,35.675971]],[[139.4367546,35.67575510000001],[139.4362741,35.675754],[139.4359618,35.675749800000006],[139.4356292,35.6757505],[139.435457,35.67575109999999],[139.4352411,35.67575069999999],[139.4350643,35.6757506],[139.43457770000003,35.675759199999995],[139.4342458,35.6757664],[139.4339321,35.6757685],[139.4334278,35.6757672],[139.4331172,35.675767799999996]],[[139.5882249,35.6653544],[139.5882908,35.665396]],[[139.5796586,35.661461700000004],[139.579831,35.6615529],[139.5799148,35.6616016],[139.58014410000004,35.66173769999999],[139.5802628,35.6618041],[139.5806343,35.6619839],[139.580811,35.6620546],[139.5811726,35.66219370000001],[139.581562,35.662342900000006],[139.5822767,35.6626166],[139.5832651,35.66298259999999],[139.58373990000004,35.6631568],[139.5838058,35.66318100000001],[139.5838988,35.6632156]],[[139.6233602,35.6705968],[139.6232652,35.670606799999995],[139.6226188,35.67067469999999],[139.621992,35.67077110000001],[139.6219173,35.670782599999995],[139.6218211,35.670797400000005],[139.6216976,35.670817500000005],[139.6213531,35.67087219999999],[139.6206542,35.670973],[139.6206086,35.67097840000001],[139.61992,35.6710603],[139.619358,35.6711282],[139.6188404,35.6711938],[139.61842640000003,35.6712554],[139.6178797,35.6713304],[139.6171087,35.6714469],[139.6167279,35.6715028],[139.616671,35.671511200000005],[139.6166289,35.6715174],[139.6165,35.67153370000001],[139.6163919,35.6715473],[139.616162,35.671576500000015],[139.6156259,35.671652],[139.6148859,35.67175220000001],[139.6142916,35.671829],[139.614199,35.6718409],[139.6138713,35.671875],[139.6137779,35.6718859],[139.6137155,35.6718919],[139.6135659,35.6719083]],[[139.5880735,35.6652588],[139.5882249,35.6653544]],[[139.588314,35.6653274],[139.5881682,35.6652401]],[[139.5881682,35.6652401],[139.5881278,35.6652139],[139.5869337,35.6644389],[139.58681080000002,35.6643548],[139.5866827,35.66427229999999]],[[139.7307474,35.6856067],[139.7302651,35.68567940000001]],[[139.7302967,35.68580970000001],[139.7307196,35.68575280000001]],[[139.7293724,35.6858334],[139.7292157,35.6858815],[139.7285754,35.6860869],[139.7277277,35.68636930000001],[139.7276716,35.686388],[139.7275301,35.6864353],[139.7273802,35.6864896],[139.7270755,35.6865998],[139.7266099,35.68676190000001],[139.7259563,35.6870213],[139.7259303,35.687031600000005],[139.7257658,35.6870901],[139.7254431,35.68720900000001],[139.7251154,35.6873159],[139.7250613,35.687333599999995],[139.7249269,35.6873774],[139.7248078,35.6874089],[139.7239424,35.68763270000001],[139.7234694,35.68774369999999],[139.7234182,35.687755599999996],[139.7232242,35.6878012]],[[139.7381314,35.6840218],[139.73825880000004,35.6840329],[139.7391213,35.6841257],[139.7392961,35.6841413],[139.739439,35.68415399999999],[139.7395312,35.6841627],[139.7401272,35.6842229],[139.7403525,35.68424470000001],[139.7405657,35.684262200000006],[139.7407986,35.68427220000001],[139.7412849,35.684262999999994],[139.7413473,35.6842606],[139.7414719,35.6842564]],[[139.4728199,35.67319689999999],[139.4726923,35.6731874],[139.4718823,35.67314759999999],[139.4718147,35.6731433],[139.4717546,35.67313949999999],[139.47085710000002,35.67308229999999],[139.4705041,35.6730598],[139.4701504,35.67303720000001],[139.4691888,35.672975900000004],[139.4679357,35.67289610000001],[139.46731520000003,35.6728565],[139.4672014,35.672849299999996]],[[139.51864420000004,35.66595060000001],[139.5187752,35.66589760000001],[139.5194823,35.665608000000006],[139.5204168,35.665220899999994],[139.5209908,35.6650166]],[[139.4565253,35.674440100000005],[139.4556297,35.6748372],[139.454955,35.6751357],[139.4545052,35.67534260000001],[139.454043,35.6755497],[139.45348090000002,35.67580160000001],[139.4531761,35.6759566]],[[139.4752234,35.6733467],[139.4750869,35.6733404],[139.4742694,35.673292399999994],[139.473834,35.6732619],[139.4729891,35.6732104],[139.4729078,35.673204],[139.4728199,35.67319689999999]],[[139.5244993,35.66348959999999],[139.5242365,35.66359570000001],[139.5237998,35.6637721],[139.5229567,35.664117899999994]],[[139.524626,35.6635299],[139.525076,35.66334990000001],[139.526295,35.66279449999999],[139.5264982,35.66269750000001],[139.5270972,35.66241230000001],[139.5289813,35.66152520000001],[139.5293692,35.6613422],[139.5302936,35.660908500000005],[139.5304171,35.6608496],[139.5308684,35.660644000000005],[139.5309279,35.66061640000001],[139.5311497,35.66051319999999],[139.5317143,35.6602522],[139.532076,35.6600825],[139.5321086,35.6600663],[139.5322498,35.659997],[139.5323672,35.6599416]],[[139.5219622,35.6645277],[139.5218219,35.6645859],[139.5216328,35.6646616]],[[139.5124037,35.66845630000002],[139.5109943,35.669023],[139.5100521,35.6694074],[139.5099476,35.6694543],[139.5096728,35.6695629],[139.5092454,35.66974520000001],[139.5088475,35.66988520000001],[139.5087365,35.6699232],[139.5082548,35.67002449999999],[139.5077968,35.6701181],[139.5073255,35.670158699999995],[139.5069695,35.6701753],[139.5062636,35.6701852],[139.5055954,35.6701886],[139.5054158,35.670191200000005],[139.5052458,35.670191499999994],[139.5051081,35.670191700000004],[139.5045222,35.6701969],[139.5037897,35.67021840000001],[139.5034388,35.6702255],[139.5025483,35.6702385],[139.5006868,35.6702753],[139.4999854,35.67028799999999],[139.4985712,35.67031380000001],[139.4981615,35.670320700000005],[139.4968347,35.670346300000006],[139.4961696,35.67035589999999],[139.4953513,35.6703753],[139.4946075,35.670390000000005],[139.4945154,35.67039179999999],[139.4943709,35.6704001],[139.4939657,35.67040550000001],[139.4927307,35.6704295],[139.4926116,35.67042020000001],[139.4924353,35.670425599999994],[139.4922541,35.67044129999999],[139.4920481,35.6704713]],[[139.5209908,35.6650166],[139.5218302,35.6646816],[139.5218717,35.6646646],[139.5219896,35.664617899999996]],[[139.7440738,35.6839068],[139.7439241,35.68392149999999],[139.7437121,35.6839366],[139.7434482,35.683954699999994]],[[139.7148405,35.6873314],[139.7154811,35.68745440000001],[139.715586,35.6874772],[139.7157485,35.6875142]],[[139.3924505,35.668913399999994],[139.3931397,35.6688816],[139.3950355,35.6687939],[139.3952205,35.6687854]],[[139.3902297,35.66900940000001],[139.3905291,35.668999]],[[139.3905175,35.6689149],[139.3902251,35.6689253]],[[139.3902251,35.6689253],[139.3901575,35.6689296],[139.3899973,35.6689252],[139.38979650000002,35.668910700000005],[139.3892107,35.66883010000001],[139.38866170000003,35.6687614],[139.3882099,35.668713999999994],[139.3868183,35.668527],[139.38633100000004,35.668460499999995],[139.3860897,35.6684264],[139.3858357,35.6684043],[139.3851104,35.6683459]],[[139.3986805,35.668824],[139.3989099,35.6688499],[139.3991587,35.6688794],[139.3993505,35.668901000000005],[139.399712,35.6689434],[139.3999002,35.6689658],[139.400036,35.6689815],[139.400173,35.66899800000001],[139.4003266,35.6690155],[139.4004522,35.669031],[139.400618,35.6690533],[139.4007819,35.66907629999999],[139.4009307,35.66910010000001],[139.4011588,35.6691288],[139.4014823,35.66917540000001],[139.4018128,35.6692183],[139.4019746,35.6692379],[139.402139,35.6692563],[139.4023044,35.6692721],[139.4024608,35.669286699999994],[139.4028443,35.669320000000006],[139.4031091,35.6693437],[139.4032978,35.669359199999995],[139.4034438,35.669373],[139.4035765,35.6693843],[139.403781,35.66940129999999],[139.4039111,35.6694154],[139.4042387,35.6694523],[139.4044691,35.6694795]],[[139.3972661,35.668628000000005],[139.3971744,35.668628],[139.3970126,35.6686286],[139.3968454,35.668636199999995],[139.3966797,35.6686432],[139.3965097,35.6686517],[139.3963413,35.66865899999999],[139.39618040000002,35.6686675],[139.3960121,35.6686743]],[[139.3972645,35.66870070000001],[139.3973531,35.668702200000006],[139.3974401,35.668704999999996],[139.3975142,35.668707600000005],[139.3976028,35.668712299999996],[139.3976918,35.668718000000005],[139.3977792,35.6687244],[139.3978348,35.6687288],[139.3978903,35.668733800000005],[139.3979985,35.66874440000001],[139.3980997,35.668755899999994],[139.3983785,35.6687884],[139.3986805,35.668824]],[[139.3952104,35.668708],[139.3935981,35.6687796],[139.3931525,35.66879939999999]],[[139.7710246,35.68352349999999],[139.7708707,35.683569300000016]],[[139.77363410000004,35.682508799999994],[139.7735058,35.6825594],[139.7730325,35.6827457],[139.7726087,35.6829125],[139.7724762,35.6829647],[139.7723833,35.6830014],[139.77231040000004,35.6830291],[139.7711747,35.6834735],[139.7710246,35.68352349999999]],[[139.77425290000002,35.6835246],[139.7743484,35.683720599999994],[139.774396,35.683870999999996]],[[139.7440582,35.68321230000001],[139.7440489,35.6834037],[139.7440517,35.6836166],[139.744061,35.68377850000001]],[[139.7401455,35.6841099],[139.73962670000003,35.68406010000001],[139.7394532,35.6840434],[139.7391202,35.68401140000001]],[[139.7040462,35.6897029],[139.7039179,35.6896921],[139.7037798,35.6896777]],[[139.7041519,35.689711],[139.7040462,35.6897029]],[[139.7045332,35.68974459999999],[139.7043991,35.6897333],[139.7042972,35.68972459999999],[139.7041519,35.689711]],[[139.6747837,35.6767504],[139.6753538,35.676934599999996],[139.6757053,35.6770472],[139.6759931,35.6771358],[139.67652740000003,35.6772943]],[[139.2742463,35.6415359],[139.2741562,35.64146530000001],[139.2740839,35.64138959999999],[139.2740637,35.6413632]],[[139.6858359,35.68077679999999],[139.6851664,35.680358700000006],[139.6848332,35.6801665],[139.6845523,35.6800158],[139.6842469,35.6798723],[139.6837767,35.6796724],[139.6822399,35.67902570000001],[139.6813149,35.678595]],[[139.4597429,35.67308729999999],[139.4596281,35.67313209999999]],[[139.4659281,35.6727731],[139.4649752,35.672709600000005],[139.46463400000002,35.6726868],[139.4645702,35.6726835]],[[139.4818439,35.6732758],[139.48197010000004,35.6732949],[139.4820737,35.6732752],[139.482171,35.6732528],[139.4824685,35.6731684],[139.4830854,35.672998400000004],[139.4831387,35.6729837],[139.4838521,35.67278029999999],[139.483998,35.6727416],[139.48414570000003,35.6727016],[139.4851863,35.672402000000005],[139.4852185,35.6723932],[139.4857496,35.67224610000001],[139.4864435,35.6720523]],[[139.6989409,35.688652],[139.699185,35.6887457],[139.6993775,35.6888244],[139.6995872,35.68890729999999],[139.6997172,35.688954],[139.6999293,35.689015100000006],[139.7000896,35.68905259999999]],[[139.6989878,35.6885407],[139.6988098,35.6884753],[139.697793,35.6880767],[139.6975298,35.68797459999999],[139.6969042,35.687731799999995],[139.6968559,35.68771100000001],[139.6964872,35.68755190000001]],[[139.7044786,35.6898637],[139.7047125,35.6898745],[139.7048995,35.68987630000001],[139.7050735,35.6898664],[139.7052417,35.6898448],[139.7054099,35.6898106],[139.7055712,35.68976360000001],[139.705757,35.689696],[139.7059542,35.6896084],[139.7062011,35.6894807]],[[139.6929715,35.68572270000001],[139.6932419,35.6859267],[139.6937544,35.686315799999996],[139.6941897,35.68662400000001],[139.6943499,35.68673269999999],[139.6944415,35.686791],[139.694483,35.6868174]],[[139.6945871,35.6867034],[139.6944518,35.6866205],[139.6943193,35.686537200000004],[139.6941688,35.6864312],[139.6938769,35.6862236],[139.693621,35.6860327],[139.6934858,35.685931800000006],[139.6929389,35.6855238],[139.69269400000002,35.68534149999999],[139.6924054,35.68512849999999],[139.69236050000004,35.6850954],[139.6920178,35.68485499999999],[139.6911824,35.68428130000001],[139.6910962,35.684221],[139.6909721,35.6841213]],[[139.6947209,35.6869402],[139.6952517,35.6871827],[139.6956383,35.68734789999999]],[[139.76092,35.6786056],[139.760953,35.67871219999999],[139.7617084,35.6809294],[139.7620227,35.6818535],[139.7620342,35.681887200000006],[139.7620817,35.68203190000001],[139.7622107,35.682423899999996],[139.762269,35.682594300000005],[139.7625216,35.6833881],[139.7625332,35.68342450000001],[139.7625706,35.68355640000001]],[[139.3394841,35.659728],[139.3392626,35.659735500000004],[139.3390868,35.659741399999994],[139.3389921,35.6597446],[139.3389099,35.6597474],[139.3385021,35.65976229999999],[139.3384507,35.6597638],[139.3383694,35.659766499999996],[139.3378838,35.6597842],[139.3371641,35.65981],[139.3370478,35.6598173],[139.3369346,35.6598245],[139.3357473,35.65987299999999],[139.3356581,35.6598767],[139.3355322,35.65988130000001],[139.3344585,35.65992010000001],[139.3340916,35.6599361],[139.3337815,35.6599493],[139.333721,35.65995060000001],[139.3335883,35.6599554]],[[139.4501402,35.6776086],[139.4500654,35.6774759],[139.4496662,35.6771402],[139.4495362,35.67703740000001],[139.4491906,35.6767862],[139.4489667,35.6766424],[139.4487311,35.67651560000001],[139.4485851,35.6764427]],[[139.7202909,35.6878796],[139.7201552,35.687868800000004],[139.7190886,35.6877706],[139.7181052,35.6876752],[139.7179831,35.6876632],[139.7178218,35.687648900000006]],[[139.7232785,35.687932200000006],[139.72346250000004,35.6878878],[139.7240705,35.6877429],[139.7246892,35.6875871],[139.7248092,35.68755709999999],[139.7248895,35.687537],[139.7250205,35.68750369999999],[139.7251287,35.687466400000005],[139.7255236,35.687330499999995],[139.7257803,35.6872258],[139.7258328,35.68720439999999],[139.7259914,35.687139900000005],[139.7273851,35.68662059999999],[139.7274428,35.686599099999995],[139.7275839,35.6865465]],[[139.539761,35.6566175],[139.539627,35.65662700000001],[139.539537,35.65665250000001],[139.5389904,35.656841400000005]],[[139.1167248,35.6259058],[139.1166314,35.625959900000005],[139.1165392,35.6260134],[139.1162978,35.626154799999995],[139.1161607,35.62622990000001],[139.1154334,35.626664399999996],[139.1153516,35.6267152],[139.1145768,35.62717429999999],[139.1145003,35.6272196],[139.11439,35.6272818],[139.1143349,35.6273179],[139.1142946,35.62734119999999],[139.1135832,35.6277509],[139.1133768,35.6278708],[139.1130737,35.6280469],[139.113044,35.62806400000001],[139.1125217,35.6283663],[139.1122979,35.6284927],[139.11222,35.6285367],[139.1121579,35.628571799999996],[139.1121316,35.62858719999999],[139.112039,35.62864150000001],[139.1117221,35.628839799999994],[139.1116136,35.62890380000001],[139.1115053,35.6289609],[139.1113886,35.6289936],[139.1113083,35.6289997]],[[139.1534755,35.6151931],[139.1533663,35.6152267],[139.1532469,35.61525509999999],[139.1531687,35.615268900000004],[139.1531176,35.61527100000001],[139.1530627,35.61526680000001],[139.1530184,35.61525629999999],[139.1529724,35.6152429],[139.1528165,35.6151812],[139.1527042,35.615141599999994],[139.1526294,35.61512129999999]],[[139.7709277,35.683675900000004],[139.7710756,35.68362760000001]],[[139.5420314,35.6558998],[139.5419579,35.655923200000004],[139.5416125,35.6560244],[139.5399992,35.6565403],[139.5398963,35.6565737],[139.539761,35.6566175]],[[139.5445767,35.6551705],[139.5444691,35.65520440000001],[139.5442468,35.655275],[139.5436686,35.6554351],[139.5421277,35.6558785],[139.5420314,35.6558998]],[[139.4792018,35.67321630000001],[139.4790769,35.67321230000001],[139.4789954,35.6732108],[139.4789286,35.673213800000006],[139.4778846,35.67333099999999],[139.47786070000004,35.673333199999995],[139.4769857,35.6734193],[139.4768484,35.6734253],[139.4767264,35.6734271],[139.4765947,35.673425699999996],[139.4762238,35.6734043],[139.4753535,35.673354200000006],[139.4752234,35.6733467]],[[139.4804618,35.673254799999995],[139.4798156,35.67323510000001],[139.4793693,35.67322140000001],[139.4792018,35.67321630000001]],[[139.7724432,35.68309049999999],[139.7725278,35.6830567],[139.7735108,35.6826743],[139.77356,35.6826535],[139.7736924,35.6826018]],[[139.6903289,35.683943500000005],[139.6905282,35.6840763],[139.6906406,35.68415250000001],[139.6907969,35.684251200000006]],[[139.655415,35.67107899999999],[139.6555938,35.67113749999999],[139.6556708,35.6711651],[139.6568658,35.671631500000004],[139.6571226,35.671716700000005],[139.6573398,35.6717812],[139.6591147,35.6722227]],[[139.609002,35.6728709],[139.6092591,35.67281919999999],[139.6096078,35.6727533],[139.6099997,35.67267929999999],[139.6107571,35.6725274],[139.6108458,35.67251060000001],[139.6109734,35.672484100000005],[139.6121436,35.672257699999996]],[[139.6133536,35.67201649999999],[139.6135683,35.671992200000005]],[[139.612551,35.67210190000001],[139.6119627,35.67222709999999],[139.6109634,35.6724222],[139.6108538,35.6724442],[139.6107655,35.672462700000004],[139.6096014,35.67268850000001],[139.608994,35.672807],[139.6088931,35.6728269],[139.607748,35.6730531],[139.6071936,35.673140800000006],[139.607174,35.67314390000001],[139.6068241,35.6731767],[139.6064646,35.67317990000001],[139.6060966,35.67317680000001],[139.6056565,35.673153],[139.6054871,35.67312950000001],[139.605308,35.6731046],[139.6048409,35.6730299],[139.6032766,35.672771300000015],[139.6016293,35.6725154],[139.6015253,35.6724992],[139.6014416,35.672485200000004],[139.6004824,35.672325],[139.6001591,35.67225929999999],[139.6000807,35.672243400000006],[139.5995405,35.6720972],[139.5991265,35.6719392],[139.5988968,35.67185150000001],[139.5983197,35.67153170000001],[139.5978616,35.6712598],[139.5975174,35.671051],[139.5974564,35.671013800000004],[139.5973849,35.67096819999999],[139.5967122,35.67054530000001],[139.5962159,35.67023290000001],[139.5959531,35.670068],[139.5947364,35.6693068],[139.59441,35.66910549999999],[139.5939153,35.668803],[139.5936238,35.6686206]],[[139.6135659,35.6719083],[139.6133487,35.6719382]],[[139.36337860000003,35.6657373],[139.3627516,35.6654821],[139.3614368,35.664966799999995],[139.3607076,35.6646943],[139.3606564,35.664675200000005]],[[139.3458747,35.6594819],[139.3446682,35.659515400000004],[139.344603,35.6595172],[139.3445544,35.65951859999999],[139.3441003,35.659529899999995],[139.3427398,35.65956709999999],[139.3426411,35.6595753]],[[139.6909721,35.6841213],[139.6907821,35.6840007],[139.6903963,35.68376130000001]],[[139.5702807,35.6578959],[139.5701677,35.6578423],[139.5699698,35.657741900000005],[139.5697739,35.6576306],[139.5695781,35.6575216],[139.5694005,35.6574063],[139.5693502,35.65737440000001],[139.5692654,35.6573194],[139.5691419,35.657240900000005],[139.569068,35.6571938],[139.5684765,35.65681970000001],[139.567781,35.656384],[139.5676126,35.6562793],[139.5671662,35.65600190000001],[139.5670804,35.655948900000006],[139.5670355,35.6559206],[139.5669568,35.655872900000006]],[[139.5737569,35.6592058],[139.5733944,35.65908110000001],[139.5733379,35.6590614],[139.5732734,35.659035700000004]],[[139.7656902,35.6846992],[139.7655343,35.68473389999999],[139.7647256,35.6849017],[139.7645914,35.68492959999999],[139.7644658,35.684955499999994],[139.7634061,35.685186800000004],[139.7633335,35.6852026],[139.7632034,35.685231]],[[139.7683892,35.6842476],[139.7685018,35.684225],[139.7693793,35.6840308],[139.7695295,35.6839976],[139.7696847,35.683964100000004],[139.7707412,35.6837286],[139.7709277,35.683675900000004]],[[139.5126393,35.66841180000001],[139.5129322,35.6682911],[139.5141267,35.66779880000001],[139.5142955,35.6677391],[139.5151618,35.66738300000001],[139.5152249,35.667357],[139.5153323,35.66731300000001]],[[139.4507351,35.677270400000005],[139.4503357,35.6774999],[139.4502779,35.677532],[139.4501402,35.6776086]],[[139.729586,35.6859175],[139.7297486,35.685886599999996],[139.7302967,35.68580970000001]],[[139.7309868,35.6855611],[139.7307957,35.68559969999999],[139.7307474,35.6856067]],[[139.1523545,35.6150581],[139.1522852,35.61505499999999],[139.1522159,35.61506299999999],[139.1521359,35.6150779],[139.1518891,35.6151489],[139.1516915,35.6152068],[139.1515519,35.615241399999995],[139.1514514,35.615280399999996],[139.1513673,35.615330099999994],[139.1512878,35.615408],[139.1510731,35.61561780000002],[139.1509677,35.61570819999999],[139.150851,35.6157848],[139.1508242,35.61579890000001],[139.1507134,35.61585720000001],[139.1505559,35.615917],[139.15035920000003,35.6159753],[139.15020250000003,35.61600659999999],[139.1500079,35.6160385],[139.1497607,35.616071],[139.1495435,35.6161167],[139.1493014,35.61617640000001],[139.1488373,35.61624],[139.1486706,35.61625529999999],[139.1483949,35.6162645],[139.1476533,35.6162867],[139.1475396,35.6163027],[139.1474477,35.6163278],[139.147357,35.616365800000004],[139.1472584,35.61641970000001],[139.1471444,35.61649920000001]],[[139.2691908,35.62928889999999],[139.2691497,35.62920419999999],[139.2690762,35.6290594],[139.268966,35.628944],[139.2688145,35.628855400000006],[139.268632,35.62877869999999],[139.2684194,35.628665700000006],[139.2682557,35.628551499999986],[139.2681249,35.6284339],[139.2679074,35.6282646],[139.2676525,35.62812360000001],[139.2673656,35.6279827],[139.2669933,35.627817],[139.2668536,35.6277656],[139.2664115,35.62759849999999],[139.2659556,35.627435],[139.2658111,35.62738420000001],[139.2656307,35.627347],[139.2652531,35.6272846],[139.2648478,35.6272128],[139.2646394,35.627166],[139.2644468,35.6271077],[139.2642846,35.627034200000004],[139.2641348,35.6269404],[139.2640245,35.6268478],[139.263905,35.6267173],[139.2638307,35.6266072],[139.2637791,35.6265087],[139.2637357,35.6264026],[139.2637127,35.6262632],[139.2637052,35.62617840000001]],[[139.1542797,35.614829500000006],[139.1541972,35.61488179999999],[139.1541221,35.6149265],[139.1539779,35.615006199999996],[139.1539347,35.615026300000004],[139.1539143,35.6150357],[139.1536723,35.6151175],[139.1535761,35.6151533],[139.1534755,35.6151931]],[[139.3426411,35.6595753],[139.3425252,35.6595818],[139.34222740000004,35.6595984],[139.3416373,35.65962909999999],[139.3413212,35.659642],[139.3403986,35.6596947],[139.3403095,35.6597001]],[[139.3772557,35.6673774],[139.3770883,35.6673374],[139.3765579,35.667190800000014],[139.3748652,35.666709],[139.3740685,35.6664912],[139.3738407,35.666423200000004],[139.3737663,35.666403200000005],[139.37313000000003,35.666224500000006],[139.3724657,35.666035900000004],[139.3718022,35.665842500000004],[139.3714161,35.665742],[139.3713476,35.6657274],[139.3711422,35.6656907],[139.3707885,35.6656266],[139.3702093,35.6655414],[139.369573,35.6654436],[139.3693449,35.665407300000005],[139.3684508,35.6652781],[139.3680101,35.665210699999996],[139.3677232,35.6651765],[139.3674819,35.6651675],[139.3673066,35.665178],[139.3671575,35.6651919],[139.3669991,35.6652133],[139.3667907,35.6652634],[139.3664629,35.665352999999996],[139.3663641,35.66538469999999],[139.3653963,35.6657439]],[[139.5861381,35.6639847],[139.5859926,35.6639299],[139.5852662,35.6636563],[139.5849156,35.663524300000006],[139.5848708,35.6635071],[139.5848114,35.66348440000001]],[[139.5883428,35.665344],[139.588314,35.6653274]],[[139.5882908,35.665396],[139.5883227,35.6654154],[139.5891222,35.665901700000006],[139.590144,35.666534600000006],[139.5907028,35.666885],[139.5912246,35.667204],[139.5914383,35.667345499999996],[139.5920582,35.667725100000006],[139.5926122,35.6680725],[139.5926947,35.6681242],[139.5927732,35.668171599999994],[139.5938796,35.6688563],[139.5942958,35.6691137],[139.5943659,35.669157299999995],[139.5959308,35.67013180000001],[139.5965309,35.670508399999996],[139.5973327,35.671003199999994],[139.5974145,35.67105440000001],[139.5974797,35.6710948],[139.5982285,35.6715552],[139.5988446,35.67189869999999],[139.5990671,35.6719899],[139.5992577,35.6720679],[139.5993555,35.67210790000001],[139.6000983,35.6723286],[139.6001763,35.6723412],[139.6003707,35.6723727],[139.6014239,35.6725543],[139.6015045,35.67256820000001],[139.6016081,35.67258400000001],[139.6026203,35.67273809999999],[139.6030134,35.6727985],[139.60391300000003,35.67294460000001],[139.6041117,35.67297500000001],[139.6048232,35.673083899999995],[139.6054758,35.6731837],[139.6056454,35.673209699999994],[139.6061781,35.673247200000006],[139.606537,35.673244700000005],[139.6067892,35.67323960000001],[139.6071746,35.673208599999995],[139.6077025,35.6731262],[139.6081151,35.6730451],[139.6089052,35.672889899999994],[139.609002,35.6728709]],[[139.5865547,35.6642819],[139.5871538,35.6646669],[139.5880735,35.6652588]],[[139.1095115,35.6292413],[139.105968,35.6298482],[139.1057654,35.62986949999999],[139.1055552,35.6298771],[139.1053874,35.6298609],[139.1051922,35.62981750000001],[139.1050352,35.6297675],[139.1049183,35.6297084]],[[139.5153323,35.66731300000001],[139.5155691,35.6672149],[139.5160988,35.666996],[139.5167289,35.6667318],[139.5179397,35.66623779999999],[139.5184902,35.6660109],[139.51864420000004,35.66595060000001]],[[139.5839371,35.66315959999999],[139.5838439,35.66312520000001],[139.5823601,35.662574600000006],[139.5808415,35.66200250000001],[139.5805679,35.6618929],[139.5802943,35.661756700000005],[139.5801059,35.6616461],[139.5788118,35.6608867],[139.5787308,35.66084300000001],[139.5786617,35.6607995],[139.5785243,35.6606896],[139.5784679,35.66064790000001],[139.5784095,35.6606089],[139.5783541,35.660579199999994],[139.5782984,35.6605504],[139.5781804,35.660496300000005],[139.5780644,35.660443400000005],[139.5780067,35.6604175],[139.5779488,35.66039440000001],[139.5778852,35.6603718],[139.5778213,35.6603529],[139.5777493,35.6603362],[139.5776738,35.66032310000001],[139.5775968,35.660312900000015],[139.5775232,35.6602994],[139.5774687,35.66028599999999],[139.57742,35.660270100000005],[139.5773549,35.66024980000001],[139.5771981,35.660200800000005],[139.5768337,35.66009400000001],[139.5760544,35.6598627],[139.5758037,35.659806299999985],[139.5757071,35.659798300000006]],[[139.5848114,35.66348440000001],[139.5847395,35.663457100000024],[139.584026,35.663192800000004],[139.583978,35.6631748],[139.5839371,35.66315959999999]],[[139.2712435,35.6383129],[139.2712249,35.638216500000006],[139.2712177,35.6381821],[139.2712138,35.6381635],[139.2711992,35.63809330000001],[139.2711934,35.6380682],[139.2711808,35.6380138],[139.271139,35.63783310000001],[139.2710212,35.63746140000001],[139.2709077,35.63721110000001],[139.2707744,35.6369179],[139.2706897,35.63674509999999],[139.2706494,35.636663],[139.2706213,35.636596399999995],[139.2705736,35.63649159999999],[139.2705314,35.636384500000005],[139.2705136,35.636320100000006]],[[139.2052335,35.6211884],[139.2050955,35.62126790000001],[139.2047894,35.6214687],[139.2046059,35.62162310000001],[139.2045463,35.6216855],[139.2043268,35.6219195],[139.2042003,35.6220747],[139.20412180000002,35.622177900000004],[139.2040637,35.622273400000005],[139.2040351,35.622336],[139.2040022,35.6224407],[139.2039311,35.6227593],[139.2038627,35.6229943],[139.2037929,35.62316520000001],[139.20346040000004,35.6238427],[139.2033382,35.62409490000001],[139.2033079,35.6241827],[139.203305,35.62425799999999],[139.2033197,35.6243315],[139.2033517,35.62439849999999],[139.2034825,35.624575400000005],[139.20354550000002,35.624687400000006]],[[139.520392,35.6651737],[139.5201788,35.6652556],[139.5198784,35.66538],[139.5194729,35.665542599999995],[139.5187751,35.6658405],[139.5187415,35.66585479999999],[139.5186199,35.66590109999999]],[[139.4839805,35.67267410000001],[139.4838382,35.67271430000001],[139.4830667,35.672930100000016],[139.483012,35.67294460000001],[139.4825859,35.6730644],[139.482367,35.67312520000001],[139.4821543,35.6731847],[139.4820584,35.6732088],[139.481972,35.673225],[139.4818439,35.6732758]],[[139.5186199,35.66590109999999],[139.5184608,35.6659602],[139.518311,35.66602009999999],[139.517904,35.6661898],[139.5176771,35.66628430000001],[139.5167147,35.66667199999999],[139.5162493,35.666872299999994],[139.516067,35.6669506],[139.5156117,35.6671247],[139.5155287,35.6671565],[139.515341,35.6672349]],[[139.667228,35.6742861],[139.6671683,35.67426970000001],[139.6664587,35.6740673],[139.6646628,35.6735444],[139.6646127,35.673529800000004],[139.66413420000003,35.67339049999999],[139.6637452,35.67328390000001],[139.663569,35.673235600000005]],[[139.230236,35.6198856],[139.2301721,35.6200451],[139.2301216,35.6202118],[139.2300923,35.620287],[139.2300673,35.62034559999999],[139.2300384,35.6203929],[139.2300003,35.6204468],[139.229947,35.62048790000001],[139.2298855,35.6205175],[139.2297601,35.6205634],[139.2296378,35.62060219999999],[139.2295485,35.6206449],[139.2294551,35.6206991],[139.2292825,35.620815799999995],[139.2291122,35.6209121],[139.2288851,35.62099719999999],[139.2288212,35.62101280000001],[139.2287354,35.62103009999999],[139.2286198,35.62103650000001],[139.2283322,35.6210157],[139.2281686,35.62099580000001],[139.2280479,35.6209534]],[[139.2280479,35.6209534],[139.2279475,35.620886899999995],[139.2278816,35.6208282],[139.2277941,35.6207458]],[[139.7019314,35.6894317],[139.7024261,35.6895534],[139.70287870000004,35.6896496],[139.7031844,35.689702]],[[139.7032044,35.689610099999996],[139.7029028,35.68956010000001],[139.70247,35.689468100000006],[139.702172,35.6893929],[139.7020105,35.6893527]],[[139.559043,35.6524668],[139.5585463,35.652504799999996],[139.5584841,35.652509699999996],[139.5580841,35.6525404],[139.5576172,35.65257979999999]],[[139.5866827,35.66427229999999],[139.5864541,35.66413229999999],[139.5862529,35.6640345],[139.5861381,35.6639847]],[[139.254441,35.61925440000001],[139.2542355,35.619222]],[[139.2570543,35.6190601],[139.2566596,35.6191359],[139.2563234,35.6192199],[139.2560447,35.6193052],[139.2558217,35.6193613],[139.2556622,35.6193878],[139.255521,35.61939989999999],[139.2554076,35.6193945],[139.2547719,35.6193066],[139.254441,35.61925440000001]],[[139.2631859,35.6226328],[139.263219,35.62290039999999]],[[139.2632978,35.62268540000001],[139.2632692,35.62257280000001],[139.2632059,35.6223742],[139.2631309,35.62215689999999]],[[139.7676845,35.6842658],[139.7675572,35.68429780000001]],[[139.5126292,35.6683653],[139.5124037,35.66845630000002]],[[139.515341,35.6672349],[139.5151836,35.66729649999999],[139.5142624,35.66768369999999],[139.5126292,35.6683653]],[[139.5372207,35.65760699999999],[139.5365201,35.65793630000001],[139.536099,35.658135900000005],[139.5357682,35.6582874],[139.5354822,35.658419],[139.5353441,35.658488899999995],[139.5352578,35.6585297],[139.5348546,35.65871700000001]],[[139.5348546,35.65871700000001],[139.5335283,35.6593349],[139.5333107,35.6594362],[139.5331269,35.6595139]],[[139.5331269,35.6595139],[139.5325714,35.6597527]],[[139.5310962,35.660471900000005],[139.5308223,35.66060089999999],[139.5306682,35.6606717],[139.5302729,35.6608584],[139.5298029,35.66107809999999],[139.5296534,35.66114699999999],[139.5293326,35.6612927],[139.52820270000004,35.661823000000005],[139.5270819,35.6623506]],[[139.7571512,35.6761279],[139.7560732,35.6765517],[139.7560284,35.6765693],[139.7559176,35.67661760000001]],[[139.5216328,35.6646616],[139.5213589,35.6647725],[139.5209574,35.6649386],[139.5207773,35.6650147],[139.520392,35.6651737]],[[139.1964243,35.61899269999999],[139.1962465,35.6186421]],[[139.1962465,35.6186421],[139.1959933,35.61847049999999],[139.1959116,35.61842759999999],[139.1958311,35.618398],[139.1957469,35.6183762],[139.1956706,35.61836910000001],[139.1955847,35.618364500000006],[139.195512,35.6183602],[139.1954436,35.6183468],[139.1953915,35.61833010000001],[139.1953391,35.618302500000006],[139.1952528,35.6182448],[139.1951475,35.61819010000001],[139.1950111,35.61815109999999],[139.194892,35.6181236],[139.194645,35.6180764],[139.1945415,35.618044700000006],[139.1944513,35.6180067],[139.194379,35.6179593],[139.1943195,35.617904],[139.1942681,35.6178375],[139.1942247,35.617759500000005],[139.1942055,35.6176909],[139.1941987,35.61762910000001],[139.1941983,35.6175552],[139.1942055,35.617494099999995],[139.1942693,35.6172886],[139.1942784,35.617223],[139.194274,35.61715409999999],[139.194247,35.617063699999996],[139.1941999,35.61698530000001],[139.19413730000002,35.616908099999996],[139.1940311,35.616807300000005],[139.1938206,35.6166495],[139.1936034,35.6164893],[139.1933725,35.61631190000001],[139.1932125,35.61621280000001],[139.1931011,35.6161604],[139.1930748,35.616148800000005],[139.1930054,35.616114700000004],[139.1928654,35.616058200000005],[139.1926596,35.61597570000001],[139.1919199,35.615692700000004],[139.1917222,35.6156221],[139.1915555,35.6155649],[139.1913195,35.6154773],[139.1911721,35.6154411],[139.1910576,35.61542630000001],[139.1909653,35.6154227],[139.1909,35.6154267],[139.1907756,35.615447],[139.1906205,35.6154897]],[[139.4591403,35.6733237],[139.4589961,35.6733785]],[[139.7745439,35.68404800000001],[139.7744896,35.6838554]],[[139.2471368,35.61637360000001],[139.2470199,35.61636270000002]],[[139.2475867,35.616426000000004],[139.2474235,35.616407],[139.2471368,35.61637360000001]],[[139.247724,35.6164375],[139.2475867,35.616426000000004]],[[139.2477996,35.616444],[139.247724,35.6164375]],[[139.562709,35.65355589999999],[139.5626663,35.653533100000004]],[[139.5624033,35.6534006],[139.5623645,35.6533783]],[[139.5732734,35.659035700000004],[139.5731824,35.659004],[139.5731167,35.65898090000001],[139.5729027,35.65889789999999],[139.57240910000002,35.6587121],[139.5718186,35.658481800000004],[139.5716897,35.658431799999995],[139.571615,35.658402900000006],[139.5715134,35.658360699999996],[139.5714489,35.6583363],[139.5713954,35.6583162],[139.571003,35.658168700000004],[139.5705163,35.6579904],[139.5704739,35.6579737],[139.5703915,35.6579434],[139.5703286,35.6579179],[139.5702807,35.6578959]],[[139.3127016,35.6580667],[139.312615,35.6580231],[139.3125726,35.6580015],[139.3121352,35.6577836],[139.3116513,35.657532299999986],[139.3115668,35.6574889]],[[139.26097,35.6183771],[139.2608821,35.6184525],[139.2604546,35.6188193],[139.2603665,35.6188782],[139.2602644,35.6189248],[139.2601813,35.6189529],[139.2600734,35.61897400000001],[139.2599698,35.618981100000006],[139.2598539,35.6189743],[139.2597137,35.6189499]],[[139.2611214,35.61825579999999],[139.26097,35.6183771]],[[139.2597137,35.6189499],[139.2595452,35.6189086]],[[139.2595452,35.6189086],[139.2591935,35.6188074],[139.2590341,35.61877350000001],[139.2588464,35.61875340000001],[139.2586697,35.618747],[139.25854660000002,35.618756399999995],[139.2583605,35.61878840000001],[139.2581992,35.6188463],[139.2580039,35.6189157],[139.2578263,35.61895800000001],[139.2576819,35.618987000000004],[139.2574406,35.619007],[139.2570543,35.6190601]],[[139.2535933,35.6190228],[139.2534545,35.61896769999999]],[[139.2534545,35.61896769999999],[139.2533672,35.61891370000001],[139.2531813,35.618756299999994],[139.2529887,35.6185585],[139.2528278,35.618350500000005],[139.2526706,35.618095200000006],[139.2523696,35.61750930000001],[139.2522712,35.61739000000001],[139.2520652,35.617238900000004],[139.2518784,35.6171308],[139.2516927,35.6170376],[139.2514969,35.616964]],[[139.2514969,35.616964],[139.2512716,35.6168936]],[[139.2512716,35.6168936],[139.2509108,35.61680009999999],[139.2507335,35.61675579999999],[139.2505439,35.61671400000001],[139.2503029,35.616670500000005],[139.2500327,35.6166382],[139.2494999,35.61659559999999],[139.2489487,35.61654670000001],[139.2478523,35.616449],[139.2477996,35.616444]],[[139.2463158,35.6162969],[139.246147,35.6162859],[139.2460824,35.616281699999995]],[[139.2460824,35.616281699999995],[139.2449544,35.616171200000004],[139.2447501,35.61614660000001],[139.2443926,35.6160746],[139.2440998,35.61598480000001],[139.2437779,35.61588210000001],[139.2436552,35.615852],[139.2435204,35.615828500000006],[139.2433845,35.6158084],[139.2432527,35.6157982],[139.2431369,35.6158013],[139.2430251,35.6158077],[139.2428737,35.61582460000001],[139.2427182,35.61585480000001],[139.2422012,35.6159569],[139.2420561,35.6159863],[139.2418603,35.6160105],[139.24172900000002,35.61601979999999],[139.2414564,35.6160308],[139.241234,35.6160448],[139.2410601,35.6160701],[139.2409046,35.616119100000006],[139.2407863,35.61618390000001],[139.2406817,35.6162589],[139.2405909,35.61633960000001],[139.24051140000003,35.61643320000002],[139.2404493,35.6165426],[139.2401275,35.6171632],[139.2400884,35.6172466],[139.24005810000003,35.61733540000001],[139.240026,35.6174391]],[[139.240018,35.6175341],[139.2400139,35.6176256],[139.2400014,35.6182042],[139.2399977,35.6183019],[139.2399816,35.618409799999995],[139.2399703,35.6184776],[139.2399304,35.6185533],[139.2398649,35.61862469999999],[139.23979,35.61867980000001],[139.2397221,35.6187237],[139.2396287,35.618761899999996],[139.238971,35.6189975],[139.2388305,35.61905339999999],[139.2387095,35.6191002],[139.23860260000004,35.6191694],[139.238508,35.6192261],[139.23839,35.6192806],[139.2382831,35.61931830000001],[139.2382087,35.619329300000004],[139.2381232,35.6193301],[139.2380253,35.619318500000006],[139.23791780000002,35.61929460000001],[139.2378472,35.619271399999995],[139.2376917,35.61923709999999],[139.2376093,35.6192278]],[[139.240026,35.6174391],[139.240018,35.6175341]],[[139.2376093,35.6192278],[139.2374779,35.619251]],[[139.2374779,35.619251],[139.2374017,35.619275899999984],[139.2373301,35.6193104],[139.2372692,35.619361500000004],[139.2372235,35.6194088],[139.2371899,35.6194604],[139.2371691,35.61951500000001],[139.237159,35.619601],[139.2371675,35.61967090000001],[139.237193,35.6197527],[139.2372303,35.619851600000004],[139.2372436,35.61990610000001],[139.2372453,35.61997769999999],[139.2372308,35.6200371],[139.2372059,35.6200947],[139.237174,35.6201425],[139.2371339,35.6201876],[139.2370559,35.6202446],[139.236964,35.62030149999999]],[[139.2365574,35.6205388],[139.2364683,35.6205662]],[[139.2364683,35.6205662],[139.2364039,35.6205813],[139.23632810000004,35.6205917],[139.23624290000004,35.620590500000006],[139.2359955,35.6205356],[139.2356164,35.62045260000001],[139.2354776,35.6204238],[139.2353736,35.620391999999995],[139.2353039,35.62035199999999],[139.2352343,35.62029690000001],[139.2351472,35.620221900000004],[139.2350601,35.62014690000001],[139.2349792,35.620096399999994],[139.2348901,35.62004790000001]],[[139.2348901,35.62004790000001],[139.2347912,35.619995]],[[139.2347912,35.619995],[139.2346243,35.61991330000001],[139.2344574,35.619853400000004],[139.2342904,35.6197973],[139.2341213,35.61975609999999]],[[139.2341213,35.61975609999999],[139.2339802,35.6197312]],[[139.2321653,35.6192924],[139.2321098,35.6192499],[139.2320235,35.619189799999994],[139.2319177,35.619141],[139.2318309,35.6191082],[139.2317253,35.61908170000001],[139.2316056,35.6190692],[139.2314884,35.61907250000001],[139.2314544,35.619076199999995],[139.2313701,35.6190903],[139.2312661,35.61912039999999],[139.2311539,35.619167999999995],[139.2309729,35.61927349999999],[139.2307879,35.61938620000001],[139.2305882,35.619503200000004],[139.2305263,35.61954720000001],[139.230461,35.6196017],[139.230386,35.6196709],[139.230313,35.6197566],[139.230236,35.6198856]],[[139.3064333,35.654915499999994],[139.3062644,35.65481880000001],[139.3061936,35.65478389999999],[139.306065,35.654720600000005],[139.3054087,35.6544049],[139.3047046,35.6540347],[139.3038592,35.6536314],[139.3037953,35.6536008],[139.3037617,35.653583700000006],[139.3031773,35.6532873]],[[139.2911067,35.64700139999999],[139.2909685,35.64696],[139.290614,35.6468394],[139.290133,35.64667780000001],[139.2900784,35.6466605],[139.2900632,35.64665389999999],[139.2900105,35.6466354],[139.2898992,35.64659650000001],[139.2890026,35.6462928],[139.2885074,35.64612579999999],[139.2879532,35.645948],[139.2878826,35.64592540000001],[139.287814,35.6459034],[139.2877615,35.6458862],[139.2870638,35.645642900000006],[139.2861558,35.645344],[139.2852653,35.6450122],[139.2851188,35.6449614]],[[139.2802017,35.642556400000004],[139.2800567,35.64253579999999],[139.279905,35.642514299999995],[139.2792395,35.64241169999999],[139.27901390000002,35.6423838],[139.2787725,35.6423544],[139.2784576,35.6423149],[139.2783749,35.6423045],[139.2783177,35.6422973],[139.27826490000004,35.6422901],[139.2780027,35.6422541],[139.2776911,35.642208999999994],[139.2772558,35.64214390000001],[139.2767626,35.642066899999996],[139.2765538,35.64203330000001],[139.2765043,35.64202530000001],[139.2764563,35.6420172],[139.2763393,35.6419976],[139.2759024,35.64192419999999],[139.2755144,35.641849699999995],[139.2750721,35.6417569],[139.2748496,35.6417089],[139.2746694,35.6416744],[139.274562,35.641649400000006],[139.2743991,35.6416051]],[[139.7744896,35.6838554],[139.774457,35.683743099999994],[139.7744431,35.68369499999999],[139.7743619,35.6835368]],[[139.774396,35.683870999999996],[139.7744454,35.6840643]],[[139.7540866,35.6774129],[139.7537394,35.6775465],[139.7535465,35.677620700000006]],[[139.0703415,35.614075099999994],[139.0701924,35.6139389]],[[139.0701924,35.6139389],[139.0700101,35.613776699999995],[139.0699106,35.6137014],[139.0698179,35.61364270000001],[139.0697142,35.61358400000001],[139.0696332,35.6135415],[139.0695234,35.61349709999999],[139.0693519,35.61344080000001],[139.0691151,35.613393],[139.0686093,35.6133054],[139.0679638,35.6131969],[139.0678248,35.6131696],[139.0676593,35.6131177],[139.0672457,35.612926200000004],[139.0671699,35.6128983],[139.0670697,35.61287810000001],[139.0669629,35.6128771],[139.0664906,35.61289150000001],[139.0663901,35.6128829],[139.0662624,35.6128644],[139.0661693,35.612841],[139.0653695,35.612566900000004],[139.06484,35.6124065],[139.0647337,35.61237330000001],[139.0646397,35.61232570000001],[139.0645548,35.6122703]],[[139.6416428,35.667471000000006],[139.6415021,35.6674573],[139.6414035,35.66744760000001],[139.6410016,35.6674057],[139.6407753,35.66739340000001],[139.6405525,35.66737990000001],[139.6398683,35.66733860000001],[139.6393163,35.66732390000001],[139.6391975,35.6673225],[139.6388676,35.6673328],[139.6385663,35.667354700000004],[139.6383836,35.6673823],[139.6383732,35.667383900000004],[139.6381788,35.6674191],[139.63768890000003,35.667547600000006],[139.6373316,35.667657999999996],[139.6368981,35.66780549999999],[139.6364518,35.6679389],[139.6356564,35.668209999999995],[139.6346821,35.66853619999999],[139.634075,35.66873069999999],[139.6337124,35.6688532],[139.6332921,35.6689983],[139.6331668,35.66903870000001],[139.6331336,35.669049400000006],[139.633083,35.6690657],[139.6330101,35.6690894],[139.6329076,35.6691225],[139.63281680000003,35.6691519],[139.6324925,35.669238500000006],[139.632249,35.669286],[139.6320375,35.66932099999999],[139.6315974,35.66937140000001],[139.6313745,35.6693956],[139.6309303,35.669443699999995],[139.6304889,35.669501999999994],[139.6301081,35.6695582],[139.62934880000003,35.6696736],[139.629034,35.6697226],[139.628641,35.669779600000005],[139.6283193,35.669822700000005],[139.6281272,35.6698495]],[[139.64234160000004,35.66755739999999],[139.6420458,35.66751870000001],[139.6418628,35.66749819999999],[139.6416428,35.667471000000006]],[[139.5861035,35.664041700000006],[139.5863186,35.66414],[139.586534,35.66426950000001],[139.5865547,35.6642819]],[[139.6121436,35.672257699999996],[139.6131677,35.67205280000001],[139.6133536,35.67201649999999]],[[139.6281625,35.67007970000001],[139.6281803,35.67007430000001],[139.6285312,35.670019],[139.6288776,35.66996459999999],[139.6290926,35.669934900000015],[139.629485,35.6698762],[139.6300033,35.6697984],[139.630274,35.6697578],[139.6308409,35.66967929999999],[139.6313299,35.669619700000005],[139.6315605,35.6695889],[139.63194160000003,35.6695381],[139.6322997,35.66949030000001],[139.6326746,35.6694224],[139.6328987,35.6693586],[139.6329435,35.66934580000001],[139.6330016,35.6693293],[139.6331034,35.6692975],[139.6331713,35.6692774],[139.6332675,35.669245],[139.6333382,35.6692212],[139.6337236,35.6690914],[139.6338738,35.669040800000005],[139.635113,35.6686355],[139.6355253,35.6684959],[139.6357363,35.6684255],[139.6361197,35.6682894],[139.6365013,35.6681652],[139.6366412,35.66811849999999],[139.6370426,35.6679846],[139.6375363,35.66783],[139.63788580000002,35.6677235],[139.6379346,35.66770840000001],[139.6382693,35.6676235],[139.6383609,35.66760219999999],[139.6387041,35.6675559],[139.6388491,35.6675492],[139.63947,35.66754600000001],[139.639954,35.6675663],[139.6405363,35.6675977],[139.6413678,35.667663499999996],[139.6414681,35.66767519999999],[139.6416171,35.6676926]],[[139.3522325,35.66243289999999],[139.3515163,35.66238160000001],[139.3505941,35.6623084],[139.3504589,35.66229770000001],[139.3503431,35.6622877],[139.3499886,35.662257],[139.348899,35.6621689],[139.3487328,35.6621503],[139.3486609,35.662140599999994],[139.3485889,35.6621222],[139.3485136,35.6620937],[139.3484592,35.6620697]],[[139.3542317,35.6625972],[139.3537587,35.66256099999999],[139.3534644,35.6625348],[139.3533262,35.662523699999994]],[[139.3533262,35.662523699999994],[139.3530482,35.66250230000001]],[[139.7632332,35.685340200000006],[139.7633692,35.685313],[139.764456,35.6850927],[139.7645319,35.68507730000001],[139.76463170000002,35.685056700000004],[139.7655121,35.6848746],[139.7655851,35.68485950000001],[139.7657432,35.6848263]],[[139.7535465,35.677620700000006],[139.7533758,35.67767959999999]],[[139.7456221,35.680025500000006],[139.7454002,35.6803778]],[[139.7457463,35.68012860000002],[139.7457856,35.6800892],[139.7459022,35.679953100000006],[139.745967,35.6798987],[139.7460338,35.6798538],[139.7461101,35.679817500000006],[139.7462438,35.6797592]],[[139.7454002,35.6803778],[139.7451672,35.6807623],[139.7447565,35.6814672],[139.7446564,35.6816331],[139.7446091,35.6817117],[139.7445286,35.681849]],[[139.7494332,35.67710700000001],[139.7494041,35.6771275],[139.7490933,35.677345599999995],[139.7486082,35.67784319999999],[139.7482715,35.67823719999999],[139.7480627,35.6785088],[139.7479241,35.67865869999999],[139.747617,35.6789562],[139.7475126,35.67904970000001]],[[139.7462438,35.6797592],[139.7469154,35.679551000000004],[139.7470228,35.679515],[139.7471288,35.6794768],[139.7472272,35.679432000000006],[139.747325,35.6793827],[139.7474093,35.67933120000001],[139.7474989,35.6792642],[139.7476551,35.67913229999999],[139.7478087,35.6789917],[139.7480657,35.6787393],[139.7482275,35.6785577],[139.7484353,35.67828709999999]],[[139.7484353,35.67828709999999],[139.7487448,35.67792],[139.7489163,35.677754],[139.7489632,35.67771410000001]],[[139.7489632,35.67771410000001],[139.7490454,35.6776446],[139.7491848,35.67754789999999],[139.7493054,35.67748389999999],[139.7494166,35.67743759999999],[139.7495027,35.6774108],[139.749591,35.67738790000001],[139.7496895,35.6773719],[139.7498404,35.6773523],[139.7499156,35.6773429],[139.7501861,35.67731799999999],[139.7505725,35.6772654]],[[139.118524,35.6249568],[139.1184166,35.6249886],[139.1183236,35.62502779999999],[139.1181378,35.625129],[139.1179328,35.6252418],[139.1176792,35.62538240000001],[139.1176483,35.6253989],[139.1173656,35.625554],[139.1168745,35.62582400000001],[139.1168087,35.6258602],[139.1167248,35.6259058]],[[139.3530482,35.66250230000001],[139.3529116,35.6624911],[139.352354,35.6624435]],[[139.7743619,35.6835368],[139.7743305,35.683475]],[[139.7743305,35.683475],[139.7742752,35.6833839],[139.7740676,35.6830455],[139.7738656,35.68272180000002],[139.7738413,35.6826829],[139.7737674,35.6825677]],[[139.6737893,35.676208700000004],[139.6731176,35.6760017],[139.6711072,35.67540129999999],[139.67090140000002,35.675340300000016]],[[139.67084840000004,35.6755844],[139.6710092,35.6756325],[139.6713568,35.6757366],[139.6717804,35.67586210000001],[139.6722076,35.67598749999999],[139.6725688,35.6760946],[139.6730099,35.67621509999999],[139.6733439,35.6763101],[139.6737106,35.67641470000002]],[[139.6903963,35.68376130000001],[139.6896988,35.6833111]],[[139.6446094,35.668089800000004],[139.6447575,35.6681133]],[[139.5757071,35.659798300000006],[139.5757909,35.6598384],[139.5760138,35.65991900000001],[139.5761589,35.6599593],[139.5766005,35.6600818],[139.5769794,35.6601973],[139.5772306,35.6602722],[139.5774042,35.6603423],[139.5775495,35.660400200000005],[139.5778508,35.6605203],[139.578148,35.6606368],[139.5782981,35.6606958],[139.5784437,35.66075810000001],[139.5785853,35.6608291],[139.5787057,35.66089269999999],[139.5796586,35.661461700000004]],[[139.5743829,35.6594064],[139.5742756,35.6593737],[139.5742225,35.659357299999996],[139.5741092,35.65932109999999],[139.5738792,35.65924559999999]],[[139.5738792,35.65924559999999],[139.5738214,35.65922629999999],[139.5737569,35.6592058]],[[139.5669568,35.655872900000006],[139.5668994,35.655837500000004],[139.5668431,35.6558039],[139.5666084,35.6556573],[139.56642870000002,35.6555571]],[[139.3403095,35.6597001],[139.3402523,35.659702],[139.3396727,35.6597216],[139.3394841,35.659728]],[[139.3474087,35.66103629999999],[139.3473372,35.660962600000005]],[[139.3484592,35.6620697],[139.3483382,35.6619945],[139.3482902,35.6619605],[139.348247,35.6619185]],[[139.352354,35.6624435],[139.3522325,35.66243289999999]],[[139.0121321,35.6079203],[139.0120655,35.607966],[139.0117143,35.60823620000001],[139.0116124,35.60830590000001],[139.0115058,35.6083567]],[[139.1420349,35.6180532],[139.1419141,35.6181217],[139.1414923,35.618419300000006],[139.1410519,35.61872960000001],[139.1408905,35.6188508],[139.140579,35.6191259],[139.1405213,35.6191657],[139.1404546,35.6191994],[139.1403621,35.6192288],[139.1402581,35.61923180000001],[139.1401457,35.61920930000001],[139.1400303,35.6191596],[139.1399436,35.6191284],[139.1398548,35.619114700000004],[139.1397442,35.6191124]],[[139.1394282,35.6191533],[139.1393303,35.619163],[139.1390468,35.61918300000001],[139.1389601,35.6191991],[139.1388702,35.6192213],[139.1383804,35.61938729999999],[139.13831080000003,35.619405300000004],[139.1382438,35.61941289999999],[139.1381725,35.619406600000005],[139.138116,35.6193813],[139.1380748,35.619344399999996],[139.1380337,35.619279600000006],[139.1378949,35.61908619999999],[139.1378228,35.61903830000001],[139.1377534,35.6190128],[139.137684,35.619004700000005],[139.1376146,35.6190137],[139.1375473,35.6190349],[139.1374702,35.6190658],[139.1374238,35.619103100000004],[139.1373817,35.6191588],[139.1373486,35.619226],[139.1373244,35.61932720000001],[139.1373022,35.61939370000001],[139.13726110000002,35.61945500000001],[139.1372101,35.6195115]],[[139.136098,35.6200464],[139.136042,35.62001709999999],[139.135994,35.6199585],[139.1359693,35.61985649999998],[139.135987,35.6196271],[139.1360071,35.61938700000001],[139.1360184,35.6192245],[139.1360105,35.6191463],[139.1359434,35.6189292],[139.1358913,35.618850800000004],[139.1358288,35.6187736],[139.135763,35.6187079],[139.1356668,35.6186384],[139.1355649,35.6185822],[139.1354424,35.61854420000001],[139.1353289,35.61851190000001],[139.1349594,35.6184418],[139.1348479,35.61843660000001],[139.1347419,35.61844959999999],[139.1346359,35.61846789999999],[139.134483,35.6185174],[139.1344042,35.6185475],[139.1342877,35.61860109999999]],[[139.1342877,35.61860109999999],[139.1341925,35.6186505],[139.1335505,35.61900260000001],[139.1331892,35.619224799999984],[139.133106,35.6192585],[139.1330229,35.6192843],[139.1329315,35.6192827],[139.1328581,35.6192608],[139.1327661,35.6192077],[139.1326649,35.6191062],[139.1325404,35.61898610000001],[139.1324673,35.618933299999995],[139.1318987,35.61859429999999],[139.1318203,35.6185458],[139.1317367,35.61852530000001],[139.1316673,35.6185221],[139.1316094,35.6185317],[139.1315359,35.6185645],[139.1311244,35.61874209999999],[139.1310648,35.6187895],[139.1310437,35.618819699999996],[139.1310349,35.6188576],[139.1310413,35.6189768],[139.13104530000004,35.619127799999994],[139.1310371,35.61917350000001],[139.1310157,35.6192184],[139.1309392,35.6193332],[139.1308759,35.61942809999999],[139.1307915,35.6195082],[139.1306841,35.6196085]],[[139.1397442,35.6191124],[139.1395993,35.619125999999994],[139.1394282,35.6191533]],[[139.1646898,35.61336620000001],[139.1645238,35.61329780000001],[139.1643835,35.61324019999999],[139.1643195,35.61320760000001],[139.1641174,35.6131044],[139.1638794,35.61300140000001],[139.1637576,35.612959],[139.1636881,35.6129392],[139.1635327,35.612914499999995],[139.1634006,35.61290389999999],[139.163317,35.6128954]],[[139.1589005,35.6142624],[139.15883350000001,35.6143029],[139.158723,35.61436309999999],[139.1586274,35.614397800000006],[139.1584556,35.61443510000001],[139.1582741,35.614475600000006],[139.1579176,35.61454479999999],[139.1573995,35.6146491],[139.1572008,35.6146745],[139.1569544,35.614694],[139.156754,35.6147193],[139.1564854,35.61476],[139.1563804,35.6147667],[139.1563054,35.614767400000005],[139.1561282,35.61473620000001],[139.15592490000003,35.61467869999999],[139.1556297,35.614571],[139.1554953,35.614534000000006],[139.1553993,35.61452130000001],[139.1553007,35.614526],[139.1551831,35.61454849999999],[139.1549317,35.6145972],[139.1546746,35.6146508],[139.1545676,35.6146858],[139.1544664,35.6147267],[139.1544039,35.61476270000001],[139.1542797,35.614829500000006]],[[139.1526294,35.61512129999999],[139.1525557,35.615098100000004],[139.1524978,35.6150805],[139.1523545,35.6150581]],[[139.1702875,35.615654799999994],[139.1703031,35.61559929999999],[139.1703287,35.61555750000001],[139.1703746,35.61549840000001],[139.170451,35.6154354]],[[139.1702807,35.615780799999996],[139.1702875,35.615654799999994]],[[139.1701248,35.6143614],[139.1700492,35.61433809999999],[139.16991350000004,35.61429189999999],[139.1695952,35.614173],[139.1694674,35.6141338],[139.1693721,35.6141102],[139.1692676,35.614094400000006],[139.1690529,35.6140605],[139.1685921,35.6140136],[139.1677131,35.613918],[139.1672713,35.6138636],[139.167158,35.61385070000001],[139.1670775,35.6138432],[139.1670126,35.61383949999999],[139.166178,35.6137783],[139.1659755,35.613761100000005],[139.1658585,35.613749199999994],[139.1657803,35.61373389999999],[139.1656737,35.6137045]],[[139.1891495,35.616138899999996],[139.1890213,35.61618490000001],[139.1888925,35.6162313],[139.1886691,35.616321],[139.1886168,35.6163389],[139.1885686,35.6163591],[139.188047,35.6165785],[139.1874568,35.6168256],[139.1874164,35.61684450000001],[139.18736280000002,35.61686900000001],[139.1873186,35.6168873],[139.1872789,35.6169062],[139.1867801,35.61713550000001],[139.1865344,35.61724600000001],[139.1863387,35.6173238],[139.1861165,35.6174015],[139.1856478,35.6175485],[139.1855944,35.6175647],[139.1853372,35.6176442],[139.1851509,35.617695499999996],[139.1849452,35.617746800000006],[139.1846751,35.6177963],[139.1840896,35.617891799999995],[139.184048,35.6179006],[139.18401380000003,35.617907100000004]],[[139.2026016,35.624797300000004],[139.202548,35.6247738]],[[139.202548,35.6247738],[139.2024949,35.6247483],[139.2023997,35.6246999],[139.2022589,35.624618600000005],[139.2021629,35.6245256],[139.2020902,35.6244314],[139.2020614,35.6243676],[139.2020444,35.6242887],[139.2020407,35.62420110000001],[139.20207880000004,35.6238442],[139.2020703,35.62374989999999],[139.2020368,35.623626],[139.2020077,35.623503],[139.201963,35.62326550000001],[139.2018949,35.623089500000006],[139.2018203,35.62299099999999],[139.2017354,35.62292059999999],[139.2013857,35.6227111],[139.2013002,35.622657999999994],[139.2012069,35.622592399999995],[139.2010905,35.6224886]],[[139.1966089,35.6193467],[139.1964243,35.61899269999999]],[[139.1906205,35.6154897],[139.1904804,35.615543999999986],[139.1902428,35.6156442],[139.1900914,35.61570830000001],[139.189928,35.615783199999996],[139.1895506,35.615953899999994],[139.1893233,35.6160584],[139.1892635,35.616085899999995],[139.1891495,35.616138899999996]],[[139.315023,35.6592316],[139.3140942,35.6587625],[139.3140387,35.65873450000001],[139.3139627,35.6586961]],[[139.3031773,35.6532873],[139.30309230000003,35.653245200000015],[139.3029888,35.65319110000001],[139.3025039,35.65293590000001]],[[139.2926686,35.6475212],[139.2924793,35.6474574],[139.2923727,35.6474231],[139.2920888,35.6473318],[139.2915658,35.64715730000001],[139.2913626,35.6470903],[139.2911067,35.64700139999999]],[[139.2851188,35.6449614],[139.2847931,35.644825900000015],[139.2846673,35.6447717]],[[139.2733077,35.640703],[139.2730705,35.6405262],[139.2730054,35.640479],[139.27294,35.6404316]],[[139.27294,35.6404316],[139.2728573,35.64035239999999],[139.2728087,35.6403143],[139.2726834,35.64021809999999],[139.2725643,35.640114100000005],[139.2723939,35.639969900000004],[139.2722377,35.6398275],[139.2718323,35.6394228],[139.2718093,35.6394004]],[[139.2633267,35.6229439],[139.2632978,35.62268540000001]],[[139.5476029,35.654321],[139.5475368,35.654340100000006],[139.5475025,35.65434989999999],[139.54715100000004,35.65445210000001],[139.54663250000002,35.654600900000005],[139.546182,35.65472869999999],[139.5458055,35.6548393],[139.5451286,35.65502600000001],[139.5450322,35.655051300000004],[139.5449522,35.65507569999999],[139.5445767,35.6551705]],[[139.4331791,35.6758471],[139.433834,35.67584969999999],[139.4343313,35.6758523],[139.4346543,35.6758602],[139.4349582,35.6758672],[139.4352862,35.67586790000001],[139.4354548,35.675867],[139.4356302,35.6758681],[139.4359671,35.67586810000001],[139.4363119,35.6758642],[139.436645,35.67585660000001],[139.4372237,35.675854799999996],[139.4377951,35.6758591],[139.4382073,35.6758673],[139.4385886,35.67587129999999],[139.4389202,35.6758721],[139.439123,35.6758724],[139.43945,35.675873],[139.4397834,35.6758718],[139.4401106,35.6758705],[139.4406227,35.6758511],[139.4409538,35.6758539]],[[139.0503998,35.6056302],[139.0500605,35.605459],[139.0495288,35.605173199999996],[139.0492116,35.6049705],[139.0489179,35.6047612],[139.0483282,35.6043287]],[[139.0629399,35.6108201],[139.0624374,35.6104432],[139.0622041,35.6102762],[139.0620864,35.61020420000001],[139.0619484,35.6101355],[139.0614053,35.6098893],[139.0612348,35.60979110000001],[139.0611306,35.6097056],[139.0609068,35.6094545],[139.0608405,35.60938939999999],[139.0607362,35.6093198],[139.0603229,35.6090924],[139.0601722,35.608991],[139.060065,35.6088928],[139.0599393,35.60876840000001],[139.0596381,35.6084253],[139.0595769,35.60835590000001],[139.0588678,35.60779],[139.058333,35.607359300000006],[139.0582371,35.60727430000001],[139.0581004,35.60718769999999],[139.0579657,35.6071246],[139.05769470000004,35.6070083],[139.0574257,35.6068903],[139.0572821,35.606834],[139.0572017,35.606812],[139.0571235,35.60680539999999],[139.057055,35.6068076],[139.0567071,35.60682580000001],[139.0566071,35.6068293],[139.0565313,35.6068251],[139.0564484,35.60680969999999],[139.0562235,35.60677609999999],[139.0557229,35.606683000000004],[139.0555265,35.606665],[139.0550118,35.6066298],[139.0548703,35.6066159],[139.0547193,35.6065939],[139.0543202,35.6065051],[139.0540196,35.6064521],[139.0537091,35.6064241],[139.0533942,35.60641749999999],[139.05320830000002,35.60641439999999],[139.0530443,35.606397],[139.0528114,35.606364],[139.0526692,35.6063315],[139.0525237,35.60627629999999],[139.0522301,35.6061174],[139.0521047,35.6060514],[139.0519807,35.605998699999994],[139.05153020000003,35.6058567],[139.0514223,35.60583330000001],[139.0513185,35.605823199999996],[139.0511004,35.6058135],[139.0509479,35.6058003],[139.0508086,35.60577529999999],[139.0506664,35.605741699999996],[139.0503998,35.6056302]],[[139.551595,35.65321920000001],[139.5514875,35.65324369999999],[139.5512807,35.6532967],[139.5508971,35.6534012],[139.5501643,35.65361349999999],[139.5496963,35.653745799999996],[139.5492427,35.6538708],[139.5485381,35.6540571],[139.5482519,35.65414200000001],[139.5481553,35.6541667],[139.5480008,35.6542101],[139.5477661,35.6542793],[139.5476029,35.654321]],[[139.263219,35.62290039999999],[139.263236,35.62308560000001]],[[139.6886913,35.6828126],[139.6895969,35.6834293]],[[139.6876375,35.68195169999999],[139.6866506,35.6813216]],[[139.7302651,35.68567940000001],[139.729784,35.6857489],[139.7297239,35.6857576],[139.7295494,35.68578980000001]],[[139.1064037,35.6166595],[139.106317,35.61647049999999],[139.1062216,35.6163407],[139.1058877,35.615977199999996],[139.1058424,35.615914399999994],[139.1057994,35.615834500000005],[139.1057672,35.615748],[139.1057458,35.615649600000005],[139.1057027,35.6152624],[139.1056824,35.615195899999996],[139.1056539,35.6151294],[139.1056025,35.615040500000006],[139.1055436,35.6149667],[139.105459,35.614896300000005],[139.10537400000004,35.614848],[139.1052691,35.6148117],[139.1050755,35.6147626],[139.10486920000002,35.6147458],[139.1046308,35.614754399999995],[139.1044412,35.614782300000016],[139.1042095,35.61483580000001],[139.1038982,35.614949900000006],[139.1033079,35.61518890000001],[139.1020789,35.61569829999999],[139.1018373,35.61578990000001],[139.1016284,35.6158606],[139.1003205,35.6162077],[139.1000159,35.6163044],[139.0992091,35.616604499999994],[139.098889,35.61674580000001],[139.0987625,35.6168254],[139.0984261,35.6171049],[139.0983496,35.617153],[139.098252,35.6171865],[139.098157,35.61720389999999],[139.0978966,35.61719769999999],[139.0976809,35.617199600000006],[139.0975701,35.617216400000004],[139.0974705,35.617244199999995],[139.0973725,35.61728399999999],[139.0972862,35.617338],[139.0972164,35.6173987],[139.0970669,35.6175793],[139.0969873,35.6176742],[139.0968709,35.6177514],[139.0967741,35.61779190000001],[139.0966707,35.61782700000001],[139.0965347,35.6178413],[139.09637880000002,35.6178395],[139.0958397,35.61777649999999],[139.0957145,35.61777940000001],[139.0955774,35.61780050000001],[139.0953781,35.61786390000001],[139.09526170000004,35.617900299999995],[139.0951274,35.61791890000001],[139.0950071,35.617921700000004],[139.0948404,35.6179124],[139.0941689,35.6177939],[139.0940301,35.61776830000001],[139.0939012,35.61772380000001],[139.0937429,35.6176619],[139.0932941,35.6174291],[139.0932363,35.6174032],[139.09314870000003,35.617374600000005],[139.0930463,35.617360399999995],[139.0929244,35.617360399999995],[139.0923268,35.61743529999999],[139.0922101,35.61744399999999],[139.0920917,35.61743920000001],[139.0919882,35.61741179999999],[139.091898,35.6173722],[139.0918175,35.617315999999995],[139.091752,35.61724950000001],[139.091708,35.6171938],[139.0916765,35.6171227],[139.0914663,35.61657770000001],[139.0914186,35.6164614],[139.0913797,35.616404200000005],[139.0913121,35.6163474],[139.0912121,35.616273199999995],[139.0906137,35.6159963],[139.0894947,35.6154515],[139.0884795,35.6149738],[139.0881261,35.61479829999999],[139.0871179,35.6143071],[139.0858502,35.613843599999996],[139.0840413,35.6131713],[139.08384820000003,35.61312469999999],[139.0837519,35.6131186],[139.0828292,35.6131153],[139.0817089,35.6131003],[139.081539,35.6131228],[139.0812301,35.61319079999999],[139.08064940000003,35.61331860000001],[139.0800604,35.6134482],[139.0786586,35.613876899999994],[139.0784503,35.613922400000014],[139.0772063,35.6141134],[139.0765242,35.6142181],[139.0763605,35.6142503],[139.0761915,35.61429689999999],[139.0759955,35.61436299999999],[139.0755016,35.6145446],[139.0754009,35.614577],[139.0752924,35.61460460000001],[139.0751652,35.61461580000001],[139.0750245,35.614619100000006],[139.0744312,35.6145934],[139.0743297,35.6145934],[139.0742374,35.6145987],[139.0741003,35.6146132],[139.073954,35.6146311],[139.0737234,35.614665900000006],[139.0735062,35.614685300000005],[139.0733912,35.614682],[139.0732934,35.61467390000001],[139.0730698,35.614634800000005],[139.07249340000004,35.6145245],[139.0718289,35.6143974],[139.0717302,35.61438020000001],[139.0712099,35.614289400000004],[139.07060620000001,35.61418659999999],[139.070535,35.61416969999999],[139.0704729,35.6141533],[139.0704097,35.614122599999995],[139.0703415,35.614075099999994]],[[139.7457427,35.6798653],[139.7456803,35.67994469999999],[139.7456221,35.680025500000006]],[[139.7461962,35.67963039999999],[139.746016,35.67970170000001],[139.7459635,35.6797208],[139.7458849,35.6797602],[139.74580240000003,35.6798133]],[[139.7526351,35.6775643],[139.7521617,35.6774153],[139.751623,35.677261800000004],[139.75128690000003,35.6771868]],[[139.6251348,35.6705609],[139.6255318,35.6704677],[139.625653,35.670453]],[[139.6247185,35.670374599999995],[139.624349,35.6704316],[139.6236011,35.67056050000001],[139.6233602,35.6705968]],[[139.6416171,35.6676926],[139.6446094,35.668089800000004]],[[139.625653,35.670453],[139.6257417,35.6704405],[139.6263726,35.6703513],[139.6267214,35.6703019],[139.6271175,35.6702459],[139.6273149,35.6702179],[139.6275622,35.6701831],[139.6281625,35.67007970000001]],[[139.7500898,35.677066100000005],[139.7497937,35.677066],[139.7496733,35.67706700000001]],[[139.7496733,35.67706700000001],[139.7495633,35.6770739],[139.7495395,35.67707620000001],[139.7494985,35.67708309999999],[139.7494661,35.677094000000004],[139.7494332,35.67710700000001]],[[139.3569723,35.66335840000001],[139.3568126,35.6633026],[139.3554081,35.6628031],[139.3551274,35.6627214],[139.35502240000002,35.662693100000006],[139.3549188,35.662669699999995],[139.3548049,35.662653000000006],[139.3546698,35.6626348],[139.3544944,35.6626174],[139.3543003,35.6626024],[139.3542317,35.6625972]],[[139.3139627,35.6586961],[139.3138806,35.658655],[139.3138231,35.6586282],[139.3135326,35.65848230000001],[139.3128674,35.6581497],[139.3127834,35.6581076],[139.3127016,35.6580667]],[[139.3115668,35.6574889],[139.3114899,35.657451200000004],[139.310399,35.6569104],[139.3103476,35.656884],[139.3102966,35.6568576],[139.3096798,35.6565401],[139.3094282,35.6564073],[139.3091157,35.6562497],[139.3089995,35.656191099999994],[139.3089446,35.65616380000001],[139.3076107,35.65549990000001],[139.3075204,35.65545519999999],[139.3074672,35.65542920000001],[139.3066234,35.6550203],[139.3065837,35.6550016],[139.3064333,35.654915499999994]],[[139.323311,35.660776500000004],[139.3232202,35.6607803],[139.3231803,35.660782],[139.3228559,35.6607955],[139.322519,35.6608102],[139.3220697,35.6608297],[139.321284,35.6608638],[139.3212334,35.66086580000001],[139.3211733,35.660866799999994],[139.320306,35.66088740000001],[139.3202212,35.66089050000001],[139.3195886,35.660899300000004],[139.3186623,35.66091],[139.3184136,35.660935699999996]],[[139.446921,35.675888900000004],[139.4468208,35.6758678],[139.4465665,35.6758286],[139.446244,35.67579669999999],[139.4460497,35.675786099999996],[139.4459626,35.6757814],[139.4457165,35.67577860000001],[139.4455474,35.6757787],[139.4454147,35.67577910000001],[139.4449962,35.67577399999999],[139.4437528,35.675781900000004],[139.4429419,35.67578120000001],[139.4422761,35.6757804],[139.4414471,35.675779299999995],[139.4406605,35.67576240000001],[139.4399549,35.6757638],[139.4396453,35.6757627],[139.4393233,35.6757616],[139.4391228,35.675763100000005],[139.4389226,35.6757653],[139.4383588,35.675764599999994],[139.4380524,35.6757616]],[[139.5229567,35.664117899999994],[139.5225127,35.6642999],[139.5221036,35.6644666],[139.5220405,35.6644933],[139.5219622,35.6645277]],[[139.5250659,35.663255299999996],[139.5247011,35.6634041],[139.524584,35.6634543]],[[139.5322371,35.6599074],[139.5320829,35.65998470000001],[139.5318912,35.66008300000001],[139.5318116,35.66012520000001],[139.5315326,35.66026620000001],[139.5310962,35.660471900000005]],[[139.5325714,35.6597527],[139.5324338,35.65981299999999],[139.5323503,35.6598512],[139.5322371,35.6599074]],[[139.7157485,35.6875142],[139.7159426,35.6875692]],[[139.71692110000004,35.687564],[139.716187,35.687473999999995],[139.7161253,35.6874664],[139.7159555,35.687436500000004]],[[139.4485851,35.6764427],[139.44856620000002,35.67643330000001],[139.4484303,35.6763686],[139.4483115,35.67631539999999],[139.4479109,35.67615179999999]],[[139.4485106,35.676523100000004],[139.4486491,35.6765935],[139.448906,35.6767417],[139.44913210000004,35.676886399999994],[139.4494523,35.6771168],[139.4499682,35.6775364],[139.4501402,35.6776086]],[[139.447842,35.6762423],[139.4482317,35.6763935],[139.4483185,35.6764301],[139.4484628,35.676498099999996],[139.4485106,35.676523100000004]],[[139.4479109,35.67615179999999],[139.4475492,35.6760386],[139.4474229,35.67600060000001],[139.4472885,35.6759692],[139.4472453,35.675959500000005],[139.4471468,35.6759376],[139.446921,35.675888900000004]],[[139.7154415,35.68734119999999],[139.7148242,35.6872271]],[[139.7558753,35.6768011],[139.7559403,35.67677549999999],[139.7559934,35.6767546]],[[139.7558025,35.6766656],[139.7551971,35.67694159999999],[139.7540866,35.6774129]],[[139.7559934,35.6767546],[139.7561187,35.6767007],[139.7585602,35.675723],[139.759015,35.6754786],[139.7591837,35.6753813],[139.7592299,35.6753547],[139.7593692,35.6752529],[139.75942130000004,35.6752148],[139.7595376,35.6751235]],[[139.7559176,35.67661760000001],[139.7558738,35.6766359],[139.7558025,35.6766656]],[[139.7440857,35.6839974],[139.7442219,35.6839191]],[[139.5927361,35.66806950000001],[139.5926624,35.668023600000005],[139.5922409,35.6677609],[139.5920649,35.6676512],[139.5912378,35.66713570000001],[139.5907464,35.666828800000005],[139.5901579,35.6664612],[139.58857180000004,35.66548310000001],[139.5883701,35.66536070000001],[139.5883428,35.665344]],[[139.5936238,35.6686206],[139.5928165,35.668116],[139.5927361,35.66806950000001]],[[139.5238661,35.6638487],[139.5243973,35.66362819999999],[139.5245439,35.663564]],[[139.767679,35.684397000000004],[139.7681854,35.68429059999999],[139.7682941,35.6842678]],[[139.7695301,35.683867],[139.7694361,35.683886],[139.7685095,35.6840844],[139.7684592,35.68409520000001],[139.7682935,35.684129600000006]],[[139.7682935,35.684129600000006],[139.7677591,35.6842491],[139.7676845,35.6842658]],[[139.6768705,35.6771243],[139.6751208,35.6765841]],[[139.6811516,35.67881169999999],[139.6813117,35.6788901],[139.6817441,35.67908700000002],[139.6822418,35.67930319999999],[139.6827083,35.6795096],[139.6830886,35.67966770000001],[139.6834968,35.67982359999999],[139.6841115,35.6800509],[139.6843964,35.6801761],[139.6846446,35.680298],[139.6848856,35.680429100000005],[139.6854742,35.680791299999996],[139.6855222,35.6808201]],[[139.67652740000003,35.6772943],[139.6767652,35.67736239999999]],[[139.6767652,35.67736239999999],[139.6771194,35.677464300000004]],[[139.7041258,35.689825],[139.7042333,35.6898384]],[[139.6907969,35.684251200000006],[139.6909777,35.684361],[139.6913318,35.6845708],[139.6916841,35.6848029],[139.69192330000004,35.68496280000001]],[[139.7014655,35.689317900000006],[139.7017676,35.6893917],[139.7019314,35.6894317]],[[139.7020105,35.6893527],[139.7019073,35.6893244]],[[139.7031844,35.689702],[139.703422,35.68973530000001]],[[139.5561896,35.65270430000001],[139.5560875,35.6527139],[139.5558764,35.6527391],[139.5554433,35.6527951],[139.5550561,35.65283620000001],[139.5548233,35.65286090000001],[139.5545142,35.6528964],[139.5542039,35.6529343],[139.5537088,35.652988],[139.5532698,35.6530252],[139.5528622,35.6530668],[139.5523583,35.6531231],[139.5517353,35.653199],[139.551595,35.65321920000001]],[[139.5576172,35.65257979999999],[139.5570315,35.6526259]],[[139.5570315,35.6526259],[139.5567769,35.65264369999999]],[[139.5566288,35.6526593],[139.5564379,35.65267510000001],[139.5561896,35.65270430000001]],[[139.5567769,35.65264369999999],[139.5566288,35.6526593]],[[139.5609116,35.6526712],[139.5607698,35.6526197]],[[139.560025,35.6524473],[139.5597852,35.6524321],[139.5595202,35.6524367],[139.559043,35.6524668]],[[139.5603347,35.652498900000005],[139.5602011,35.652474299999994]],[[139.5602011,35.652474299999994],[139.560025,35.6524473]],[[139.6866506,35.6813216],[139.6858359,35.68077679999999]],[[139.6896988,35.6833111],[139.68880240000001,35.6827015]],[[139.68880240000001,35.6827015],[139.6876375,35.68195169999999]],[[139.6855222,35.6808201],[139.6865216,35.68142470000001]],[[139.67090140000002,35.675340300000016],[139.6707332,35.67528930000001],[139.6700576,35.67509499999999],[139.6699223,35.6750549],[139.66982930000003,35.67502720000001],[139.6689469,35.6747663],[139.6681384,35.6745308]],[[139.6751208,35.6765841],[139.6743598,35.6763649]],[[139.6680999,35.6747764],[139.6693952,35.67515050000001],[139.6698338,35.6752816],[139.6706575,35.6755265],[139.67084840000004,35.6755844]],[[139.6737106,35.67641470000002],[139.6742596,35.676579]],[[139.6743598,35.6763649],[139.6737893,35.676208700000004]],[[139.6742596,35.676579],[139.6747837,35.6767504]],[[139.69192330000004,35.68496280000001],[139.6920999,35.6850897],[139.6922375,35.6851913],[139.6924046,35.685311299999995],[139.6929715,35.68572270000001]],[[139.6865216,35.68142470000001],[139.687529,35.682066600000006]],[[139.687529,35.682066600000006],[139.6886913,35.6828126]],[[139.6895969,35.6834293],[139.6903289,35.683943500000005]],[[139.4864302,35.6719972],[139.4851706,35.6723455],[139.4845489,35.672517400000004],[139.4841348,35.6726306],[139.4839805,35.67267410000001]],[[139.4924431,35.670505],[139.49270600000003,35.67049490000001],[139.4931386,35.670484],[139.4939831,35.670468],[139.4943657,35.67046130000001],[139.4945062,35.6704698],[139.4945959,35.67046779999999],[139.4953725,35.6704507],[139.4961739,35.6704355],[139.496832,35.670421700000006],[139.4981242,35.6703997],[139.4985772,35.670391],[139.4999902,35.6703592],[139.5006875,35.670347899999996],[139.5020039,35.6703185],[139.5025513,35.6703032],[139.5026951,35.6703013],[139.5030542,35.6702946],[139.50345,35.670283000000005],[139.5043253,35.6702772],[139.505118,35.6702598],[139.5052453,35.6702552],[139.5054292,35.670250100000004],[139.5062928,35.6702301],[139.5069715,35.6702201],[139.5074336,35.67020509999999],[139.5078193,35.670167799999994],[139.508263,35.6700767],[139.5087515,35.669974200000006],[139.5091595,35.66983820000001],[139.5100064,35.6694924],[139.5101686,35.66942900000001],[139.5110378,35.6690627],[139.5124431,35.6684915]],[[139.3471046,35.660714399999996],[139.3467957,35.660400200000005]],[[139.3467484,35.6603547],[139.3465899,35.66019620000001],[139.3462354,35.659833400000004],[139.3459941,35.659583100000006],[139.3458747,35.6594819]],[[139.3467957,35.660400200000005],[139.3467484,35.6603547]],[[139.6502419,35.670274600000006],[139.6506935,35.67036039999999],[139.6513712,35.67047]],[[139.6501022,35.6702388],[139.6502419,35.670274600000006]],[[139.6514032,35.670308999999996],[139.6507303,35.670194699999996],[139.6502785,35.6700851]],[[139.6502785,35.6700851],[139.6501366,35.6700444]],[[139.2339802,35.6197312],[139.2337376,35.6197023],[139.2336198,35.6196871],[139.2334962,35.619656700000014],[139.2333771,35.61960870000001],[139.2332568,35.619556900000006],[139.2330908,35.619495],[139.2329703,35.6194624],[139.2328417,35.619445],[139.2327561,35.6194384],[139.2326658,35.6194338],[139.2325214,35.6194226],[139.232397,35.6193988],[139.2322913,35.6193673],[139.2322378,35.6193434]],[[139.2322378,35.6193434],[139.2321653,35.6192924]],[[139.4616889,35.6725017],[139.4615644,35.6725027],[139.4613822,35.6725283]],[[139.7042333,35.6898384],[139.7043793,35.68985560000001],[139.7044786,35.6898637]],[[139.7037798,35.6896777],[139.7035596,35.68965210000001],[139.7032044,35.689610099999996]],[[139.703422,35.68973530000001],[139.70364140000004,35.68976630000001]],[[139.7414719,35.6842564],[139.741649,35.6842451],[139.7425834,35.684152],[139.7426337,35.68414709999999],[139.7427431,35.6841374]],[[139.7345425,35.6842397],[139.7346454,35.68420280000001],[139.7347775,35.6841652],[139.7349739,35.68413],[139.7351855,35.6841038],[139.7359427,35.684031],[139.7360291,35.6840227],[139.7361316,35.6840154],[139.7366443,35.6839811],[139.73694630000003,35.68397130000001],[139.7372303,35.68396849999999],[139.7373699,35.683972399999995],[139.7374621,35.683978],[139.7376339,35.68398650000001]],[[139.7313298,35.685618500000004],[139.7314221,35.68559030000001],[139.7320618,35.68536699999999],[139.7326027,35.6851806],[139.7327779,35.685120500000004],[139.7330154,35.685029100000015],[139.7332677,35.684915]],[[139.7310538,35.6856915],[139.7312397,35.685646],[139.7313298,35.685618500000004]],[[139.5375467,35.6574562],[139.5373024,35.6575692],[139.5372207,35.65760699999999]],[[139.4645702,35.6726835],[139.4639645,35.6726483],[139.4636103,35.672628399999994]],[[139.7178218,35.687648900000006],[139.71692110000004,35.687564]],[[139.364495,35.66594190000001],[139.3642619,35.665939],[139.36408260000002,35.6659208],[139.3639287,35.6658939],[139.3638111,35.665860300000006],[139.3634672,35.6657384],[139.36337860000003,35.6657373]],[[139.36337860000003,35.6657373],[139.3634305,35.6657927],[139.3635209,35.66582669999999]],[[139.3635209,35.66582669999999],[139.3637229,35.6659027],[139.3638945,35.66595830000001],[139.3640501,35.665991000000005],[139.3641531,35.66600390000001],[139.3642637,35.66601060000001],[139.3643959,35.666014],[139.3645248,35.6660086],[139.3645852,35.6660008],[139.3646777,35.665987699999995],[139.3647206,35.66597869999999],[139.3647501,35.6659725],[139.365013,35.665908200000004],[139.3651753,35.66585700000001],[139.3652624,35.6658276],[139.3653375,35.66579920000001],[139.3653963,35.6657439]],[[139.3653963,35.6657439],[139.3653179,35.66574179999999],[139.3648829,35.6658792],[139.3647076,35.6659168],[139.364495,35.66594190000001]],[[139.2203682,35.61546310000001],[139.220405,35.6153514],[139.2204159,35.6152435],[139.2204111,35.6151814],[139.22038970000003,35.61512510000001],[139.2203651,35.6150798],[139.2203312,35.61503789999999],[139.22028840000002,35.615002],[139.2202216,35.61496460000001],[139.22015,35.614944400000006],[139.2200563,35.6149411],[139.21997900000002,35.6149454],[139.2198093,35.61496730000001]],[[139.2198093,35.61496730000001],[139.2200845,35.61499220000001],[139.2201746,35.615026099999994],[139.2202559,35.615073],[139.2202967,35.6151187],[139.2203259,35.615172400000006],[139.2203547,35.6153092],[139.2203682,35.61546310000001]],[[139.7625706,35.68355640000001],[139.7626111,35.683686300000005],[139.7627798,35.684304],[139.7628457,35.6845366],[139.7628757,35.6846427],[139.7630058,35.685102300000004],[139.7630164,35.6851396],[139.7630531,35.68526370000001]],[[139.7632034,35.685231],[139.763171,35.6851112],[139.7627663,35.683698500000006],[139.7627544,35.6836569],[139.7627144,35.6835273]],[[139.6956383,35.68734789999999],[139.6957286,35.6873865],[139.6958483,35.687438199999995],[139.6960245,35.687514199999995]],[[139.6957195,35.6872197],[139.69535,35.6870662],[139.6948321,35.68683209999999],[139.6947206,35.686776599999995]],[[139.6960129,35.687345500000006],[139.6958117,35.687258],[139.6957195,35.6872197]],[[139.6946287,35.6868948],[139.6947209,35.6869402]],[[139.6947206,35.686776599999995],[139.6945871,35.6867034]],[[139.694483,35.6868174],[139.6946287,35.6868948]],[[139.3924171,35.668832099999996],[139.3905763,35.66891239999999],[139.3905175,35.6689149]],[[139.3905291,35.668999],[139.3905817,35.668996199999995],[139.3917902,35.6689434],[139.3924505,35.668913399999994]],[[139.3960121,35.6686743],[139.3953779,35.668701],[139.3952104,35.668708]],[[139.3931525,35.66879939999999],[139.3924171,35.668832099999996]],[[139.4636103,35.672628399999994],[139.4635278,35.672622],[139.4623552,35.67255]],[[139.4612794,35.672561099999996],[139.4609313,35.6726722],[139.4603214,35.67287989999999]],[[139.4603214,35.67287989999999],[139.4597429,35.67308729999999]],[[139.4618707,35.672515399999995],[139.4618055,35.6725105],[139.4616889,35.6725017]],[[139.4623552,35.67255],[139.4620173,35.67252640000001]],[[139.7675572,35.68429780000001],[139.7673611,35.6843463],[139.7659368,35.68464879999999],[139.7658664,35.6846638],[139.7656902,35.6846992]],[[139.7682941,35.6842678],[139.7683892,35.6842476]],[[139.74580240000003,35.6798133],[139.7457427,35.6798653]],[[139.7343731,35.6843152],[139.7345425,35.6842397]],[[139.7343033,35.6842047],[139.7339353,35.6843973],[139.7335387,35.684616],[139.7335112,35.684631200000005],[139.7334359,35.6846729]],[[139.734413,35.6841563],[139.7343033,35.6842047]],[[139.7344756,35.6841332],[139.734413,35.6841563]],[[139.1113083,35.6289997],[139.1112072,35.629002],[139.1111029,35.62900930000001],[139.1106227,35.62904699999999],[139.1103632,35.6290868],[139.1100892,35.629135],[139.1095115,35.6292413]],[[139.6133487,35.6719382],[139.612551,35.67210190000001]],[[139.6135683,35.671992200000005],[139.6137232,35.67197],[139.6142083,35.6719051],[139.6146018,35.6718541],[139.6148767,35.67181320000002],[139.6156057,35.6717206],[139.615641,35.671716499999995],[139.61594530000002,35.6716769],[139.6161582,35.6716456],[139.6161935,35.67163969999999],[139.61635,35.67162040000001],[139.6164041,35.67161380000001],[139.6165079,35.671601],[139.6166363,35.671585],[139.6166871,35.671577400000004],[139.6171145,35.6715132],[139.6179078,35.67139950000001],[139.6181047,35.6713731],[139.61843760000002,35.671318299999996],[139.6186139,35.6712899],[139.6188396,35.67126],[139.6191671,35.671222500000006],[139.6193654,35.6711997],[139.619607,35.6711695],[139.6198862,35.6711337],[139.6199294,35.6711282],[139.6201638,35.6710983],[139.6205677,35.6710497],[139.6209788,35.67100109999999],[139.62132210000001,35.6709437],[139.6215573,35.6709071],[139.6215976,35.6709008],[139.6217087,35.6708856],[139.6218202,35.67086919999999],[139.6219352,35.67085290000001],[139.622833,35.6707269],[139.6230501,35.67070609999999]],[[139.5389904,35.656841400000005],[139.5388692,35.6568877]],[[139.5388692,35.6568877],[139.5383297,35.6570877],[139.5379452,35.6572706],[139.5375467,35.6574562]],[[139.5323672,35.6599416],[139.5326631,35.6598089],[139.5330844,35.6596091],[139.5335306,35.65940160000001],[139.5345446,35.6589291],[139.5349613,35.6587342],[139.5352245,35.65860789999999],[139.5353642,35.65854559999999],[139.5355375,35.65846830000001],[139.5358272,35.6583362],[139.5361026,35.6582008],[139.5365529,35.65798850000001],[139.5367948,35.65787540000001],[139.5371638,35.657703000000005],[139.5372755,35.6576508],[139.5373325,35.657626500000006],[139.537431,35.65758470000001],[139.5379789,35.657334500000005],[139.5381375,35.65727150000001],[139.5383639,35.657178200000004],[139.5386141,35.65707319999999],[139.538855,35.6569796],[139.5390234,35.656914599999986],[139.5393503,35.65680160000001],[139.5395735,35.656725900000005],[139.5396584,35.6566916],[139.539761,35.6566175]],[[139.1070896,35.6213998],[139.10720240000003,35.62068990000001]],[[139.3287911,35.660308099999995],[139.328711,35.660316]],[[139.2611882,35.6182009],[139.2611214,35.61825579999999]],[[139.4672014,35.672849299999996],[139.4670862,35.67284240000001],[139.4667814,35.67282410000001],[139.4663692,35.6727995],[139.4659281,35.6727731]],[[139.4613822,35.6725283],[139.4612794,35.672561099999996]],[[139.4620173,35.67252640000001],[139.4618707,35.672515399999995]],[[139.4593819,35.6732267],[139.4592914,35.673263],[139.4591403,35.6733237]],[[139.4589961,35.6733785],[139.4588541,35.673434500000006],[139.4587496,35.6734757]],[[139.7307196,35.68575280000001],[139.7308237,35.685734700000005],[139.7310538,35.6856915]],[[139.7630531,35.68526370000001],[139.7630829,35.68536699999999]],[[139.1372101,35.6195115],[139.137098,35.619609399999995],[139.1370022,35.6196729],[139.1368727,35.61973040000001],[139.1366908,35.61979159999999],[139.1366154,35.619828500000004],[139.136562,35.619866599999995],[139.1364729,35.6199694],[139.1364059,35.6200157],[139.136332,35.6200528],[139.1362915,35.6200617],[139.1362396,35.620068],[139.1361719,35.62006029999999]],[[139.1361719,35.62006029999999],[139.1361382,35.62005599999999],[139.136098,35.6200464]],[[139.0129065,35.607532199999994],[139.0127555,35.6075601],[139.0126014,35.60759410000001],[139.012506,35.6076378],[139.0124288,35.60768889999999]],[[139.0134818,35.6073641],[139.0133616,35.607416799999996],[139.0132368,35.6074571],[139.0130915,35.6074936],[139.0129065,35.607532199999994]],[[139.5607698,35.6526197],[139.5606111,35.65256870000001],[139.5603347,35.652498900000005]],[[139.2134544,35.6173807],[139.2133224,35.61730479999999],[139.2132372,35.6172748],[139.2132125,35.6172658],[139.2131143,35.617244199999995],[139.2129966,35.61724589999999],[139.2128781,35.61727359999999],[139.2127904,35.61731110000001],[139.2127093,35.6173775],[139.2126335,35.61746360000001],[139.21245390000004,35.617705300000004],[139.2123375,35.6178359],[139.2122544,35.61790559999999],[139.2119682,35.618161],[139.2118428,35.61830209999999],[139.2117587,35.6184335],[139.2113031,35.619061],[139.21114540000002,35.6192586],[139.2109509,35.619458400000006],[139.2107617,35.619619699999994],[139.2105633,35.6197553],[139.21042530000003,35.6198184],[139.210198,35.6199027],[139.2099439,35.6199669],[139.2097854,35.619998900000006],[139.2096014,35.6200256],[139.2091743,35.62006079999999],[139.20822470000002,35.6201229],[139.2082024,35.620124000000004],[139.2081814,35.62012579999999],[139.2078431,35.62015149999999],[139.2076159,35.62018139999999],[139.2075677,35.62018990000001],[139.20742670000004,35.6202147],[139.2072164,35.62026060000001],[139.207018,35.6203193],[139.2068663,35.6203624],[139.2067946,35.620388],[139.2066659,35.6204333],[139.2064845,35.62051910000001],[139.2061875,35.6206697],[139.2060548,35.62073490000001],[139.2054153,35.62109310000001],[139.2052335,35.6211884]],[[139.2138112,35.6175999],[139.2134544,35.6173807]],[[139.1753468,35.62157299999999],[139.1750113,35.62174800000001],[139.1748835,35.6217963],[139.174789,35.6218095],[139.1747142,35.6218102],[139.1746312,35.6217927],[139.1745518,35.62174880000001],[139.1744887,35.6216916],[139.1744348,35.621596],[139.1743977,35.6215133],[139.1743244,35.6213582],[139.1742643,35.6212539],[139.1742196,35.6211759],[139.1741518,35.62109000000001],[139.174087,35.6210155],[139.1739903,35.6209473]],[[139.1754809,35.621498300000006],[139.1753468,35.62157299999999]],[[139.7708707,35.683569300000016],[139.7707781,35.683595000000004],[139.7706821,35.6836168],[139.7701456,35.683730700000005],[139.7697342,35.68382230000001],[139.7696409,35.6838431],[139.7695301,35.683867]],[[139.7312827,35.6854874],[139.7312023,35.685507400000006],[139.7309868,35.6855611]],[[139.5848671,35.6635645],[139.5852434,35.66370690000001],[139.5858441,35.66393410000001],[139.5859062,35.6639593],[139.5859597,35.6639816],[139.5861035,35.664041700000006]],[[139.2743991,35.6416051],[139.2743281,35.64157840000001],[139.2742655,35.641548500000006],[139.2742463,35.6415359]],[[139.7295494,35.68578980000001],[139.7293724,35.6858334]],[[139.4531761,35.6759566],[139.4526884,35.6761826]],[[139.7596743,35.6749918],[139.7595755,35.674896200000006]],[[139.7595755,35.674896200000006],[139.75943170000002,35.675015699999996],[139.759315,35.6751092]],[[139.3952205,35.6687854],[139.3955506,35.66877199999999],[139.3959903,35.668747800000006],[139.3962183,35.668738000000005],[139.3963837,35.668732000000006],[139.3965905,35.66872209999999],[139.3967924,35.668713000000004],[139.3970153,35.6687033],[139.3972218,35.6686997],[139.3972645,35.66870070000001]],[[139.3986915,35.6687506],[139.3983347,35.66871059999999],[139.3981674,35.66869080000001],[139.3979865,35.6686711],[139.3978287,35.6686559],[139.397663,35.6686434],[139.3974974,35.668635300000005],[139.3972661,35.668628000000005]],[[139.423512,35.6719472],[139.4234074,35.6718913],[139.4227052,35.671517900000005],[139.4222772,35.6712903],[139.4218867,35.67108170000001],[139.4214616,35.6708484],[139.4212687,35.6707452],[139.4209667,35.67059869999999],[139.4207535,35.670504699999995],[139.4206982,35.670483299999994],[139.4206056,35.670445099999995],[139.4204871,35.6703986]],[[139.4205597,35.6705582],[139.4206718,35.670601999999995],[139.4210606,35.6707783],[139.4213343,35.6709129],[139.4217486,35.67111890000001],[139.4221559,35.6713364],[139.42272450000002,35.67163200000001],[139.4230019,35.6717762],[139.423456,35.6720135]],[[139.4086075,35.6698226],[139.4083257,35.6698052],[139.4081667,35.6697941],[139.4075066,35.6697349],[139.4071702,35.669696],[139.4067101,35.669643],[139.4066575,35.6696365],[139.4065238,35.669620600000016],[139.406193,35.66958069999999],[139.4060303,35.6695573],[139.4057096,35.6695115],[139.4055406,35.66948659999999],[139.4051843,35.6694348],[139.4049961,35.6694075],[139.4047552,35.66937430000001],[139.4045436,35.669347]],[[139.0381701,35.6049406],[139.0380928,35.605043],[139.036872,35.6062794],[139.0367345,35.6064086],[139.0365814,35.6065232],[139.0364255,35.606621499999996],[139.0359213,35.6068995],[139.0357794,35.60699970000001],[139.035666,35.60708519999999],[139.0351028,35.6075777],[139.0349711,35.6076701],[139.0348187,35.60776250000001],[139.0346436,35.6078484],[139.0344789,35.60790260000001],[139.0342842,35.6079433],[139.0340544,35.6079685],[139.0333371,35.60801690000001],[139.0328816,35.608042700000006],[139.0327884,35.608042399999995]],[[139.4508977,35.6771769],[139.4507351,35.677270400000005]],[[139.4526884,35.6761826],[139.4526209,35.6762189]],[[139.4586129,35.67353380000001],[139.458374,35.673637500000005]],[[139.458374,35.673637500000005],[139.4571237,35.6741803],[139.4569141,35.6742713],[139.4565253,35.674440100000005]],[[139.4596281,35.67313209999999],[139.4594153,35.6732131]],[[139.4594153,35.6732131],[139.4593819,35.6732267]],[[139.5838988,35.6632156],[139.583947,35.663231800000005],[139.5846287,35.6634794],[139.5847118,35.6635091],[139.584841,35.6635552],[139.5848671,35.6635645]],[[139.7433425,35.6839655],[139.7428882,35.68401180000001],[139.74282540000002,35.68401750000001],[139.7427358,35.6840262]],[[139.7434482,35.683954699999994],[139.7433425,35.6839655]],[[139.7427358,35.6840262],[139.7426168,35.684036400000004],[139.742064,35.684087500000004]],[[139.742064,35.684087500000004],[139.7417261,35.6841188],[139.7416581,35.6841251],[139.7415091,35.6841325]],[[139.7427431,35.6841374],[139.74283910000003,35.6841287],[139.7438636,35.684020800000006]],[[139.7442219,35.6839191],[139.7442043,35.683765000000015]],[[139.744061,35.68377850000001],[139.7440738,35.6839068]],[[139.7438636,35.684020800000006],[139.7439388,35.6840129],[139.7440857,35.6839974]],[[139.2706923,35.6323449],[139.2706193,35.6322713],[139.2701061,35.631763899999996],[139.2699143,35.631569400000004],[139.2697662,35.63138680000001],[139.2697136,35.6312944],[139.26967720000002,35.6311833],[139.269651,35.6310797],[139.2696394,35.6310336],[139.269629,35.6309976],[139.2696161,35.63095320000001],[139.2696007,35.63089580000001],[139.2695964,35.630880000000005],[139.2695889,35.630848500000006],[139.26957680000004,35.6307979],[139.26957920000004,35.6307162],[139.2696007,35.6305453],[139.2696478,35.630193600000005],[139.2696482,35.6301125],[139.2696336,35.6300308],[139.2696091,35.6299709],[139.2694001,35.62967020000001],[139.269291,35.629493399999994],[139.269206,35.629321],[139.2691908,35.62928889999999]],[[139.6964872,35.68755190000001],[139.6963523,35.6874932],[139.6960129,35.687345500000006]],[[139.6960245,35.687514199999995],[139.6962693,35.6876199],[139.6965518,35.68774169999999]],[[139.73352,35.6847788],[139.7335982,35.6847363],[139.734301,35.6843542]],[[139.7334,35.6848446],[139.73352,35.6847788]],[[139.7333208,35.684736],[139.7332283,35.684783900000006],[139.7329388,35.6849147],[139.73263440000002,35.6850279],[139.73169970000004,35.68534089999999],[139.7312827,35.6854874]],[[139.7334359,35.6846729],[139.7333208,35.684736]],[[139.7232242,35.6878012],[139.7230084,35.687851],[139.7228852,35.687877300000004],[139.7225494,35.6879487],[139.7222585,35.6879914],[139.7219975,35.68801100000002],[139.7218126,35.688015799999995],[139.7215524,35.6880039],[139.7210431,35.6879529],[139.7206213,35.6879101],[139.72053940000004,35.6879018],[139.720391,35.68788659999999]],[[139.7445286,35.681849],[139.744402,35.682066400000004],[139.7443208,35.68222080000001],[139.7442573,35.6823697]],[[139.7204031,35.68802780000001],[139.7205536,35.6880444],[139.7212549,35.6881243],[139.7215221,35.6881507],[139.7217826,35.6881666],[139.7220039,35.6881635],[139.7222171,35.6881482],[139.7224411,35.68812470000002],[139.72286130000003,35.688028],[139.7229243,35.6880135],[139.7232785,35.687932200000006]],[[139.7442573,35.6823697],[139.7441984,35.682524300000004],[139.7441382,35.68273839999999],[139.7440626,35.6831826],[139.7440582,35.68321230000001]],[[139.7446774,35.68190870000001],[139.7447591,35.68177150000001],[139.7450915,35.681226599999995],[139.74532900000003,35.6808284],[139.7457463,35.68012860000002]],[[139.7203019,35.688017200000004],[139.7204031,35.68802780000001]],[[139.720391,35.68788659999999],[139.7202909,35.6878796]],[[139.663569,35.673235600000005],[139.6619624,35.6728153]],[[139.6681384,35.6745308],[139.668059,35.6745085],[139.66749850000002,35.674359300000006],[139.6673593,35.6743201],[139.667228,35.6742861]],[[139.6672332,35.67452120000001],[139.66726,35.674528699999996],[139.6673948,35.674567499999995],[139.6680369,35.674757500000005],[139.6680999,35.6747764]],[[139.7332677,35.684915],[139.7333139,35.684891799999995],[139.7334,35.6848446]],[[139.734301,35.6843542],[139.7343271,35.6843401],[139.7343731,35.6843152]],[[139.6556641,35.670976],[139.6554944,35.6709143]],[[139.6813149,35.678595],[139.6807409,35.6783193],[139.6803774,35.6781498],[139.68010150000003,35.67806169999999],[139.6797022,35.6779387],[139.6792273,35.677802500000006],[139.6778925,35.67740760000001],[139.6778365,35.6773904],[139.6768705,35.6771243]],[[139.6771194,35.677464300000004],[139.6774749,35.67756760000001],[139.677808,35.6776673],[139.67845870000002,35.6778549],[139.6792249,35.678078],[139.6795949,35.6781823],[139.6798563,35.67825810000001],[139.6802832,35.6784063],[139.6811516,35.67881169999999]],[[139.7381428,35.683913600000004],[139.7377682,35.683883099999996],[139.7376484,35.6838736]],[[139.7376339,35.68398650000001],[139.7380644,35.68401800000001],[139.7381314,35.6840218]],[[139.7376484,35.6838736],[139.737464,35.68386570000001],[139.7372425,35.68385690000001],[139.7370284,35.6838511],[139.7369438,35.6838505],[139.7366376,35.683858],[139.7361837,35.68388139999999],[139.7361189,35.6838872],[139.7360641,35.6838921],[139.735159,35.6839795],[139.7349228,35.6840177],[139.7347413,35.68405630000001],[139.7345836,35.684097500000014],[139.73453520000004,35.684113700000005],[139.7344756,35.6841332]],[[139.7415091,35.6841325],[139.7413427,35.6841409],[139.7410686,35.68415000000001],[139.7408377,35.6841507],[139.7405858,35.6841445],[139.7403659,35.68413050000001],[139.7401455,35.6841099]],[[139.7391202,35.68401140000001],[139.738875,35.68398619999999],[139.7383274,35.68393220000001],[139.73827650000004,35.6839272],[139.7381428,35.683913600000004]],[[139.75128690000003,35.6771868],[139.7509345,35.6771163],[139.7506244,35.6770824],[139.7500898,35.677066100000005]],[[139.7533758,35.67767959999999],[139.7532522,35.677697099999996],[139.7531368,35.677696499999996],[139.7530613,35.6776837],[139.7529892,35.6776705],[139.7526351,35.6775643]],[[139.7278159,35.6864678],[139.7286865,35.68617900000001],[139.7291676,35.6860223],[139.7292534,35.6859951],[139.729402,35.68595989999999],[139.729586,35.6859175]],[[139.7275839,35.6865465],[139.7277362,35.68649460000001],[139.7278159,35.6864678]],[[139.4920481,35.6704713],[139.4917412,35.670532],[139.4914601,35.670594900000005],[139.4907101,35.6708029],[139.4900445,35.6709924],[139.4896558,35.6710993],[139.48942850000003,35.6711625],[139.4890299,35.67127270000001],[139.4879135,35.671586999999995],[139.4864302,35.6719972]],[[139.4864435,35.6720523],[139.4878684,35.67165349999999],[139.4879332,35.671635800000004],[139.4894484,35.6712186],[139.4896847,35.671154],[139.4900815,35.6710461],[139.4907382,35.67086479999999],[139.4914824,35.67066259999999],[139.4917602,35.6706026],[139.4920703,35.6705479],[139.4922569,35.6705214],[139.4924431,35.670505]],[[139.5245439,35.663564],[139.5245798,35.663549200000006]],[[139.5245798,35.663549200000006],[139.524626,35.6635299]],[[139.5245386,35.6634737],[139.5244993,35.66348959999999]],[[139.524584,35.6634543],[139.5245386,35.6634737]]]}}]}
