{"type":"FeatureCollection","features":[{"type":"Feature","properties":{"id":"tokyo-prefectural-318","name":"東京都道318号環状七号線","aliases":["都道318号","東京都道318号","環状七号線","環七通り","環七","環7"],"type":"road","roadClass":"prefectural","routeNumber":"318","jurisdiction":"Tokyo","geometrySource":"n13","source":["MLIT National Land Numerical Information N13 2024"],"license":"N13 source terms apply","confidence":"medium","note":"Identity comes from the road registry and OSM reference; display geometry is stitched from selected N13 segments.","match":{"candidateCount":84398,"selectedFeatureCount":1596,"osmCoveragePercent":99.77},"geometryProcessing":{"source":"MLIT N13","display":"endpoint-snapped and line-merged","sourceSegmentCount":1596,"displayChainCount":106,"sourceLengthMeters":87269.848,"stitchedLengthMeters":87270.897,"endpointSnapCount":44,"maximumSnappedGapMeters":1.96,"unresolvedBreakCount":180,"maximumSourceResidualMeters":27.497,"maximumDisplayResidualMeters":27.497,"parallelCarriagewaysCollapsed":false,"endpointSnapMeters":2.0}},"geometry":{"type":"MultiLineString","coordinates":[[[139.721805028,35.58147936100001],[139.721646917,35.581286305999996]],[[139.73168316650032,35.57844595850046],[139.73168316650032,35.57844595850046]],[[139.744106259,35.580588577],[139.744075586,35.580627729],[139.744030944,35.580691611],[139.743932083,35.58090780599999],[139.743900359,35.581002218],[139.743894608,35.581067993999994]],[[139.743313476,35.580760566],[139.743269694,35.580731222],[139.743114071,35.580656667],[139.742953347,35.580588754000004],[139.742639856,35.580416486],[139.742673841,35.58035511599999],[139.742704443,35.580297581],[139.74314235,35.580359302999994],[139.743287811,35.580387263],[139.74340475,35.580417553],[139.74351028,35.58043153300001],[139.743617361,35.580448222],[139.743633099,35.580446818]],[[139.74582175649957,35.58143267200032],[139.74582175649957,35.58143267200032]],[[139.7500070269998,35.58287068350021],[139.7500070269998,35.58287068350021]],[[139.662270147,35.638195318],[139.662351092,35.63830848300001],[139.661959729,35.639041274],[139.661584333,35.63974553500001],[139.661560497,35.639804123],[139.661555123,35.639816732],[139.661512052,35.639917781],[139.661474875,35.640062722],[139.661464496,35.64010692000001],[139.661365097,35.640542073999995],[139.661333491,35.640683976],[139.661264496,35.640986142],[139.661249839,35.641057953],[139.661157113,35.641512257],[139.661121472,35.64166666700001],[139.661096411,35.641861301],[139.661007448,35.64246179700001],[139.661039593,35.642633548],[139.660977251,35.642799733],[139.660926022,35.643492212],[139.660919108,35.643652736],[139.660912291,35.643885076],[139.660893526,35.644205514],[139.660751549,35.64425201],[139.66060512,35.644201323],[139.660619569,35.643739506],[139.660642249,35.643226547],[139.660662205,35.642492405],[139.660712463,35.642293931],[139.660810168,35.64180274899999],[139.660851839,35.641666667],[139.660897245,35.641471693],[139.660999573,35.64102772],[139.661071911,35.640672236],[139.661108093,35.640516489000014],[139.661155926,35.640296878000015],[139.661233987,35.639977546],[139.66125954,35.639898384],[139.661335697,35.639663509],[139.661681675,35.639020064],[139.662027879,35.638345239],[139.662122896,35.638237257000014],[139.662270147,35.638195318]],[[139.660662205,35.642492405],[139.660684441,35.642500525],[139.661013293,35.642618441],[139.661039593,35.642633548]],[[139.660278891,35.65005012500001],[139.66035777300002,35.650054653],[139.660362239,35.650054909],[139.660506268,35.65006317800001],[139.66051195,35.650063503999995],[139.660606467,35.65006893000001]],[[139.680320553,35.620462982],[139.680551876,35.620640898000005]],[[139.681343542,35.619075621],[139.681351769,35.619143976000004],[139.681342009,35.61928856000001],[139.681284843,35.619430867999995],[139.680866222,35.620076418],[139.680708614,35.620343392],[139.680551876,35.620640898000005],[139.680306847,35.621258366000006],[139.68013594950034,35.621684403000046],[139.6800365820001,35.62192856800002],[139.679982777,35.62201565699999],[139.679920561,35.622115334],[139.679828596,35.62210838699999],[139.679753759,35.62207574],[139.679768417,35.62190411],[139.67983622200003,35.621735587],[139.679853299,35.62169206699999],[139.679946306,35.621455049],[139.68014584,35.620946553],[139.680320553,35.620462982],[139.680435639,35.62022472699999],[139.68061271,35.619928407],[139.680842373,35.619580829],[139.681064546,35.61925896],[139.681180272,35.61914966799999],[139.681282054,35.619093883000005],[139.681343542,35.619075621]],[[139.68013594950034,35.621684403000046],[139.68013594950034,35.621684403000046]],[[139.6800365820001,35.62192856800002],[139.6800365820001,35.62192856800002]],[[139.676456798,35.627435499],[139.676767396,35.627522191]],[[139.676879139,35.627558],[139.676838167,35.62754194400001],[139.676767396,35.627522191],[139.676474714,35.627691568],[139.675969859,35.627968554],[139.675822627,35.628048691000004],[139.675514871,35.62821278300001],[139.675324476,35.628320471],[139.6751312,35.628306573]],[[139.67508154000004,35.628333422000004],[139.67514189,35.628174306],[139.675685867,35.62787122600001],[139.676243797,35.627560552],[139.676456798,35.627435499],[139.676770317,35.627216657000005],[139.676811703,35.627177866],[139.676977307,35.627022651000004],[139.677268492,35.626643438],[139.677688658,35.626022575],[139.677771391,35.62596358900001],[139.677885728,35.625953319]],[[139.677885728,35.625953319],[139.677916126,35.62604782799999],[139.677908961,35.626130896999996],[139.677808859,35.626294657],[139.677633882,35.62656155700001],[139.677592781,35.626623077],[139.677473195,35.626810022],[139.677311644,35.62702105700001],[139.677257321,35.627092994],[139.67709218500002,35.627251266],[139.676767396,35.627522191]],[[139.696131111,35.60561675],[139.696159325,35.60538978100001],[139.696290169,35.605201824000005],[139.696295473,35.605194205],[139.696761247,35.604544469],[139.697103749,35.60409080000001],[139.697177431,35.603985179],[139.697355361,35.603744773],[139.697454672,35.60361482999999],[139.697714627,35.603287319],[139.697819277,35.603164745],[139.697997217,35.602976051999995],[139.698324749,35.602709828],[139.698456736,35.602618318],[139.698591469,35.602551956000006],[139.698747583,35.60251194400001]],[[139.696131111,35.60561675],[139.696350114,35.605474227],[139.696511861,35.605262274000005],[139.697027831,35.60456156000001],[139.697284853,35.604220381],[139.697412048,35.604053274],[139.69766387,35.603743074],[139.697910453,35.60342478300001],[139.69819128300003,35.603114258000005],[139.698505853,35.60283940899999],[139.698576409,35.602774879],[139.69866112,35.60267494799999],[139.698747583,35.60251194400001]],[[139.697454672,35.60361482999999],[139.697548056,35.603668611],[139.69766387,35.603743074]],[[139.755896982,35.584366073000005],[139.754949289,35.584201541999995],[139.753766628,35.583934148999994],[139.752803478,35.583740444],[139.752744111,35.583813027999994],[139.752733285,35.583892656],[139.753493947,35.584249084],[139.754318263,35.584487459],[139.75487884,35.58462604]],[[139.754641622,35.58435159500001],[139.754432139,35.58430875],[139.753847722,35.584162472],[139.752900417,35.583862222],[139.752744111,35.583813027999994],[139.752472725,35.583720488000004],[139.752188131,35.583623445],[139.751997472,35.583562],[139.751354028,35.583333333000006],[139.751071889,35.583239222],[139.7500070269998,35.58287068350021],[139.749337047,35.582666401],[139.749140722,35.582593194],[139.748900396,35.582506939],[139.748786222,35.582463639000004],[139.748657964,35.582417774],[139.748578881,35.582389086],[139.748094497,35.582209199],[139.747914488,35.58215129700001],[139.747582361,35.58204727799999],[139.747385667,35.58198175],[139.747236278,35.581924528],[139.747044845,35.581857205999995],[139.746758639,35.58175655600001],[139.746182722,35.58156055600001],[139.74582175649957,35.58143267200032],[139.74461805300004,35.581015487],[139.744593538,35.58100668],[139.744387046,35.580936144000006],[139.743833503,35.580743937],[139.742918611,35.580441083],[139.742673841,35.58035511599999],[139.742193938,35.58018972199999],[139.741666667,35.580006972],[139.74093525,35.579745361],[139.740123472,35.579478139],[139.739829833,35.579346722],[139.739585667,35.579220389],[139.739432938,35.579138865],[139.739253333,35.579038888999996],[139.738989694,35.578880999999996],[139.738809333,35.57879244400001],[139.738729028,35.578744889],[139.738292583,35.57849194400001],[139.73788375,35.57824875],[139.737814611,35.578210722],[139.737704694,35.57814849999999],[139.737587793,35.578082568],[139.737329917,35.577929417],[139.737273056,35.577893806],[139.737008701,35.577781724],[139.736866444,35.577729833],[139.736499833,35.57762075],[139.736369198,35.57760244399999],[139.736168,35.57757425],[139.736020716,35.577565042],[139.735722167,35.57755966700001],[139.735639667,35.5775615],[139.735430139,35.577583361],[139.735115833,35.577632556000005],[139.734451917,35.57778891699999],[139.733982944,35.57790147200001],[139.733931528,35.57791300000001],[139.733333333,35.578070055999994],[139.733300278,35.57807872200001],[139.732917861,35.578168944],[139.732406848,35.57828727900001],[139.732244535,35.578324865000006],[139.732173778,35.578341249999994],[139.732147944,35.57834375],[139.731943359,35.578390121],[139.73168316650032,35.57844595850046],[139.731080386,35.578578492],[139.730980167,35.578600527999996],[139.730922826,35.578611072],[139.730672167,35.578657167],[139.729681694,35.578839222],[139.729224809,35.578960495],[139.729048028,35.579008944],[139.728631472,35.579120528000004],[139.728393496,35.579182754],[139.728034444,35.579280444],[139.727953444,35.57930524999999],[139.72677575000003,35.57961122199999],[139.726508663,35.579685546],[139.726326556,35.579736222],[139.726035228,35.579803578],[139.725798942,35.579863294],[139.725720804,35.579881881000006],[139.725416876,35.579956897],[139.725122358,35.580036985],[139.725,35.58006868700001],[139.724285263,35.580254559],[139.723754028,35.580390064],[139.723328986,35.580499919],[139.72310596,35.580571301000006],[139.723043316,35.580595324],[139.722648075,35.58078578800001],[139.722256778,35.581024417],[139.721127417,35.581794972],[139.721010517,35.581892008],[139.720908227,35.581990789],[139.720820293,35.582090252],[139.720799519,35.582113749],[139.720675028,35.582282666999994],[139.720577791,35.58244086100001],[139.720502384,35.582607344],[139.720499338,35.58261407],[139.720447043,35.582762019],[139.720384224,35.58300732099999],[139.720364701,35.583112555999996],[139.720340653,35.58322539500001],[139.720318035,35.583333333000006],[139.720276278,35.583532610999995],[139.720266363,35.583577396],[139.720190558,35.583919809],[139.720175861,35.583986194],[139.720132346,35.584215534],[139.72007408,35.584475559],[139.720019436,35.58472061],[139.719997501,35.58482204],[139.719975417,35.58492416699999],[139.719926262,35.58517901100001],[139.719916075,35.585231416],[139.719890444,35.58536747200001],[139.719791556,35.585829944000004],[139.719724559,35.586204319000004],[139.719639722,35.586609194000005],[139.719609611,35.586769278],[139.7195695,35.586950056],[139.719531556,35.587117972],[139.719507953,35.587220429999995],[139.719432351,35.58758575800002],[139.719421861,35.587636444000005],[139.719391861,35.587787222],[139.719348444,35.588006833],[139.719286778,35.588309722000005],[139.719219528,35.58862463900001],[139.719208436,35.58866634700001],[139.719126111,35.589042417],[139.719031333,35.589499111],[139.718988639,35.589724861],[139.718899239,35.590126074000004],[139.718831889,35.590428333000006],[139.718747386,35.590849214],[139.718728437,35.590951605],[139.718689977,35.591099477],[139.718582429,35.591351665000005],[139.718549583,35.591438222],[139.718499895,35.591537713],[139.718441712,35.591666667],[139.718425969,35.59170155699999],[139.718283833,35.591825],[139.718244907,35.591853463],[139.718051111,35.59199516699999],[139.717513306,35.592304778],[139.717311417,35.59242008300001],[139.717008861,35.59259286099999],[139.71692552800002,35.59263930600001],[139.716694917,35.59276308300001],[139.716666667,35.59277869400001],[139.71637138,35.592936307],[139.716270472,35.592989194],[139.716200861,35.593031889],[139.715931889,35.593193139],[139.715662944,35.593336167],[139.715142306,35.593619000000004],[139.714703139,35.593852332999994],[139.71458823100002,35.593916189],[139.714256032,35.594091395],[139.71419543,35.594126899],[139.71344827800002,35.59453069400001],[139.713266544,35.594632376],[139.713219389,35.59465875],[139.713078,35.594739028],[139.712659722,35.594990222],[139.712484028,35.595101167],[139.712405842,35.59514451799999],[139.712234513,35.595248692999995],[139.712104528,35.595324944],[139.712003325,35.595379226],[139.711848232,35.595470686],[139.711432056,35.59568563900001],[139.711338044,35.59573983],[139.711221696,35.59580689700001],[139.711172154,35.595834862000004],[139.711062772,35.595896603],[139.710960056,35.59595458300001],[139.710832944,35.596029278],[139.7105265,35.596194361],[139.710162427,35.596407123000006],[139.710104323,35.596441078000005],[139.709985056,35.596510777999995],[139.709618553,35.596720354],[139.709567,35.596749833],[139.709498083,35.596789806000004],[139.709423167,35.596829111],[139.709058556,35.59702041700001],[139.708691361,35.59718816699999],[139.708461222,35.597293306],[139.708333333,35.597347306],[139.708288972,35.597366028],[139.707952722,35.597511194],[139.707837444,35.597560972000004],[139.7077205,35.59761124999999],[139.707604667,35.597659028],[139.707520222,35.59769624999999],[139.706468473,35.598170972],[139.706373389,35.59821388900001],[139.706216995,35.598283856],[139.705873833,35.598432361],[139.705231056,35.598712361],[139.704441972,35.59907311100001],[139.70391833,35.599312515],[139.703703028,35.59940475],[139.703508988,35.59948942100001],[139.703165719,35.599639322],[139.703091917,35.59967225],[139.703034691,35.599697783],[139.70247875,35.599945833],[139.702349194,35.60000000000001],[139.702172667,35.600073806],[139.701993976,35.600153969],[139.701808333,35.60023725],[139.70160225,35.600329722],[139.701226583,35.600548722],[139.70063525,35.601025056000005],[139.70057363900003,35.601071361],[139.700329083,35.601255111],[139.70000610200003,35.601511549],[139.7,35.601516229000005],[139.699920904,35.601576892999994],[139.699750238,35.601708539],[139.699703691,35.601740641000006],[139.699616021,35.601808064000004],[139.699442111,35.601943167],[139.699277744,35.602077028],[139.699249333,35.60210016700001],[139.699082361,35.60223616700001],[139.698872305,35.602413971],[139.698747583,35.60251194400001],[139.698549278,35.60266894400001],[139.698398472,35.60278836100001],[139.698077083,35.603059333],[139.697907944,35.603248417],[139.697821986,35.603357716],[139.697317889,35.603998694000005],[139.697293046,35.60403160600001],[139.696446637,35.605151399],[139.69639695400002,35.60521866100001],[139.696131111,35.60561675],[139.695981722,35.60585861099999],[139.695802694,35.60615525],[139.69574475,35.606251083],[139.6956465,35.606383639],[139.695593316,35.606455849],[139.695568389,35.60648969399999],[139.69530888900002,35.606868999999996],[139.695025826,35.607265029000004],[139.69499301000002,35.607309955],[139.694906101,35.60742599699999],[139.694855722,35.60749319399999],[139.6946895,35.60773175],[139.694652061,35.60778465700001],[139.694577611,35.60789233300001],[139.694548111,35.607933444000004],[139.694366333,35.608186833],[139.6942465,35.608325693999994],[139.694240333,35.608333333000004],[139.694240194,35.60833349999999],[139.694188556,35.60839738899999],[139.694087972,35.60847666699999],[139.693965444,35.60857380600001],[139.693932418,35.608598197],[139.693802583,35.608694083],[139.693701167,35.608765333],[139.693596639,35.608836667],[139.693511167,35.60889499999999],[139.693164605,35.60909846500001],[139.693084111,35.60914572200001],[139.693058204,35.609162458],[139.692968,35.609225739],[139.692908303,35.609259285],[139.692768306,35.609350041999996],[139.692624944,35.609441556],[139.691887336,35.60994370600001],[139.691799789,35.610003306],[139.691753806,35.61003461100001],[139.691669667,35.610090333],[139.691666667,35.61009225000001],[139.691294167,35.610329778],[139.691180648,35.610412423],[139.691144639,35.610438638999995],[139.690956194,35.610559194],[139.690626222,35.61076311100001],[139.690197278,35.611039556],[139.689976667,35.611177778],[139.689851667,35.611267583],[139.689688396,35.611374529],[139.689522284,35.61148845500001],[139.689055056,35.611803278],[139.688735306,35.612012971999995],[139.688540111,35.612140972],[139.688431889,35.612213889],[139.68836825,35.6122635],[139.688279417,35.612324222000005],[139.687795083,35.612639333],[139.687477639,35.612819194],[139.687350972,35.61289030599999],[139.687308,35.612914417000006],[139.687071722,35.61305152800001],[139.686961972,35.613121667],[139.686905444,35.61315616699999],[139.686864833,35.61318577800001],[139.686720778,35.613289556000005],[139.68655282200004,35.613405261],[139.68640808300003,35.613504972],[139.686164111,35.613692778],[139.686033412,35.613784635],[139.685992974,35.613814483],[139.685886646,35.613893855],[139.685755865,35.613991478999985],[139.685705861,35.61402913900002],[139.685668034,35.61405690699999],[139.68553936100002,35.61415136099999],[139.685360623,35.614278490000004],[139.685327278,35.6143035],[139.685242005,35.614370039],[139.685226754,35.614384679],[139.685072517,35.614501931],[139.6849,35.61462555600001],[139.684575206,35.614867959],[139.684512194,35.614917028],[139.684469732,35.614948422],[139.684334489,35.615059501],[139.684045194,35.61526230599999],[139.683716306,35.615505444],[139.683565056,35.615627778],[139.683483417,35.615705375],[139.683401778,35.615782972],[139.683333333,35.615848444],[139.683271444,35.615907667],[139.683244944,35.615934528],[139.683204667,35.615985667],[139.68314425,35.616068833],[139.683076417,35.616172832999986],[139.683008583,35.616286361],[139.682946028,35.61638949999999],[139.682909167,35.616450472],[139.682879528,35.616495333],[139.682863722,35.61652152800001],[139.682824,35.61658588900001],[139.682814222,35.616601917],[139.682784278,35.616652556],[139.682775361,35.616666667],[139.682672528,35.61683416699999],[139.682525222,35.617066556000005],[139.682249444,35.617518889],[139.682183889,35.617631167000006],[139.682146944,35.617689722],[139.681824806,35.61828800000001],[139.681742056,35.618447444],[139.681673806,35.618568888999995],[139.681343542,35.619075621],[139.681232806,35.61924552799999],[139.681138802,35.61938876999999],[139.681117091,35.619422147],[139.681058759,35.619508185],[139.681031336,35.619547963],[139.680686286,35.620075756],[139.680663174,35.62011349800001],[139.680580185,35.620249021],[139.680511136,35.620381032],[139.680284824,35.62094876700001],[139.680079629,35.621470732],[139.679914219,35.621888339],[139.679828596,35.62210838699999],[139.679697449,35.622440698000005],[139.679666854,35.62251894999999],[139.679501642,35.622928988],[139.679205243,35.62359140800001],[139.679124222,35.62375500000001],[139.679052145,35.623911257],[139.678876722,35.624238889000004],[139.678682499,35.624599661],[139.678549613,35.624847456],[139.678469541,35.62499999999999],[139.678468567,35.625001856],[139.678428888,35.625078366],[139.678323906,35.625281412999996],[139.678252908,35.625396448],[139.677885728,35.625953319],[139.677816696,35.62605297199999],[139.677669964,35.626273941],[139.67758877,35.626392807],[139.677574751,35.626417131],[139.677503479,35.626522185],[139.677437846,35.62662262100002],[139.677217201,35.626931441],[139.67712698,35.62703118200001],[139.677071949,35.62708480900001],[139.676861444,35.627271500000006],[139.676604917,35.62748111100001],[139.676338722,35.62764175],[139.676147864,35.627741693],[139.675322922,35.628199826],[139.675159329,35.628290258999996],[139.6751312,35.628306573],[139.67508154000004,35.628333422000004],[139.675,35.628378155],[139.674920677,35.628422679],[139.674455304,35.628667216],[139.674380257,35.628705141],[139.673860277,35.628972748],[139.673398176,35.629188809999995],[139.672822603,35.62947715],[139.672606167,35.6295975],[139.672402111,35.629716306],[139.672275401,35.62981018399999],[139.67213833,35.629910633],[139.67185675,35.63011227799999],[139.671664742,35.63026899399999],[139.671586333,35.630340444],[139.670981814,35.630924488999995],[139.670806278,35.63108002800001],[139.670335752,35.631446026000006],[139.670185861,35.631560222],[139.670035466,35.631658396],[139.669765524,35.631834604],[139.669674932,35.631893739999995],[139.669500235,35.632007776],[139.669195811,35.632206493],[139.668724027,35.632514458],[139.668583194,35.63260713900001],[139.668417541,35.632715012000006],[139.668061264,35.632957087],[139.667901177,35.63305867],[139.667748056,35.63316622199999],[139.667690633,35.633205985000004],[139.667607673,35.633264754],[139.667574055,35.633287554],[139.667540189,35.633312713],[139.667507778,35.633333333],[139.66739187400003,35.63341278300001],[139.667059324,35.633645665],[139.666830852,35.633805361],[139.666666667,35.63392189899999],[139.666660889,35.63392600000001],[139.666484404,35.634055051000004],[139.666442411,35.63408814000001],[139.666272189,35.63421003],[139.666098554,35.634335487],[139.666015858,35.63439346799999],[139.665795517,35.63456111000001],[139.664787019,35.635354015],[139.664618111,35.635486306],[139.66445971800002,35.635610382],[139.663972889,35.635993917],[139.66326011100003,35.636577083],[139.663144222,35.63668977799999],[139.663127423,35.636711237],[139.662974101,35.636909656],[139.662890316,35.637029866000006],[139.662837132,35.63713066],[139.662749472,35.63729375],[139.66244574,35.63787009600001],[139.66234157,35.63805927199999],[139.662293059,35.638151674999996],[139.662270147,35.638195318],[139.662165403,35.638376056],[139.66186850000003,35.63897125],[139.661787286,35.639121379],[139.66147801,35.639693088],[139.661408854,35.639850785],[139.661371071,35.639958464],[139.661343533,35.640077338],[139.661294929,35.640296316],[139.661130364,35.641037732],[139.661037266,35.64149284],[139.661001611,35.641666667],[139.660839861,35.642405167],[139.660838481,35.642426705000005],[139.66082205,35.642683059999996],[139.660806694,35.64292263899999],[139.660755694,35.644113444000006],[139.660753064,35.64420137999999],[139.660751549,35.64425201],[139.660748494,35.64433466300001],[139.660737971,35.644548794],[139.660723658,35.64478443800001],[139.660716141,35.64491758000001],[139.660697448,35.645279474],[139.660690846,35.645396846],[139.660680323,35.645607296],[139.660663919,35.645891266],[139.660660411,35.645976585],[139.660650306,35.646157417],[139.660648783,35.64620083400001],[139.660643386,35.64628979399999],[139.660625423,35.64658586699999],[139.660612353,35.646898319],[139.66060166500003,35.647104511],[139.660587444,35.647279472],[139.660562472,35.64768163899999],[139.660548056,35.64789413900001],[139.660536196,35.648283561],[139.660523583,35.648443306],[139.660521095,35.648509355],[139.660511683,35.648753604],[139.66049859,35.648951807],[139.660435732,35.649989095],[139.660435103,35.64999999999999],[139.660427957,35.650123859],[139.660427778,35.65012697200001],[139.660399392,35.65058814199999],[139.660375593,35.650947003000006],[139.660368621,35.651052142000005],[139.660336008,35.651506609],[139.660330429,35.651576182],[139.660295827,35.65206521300001],[139.660263333,35.652468056],[139.660251913,35.652618515],[139.660245961,35.652696928],[139.660221629,35.652988799000006],[139.660219349,35.65306085699999],[139.66020431,35.65325571700001],[139.660201931,35.653286536],[139.660175909,35.65360057],[139.660163343,35.653740766],[139.660147089,35.653918178],[139.660094861,35.654302694],[139.660082414,35.654448044],[139.660069722,35.654599167],[139.660053649,35.654719193000005],[139.660048694,35.65475619400001],[139.660043313,35.654804229],[139.660017708,35.65510267700001],[139.660010816,35.655203363],[139.660007468,35.655246041],[139.65999069,35.655459852],[139.659975776,35.65564904399999],[139.659934167,35.655977306000004],[139.659934167,35.65613847199999],[139.659936392,35.656253617],[139.65994075100002,35.656470586000005],[139.659945111,35.656687556],[139.659963444,35.656991516],[139.65996245200003,35.65711325200001],[139.659962308,35.657130921],[139.659964639,35.657279318],[139.659974333,35.657766361],[139.659975417,35.657871498999995],[139.65997601,35.65792900200001],[139.659976169,35.657944489],[139.659977025,35.658027464],[139.659982127,35.65833333300001],[139.659995333,35.658996472999995],[139.66001375,35.659449167],[139.660016985,35.65967876700001],[139.660026,35.659795278],[139.660034917,35.65992888899999],[139.660049296,35.660058261],[139.660052949,35.660093331],[139.660059833,35.660156917],[139.660070264,35.660299671],[139.660078985,35.660377042],[139.66009509200003,35.660519949],[139.660108346,35.660610006],[139.660123822,35.660772722000004],[139.660137817,35.66091986000001],[139.660156201,35.661113148],[139.660177568,35.66133780500002],[139.660238363,35.661887986],[139.660289423,35.662376474],[139.660301011,35.66245159299999],[139.660306929,35.662483883],[139.66033935,35.66269257900001],[139.660362139,35.662827423],[139.66041196600003,35.663127982000006],[139.660430132,35.663233645],[139.66043518700002,35.66326684700001],[139.660440909,35.663304698],[139.660460287,35.663444144],[139.660469197,35.663496063000004],[139.660527813,35.663837588999996],[139.660572061,35.66411643199999],[139.660590588,35.664229733000006],[139.660611215,35.664355876],[139.660688765,35.664878114000004],[139.660770788,35.665323988],[139.660828725,35.66566426600001],[139.660855159,35.66582135400001],[139.661002556,35.666666667],[139.661029333,35.66679891700001],[139.661040111,35.666861111],[139.661129361,35.667316972],[139.661180419,35.667618745],[139.661209674,35.667789341],[139.661217005,35.667832090999994],[139.661232551,35.667922745999995],[139.661292278,35.66831125],[139.661338866,35.668575226],[139.661360719,35.668699046],[139.661393615,35.668885441],[139.661400899,35.668926713000005],[139.66140607,35.66895601200002],[139.661418619,35.66902712000001],[139.661432271,35.669104472],[139.661438737,35.66914110900001],[139.661454294,35.669229257],[139.661505944,35.669521917],[139.6615515,35.669774806],[139.6615765,35.669913806000004],[139.661589641,35.67006322600001],[139.661594111,35.670263360999996],[139.661578694,35.67036516700001],[139.661568905,35.670458513999996],[139.661565472,35.67049124999999],[139.661528,35.67068136100001],[139.66143213900003,35.67094625],[139.661422028,35.670965611],[139.661266833,35.671262417],[139.661202944,35.671386778],[139.661179806,35.6714255],[139.661035528,35.671700028],[139.660927444,35.67190566699999],[139.660877139,35.67201683300001],[139.660721887,35.672332478],[139.660612135,35.672555505],[139.660354974,35.67307845500002],[139.660265726,35.673259906],[139.660244039,35.67330399699999],[139.660082477,35.673632473000005],[139.660023167,35.673774639],[139.659991365,35.673832751],[139.659958131,35.67388740399999],[139.659767574,35.67424319999999],[139.659739859,35.67429894699999],[139.659506497,35.67475259300001],[139.659381791,35.675],[139.65928723,35.675183140999984],[139.659098307,35.67555451],[139.659064498,35.67562362499999],[139.658995891,35.67574472199999],[139.658945397,35.675837703000006],[139.658872309,35.675988137],[139.658735568,35.676250462000006],[139.658649617,35.676428456],[139.658557439,35.67661163799999],[139.658361496,35.676995821],[139.658333333,35.677051260999995],[139.658239102,35.67723676599999],[139.658195536,35.677321484],[139.658178028,35.677356802000006],[139.658167392,35.677379514],[139.658126499,35.67745888000001],[139.658107207,35.677495155],[139.658086212,35.677536653999994],[139.657923266,35.677857569],[139.657743856,35.678209265],[139.657587481,35.678511745],[139.657489583,35.678729028],[139.657396806,35.678888917],[139.657353935,35.678970869],[139.657310882,35.679062181],[139.657280175,35.679127308],[139.657249634,35.679210144],[139.657225874,35.679284959],[139.657201743,35.679383751],[139.657178484,35.67949998200001],[139.657169578,35.679571863],[139.657161806,35.679644306],[139.65713249,35.679922224],[139.657102061,35.68019397100001],[139.657100396,35.680208869999994],[139.6570923,35.680316109],[139.657087925,35.680368288],[139.65706144,35.680656094999996],[139.657037548,35.680872924],[139.657036257,35.680890605999984],[139.657031504,35.680953380000005],[139.656999489,35.68125649],[139.656951464,35.681754471],[139.656937166,35.681876081],[139.656930222,35.681974528],[139.656811796,35.683163295],[139.65680539,35.68323690100002],[139.656795592,35.68333333300001],[139.656779782,35.683488936],[139.65675099,35.683795718],[139.65672271200003,35.68408372],[139.656689391,35.684403411],[139.656659749,35.68470368799999],[139.65665158,35.684756341],[139.65663471,35.684853248],[139.656602001,35.68499634300001],[139.656553943,35.685161515],[139.656515922,35.685267149],[139.656491523,35.68533137200001],[139.6564211,35.685519947],[139.656266031,35.685926154],[139.656183842,35.686138517],[139.656175034,35.686162756],[139.656096178,35.686371678],[139.655905223,35.686868973],[139.655722369,35.687365851],[139.655693772,35.687442598000004],[139.65563414100004,35.687593615000004],[139.655574585,35.68775267600001],[139.655488293,35.687984526],[139.655463133,35.688052123],[139.655462549,35.688053694],[139.655286798,35.688553887000005],[139.655260141,35.688611859],[139.655225768,35.68869853],[139.655209037,35.688739366],[139.655187231,35.688792590999995],[139.655098269,35.689042922],[139.655022523,35.689327458],[139.65499912,35.689451356],[139.654978929,35.689558247],[139.654958678,35.68965997],[139.654939275,35.689773529],[139.654918172,35.689907864000006],[139.654869457,35.690199678],[139.654802403,35.690609828999996],[139.654787954,35.69069940600001],[139.654739757,35.690993644],[139.654703981,35.69121255799999],[139.654666556,35.691474638999985],[139.654627358,35.69166666700001],[139.654622646,35.691689749],[139.654611298,35.691770797],[139.654588861,35.691894995999995],[139.654535744,35.69215823900001],[139.654507881,35.692296429],[139.65445646600003,35.692552029],[139.654443674,35.692613382],[139.654425157,35.69271182300001],[139.654402829,35.692823548999996],[139.654359047,35.693056244000005],[139.654348955,35.693120403],[139.654319658,35.693300535],[139.654294527,35.693454913000004],[139.654288401,35.693514705000005],[139.654280148,35.693600339],[139.654273054,35.693730683],[139.654271536,35.69382448099999],[139.654276178,35.694084444],[139.654282406,35.694228726999995],[139.654287053,35.694415849],[139.654292038,35.694542105],[139.654304679,35.694926544000005],[139.65431309400003,35.695182074],[139.654318243,35.69531926399999],[139.654325233,35.695536155000006],[139.6543315,35.695615264000004],[139.65435073,35.695823995],[139.654401748,35.69616458600001],[139.654406775,35.696197234],[139.65441238400004,35.69623228700001],[139.654429377,35.69635643200001],[139.654605882,35.697371471000004],[139.654648854,35.697722806],[139.654660916,35.697849813999994],[139.65467517,35.698052849],[139.65468623,35.69881896599999],[139.654728133,35.699888912999995],[139.654730179,35.7],[139.654731931,35.700095137],[139.65473696,35.700461721],[139.654762199,35.701089157000006],[139.654763271,35.701215088999994],[139.654763946,35.701365922],[139.654767257,35.701472335999995],[139.654793121,35.701768833],[139.654802727,35.70202113599999],[139.654803884,35.702295536],[139.654804891,35.702452789],[139.654807084,35.702584768],[139.654809807,35.70274963400001],[139.654809576,35.702863479],[139.654807,35.702969382000006],[139.654809491,35.703022666],[139.654820236,35.70330459800001],[139.65483153750006,35.703857633000005],[139.654832031,35.704161005],[139.65479258,35.704625016],[139.654765715,35.704877554],[139.654765715,35.704922526000004],[139.654715901,35.705241414],[139.654698583,35.70537061099999],[139.654671553,35.705562369],[139.65466616700002,35.705600583],[139.654649626,35.70579123700001],[139.654587539,35.706328664],[139.654584407,35.706355771],[139.654554392,35.70662394399999],[139.65450119,35.707076433000005],[139.654498252,35.707112472000006],[139.65446331600003,35.707414199],[139.654442558,35.707569575],[139.654434394,35.707634194],[139.654409348,35.70784768400001],[139.654360478,35.708199746000005],[139.654337972,35.708333333000006],[139.654337904,35.70833515099999],[139.654325333,35.70844544399999],[139.654262104,35.709027139],[139.654172606,35.709850491],[139.654097533,35.71045475399999],[139.653979381,35.711491797],[139.653967518,35.71157457899999],[139.65395654,35.711650896],[139.653935847,35.711803772],[139.653919718,35.71192022100001],[139.65391388800003,35.711970059],[139.653902819,35.712098346999994],[139.653887039,35.71220989],[139.653803044,35.713035188],[139.653750778,35.71356633300001],[139.65373644400003,35.713919110999996],[139.653739833,35.714206667000006],[139.6537355,35.71431930600001],[139.653739444,35.714570028],[139.65373436,35.715045211],[139.653732578,35.715211735],[139.653733509,35.71574884700001],[139.653736026,35.715982058999984],[139.653738923,35.716245562999994],[139.653739258,35.71665458700001],[139.653739274,35.716666667000005],[139.653740633,35.716796419999994],[139.653745684,35.71722938900001],[139.653745352,35.71727623700001],[139.653744853,35.71729465200001],[139.653745186,35.71732389799999],[139.653754861,35.718395528],[139.65375995900004,35.71939468899999],[139.653762609,35.719743851],[139.65376663,35.720591109000004],[139.65376663,35.720744152],[139.653763306,35.720972602],[139.653764801,35.721111018],[139.653769841,35.721265189],[139.653768704,35.72133763299999],[139.653767214,35.72141981400001],[139.653765396,35.72156025900001],[139.653764522,35.72160392100001],[139.653764659,35.721727446],[139.653765456,35.72244783800001],[139.653768856,35.722939477000004],[139.653783606,35.72362530699999],[139.653795758,35.72404479600001],[139.653826929,35.724848819],[139.653831955,35.724981481],[139.65383279,35.725],[139.653837134,35.72511274200001],[139.653837297,35.725141224],[139.653845511,35.725271427],[139.653856523,35.72557773500001],[139.653858784,35.725645031],[139.653891267,35.72621197699999],[139.653912177,35.726388433],[139.653921201,35.72648490500001],[139.653935564,35.726599406],[139.653940315,35.72663727700001],[139.653966864,35.726778046],[139.653985835,35.726864408],[139.654006273,35.726937992],[139.654028294,35.727004646000005],[139.654057693,35.727077337],[139.654077452,35.727123758],[139.65415469600003,35.727287284000006],[139.654194906,35.727359664999994],[139.654238891,35.727428974],[139.65427455,35.727482178],[139.654339001,35.727568776],[139.654461238,35.727708894],[139.654554639,35.727797499000005],[139.65492233300003,35.728123139],[139.655080705,35.728265503],[139.655479661,35.728638391000004],[139.655506834,35.728663789],[139.655816324,35.728924678999995],[139.656490255,35.729514488],[139.65686408,35.729838204],[139.656942799,35.72990252900001],[139.657043632,35.729995322],[139.657717083,35.730589764],[139.65791722600002,35.73076274799999],[139.658333333,35.73112415700001],[139.658739361,35.731476051],[139.658860508,35.731577671],[139.659284804,35.73197027999999],[139.659818423,35.732418956],[139.659875333,35.732469528],[139.660151342,35.73271716499999],[139.660245182,35.73280026199999],[139.660801472,35.733285972],[139.660855393,35.73333333299999],[139.66099190919982,35.73345167120007],[139.661120913,35.733566358],[139.661213301,35.733648151],[139.661262938,35.733692123],[139.661848211,35.734199268],[139.663511109,35.735680445],[139.664135584,35.736252318000005],[139.66426507,35.736367409],[139.664342928,35.73643597299999],[139.664479686,35.73655294999999],[139.664776014,35.73682290799999],[139.665036205,35.737055938],[139.66519238,35.737197097],[139.66525783,35.737256135],[139.665464428,35.737440429],[139.666411949,35.738290303999996],[139.666636361,35.738507889],[139.666666667,35.73854500000001],[139.666670444,35.738549610999996],[139.66675375,35.738651556],[139.66727500200003,35.739378696],[139.667329795,35.739457605],[139.667361916,35.73950386300001],[139.667434432,35.73960673399999],[139.667457312,35.73964326000001],[139.668003083,35.74039989800001],[139.668126494,35.740565981],[139.668200054,35.740664941000006],[139.668279706,35.74075903100001],[139.668288646,35.74077148],[139.668374401,35.740849673],[139.668458695,35.740922178],[139.66847025,35.740932722000004],[139.668742389,35.741146194],[139.668825873,35.74120873099999],[139.669302132,35.741566195000004],[139.669441389,35.741666667],[139.669654547,35.74182045700002],[139.669766546,35.74190343600001],[139.669991141,35.74207175],[139.670051889,35.742116611],[139.670630789,35.7425028],[139.670949778,35.742743610999995],[139.671068861,35.74283416699999],[139.671299255,35.743008405],[139.671519897,35.743170164],[139.671710909,35.74329903100001],[139.672274354,35.743713002999996],[139.672383053,35.743787017],[139.672466198,35.74384584800001],[139.672537018,35.743893709],[139.67303707600004,35.744252531],[139.67374073,35.74476559200001],[139.673828922,35.74482922400001],[139.67407081000002,35.745001118],[139.674213786,35.74510958900001],[139.674475028,35.745300222000004],[139.674625917,35.74541175],[139.674774687,35.74552193],[139.674929833,35.74563605600001],[139.675,35.745685501],[139.675016092,35.745696841],[139.675251278,35.74586283299999],[139.676403833,35.74670052799999],[139.676857657,35.747016766],[139.677680728,35.74761074900001],[139.677827634,35.74772041399999],[139.677967778,35.747827944],[139.67808062,35.747909364],[139.6788095,35.748435278],[139.67923383000002,35.74874451099999],[139.679794528,35.749143667000006],[139.6805134,35.749661325999995],[139.68062494,35.749744148],[139.680961222,35.74999999999999],[139.681332153,35.75026120200001],[139.682038738,35.750774591],[139.682833306,35.751363083],[139.683217,35.75164052800002],[139.683333333,35.751724528],[139.683346961,35.75173440100001],[139.683375638,35.751755175999996],[139.683552792,35.751877622],[139.683916062,35.752137364999996],[139.68451458300004,35.752571358],[139.684715042,35.752719051],[139.684877143,35.752846987000005],[139.685090174,35.75299280400001],[139.685488744,35.753278605000006],[139.685532929,35.753311360999994],[139.685623853,35.753377743],[139.685679317,35.75341848400001],[139.685721548,35.75344950499999],[139.686014056,35.75366219399999],[139.686346202,35.753900689],[139.686535099,35.754037272999994],[139.686637414,35.754110675],[139.686689617,35.754148863],[139.686744828,35.754187417],[139.686811173,35.754238388999994],[139.686912583,35.754313222],[139.686931336,35.754325575],[139.687017626,35.754386563],[139.687089616,35.754440537],[139.68717183700002,35.75450098000001],[139.687327778,35.754613917],[139.687480583,35.75472461099999],[139.687711379,35.75489378],[139.688076603,35.755151268999995],[139.688342825,35.75532898400001],[139.688445316,35.755391381],[139.689039898,35.755770367],[139.689735955,35.756220641],[139.689834889,35.756287967],[139.690273271,35.756563429],[139.690311355,35.756587507],[139.690470991,35.756690518],[139.690556444,35.756742389],[139.690657795,35.75680619999999],[139.69076570500002,35.756878006],[139.691302847,35.757227548],[139.691666667,35.757458858999996],[139.69171068,35.757486842000006],[139.691973679,35.75766389500001],[139.692002889,35.75768294400001],[139.692245181,35.75782316299999],[139.692297742,35.757852576999994],[139.692427184,35.757915882],[139.692529399,35.75796067600001],[139.692651215,35.758010911],[139.692685514,35.758023981],[139.692869887,35.758090309],[139.692932758,35.758108529],[139.69299004,35.75812561099999],[139.693016586,35.758131304999985],[139.693304441,35.75820100699999],[139.693818206,35.758333333],[139.693831978,35.758336879999995],[139.69436682,35.758471568],[139.694456567,35.758493053],[139.694761114,35.758574372],[139.694886917,35.758605306],[139.695065901,35.758651919],[139.695496694,35.758764111],[139.695998752,35.758892472],[139.696570725,35.75904100900001],[139.697110981,35.75917790399999],[139.697620316,35.759309383],[139.697891423,35.75937434],[139.698261778,35.759473528],[139.698852917,35.759618194],[139.698888,35.759626806],[139.698909167,35.759631972],[139.699034707,35.759662907000006],[139.699091639,35.759676639],[139.699605111,35.759802306000005],[139.699804194,35.75985102799999],[139.7,35.759902999999994],[139.700040222,35.75991366699999],[139.700392417,35.760008278],[139.700596865,35.76006220000001],[139.700832248,35.760124280999996],[139.700945436,35.76015338100001],[139.70157461100004,35.760315139],[139.701624778,35.760328056],[139.701811806,35.760376139],[139.702372927,35.76052040500001],[139.702547415,35.760565266],[139.702624672,35.760583262000004],[139.702819148,35.760632405],[139.703001889,35.760677167],[139.703129333,35.760708361000006],[139.703312333,35.76075319400001],[139.703512,35.76080211099999],[139.703699361,35.76084800000001],[139.703749051,35.76085779400001],[139.704021352,35.76093247099999],[139.70454975,35.76106613900001],[139.704895113,35.76115566699999],[139.705552999,35.761314576],[139.705753196,35.761355369],[139.706485178,35.761471014],[139.706933623,35.761569656],[139.707671759,35.76179223300001],[139.707815557,35.761834456],[139.707964206,35.76188248],[139.708294296,35.761987606],[139.708333333,35.762000462],[139.7085943594997,35.76207768400033],[139.7090815,35.76223258300001],[139.709248954,35.76228346500001],[139.709358222,35.762316667],[139.709461018,35.762346227],[139.709818823,35.762448348],[139.710448328,35.76263822500001],[139.710818886,35.762749109],[139.711118632,35.762839291],[139.712104039,35.763145474],[139.713175333,35.763474583],[139.71454413000004,35.76384447],[139.715417,35.764074273999995],[139.715653861,35.764131224],[139.71576,35.76415477799999],[139.715857139,35.764178638999994],[139.716171778,35.764255944],[139.716357597,35.764303987],[139.716666667,35.764380028],[139.716712167,35.764391583],[139.716888024,35.764434121],[139.717076119,35.76448243800001],[139.717256155,35.764538686],[139.717675241,35.764676901],[139.717963417,35.764773278],[139.718294556,35.764884528],[139.7183115,35.764890222000005],[139.718970931,35.765119764],[139.71902900400002,35.765139559],[139.719157061,35.76518661699999],[139.719280927,35.76524609399999],[139.719479194,35.76535025],[139.719714184,35.765472563],[139.720187918,35.76571611800001],[139.720221839,35.76573442],[139.720632706,35.765958459],[139.72073725,35.766018167],[139.720984109,35.766145145],[139.720996194,35.766151361],[139.721142857,35.766225939],[139.721281271,35.766293901],[139.721330436,35.76631225700001],[139.721464646,35.766359351],[139.721541211,35.766381972000005],[139.721741531,35.766432674],[139.721819293,35.76644681199999],[139.72205275,35.766478833],[139.722106131,35.76648298599999],[139.722418332,35.76649976],[139.72293708,35.766524582],[139.723051563,35.766531211],[139.723325119,35.766549569999995],[139.723381381,35.766553307],[139.723778045,35.766575825000004],[139.72386584,35.76658622099999],[139.723950634,35.766606403],[139.724169987,35.766666666999996],[139.724544216,35.76677419],[139.724977722,35.766904278],[139.725,35.766910528000004],[139.725542694,35.76706286100001],[139.726721694,35.76740127800001],[139.727360879,35.767588613],[139.727569667,35.767649806],[139.727990116,35.767760375],[139.728281278,35.767836944],[139.72846263,35.767889741000005],[139.72892575,35.7680215],[139.729274493,35.76812410400001],[139.729399333,35.768160832999996],[139.729484474,35.768186191],[139.729642389,35.768233222000006],[139.729800861,35.768279722],[139.7300705,35.76835886100001],[139.730152222,35.76838047199999],[139.730499222,35.76847219399999],[139.7309295,35.768585972000004],[139.731270194,35.76868416700001],[139.731426528,35.768729194],[139.731587111,35.76877333299999],[139.731828889,35.768839778],[139.73195187,35.76887429],[139.73217403600003,35.768933654],[139.732499028,35.769023917],[139.733115145,35.76919532299999],[139.733333333,35.76925863900001],[139.733966139,35.769436667],[139.734274167,35.769543214],[139.734425667,35.769613167],[139.734644139,35.769744222],[139.734908778,35.769919472],[139.734990938,35.76997665900001],[139.73523919,35.77014963100001],[139.735384763,35.770250778],[139.7355325386665,35.77034807766676],[139.737055923,35.771377657],[139.737165972,35.771451639],[139.737287432,35.77153414],[139.737958639,35.771985149],[139.738152417,35.772119389],[139.738622614,35.77243377199999],[139.738710201,35.772491560000006],[139.738807326,35.77255913399999],[139.739210389,35.772836889000004],[139.73948127800003,35.773023583000004],[139.740054583,35.773417028],[139.740200651,35.773517273],[139.740457911,35.773691706],[139.740608361,35.773797083],[139.740613087,35.773800219],[139.740880246,35.773985902],[139.740993141,35.77406606200001],[139.741122306,35.77415616700001],[139.741570496,35.774454668],[139.741666667,35.77451839799999],[139.741704954,35.77454386200001],[139.742165778,35.77485775000001],[139.742374,35.775000000000006],[139.742402861,35.775019722],[139.742541444,35.775110722],[139.742663516,35.775198827],[139.7426885,35.77521749999999],[139.742714668,35.775235173],[139.74630055,35.777655463],[139.746580176,35.77784297099999],[139.74660508299974,35.77786109900015],[139.74664193549944,35.77788577950025],[139.746690456,35.777919387],[139.746840972,35.778022500000006],[139.747224584,35.778276852],[139.74738784,35.778385914],[139.747581028,35.77848847199999],[139.747752222,35.778560611],[139.74783261900004,35.77858799900001],[139.747912416,35.77861255],[139.748048398,35.778646390000006],[139.748158323,35.778668286],[139.748267462,35.778684164000005],[139.74839854,35.778695316],[139.748545322,35.778701309],[139.748725937,35.778700570999995],[139.748791529,35.778696681],[139.749001785,35.778690682],[139.749063183,35.778686834999995],[139.75,35.778656950999995],[139.750178303,35.778647569],[139.750265423,35.778643721],[139.750791667,35.778630832999994],[139.751003959,35.77862240299999],[139.751217028,35.778615194],[139.75178043,35.77859078600001],[139.751837946,35.778588293999995],[139.753048495,35.778543003],[139.75320391700004,35.778538694000005],[139.753332981,35.77853233900001],[139.753412333,35.778528249999994],[139.753529833,35.778524778],[139.754484918,35.77848424199999],[139.754959,35.778463917],[139.755221121,35.77845556700001],[139.755913889,35.778433500000006],[139.756075528,35.778434360999995],[139.7562935,35.778429139],[139.75691383,35.778399154],[139.757713111,35.77837177800001],[139.757926056,35.778364306],[139.758075278,35.778359611],[139.758296821,35.778351439000005],[139.758333333,35.778350022000005],[139.758333734,35.778350006],[139.75878225,35.778333361],[139.759635778,35.778292083],[139.759764715,35.77828787],[139.760253677,35.778271892],[139.760541056,35.77826875],[139.760775148,35.77827263999999],[139.761047444,35.778277639],[139.761187306,35.778277639],[139.761319606,35.77827763900001],[139.761398111,35.77827763900001],[139.761934111,35.778277639],[139.762003306,35.77827820099999],[139.762201333,35.778277638999995],[139.762574333,35.778274111],[139.763557833,35.778277083],[139.763872759,35.778274192],[139.764139263,35.77827299],[139.764614111,35.77827125],[139.764652722,35.778269861000005],[139.764953335,35.77826823200001],[139.765026889,35.778269583],[139.765142398,35.77826825400001],[139.7652005,35.778270416999995],[139.765381889,35.77827125],[139.765921557,35.778267719],[139.766315778,35.778265139],[139.766394778,35.778265417],[139.766615778,35.778265139],[139.766666667,35.778265778000005],[139.766696791,35.778266162],[139.767246998,35.778263368000005],[139.767525913,35.77826093099999],[139.767630334,35.778257994],[139.767663831,35.778276663999996],[139.767805891,35.778344893],[139.76797007,35.778380517000016],[139.768657146,35.778372425],[139.769305158,35.778365156],[139.769723446,35.77835996699999],[139.770176219,35.778352461000004],[139.770931233,35.778348341],[139.771600124,35.778343132],[139.772109795,35.778333788999994],[139.77273667100002,35.77832944199999],[139.772818984,35.778306661],[139.773011204,35.778219334000006],[139.773091309,35.778186167]],[[139.866658559,35.64277285699998],[139.866666667,35.64278045],[139.867315864,35.643388438],[139.867444817,35.643507873000004],[139.868271306,35.644265999999995],[139.86949439400001,35.645404848000005],[139.869716558,35.64560142999999],[139.869766095,35.645645701999996],[139.869917222,35.64578344400001],[139.87061444400004,35.646426528],[139.870770722,35.646570667],[139.871077083,35.646877389],[139.87135869,35.647215584000016],[139.871513212,35.647413529],[139.87157047,35.647541960000005],[139.87173925,35.647879934],[139.871908917,35.648273806],[139.871960232,35.648424554],[139.871978139,35.64850027800001],[139.871999033,35.648603556],[139.87209500000003,35.649207944],[139.872128111,35.649715472],[139.872133778,35.649877499999995],[139.872145306,35.65],[139.87215925,35.65014830599999],[139.87216193500004,35.650192588],[139.872170028,35.650326056000004],[139.872181038,35.65041156200001],[139.872193111,35.650505333],[139.872203528,35.650652917],[139.87222192,35.650913703],[139.872227722,35.650995972000004],[139.872232696,35.651088803],[139.872281807,35.652005310999996],[139.872308528,35.65222730600001],[139.872328791,35.6524399],[139.872386404,35.653240052],[139.872397166,35.653340183000005],[139.872403623,35.653438556999994],[139.872450753,35.65425019300001],[139.872454056,35.654291833],[139.872456711,35.654393322999994],[139.872463996,35.65450903200001],[139.872469611,35.65460316699999],[139.872520417,35.65520624999999],[139.872545111,35.65542597200001],[139.872562349,35.655728871],[139.872567806,35.65582475],[139.872568083,35.655880583],[139.872580689,35.656030466],[139.872593278,35.65617047200001],[139.872668611,35.65711552799999],[139.872677833,35.657265889],[139.872764389,35.6582755],[139.872765944,35.658333333],[139.872776278,35.65866875],[139.872778661,35.658780097000005],[139.872785807,35.658882255000016],[139.872799695,35.65901941700001],[139.87280825,35.65918408299999],[139.872826661,35.659363298],[139.872840667,35.659499639],[139.872881746,35.660146377],[139.872881851,35.660322992],[139.872884176,35.66034502800001],[139.872896096,35.66048631099999],[139.872928667,35.660954055999994],[139.872995252,35.661991869],[139.873014844,35.662106929],[139.87302431,35.662294221],[139.873061242,35.66279736700001],[139.873065171,35.66298217600001],[139.873071718,35.663086691000004],[139.87307775,35.663169167],[139.873091627,35.66333563800001],[139.873105167,35.663510667],[139.873109528,35.66372786099999],[139.873112,35.663766056],[139.873114189,35.663799576],[139.873119435,35.66387988599999],[139.87316838900003,35.66462933299999],[139.87317875,35.664783667],[139.873223214,35.665299995000005],[139.873237611,35.665471389000004],[139.873244903,35.665591418],[139.873254427,35.66574820799999],[139.873293291,35.666420011],[139.873307561,35.666666666999994],[139.873315833,35.666808028],[139.873320083,35.666947167000004],[139.873327528,35.66704269400001],[139.873336972,35.66718350000001],[139.873338266,35.667370181],[139.873355563,35.667489754],[139.873371037,35.667567623],[139.873400346,35.667679778],[139.873424417,35.66775343799999],[139.873477718,35.667886728],[139.873548778,35.66802747200001],[139.87370525000003,35.66827105600001],[139.873802358,35.668428483999996],[139.874149791,35.66900321800001],[139.874289944,35.66924674999999],[139.874396361,35.669422472],[139.874551722,35.669686917],[139.874647071,35.669840435],[139.874683976,35.669899854],[139.874697222,35.66992116699999],[139.874725028,35.669970194000015],[139.874763521,35.670037088],[139.8749962769997,35.67044157300006],[139.875029971,35.67050009500001],[139.875302194,35.670950778],[139.875559194,35.671388917],[139.875630935,35.671511348],[139.875693193,35.671614288],[139.875839321,35.67184198300001],[139.876010778,35.672097194],[139.876066131,35.672195172],[139.876195109,35.672423472],[139.876287137,35.672586367],[139.876490572,35.672946459],[139.876734389,35.673378028],[139.87707221,35.67398218700001],[139.877300443,35.674390016],[139.877379306,35.6745385],[139.877404972,35.674584806],[139.877501003,35.674794979999994],[139.87760925,35.674994],[139.8776125,35.675000000000004],[139.877822889,35.675372306],[139.877977194,35.675675],[139.878131772,35.67595315500001],[139.878499472,35.676692028000005],[139.878822278,35.677292062],[139.87892558400003,35.677480494],[139.879125927,35.677891276],[139.879271388,35.678209599],[139.879498773,35.678724906],[139.879904528,35.679645694000016],[139.880082139,35.680028056000005],[139.880289528,35.680501389],[139.880457,35.680883639],[139.880682167,35.68139755600001],[139.88107852800002,35.682315583000005],[139.881161444,35.682507611],[139.881217833,35.682641694000004],[139.881342423,35.682961889000005],[139.881411889,35.683140417],[139.881467735,35.683315214],[139.88147299,35.683333333],[139.881497672,35.683418442],[139.881641417,35.683847889],[139.881828677,35.684454538000004],[139.881871871,35.684590476000004],[139.881917937,35.684745824000004],[139.881988379,35.68498418000001],[139.882020823,35.685095802999996],[139.88215945,35.685567158999994],[139.882477896,35.68665025699999],[139.882751278,35.687580194000006],[139.882869312,35.687980876000005],[139.882994972,35.688407444],[139.883023107,35.688571444],[139.883030316,35.688638268],[139.883037778,35.688746275],[139.883039137,35.688822952],[139.883034558,35.68894404000001],[139.883021528,35.689067778],[139.882978255,35.689471081],[139.88296549,35.68965618299999],[139.882947602,35.689913645999994],[139.88292175,35.69013363900001],[139.882918361,35.69016225000001],[139.882874821,35.69049994299999],[139.882857194,35.69067072200001],[139.882839806,35.69082833300001],[139.882787639,35.691218194],[139.882759424,35.691443235],[139.882731547,35.69166666700001],[139.882723194,35.691733611],[139.8826685,35.69227650000001],[139.882624894,35.692717554],[139.88261683,35.69279842],[139.882607595,35.69286540499999],[139.882571929,35.693198614],[139.882557773,35.69330484500001],[139.882535744,35.69346653800001],[139.88246014800004,35.694207277],[139.8824487,35.694329909],[139.882329725,35.695404643],[139.882298646,35.695610675999994],[139.882275332,35.695830446],[139.882260704,35.695999658999995],[139.882246836,35.69616010099999],[139.882186425,35.696647201],[139.882179482,35.696703185],[139.882118111,35.697116139],[139.882107028,35.697209694],[139.882096959,35.697313372],[139.882084682,35.697394069],[139.882058694,35.697564882],[139.882054376,35.697593293000004],[139.88205121,35.69761513],[139.882040459,35.697699397],[139.881982607,35.69815281900001],[139.881951519,35.69838738100001],[139.881910594,35.69868875400001],[139.881830703,35.699424273000005],[139.881782892,35.699840069],[139.881766971,35.7],[139.881753989,35.700130398999995],[139.881724654,35.700510674],[139.881694195,35.700781783],[139.881667887,35.701010427],[139.881653375,35.701136760000004],[139.881582194,35.701801583000005],[139.88151449900002,35.70233798100001],[139.881492645,35.70247017900001],[139.881475914,35.70255865500001],[139.881446799,35.70270274300001],[139.881368354,35.703022131999994],[139.881146159,35.703864841],[139.881125744,35.70394807900001],[139.880936098,35.704695921],[139.880921117,35.704755395999996],[139.880902299,35.70483146499999],[139.880693083,35.70558322200001],[139.880525781,35.70627579400001],[139.88049475,35.70640425],[139.880463901,35.706519841],[139.880365528,35.706888444],[139.880271433,35.707241045],[139.880237303,35.707371022],[139.880190529,35.707522536000006],[139.880104389,35.707930139000005],[139.880080194,35.70802136099999],[139.880065083,35.708094917],[139.88001347200003,35.708306861],[139.880006889,35.708333333],[139.879915923,35.70874153599999],[139.879762171,35.709373774],[139.879690948,35.70967947],[139.879672595,35.709752423],[139.879622347,35.709961592999996],[139.879563117,35.71021059499999],[139.879514773,35.710413833],[139.879495638,35.710501428],[139.879479083,35.71058],[139.879436118,35.710778057000006],[139.879428927,35.71080594899999],[139.879399037,35.71092187499999],[139.879354463,35.711129705],[139.879108992,35.71216853799999],[139.878910528,35.71299811099999],[139.878459667,35.71490000000001],[139.878392407,35.715187160000006],[139.878176872,35.716095515],[139.878044384,35.716666667000005],[139.877908765,35.717242686],[139.877800083,35.717711306],[139.877676944,35.71824908300001],[139.877580139,35.718644222],[139.87753010900002,35.718800964],[139.877459957,35.718978751],[139.877374,35.719163832999996],[139.877286722,35.719321],[139.877210377,35.719436194],[139.877134397,35.719540965],[139.877018222,35.71967472200001],[139.87684465,35.719862585],[139.876763372,35.719945483],[139.876006326,35.720755245999996],[139.875920238,35.72084883600001],[139.875894498,35.720875094],[139.87585389800023,35.720918811500056]],[[139.657190194,35.68342911100001],[139.656949439,35.683392258999994],[139.656634394,35.683343641],[139.65655869400004,35.683333333],[139.656425583,35.683315361000005]],[[139.654831567,35.698007398],[139.654513892,35.69800555799999]],[[139.654406775,35.696197234],[139.65454715,35.696304928],[139.654585018,35.696376851],[139.654604323,35.69648462300001],[139.65461859,35.696564268],[139.654699101,35.69703639400001],[139.65475622,35.697371345],[139.654761396,35.697401697000004],[139.654821017,35.69783801199999],[139.654831567,35.698007398],[139.65483064,35.698608689000004],[139.654858363,35.69958532700001],[139.654858197,35.69980680300001],[139.654847842,35.7],[139.654823378,35.70045638600001],[139.65473696,35.700461721],[139.654648703,35.700463171],[139.654602005,35.70024855700001],[139.654580449,35.7],[139.654567759,35.699853675],[139.654560016,35.69958803400001],[139.654534175,35.698701457],[139.654513892,35.69800555799999],[139.65450854,35.697821933],[139.654446516,35.69741810099999],[139.654309739,35.69650289100001],[139.654291353,35.69639840400001],[139.654300818,35.696338605],[139.654406775,35.696197234]],[[139.65483153750006,35.703857633000005],[139.65483153750006,35.703857633000005]],[[139.653769056,35.709677056],[139.654014336,35.709693816999994],[139.654363182,35.70971096100001]],[[139.654337904,35.70833515099999],[139.654178899,35.70840582],[139.654158618,35.708434241000006],[139.654135477,35.70860833500001],[139.654099773,35.708849491],[139.654061859,35.709148164],[139.654014336,35.709693816999994],[139.653900031,35.71074400300001],[139.653866591,35.711002763],[139.653810919,35.711498427],[139.653813291,35.711531168],[139.653830404,35.711591086],[139.65387567800002,35.711705376000005],[139.653935847,35.711803772]],[[139.654337904,35.70833515099999],[139.654475271,35.708431645000005],[139.654486968,35.708454027],[139.654499368,35.708487436000006],[139.654491986,35.708595777],[139.654429758,35.709101949],[139.654363182,35.70971096100001],[139.654293743,35.710246483000006],[139.654230297,35.710783881000005],[139.654178639,35.711247718],[139.654127644,35.71163010400001],[139.65408450300004,35.71172365000001],[139.654020782,35.711819046],[139.653919718,35.71192022100001]],[[139.653768704,35.72133763299999],[139.653618357,35.72145368300001],[139.653602716,35.72147732],[139.653596122,35.72150533899999],[139.653593655,35.721601414],[139.653592957,35.72198377699999],[139.653591725,35.722309915000004],[139.653590772,35.72255866900001],[139.653593341,35.722915689],[139.653618402,35.72374267200001],[139.653623187,35.724085797],[139.653631267,35.72427617000001],[139.653644133,35.724636202],[139.653658147,35.724839063000005],[139.653665061,35.72487627],[139.653704516,35.724987604999995],[139.65371765200004,35.725],[139.653837134,35.72511274200001]],[[139.653767214,35.72141981400001],[139.653910833,35.721545850999995],[139.653922376,35.721558992999995],[139.653929561,35.721578259000005],[139.653929768,35.72159936500001],[139.653931884,35.721815713],[139.653934947,35.721925623999994],[139.653931344,35.722420062],[139.653935878,35.722895856],[139.653959606,35.723845341],[139.653976444,35.724410237],[139.65398406200003,35.724567355],[139.653997732,35.725],[139.653998007,35.725008702000004],[139.65398632400002,35.72504901300001],[139.653955478,35.725110551],[139.653932438,35.725144811],[139.653845511,35.725271427]],[[139.653940315,35.72663727700001],[139.653891621,35.726760255000016],[139.653882019,35.726825888],[139.65387798,35.726957142],[139.653888839,35.727140127999995]],[[139.662349583,35.73489408300001],[139.662439564,35.734884836999996],[139.662617278,35.734864306],[139.662768582,35.734844828]],[[139.66099190919982,35.73345167120007],[139.661003017,35.733594447],[139.661018031,35.733658131999995],[139.661030532,35.73368459300001],[139.661052548,35.733708101000005],[139.661718283,35.734285821],[139.662127545,35.734623607],[139.662352916,35.734805263],[139.662439564,35.734884836999996],[139.662522844,35.734977227],[139.662749808,35.73518032700001],[139.663339056,35.735707624],[139.663863031,35.736182958],[139.664156443,35.736412756],[139.66426507,35.736367409]],[[139.66525783,35.737256135],[139.665421975,35.737284426],[139.665503097,35.737322044],[139.665562323,35.737359002],[139.665610109,35.73740447400001],[139.666553173,35.738253183],[139.666666667,35.738381315000005],[139.666684182,35.73839770199999]],[[139.66519238,35.737197097],[139.665240053,35.73734963],[139.665291352,35.737445738],[139.665604329,35.737734383],[139.665655059,35.737781337],[139.665701372,35.73782153199999],[139.666305378,35.73836686199999],[139.666435725,35.738479429]],[[139.66099190919982,35.73345167120007],[139.66099190919982,35.73345167120007]],[[139.661120913,35.733566358],[139.661222838,35.733508973],[139.66138813400002,35.73360443899999],[139.661432677,35.733632044000004],[139.661537232,35.733719480000005],[139.661837399,35.733983120999994],[139.662054982,35.734170222],[139.662768582,35.734844828],[139.662853659,35.734930819],[139.662968269,35.735028537000005],[139.663045412,35.735093365],[139.663907176,35.735837242],[139.664209823,35.736115626],[139.664432338,35.736312132],[139.664479686,35.73655294999999]],[[139.662968269,35.735028537000005],[139.662749808,35.73518032700001]],[[139.667100187,35.739369501],[139.667130422,35.739410062],[139.667526339,35.73995192300001],[139.667656775,35.740120241],[139.667715127,35.74020096299999],[139.667754767,35.740260881],[139.667891341,35.740448236000006],[139.667959903,35.740502559],[139.668126494,35.740565981]],[[139.667349471,35.73930720800001],[139.667436619,35.739426573],[139.667508661,35.739520361],[139.667694404,35.73975703800001],[139.667812634,35.739923734],[139.668062864,35.740253474000006],[139.668165175,35.740392783999994],[139.668209766,35.740460692],[139.668219633,35.740516952],[139.66822153,35.740572029],[139.668200054,35.740664941000006]],[[139.653593341,35.722915689],[139.653751194,35.722906056],[139.653935878,35.722895856]],[[139.666435725,35.738479429],[139.666573672,35.73843662899999],[139.666666667,35.738404366000005],[139.666684182,35.73839770199999]],[[139.866214151,35.73432796800001],[139.866570053,35.734297814]],[[139.865195263,35.73629105300001],[139.865200746,35.736101852000004],[139.865211004,35.73600449700001],[139.865588473,35.735378935],[139.865862139,35.73492086099999],[139.866214151,35.73432796800001],[139.866407757,35.734021244],[139.866666667,35.733600489],[139.866734029,35.733486919],[139.866832286,35.733333333],[139.866846589,35.73331081300001],[139.867298534,35.73256211000001],[139.867390847,35.732485851],[139.867597227,35.732366105000004]],[[139.865195263,35.73629105300001],[139.865379302,35.736169944],[139.865463884,35.736102416],[139.865831323,35.735501733],[139.866278086,35.73477026799999],[139.866570053,35.734297814],[139.866666667,35.73413410500001],[139.86700670100004,35.733586261],[139.867120447,35.733401686],[139.867160819,35.733333333],[139.867544613,35.732721916],[139.867552263,35.73253772],[139.867545477,35.732448117000004]],[[139.861469041,35.742172898999996],[139.861617778,35.74218432199999],[139.861774036,35.742193914999994]],[[139.860425642,35.744525269],[139.860134441,35.74431524500001]],[[139.860425642,35.744525269],[139.860486073,35.744473032],[139.860521008,35.74443665399999],[139.860621422,35.744284128000004],[139.86065968,35.744219855000004],[139.860675565,35.744154145],[139.860697353,35.744054377000005],[139.860730444,35.74396908300001],[139.861013652,35.743490428],[139.861301694,35.74297075],[139.861332708,35.742917849],[139.861574709,35.74252093900001],[139.861659889,35.742376639],[139.861774036,35.742193914999994]],[[139.8749962769997,35.67044157300006],[139.8749962769997,35.67044157300006]],[[139.873257753,35.667698884],[139.873551849,35.667649611]],[[139.874683976,35.669899854],[139.87452316,35.669405945],[139.874329196,35.66904241099999],[139.874197885,35.66881411100001],[139.873863485,35.66825036200001],[139.873700664,35.667942624],[139.873600871,35.667770114],[139.873551849,35.667649611],[139.873503703,35.667467954],[139.873478317,35.667048145],[139.873469563,35.666965282],[139.873460038,35.666666667],[139.87344856,35.66630685900002],[139.873395724,35.665534521],[139.873376399,35.66548452800001],[139.873237611,35.665471389000004],[139.873082261,35.665529647],[139.873081885,35.665645649],[139.873136588,35.66635978200001],[139.873160719,35.666666666999994],[139.873185947,35.66698749900001],[139.87319994500004,35.667254443000004],[139.873219204,35.667510173],[139.873257753,35.667698884],[139.873292736,35.667814478],[139.87341704,35.668041635],[139.873576176,35.66829705599999],[139.873907057,35.668859121],[139.874273174,35.669444853],[139.874683976,35.669899854]],[[139.872287879,35.724522086],[139.87253707,35.724675346999994]],[[139.873431275,35.723496978],[139.87342421,35.72361938800001],[139.873399753,35.723733237],[139.873346988,35.723801876],[139.872983442,35.724182077],[139.872782832,35.72439197300001],[139.872629561,35.72455793500001],[139.87253707,35.724675346999994],[139.872430936,35.724819066],[139.872308843,35.72500000000001],[139.872199588,35.725170371],[139.871927336,35.725582259],[139.871912898,35.72560507800001],[139.871694002,35.725959396]],[[139.873431275,35.723496978],[139.873268331,35.72354885100001],[139.873145274,35.72360559700001],[139.873061043,35.72369123699999],[139.872917824,35.72384183199999],[139.872644501,35.724131407],[139.872565619,35.72421103099999],[139.872462792,35.724317617],[139.872363091,35.724429864],[139.872287879,35.724522086],[139.87212305,35.724754842],[139.871964383,35.724999999999994],[139.871928104,35.725066122],[139.871693058,35.725468697000004],[139.871672743,35.725501952],[139.87148907800002,35.72581181499999]],[[139.868900315,35.730250554],[139.86890172300002,35.730101308],[139.868930133,35.72993833700001],[139.869315946,35.72931677300001],[139.869952648,35.72827677400001],[139.870085397,35.728086817000005],[139.870139278,35.727999605],[139.870441654,35.72751894],[139.870562918,35.727318209],[139.871304677,35.72608420200001],[139.871411501,35.726009602],[139.871566484,35.72592877999999]],[[139.868900315,35.730250554],[139.869050969,35.730156414],[139.869197765,35.730034215],[139.869614731,35.729362599000005],[139.870182075,35.728429494],[139.870218024,35.728371630000005],[139.870328785,35.728187803000004],[139.870382666,35.728101246],[139.870802231,35.72741697899999],[139.870819936,35.727389449],[139.87112733,35.726889594999996],[139.871558546,35.726193253],[139.87157189,35.726070587],[139.871566484,35.72592877999999]],[[139.869952648,35.72827677400001],[139.870182075,35.728429494],[139.870236716,35.728466330999986]],[[139.871928104,35.725066122],[139.872199588,35.725170371]],[[139.861469041,35.742172898999996],[139.861196472,35.742623083],[139.861061833,35.742848639],[139.86103658300001,35.742890917],[139.860700076,35.743422427999995],[139.86039988900004,35.743891417],[139.860358806,35.74396225],[139.860134441,35.74431524500001]],[[139.882020823,35.685095802999996],[139.882131574,35.685075528000006],[139.88229567,35.685559068],[139.882357605,35.68575853000001],[139.882450083,35.686056361],[139.882571556,35.686473361],[139.882622572,35.68665021300001],[139.882796499,35.68724581000001],[139.882885583,35.687517194],[139.883043701,35.688042808000006],[139.883155072,35.688527246],[139.883173722,35.68874672199999],[139.88317284,35.689068524],[139.883135279,35.689418952],[139.883116447,35.68957022399999],[139.883077708,35.689917307],[139.882947602,35.689913645999994],[139.882826066,35.689900932],[139.882848394,35.68961149],[139.882876308,35.689093961000005],[139.8828945,35.688928139],[139.8828945,35.68880925],[139.882892273,35.688705807],[139.882880232,35.688564074],[139.882848787,35.68840967100001],[139.882791944,35.688212889],[139.882743583,35.688055222],[139.882664861,35.687798611],[139.882553806,35.6874365],[139.882197194,35.68625449999999],[139.882167297,35.686101608],[139.88193207,35.685264809],[139.881845605,35.684923216],[139.881917937,35.684745824000004]],[[139.881931986,35.699434841],[139.881830703,35.699424273000005],[139.881716076,35.69941423200001],[139.881639661,35.699956508],[139.88163466900002,35.70000000000001],[139.88161593,35.700163249999996],[139.881555451,35.700675786],[139.881490432,35.701291297],[139.881452398,35.701642309],[139.881381221,35.702258196],[139.88137143900002,35.70231454399999],[139.881329808,35.702518187],[139.881285467,35.70277423000001],[139.881281783,35.702788225],[139.881112886,35.703429689000004],[139.880987035,35.703925973],[139.88078214,35.704742859999996]],[[139.881931986,35.699434841],[139.881923742,35.699572214],[139.881916119,35.699744428],[139.881901272,35.7],[139.881896067,35.70008960100001],[139.88188699000003,35.700244420999994],[139.881821683,35.70087250899999],[139.88178372100003,35.701205237],[139.881752463,35.701537128000005],[139.881711808,35.701922911],[139.881668857,35.702276477],[139.881639838,35.702505082],[139.881563319,35.70280512800001],[139.881457079,35.703221711],[139.881352875,35.70361315700001],[139.881266254,35.703958488],[139.881056625,35.704774129]],[[139.879428927,35.71080594899999],[139.879479291,35.710960481],[139.879497591,35.711032808],[139.879512404,35.711151017],[139.87932576400001,35.711959762000006],[139.879235,35.712319576999995],[139.879190026,35.712516319],[139.879056206,35.713080178],[139.878902903,35.713727946000006],[139.878827935,35.714039071],[139.878785453,35.71423753],[139.878635474,35.71486804900001],[139.878571867,35.715144031],[139.878517894,35.715367009000005],[139.878352826,35.716072932],[139.87822808100003,35.716588408999996],[139.878209143,35.716666667000005],[139.878156012,35.716895618],[139.87805481300003,35.717343199000005],[139.877744172,35.71863772599999],[139.877722904,35.718712923000005],[139.877670621,35.71886409099999],[139.877579588,35.71908890700001],[139.877499075,35.719249774000005],[139.87740272,35.71940799200001],[139.877281746,35.71957881400001],[139.877182189,35.719709813],[139.876875768,35.720030652999995],[139.876456865,35.720481320000005],[139.876207323,35.720741796],[139.876121904,35.720825971],[139.876023419,35.720881078000005],[139.87585389800023,35.720918811500056],[139.875781389,35.720992194],[139.875388194,35.721405083],[139.875,35.72181325],[139.874949509,35.721865532],[139.874532333,35.722318278],[139.874148409,35.722730101],[139.874103262,35.72278098],[139.873780001,35.72312551899999],[139.873681507,35.72323042399999],[139.873431275,35.723496978],[139.873257587,35.72368267],[139.87298945,35.72396646400001],[139.872613333,35.72436249999999],[139.872473709,35.72452141299999],[139.872451472,35.72454672199999],[139.872348083,35.724686522000006],[139.872233972,35.724859417],[139.872143167,35.725],[139.871826148,35.72550654300001],[139.871616856,35.725851341999984],[139.871566484,35.72592877999999],[139.871435337,35.72614075199999],[139.871287013,35.726385049],[139.870562306,35.727564694],[139.87050474,35.72765680900001],[139.870154778,35.728216806000006],[139.869792508,35.72880276],[139.869058648,35.72999149000001],[139.868900315,35.730250554],[139.868830333,35.730371639],[139.8683965,35.731067556000006],[139.868381389,35.731092167],[139.868190694,35.731402194],[139.868049619,35.731631582],[139.867970798,35.731762626999995],[139.867897111,35.73187238900001],[139.867876659,35.731905708],[139.867597227,35.732366105000004],[139.867545477,35.732448117000004],[139.867454964,35.732595038999996],[139.867410411,35.732667357],[139.866998754,35.733333333],[139.866936685,35.733438719999995],[139.866666667,35.733872221],[139.866424278,35.734264139],[139.866064898,35.7348546],[139.865863989,35.735186676000005],[139.865327257,35.736070810000015],[139.865195263,35.73629105300001],[139.864890104,35.736785665000006],[139.864844528,35.736860972],[139.864820433,35.73690031400001],[139.86434954300003,35.737685522],[139.864227398,35.73788797800001],[139.863868258,35.738489836],[139.863780025,35.738636742],[139.86376666,35.738657529],[139.863708222,35.738748417],[139.863482991,35.73910220900001],[139.863461944,35.739139306],[139.863217111,35.739558472],[139.863087975,35.73976208599999],[139.8630155,35.739876361],[139.862947721,35.739989323],[139.862494179,35.740735886],[139.86228555,35.74107491099999],[139.8621382,35.741316344],[139.861934209,35.741666667],[139.861912944,35.741704139],[139.861692735,35.74206480299999],[139.861617778,35.74218432199999],[139.861541009,35.742311825],[139.861521435,35.74234433600001],[139.861444037,35.742472883000005],[139.860225813,35.744488045],[139.860071139,35.744747110999995],[139.858758793,35.746912721],[139.85833333300002,35.747614806],[139.858229056,35.747786889000004],[139.858193083,35.747846249999995],[139.858164611,35.74789294400001],[139.857927765,35.748291644],[139.857883553,35.74836299900001],[139.857788917,35.748508111],[139.857729642,35.74860514],[139.85764966700003,35.748738139],[139.857142038,35.749583592],[139.85708400200002,35.749699891],[139.857043729,35.749795219],[139.857002707,35.749910584],[139.856973667,35.75],[139.856922922,35.750167850000004],[139.856776357,35.75063120200001],[139.85667228800003,35.750979945000005],[139.85657034,35.75129704500001],[139.856481947,35.75155619899999],[139.85625407400002,35.752282238],[139.8562029,35.752455100999995],[139.856081895,35.752827571],[139.85603966,35.752945154],[139.85599135200002,35.75308381800001],[139.855978496,35.753117638999996],[139.855840581,35.753580387],[139.855832633,35.753601345999996],[139.855767336,35.753795460999996],[139.855661753,35.75411170100001],[139.855578235,35.754359281],[139.855466574,35.754688150999996],[139.855428375,35.754806542000004],[139.855401526,35.75487542100001],[139.855384634,35.754928499],[139.855329005,35.75510823799999],[139.855238779,35.755381629],[139.854931971,35.756257192],[139.854626,35.75715063900001],[139.854570376,35.757323053],[139.854485782,35.757513312],[139.854340302,35.757813692],[139.85406746700002,35.758333333],[139.854031957,35.758399252000004],[139.853615227,35.759220321],[139.853452143,35.75955408600001]],[[139.879399037,35.71092187499999],[139.87928222,35.711028216],[139.879230137,35.711093655],[139.87917157,35.711202726],[139.879006142,35.71190953600001],[139.878739208,35.713031489],[139.878540519,35.713881957000005],[139.878474638,35.714167242000016],[139.878299207,35.71491208300001],[139.87825497,35.715108556],[139.878201961,35.715331492],[139.878082671,35.715835841],[139.877924681,35.71650380300001],[139.877914113,35.716555412000005],[139.87789133,35.716666667000005],[139.877820622,35.716946678],[139.877746572,35.717268777],[139.877429515,35.71861084999999],[139.877366612,35.718824813000005],[139.877269001,35.71904497900001],[139.877184079,35.719203123999996],[139.877092185,35.719355069],[139.876976844,35.719515281],[139.876547198,35.719974424],[139.876114411,35.720430548],[139.87582334,35.72075065500002],[139.875817615,35.720807891],[139.875823897,35.720868085999996],[139.87585389800023,35.720918811500056]],[[139.878201961,35.715331492],[139.878234036,35.71532477499999],[139.878293427,35.71531915],[139.878349753,35.715317276],[139.878395733,35.71532477499999],[139.87846674,35.71534289999999],[139.878517894,35.715367009000005]],[[139.877914113,35.716555412000005],[139.877957051,35.71659875500001],[139.878003952,35.716630493000004],[139.878032892,35.716642701],[139.878087777,35.71665409399999],[139.878153638,35.716638632],[139.87822808100003,35.716588408999996]],[[139.87825497,35.715108556],[139.878290282,35.715129781],[139.87834009300002,35.715147593],[139.878378187,35.715159015],[139.878434866,35.715165718],[139.878480846,35.715163843],[139.878527593,35.715156343],[139.878571867,35.715144031]],[[139.878474638,35.714167242000016],[139.878504316,35.714154988000004],[139.878554198,35.714137470999994],[139.878613132,35.714132893],[139.87866926,35.714138995999996],[139.878711355,35.714161121],[139.878749182,35.714194537000004],[139.878785453,35.71423753]],[[139.87585389800023,35.720918811500056],[139.87585389800023,35.720918811500056]],[[139.689724448,35.756362134],[139.689834889,35.756287967],[139.689949581,35.756203937]],[[139.686811173,35.754238388999994],[139.686933579,35.754262571],[139.686993625,35.75426962899999],[139.687100092,35.754299303],[139.687404427,35.75451113500001],[139.68819116,35.755075386],[139.688319365,35.755167519000004],[139.689038849,35.755621193],[139.689949581,35.756203937]],[[139.686744828,35.754187417],[139.686797258,35.75433567499999],[139.686845077,35.75443125899999],[139.686968975,35.75451273000001],[139.687953951,35.75523937100001],[139.688849146,35.755805986000006],[139.689197518,35.756029043999995],[139.689724448,35.756362134]],[[139.703749051,35.76085779400001],[139.703865664,35.76097784400001],[139.703882435,35.760995109],[139.703979057,35.761053096999994],[139.704293799,35.761135117],[139.704597869,35.761216258],[139.705394398,35.761416022],[139.705498095,35.761437384],[139.705689276,35.76146823199999],[139.706317338,35.76157660799999],[139.706622,35.761636913000004],[139.706753988,35.76166303899999],[139.706811839,35.761680487],[139.707272671,35.761819476],[139.707597133,35.761920043],[139.707755324,35.761965634000006],[139.707906974,35.762009340999995],[139.707955268,35.762021791],[139.708005795,35.762028007],[139.708294296,35.761987606]],[[139.703749051,35.76085779400001],[139.703948426,35.760812233],[139.70407420900003,35.760813180999996],[139.704370457,35.760885923000004],[139.704606721,35.760940445],[139.705056478,35.76105645],[139.705497148,35.76116886900001],[139.705589291,35.76118983700001],[139.705743686,35.761217628],[139.706220752,35.761293364],[139.706697835,35.761377455],[139.706867489,35.76140735900001],[139.706902652,35.761417733],[139.707414047,35.76156861100001],[139.707709646,35.761656019],[139.708060118,35.761759652],[139.708112363,35.761791589],[139.708163583,35.76183696499999],[139.708294296,35.761987606]],[[139.7085943594997,35.76207768400033],[139.7085943594997,35.76207768400033]],[[139.715653861,35.764131224],[139.715607762,35.764069923],[139.71556409,35.76402345300001],[139.715499794,35.763965117999994],[139.715020467,35.76384141],[139.714635908,35.76374838600001],[139.71355155,35.763449857],[139.713060789,35.76330852200001],[139.712608091,35.763167428],[139.711897499,35.76294595400002],[139.711488071,35.76281934399999],[139.711160362,35.76273804499999],[139.711103481,35.762729345000004],[139.711075801,35.762728936],[139.710818886,35.762749109]],[[139.715653861,35.764131224],[139.715556811,35.764160886],[139.715479171,35.764176706000015],[139.715390614,35.764186593999995],[139.715286404,35.764165032],[139.714418923,35.76394979799999],[139.713386532,35.76365506599999],[139.713262614,35.763619688999995],[139.712594887,35.763421704],[139.711790232,35.763176079],[139.711378001,35.763057526],[139.711048757,35.76295192700002],[139.71101678,35.762936911000004],[139.710991246,35.76291534],[139.710818886,35.762749109]],[[139.73195187,35.76887429],[139.732020256,35.768990519],[139.732053566,35.769029301],[139.732087287,35.769049774],[139.732566862,35.769167583],[139.732744981,35.76921751100001],[139.733237833,35.76935566099999],[139.733333333,35.769385205],[139.7335582,35.769454771],[139.733729666,35.769504135],[139.734229249,35.769662615],[139.734497217,35.76980687],[139.734520881,35.769819375],[139.734562999,35.769842283],[139.73482102,35.770020130000006],[139.735314534,35.770358864],[139.735341602,35.770362081],[139.735371497,35.770363118],[139.7355325386665,35.77034807766676]],[[139.73195187,35.76887429],[139.732071411,35.768821818000006],[139.732142791,35.768806305],[139.73218296,35.76880697599999],[139.732619839,35.768925397],[139.733014393,35.769034616],[139.733333333,35.76912290399999],[139.733580193,35.769191239],[139.734162929,35.769355744],[139.734313489,35.769409685],[139.734400422,35.769444339],[139.734576749,35.769528697],[139.734673274,35.76958889000001],[139.734732221,35.769628327],[139.734916401,35.769760046],[139.735089897,35.769879978999995],[139.735250245,35.769988724],[139.735517091,35.77016976],[139.735525427,35.770186349999996],[139.735529244,35.77019931000001],[139.7355325386665,35.77034807766676]],[[139.7355325386665,35.77034807766676],[139.7355325386665,35.77034807766676]],[[139.740880246,35.773985902],[139.740937112,35.774127363],[139.741007161,35.77420793899999],[139.741074301,35.774253601],[139.741085916,35.774261681999995],[139.741407379,35.774490279000005],[139.741601503,35.774638960000004],[139.741666667,35.774687215],[139.741826545,35.77480401399999],[139.74205294,35.77496678899999],[139.742097658,35.775000000000006],[139.742331288,35.775174505]],[[139.740880246,35.773985902],[139.741008784,35.77399704500001],[139.741198979,35.77404823300001],[139.74125978100002,35.77409222000001],[139.74160874,35.77432690500001],[139.741666667,35.77436882300001],[139.741671215,35.774372113999995],[139.741954639,35.774551222],[139.742576198,35.774962286]],[[139.74660508299974,35.77786109900015],[139.74660508299974,35.77786109900015]],[[139.746846796,35.778035737],[139.746846463,35.77813686],[139.746881994,35.77822597899999],[139.747011501,35.778314603],[139.74720268,35.778447689000004],[139.747361694,35.778539556000005],[139.747539367,35.778623337999996],[139.747657427,35.778669982],[139.747809444,35.778719667],[139.747956392,35.778757023000004],[139.748165667,35.778796861000004],[139.748307555,35.778817788],[139.748371951,35.778822453],[139.748462106,35.778820121],[139.748560947,35.778807293999996],[139.748691914,35.778783412],[139.748725937,35.778700570999995],[139.74869283,35.77862295399999],[139.748593917,35.778596087],[139.748477847,35.77857407000001],[139.74839097,35.778565438],[139.748293684,35.77855487099999],[139.748106358,35.778523584],[139.748021667,35.778509667],[139.747832528,35.778448667],[139.747577583,35.77833716699999],[139.747417944,35.778243722],[139.747242694,35.778128333],[139.747079757,35.778027655],[139.746846796,35.778035737]],[[139.74664193549944,35.77788577950025],[139.74664193549944,35.77788577950025]],[[139.71355155,35.763449857],[139.713407262,35.763526234000004],[139.713262614,35.763619688999995]],[[139.742576198,35.774962286],[139.742536043,35.775000000000006],[139.742331288,35.775174505]],[[139.767630334,35.778257994],[139.767963742,35.77824981300001],[139.768180948,35.778246789],[139.768900778,35.778239306],[139.76906324,35.778235841],[139.77020823,35.778223097],[139.771268316,35.778211218],[139.77216559,35.778196898999994],[139.772363711,35.77819493100001],[139.772740236,35.77819079100001],[139.773091309,35.778186167],[139.773204598,35.778182641],[139.774053167,35.77816986100001],[139.774231361,35.778170694],[139.774521,35.77816616700001],[139.774583639,35.778165194],[139.774905726,35.778160166],[139.775,35.778158694000005],[139.775032139,35.778158194],[139.775110472,35.778156806000005],[139.775587,35.778148333],[139.775736389,35.778145694],[139.777189528,35.778106972],[139.777639222,35.778096360999996],[139.778178292,35.778084611],[139.778454917,35.778073306],[139.778676639,35.778072639],[139.779066203,35.778062832],[139.779101278,35.77806138900001],[139.779202194,35.778058583],[139.77969595,35.778050182],[139.77988075300001,35.778045362],[139.779911742,35.778046153000005],[139.779979673,35.77804433800001],[139.781020637,35.778026215],[139.781160278,35.778024417000005],[139.781249769,35.778023524000005],[139.78160875,35.778019944],[139.781980806,35.77801625],[139.782187472,35.778017528],[139.782609307,35.778034348999995],[139.783147769,35.77805496100001],[139.783333333,35.778061834000006],[139.783494477,35.778070546],[139.783584995,35.778075439],[139.78412856,35.778092416],[139.784655366,35.778105708],[139.784780034,35.77811716],[139.784906186,35.778126245],[139.785162156,35.778141874000006],[139.785592083,35.778159138999996],[139.786021389,35.778173972000005],[139.786666938,35.778207191999996],[139.786989536,35.778216303],[139.78799163900004,35.778266361],[139.788231254,35.77828452800001],[139.788422485,35.778294378999995],[139.788788564,35.778306277],[139.788884068,35.778312291000006],[139.790406299,35.77834232800001],[139.791578768,35.778379531],[139.791650718,35.77838189900001],[139.791666667,35.778382424],[139.791938419,35.778389396],[139.79200377800004,35.778390367],[139.792141774,35.77839346],[139.792182783,35.778395051000004],[139.792580361,35.778401778],[139.793081374,35.77841527999999],[139.79360425,35.778432556],[139.79418142800003,35.778446505],[139.794307847,35.77845108],[139.794394293,35.77845384500001],[139.794492162,35.778454225],[139.794608243,35.77845467499999],[139.794936778,35.77846752800001],[139.795138592,35.77847124699999],[139.795306083,35.778474333],[139.795560917,35.778481250000006],[139.796090194,35.778495639000006],[139.796710757,35.77851823599999],[139.796745556,35.7785185],[139.797637587,35.77854809000001],[139.798609841,35.778571024],[139.798663306,35.778572194000006],[139.799295167,35.778595],[139.799523115,35.778599485000015],[139.799918786,35.778609159999995],[139.8,35.77861091100001],[139.8000595,35.778612194],[139.800133542,35.77861488],[139.800682079,35.778632155000004],[139.800895957,35.778638153],[139.800915986,35.778639174000006],[139.801056948,35.778644462],[139.80135163900002,35.778647250000006],[139.802210674,35.778674829],[139.802976816,35.77869507300001],[139.803290167,35.77870124999999],[139.803578583,35.778696556],[139.804042917,35.778692834],[139.804945106,35.778682963],[139.805502287,35.778679316],[139.805697972,35.77867671300001],[139.80584725,35.77867558300001],[139.805980938,35.778676274],[139.80653125,35.778673778000005],[139.807221171,35.778664549000005],[139.807246081,35.778663566000006],[139.80826741,35.77865237300001],[139.808333333,35.77865365200001],[139.80943865,35.77864490499999],[139.809638657,35.778643988000006],[139.809960895,35.778639424000005],[139.810041402,35.778641023],[139.810960512,35.778635428],[139.811103706,35.77863782600001],[139.811149807,35.77863782600001],[139.811255742,35.778638625],[139.812453353,35.778625037000005],[139.812531823,35.778625037],[139.813522016,35.77861871300001],[139.813998796,35.778612214],[139.814059699,35.77861261100001],[139.814161936,35.77861144900001],[139.815111482,35.778602982],[139.815514272,35.7785929],[139.815671361,35.778587722],[139.815712772,35.778584131],[139.816464646,35.778518918],[139.816666667,35.778495201],[139.817074185,35.778447359000005],[139.817208937,35.778429493],[139.817283438,35.77841947000001],[139.81731161,35.778415729],[139.817341065,35.778412231],[139.817482671,35.77839384100001],[139.818043796,35.778328233],[139.818484361,35.778276278],[139.818790333,35.778240194000006],[139.819204611,35.778199861],[139.819465008,35.778175829],[139.820018944,35.778133444000005],[139.820334278,35.778108111],[139.8204515,35.778098667],[139.820787054,35.778076954],[139.820816389,35.77807505599999],[139.820909747,35.778069018],[139.821209,35.778049667],[139.821295222,35.77804450000001],[139.821424056,35.77803905599999],[139.822108091,35.778],[139.82240975,35.777983083],[139.822500009,35.777978378],[139.822533038,35.777976656],[139.822853827,35.777959581000005],[139.822904942,35.777956861],[139.822922227,35.77795594100001],[139.823213288,35.77793288200001],[139.823987165,35.777873236000005],[139.824128987,35.777861122],[139.824166352,35.777858830999996],[139.824571454,35.777831105],[139.824600381,35.77782912600001],[139.824710191,35.77782161],[139.824944953,35.777804199],[139.825,35.77780022700001],[139.825056549,35.777797281],[139.825627305,35.777765339],[139.825750973,35.77775817700001],[139.825916057,35.777747946],[139.826155817,35.77773669199999],[139.826297147,35.777730616999996],[139.826426621,35.77772182500001],[139.827191201,35.777688095],[139.827595472,35.777670778],[139.827963905,35.777647808999994],[139.828999273,35.777593559],[139.829115281,35.777588648],[139.82978824,35.77756440900001],[139.82995275,35.77755552800001],[139.830121016,35.777546036000004],[139.830206833,35.777541194],[139.83030211800002,35.777535577],[139.830498028,35.777524028],[139.831089413,35.777493691],[139.831123534,35.777491842],[139.831213444,35.777485889],[139.83162875,35.777459889],[139.831808793,35.777448017],[139.831976277,35.777438626],[139.832067949,35.777432426],[139.832223216,35.777424285],[139.832350728,35.77741671599999],[139.832433726,35.77741190799999],[139.832908722,35.777382528],[139.833333333,35.777359268],[139.833472407,35.777351730999996],[139.83381808,35.777332877],[139.834162687,35.777300682],[139.835057033,35.777216098],[139.83514925,35.77720563900001],[139.83607445,35.777110799],[139.83621511500002,35.777096127],[139.83659287,35.777058685],[139.836887792,35.777026731],[139.83820256,35.776890219],[139.838325745,35.776877677],[139.838856111,35.77682461100001],[139.838990233,35.776809733000015],[139.840036214,35.776700533],[139.840312516,35.776671162999996],[139.840366897,35.776666474],[139.840704966,35.776634733],[139.840846222,35.77661975000001],[139.840974335,35.776606148],[139.841160574,35.776583712],[139.841397972,35.776553500000006],[139.841666667,35.776510361],[139.8419065,35.776459278],[139.842089556,35.776414944],[139.842299277,35.776359869000004],[139.842647332,35.77624443700001],[139.842869925,35.776165284],[139.843063722,35.776082083],[139.843336333,35.775960444],[139.843623583,35.77580897200001],[139.843792194,35.775708556],[139.844004528,35.775575806],[139.844181472,35.775449861],[139.84441189,35.775264913],[139.844619666,35.775073598],[139.844686861,35.775000000000006],[139.844745556,35.77493852799999],[139.844857861,35.774822527999994],[139.845139389,35.77448105599999],[139.845337916,35.77422617100001],[139.845452347,35.774071539000005],[139.845535461,35.773958825],[139.84576356,35.77364964800001],[139.846102308,35.77319380899999],[139.84667851,35.772427754],[139.846929167,35.77207986100001],[139.847079352,35.771893444999996],[139.847692619,35.771076938],[139.847772131,35.77096283200001],[139.848265217,35.77030532500001],[139.848537176,35.76975616400001],[139.848569269,35.769691361],[139.84859179,35.769640157000005],[139.848623778,35.769568306],[139.848716534,35.769373312000006],[139.848727056,35.769351194],[139.848784167,35.769244167],[139.848816837,35.769177812],[139.849200042,35.76837033300001],[139.849224111,35.768318833],[139.849259716,35.76825926499999],[139.849346306,35.768086056],[139.849397306,35.76798619400001],[139.849632611,35.76748647200001],[139.849682986,35.767389222999995],[139.849791301,35.767162623000004],[139.849805752,35.767134448],[139.849838436,35.767063596],[139.849887972,35.766961939000005],[139.849986694,35.766757861],[139.85,35.766730167],[139.85002275,35.766682777999996],[139.850029556,35.766666666999996],[139.850070516,35.766575522000004],[139.850126651,35.76646475399999],[139.850190139,35.76634069400001],[139.850270667,35.76618552800001],[139.850479028,35.765758028],[139.850698611,35.76530744400001],[139.850754725,35.765196235000005],[139.850819305,35.765058849],[139.850824778,35.765047556],[139.85096405600004,35.76474477800001],[139.850995625,35.764679777],[139.851359485,35.763881644],[139.851390306,35.763816519],[139.851677278,35.763247194],[139.851734057,35.76311024900001],[139.851790349,35.7629711],[139.851987222,35.762547056],[139.852143099,35.762197226],[139.852201109,35.762068362],[139.85240806,35.761609857],[139.85244515800002,35.76152496000001],[139.85258659900003,35.761236493000006],[139.85260135,35.761215124],[139.852627974,35.761159049],[139.852668694,35.761074444],[139.852810139,35.760811639],[139.852924111,35.760588472],[139.853124694,35.76019575],[139.853164899,35.76011819699999],[139.853191489,35.760066907],[139.853227528,35.759997389000006],[139.853327306,35.75980488900001],[139.853382222,35.759694167],[139.853423361,35.759611194],[139.853452143,35.75955408600001],[139.853629512,35.75942050300001],[139.853638723,35.759410757000005],[139.853753902,35.75928887900001],[139.854250856,35.75833333300001],[139.854287816,35.758262024],[139.854350011,35.758143921999995],[139.854681139,35.757484899000005],[139.854797078,35.757129089],[139.855141438,35.756130204],[139.855404635,35.75539462],[139.855395045,35.755295569],[139.855329005,35.75510823799999]],[[139.773091309,35.778186167],[139.773007476,35.778150399],[139.772821429,35.778071023],[139.772728546,35.778057318],[139.772106125,35.77807047500001],[139.77151261,35.77807546099999],[139.770934949,35.77808388099999],[139.770181451,35.778087275000004],[139.769823989,35.778093216],[139.768193887,35.77811629499999],[139.767963287,35.778120183],[139.767797194,35.77816872500001],[139.767630334,35.778257994]],[[139.788915212,35.77819157900001],[139.788851205,35.778181592],[139.788756758,35.77817739399999],[139.787849037,35.778143185999994],[139.787553101,35.778124577],[139.786988129,35.77809298],[139.786888096,35.77811505800001],[139.786796154,35.778149482],[139.786666938,35.778207191999996]],[[139.786666938,35.778207191999996],[139.786792426,35.778283126000005],[139.786889338,35.778322612000004],[139.786984495,35.77834950500001],[139.787331462,35.778361098999994],[139.787674013,35.778377564],[139.787965991,35.778388955000004],[139.788687186,35.77842543199999],[139.78881998,35.778430616],[139.788915212,35.77819157900001]],[[139.78944879,35.77844055599999],[139.789907653,35.778455077],[139.790259517,35.77846479600001],[139.791473886,35.778507734],[139.791571295,35.778508544],[139.791666667,35.778498801000005],[139.791772187,35.778461555999996],[139.791938419,35.778389396]],[[139.791938419,35.778389396],[139.791827484,35.77832852],[139.791666667,35.7782712],[139.791583159,35.778256943],[139.791473102,35.778254985],[139.790728563,35.778225437],[139.790257084,35.778211434],[139.790026788,35.778203657000006],[139.789920935,35.778202412999995],[139.789907653,35.778455077]],[[139.805980938,35.778676274],[139.805806876,35.778776059],[139.805600705,35.778819629],[139.80553996,35.77882229000001],[139.805117084,35.778823294],[139.804537209,35.778833913],[139.803635905,35.778839222],[139.803122737,35.778839923],[139.802845809,35.778830461],[139.801597757,35.778797607],[139.801054413,35.77877916500001],[139.800962271,35.77875722400001],[139.800907717,35.778737017],[139.800682079,35.778632155000004]],[[139.805697972,35.77867671300001],[139.805581114,35.77859743799999],[139.805523901,35.778567035],[139.805363204,35.778535467],[139.804540138,35.77854163699999],[139.803906797,35.77854913800001],[139.803137204,35.778555676],[139.802891626,35.778555676],[139.801581263,35.778513861],[139.801348514,35.77850490000001],[139.801179186,35.778505746],[139.801078707,35.77852873],[139.80105236,35.778541075],[139.801008196,35.778561768],[139.800915986,35.778639174000006]],[[139.840704966,35.776634733],[139.84095777700003,35.776691246],[139.841049852,35.776699564],[139.841147156,35.776690370999994],[139.841661099,35.776620320000006],[139.841666667,35.77661920600001],[139.841971267,35.776558251],[139.84221767,35.776492776],[139.84234000100003,35.776461322],[139.842512473,35.776411645],[139.842724972,35.77634152800001],[139.842934833,35.776260111],[139.843208278,35.776140305999995],[139.843510938,35.77599733899999],[139.843622139,35.775941583000005],[139.843796389,35.775832806],[139.843953306,35.775731861],[139.844155111,35.775606222],[139.844508278,35.775328139],[139.844595944,35.775249833],[139.844854306,35.775],[139.8448775,35.774976528],[139.845047972,35.774782472],[139.845111556,35.774710082999995],[139.845247833,35.7745405],[139.84552136,35.774179466],[139.845529859,35.774160923],[139.845534919,35.774138217],[139.845535461,35.773958825]],[[139.845452347,35.774071539000005],[139.845272071,35.774143706],[139.845229202,35.774172206],[139.845189839,35.774203903],[139.845024004,35.774427302],[139.84496119400004,35.774501778],[139.844745556,35.774756861],[139.844597111,35.774915917000015],[139.844516861,35.775],[139.844372111,35.775127222],[139.844064056,35.77537625000001],[139.843805917,35.775551333],[139.843797931,35.775556144],[139.843509389,35.77572997200001],[139.843384806,35.775796944],[139.84319590300004,35.775897128000004],[139.842961361,35.776009194000004],[139.842702917,35.776112000000005],[139.842323333,35.77623933300001],[139.841910827,35.776337844000004],[139.841666667,35.77639454100001],[139.841369928,35.776440722],[139.841161258,35.77647087900001],[139.841085061,35.776485685],[139.841018782,35.77650637],[139.840846222,35.77661975000001]],[[139.843565817,35.776013371],[139.843510938,35.77599733899999],[139.84319590300004,35.775897128000004]],[[139.851734057,35.76311024900001],[139.851371631,35.763084664000004]],[[139.853452143,35.75955408600001],[139.853442407,35.759409039],[139.853437759,35.759339803],[139.85347158,35.75917556099999],[139.853886756,35.75833333300001],[139.853953915,35.758205467],[139.854123458,35.757886264],[139.854353314,35.757416027],[139.854435338,35.75724018700001],[139.854604508,35.756733764],[139.854813144,35.756131841],[139.854958246,35.755734719],[139.855094606,35.75535007100001],[139.855176435,35.755243934],[139.855329005,35.75510823799999]],[[139.770176219,35.778352461000004],[139.770183333,35.778217139000006],[139.770181451,35.778087275000004]],[[139.721646917,35.581286305999996],[139.721915194,35.581113306000006],[139.72224975,35.580881667],[139.722508776,35.580738264],[139.722652491,35.580670893000004],[139.723004758,35.58053503699998],[139.723043316,35.580595324],[139.723085349,35.580655331999985],[139.722517185,35.58100821499999],[139.721906212,35.581405953],[139.721805028,35.58147936100001],[139.721591472,35.581625444],[139.721250611,35.581850361],[139.721182269,35.58190228000001],[139.721135639,35.581939361],[139.72098736,35.582093968],[139.720911806,35.582181083],[139.720698176,35.582530809],[139.720555059,35.582857327],[139.720464224,35.583020506000004],[139.720384224,35.58300732099999],[139.720303805,35.582995673],[139.720319951,35.58277227199999],[139.720414889,35.582473194],[139.720475288,35.582362332],[139.720644889,35.582115611],[139.72071675,35.58201991699999],[139.720815306,35.581920889],[139.720891028,35.58184544400001],[139.720943489,35.58179644599999],[139.720946722,35.581789944],[139.72108225000002,35.58167747200001],[139.721197222,35.58160022199999],[139.721462111,35.581425639],[139.721646917,35.581286305999996]],[[139.665404719,35.635041896999994],[139.665823858,35.63473002100001],[139.666010496,35.634581105],[139.666062841,35.63445027699999],[139.666015858,35.63439346799999],[139.665949296,35.63434381500001],[139.665805717,35.634392725],[139.665680239,35.634479796],[139.66522619,35.63482811400001],[139.664639047,35.635276745],[139.664586314,35.635312401],[139.664488332,35.635392288000006],[139.664395707,35.63546638500001],[139.6641739,35.63564382399999],[139.663783561,35.635947845],[139.663225283,35.63639340999999],[139.663043738,35.63656940100001],[139.662981182,35.636669174],[139.662938694,35.63678594600001],[139.662925947,35.636872658],[139.662974101,35.636909656],[139.663060493,35.636926998],[139.66314547,35.636885375999995],[139.663274764,35.636752263],[139.663434413,35.636607034],[139.663656016,35.636429437],[139.663906853,35.63623505200001],[139.664254867,35.635960591],[139.664639594,35.635656125],[139.664725506,35.635588137],[139.66482499,35.63550343899999],[139.664943416,35.63539977800001],[139.665404719,35.635041896999994]],[[139.656937166,35.681876081],[139.657062101,35.68188759299999],[139.657068715,35.681945972],[139.657040844,35.682311284],[139.657000733,35.682736686000005],[139.65695677,35.68326274999999],[139.656952774,35.683333333],[139.656949439,35.683392258999994],[139.656835168,35.684268932],[139.656792481,35.684723933],[139.65676203200002,35.684908942999996],[139.656687018,35.68514200600001],[139.656553943,35.685161515],[139.656436326,35.68509516],[139.656482604,35.684919676999996],[139.656502204,35.68469473099999],[139.656532242,35.684329181],[139.65658304,35.68386280399999],[139.656615429,35.68355122],[139.656627359,35.683428988],[139.656634394,35.683343641],[139.65663552,35.683333333],[139.656749293,35.682291850000006],[139.656800607,35.68192237299999],[139.656827473,35.68186797300002],[139.656937166,35.681876081]]]}}]}
