{"features":[{"geometry":{"coordinates":[[[[139.594033457866,35.68229963799928],[139.60281085788003,35.68073677628149],[139.608471385236,35.676435038088],[139.60936703829864,35.67072517696066],[139.6164785236161,35.66992053528418],[139.61918339586532,35.66503078971171],[139.62421696607743,35.66131705889718],[139.62602618526398,35.65802112279928],[139.63054027669975,35.655669093283414],[139.6259366199577,35.651057877522035],[139.62444983587372,35.64756078100502],[139.6225510513809,35.647003721382845],[139.61723087218874,35.6488760606685],[139.61810861219013,35.64561107232739],[139.60191520481737,35.64098438268762],[139.60266755339,35.648968903938865],[139.60032094236584,35.65271358251018],[139.5932452831709,35.652156522888006],[139.5924391954145,35.65537508959393],[139.59000301908407,35.65678321252777],[139.59012841051285,35.66122421562682],[139.5868324072423,35.664210674156834],[139.5901821496966,35.66639249101037],[139.58901780071517,35.668837363796605],[139.58871327867385,35.67058591205511],[139.58238996805153,35.67323194526047],[139.58269449009282,35.67443890777518],[139.58699362479356,35.67477933309985],[139.58652788520098,35.677007571588575],[139.5886953656126,35.67905012353656],[139.58530979703576,35.682222268607305],[139.58649205907847,35.68296501477022],[139.594033457866,35.68229963799928]]]],"type":"MultiPolygon"},"id":"geoshape:13:1935-12-31:0250ef5f0ea388652520","properties":{"administrativeCode":"13000","jurisdictionId":"geoshape:13:1935-12-31:0250ef5f0ea388652520","municipalityName":"千歳村","parentJurisdictionName":"北多摩郡","prefectureName":"東京府","snapshotDate":"1935-12-31","sourceDataset":"historical-administrative-areas-beta","sourceEndYear":1935,"sourceProvider":"Geoshape","sourceResourceId":"gci:13B0090022","sourceStartYear":1889},"type":"Feature"},{"geometry":{"coordinates":[[[[139.49696257893567,35.77857810936599],[139.49638936097557,35.77636534475566],[139.4980911017946,35.77204813268377],[139.500240669145,35.7699591591006],[139.50142293118768,35.76558005151513],[139.49687301362943,35.76246980195796],[139.50480849976452,35.76124736556484],[139.4949384030141,35.758431119697164],[139.4947055332178,35.755630347707864],[139.48655509034765,35.74875994570098],[139.48721787361401,35.74608296473885],[139.48546239361121,35.74387020012852],[139.48506830626366,35.74085279384171],[139.48709248218523,35.74094563711208],[139.48614308993882,35.734353764916285],[139.47903160462135,35.73535956701188],[139.4774910813536,35.737355697324695],[139.47777769033365,35.739877939502904],[139.47285159848906,35.74230733841074],[139.46694028827554,35.744164203818],[139.45140966416915,35.736984324243245],[139.4508901853928,35.7421525996268],[139.45130218580164,35.74660907660424],[139.44838235681738,35.74772319584859],[139.44634026783453,35.7555684521943],[139.4447818315055,35.75532087013999],[139.44069765353981,35.759978507536545],[139.43994530496718,35.76398624204056],[139.44080513190733,35.76697270057058],[139.44481765762802,35.76661680136752],[139.4480778347761,35.76890693536981],[139.45302183968192,35.76862840555873],[139.45810914907779,35.7696961031679],[139.4591660196917,35.77214097595414],[139.47389055604174,35.77491080018664],[139.47883456094758,35.779754124123926],[139.482829173607,35.78114677317937],[139.49003022423074,35.779336329407286],[139.49020935484327,35.78086824336828],[139.49388153240014,35.779568437583194],[139.4956549254642,35.78136340747689],[139.49696257893567,35.77857810936599]]]],"type":"MultiPolygon"},"id":"geoshape:13:1935-12-31:029d3be2c595a489a637","properties":{"administrativeCode":"13000","jurisdictionId":"geoshape:13:1935-12-31:029d3be2c595a489a637","municipalityName":"東村山村","parentJurisdictionName":"北多摩郡","prefectureName":"東京府","snapshotDate":"1935-12-31","sourceDataset":"historical-administrative-areas-beta","sourceEndYear":1941,"sourceProvider":"Geoshape","sourceResourceId":"gci:13B0090033","sourceStartYear":1889},"type":"Feature"},{"geometry":{"coordinates":[[[[139.35824383259197,35.72554912811017],[139.36214887994515,35.723970792513995],[139.3621667930064,35.72629187427307],[139.36569566607324,35.72516228115032],[139.37049636648908,35.72604429221877],[139.3701022791415,35.72443500886581],[139.36472836076558,35.72291856878321],[139.3565600048342,35.72151044584937],[139.35824383259197,35.72554912811017]]],[[[139.37368489139212,35.7249611207312],[139.37599567629377,35.72534796769105],[139.37710628609145,35.72373868433809],[139.3800619411982,35.725564601988566],[139.381817421201,35.723026885931965],[139.37911254895178,35.721711606268485],[139.38224733467106,35.72004042740195],[139.38552542488037,35.720117796793915],[139.3886422975384,35.71765745012929],[139.38724507876069,35.71668259579047],[139.38964542896858,35.71412940585549],[139.3915442134614,35.71528994673503],[139.3946073469357,35.711328633866195],[139.39595082652966,35.71287602170558],[139.3984586551051,35.711607163677286],[139.39355047632176,35.70363811630443],[139.39270856244286,35.69911974381343],[139.39012908162243,35.69887216175912],[139.3885706452934,35.69542148687729],[139.38900055876348,35.69353367371323],[139.38522090283908,35.691336382981305],[139.37676593792764,35.69172322994115],[139.36761236362733,35.69257429325281],[139.3632415766816,35.69432284151132],[139.35301321870608,35.69350272595645],[139.3485349533928,35.69269808427997],[139.34833790971902,35.69272903203675],[139.34557929828605,35.694709688471164],[139.35050539013065,35.70756848141648],[139.35580765626156,35.710260936257015],[139.35141895625455,35.71641953985778],[139.3589245289196,35.7140984580987],[139.3594440076959,35.7153518422486],[139.36564192688948,35.71795145381877],[139.36488957831685,35.71414487973388],[139.3715174109805,35.71439246178818],[139.37368489139212,35.7249611207312]]]],"type":"MultiPolygon"},"id":"geoshape:13:1935-12-31:0350fbfe8910fa328dfc","properties":{"administrativeCode":"13000","jurisdictionId":"geoshape:13:1935-12-31:0350fbfe8910fa328dfc","municipalityName":"昭和村","parentJurisdictionName":"北多摩郡","prefectureName":"東京府","snapshotDate":"1935-12-31","sourceDataset":"historical-administrative-areas-beta","sourceEndYear":1940,"sourceProvider":"Geoshape","sourceResourceId":"gci:13C0080007","sourceStartYear":1928},"type":"Feature"},{"geometry":{"coordinates":[[[[139.4415037412962,35.65837702200234],[139.43942582619084,35.65729385051477],[139.43752704169802,35.649881862764104],[139.4341772992437,35.65082576934613],[139.43335329842606,35.64810236674881],[139.42858842413276,35.645966971530456],[139.42690459637495,35.64376968079852],[139.4172673694208,35.6491236427228],[139.41477745390662,35.64701919526124],[139.41015588410335,35.644992117191634],[139.406591184914,35.64551822905703],[139.39829743755382,35.6400404761056],[139.39222490978904,35.639761946294506],[139.39023655998994,35.641479546796226],[139.38142333385343,35.640953434930836],[139.37780489548032,35.639359625456265],[139.37909463589054,35.643460203230646],[139.3765509811926,35.645286120881124],[139.37400732649468,35.64403273673122],[139.36841845138372,35.64426484490713],[139.36069792198364,35.65136735508992],[139.35704365748802,35.655916675337714],[139.3596768774922,35.65732479827156],[139.35731235340683,35.659986305355304],[139.3604829652486,35.65967682778743],[139.36995897465147,35.66424162191362],[139.37169654159302,35.66572711423943],[139.37427602241345,35.660945685815726],[139.37363115220836,35.65877934284058],[139.37954246242185,35.6582377570968],[139.37737498201025,35.65689152967653],[139.38079637670958,35.65296116456449],[139.38145915997595,35.65094956037328],[139.3881944710071,35.65388959726812],[139.39442821632315,35.66144084992433],[139.40377883429724,35.665262897887615],[139.4075047510379,35.664736786022225],[139.41198301635114,35.665541427698706],[139.41836006615725,35.662910868371746],[139.42591937800603,35.66215264833045],[139.430093121278,35.664752259900624],[139.43278008046596,35.66320487206123],[139.43503712618386,35.66571164036104],[139.44109174088737,35.65978514493619],[139.4415037412962,35.65837702200234]]]],"type":"MultiPolygon"},"id":"geoshape:13:1935-12-31:05462ad8fe224785cf36","properties":{"administrativeCode":"13000","jurisdictionId":"geoshape:13:1935-12-31:05462ad8fe224785cf36","municipalityName":"七生村","parentJurisdictionName":"南多摩郡","prefectureName":"東京府","snapshotDate":"1935-12-31","sourceDataset":"historical-administrative-areas-beta","sourceEndYear":1957,"sourceProvider":"Geoshape","sourceResourceId":"gci:13B0070007","sourceStartYear":1889},"type":"Feature"},{"geometry":{"coordinates":[[[[139.0751816386711,35.77187792002144],[139.0822035586823,35.77005200237096],[139.08695051991435,35.77139822979123],[139.0883119125696,35.77042337545242],[139.09305887380165,35.76997463297899],[139.0953338325808,35.77279087884668],[139.09649818156225,35.776071341066185],[139.10559801667878,35.779460120434436],[139.1074968011716,35.77701524764821],[139.11412463383525,35.77387405033425],[139.11657872322692,35.77183149838626],[139.12266916405295,35.76972705092469],[139.1260547326298,35.76714291323292],[139.1307121285556,35.76505393964974],[139.13266465223217,35.766168058894095],[139.13597856856398,35.770253162790084],[139.13909544122203,35.768055872058156],[139.14377075020906,35.76610616338053],[139.1472279710309,35.762206746025264],[139.1444514465367,35.76016419407728],[139.1406717906123,35.759189339738455],[139.14095839959234,35.7553053962616],[139.1442544028629,35.75535181789678],[139.14944919062629,35.75414485538205],[139.15398119512332,35.75013712087804],[139.15672189349505,35.74478315895376],[139.16415581391504,35.74147174897747],[139.16442450983385,35.73816033900118],[139.1659650331016,35.73602494378282],[139.1644065967726,35.732667112171356],[139.1662337290204,35.729479493222215],[139.16551720657029,35.724589747649745],[139.1674159910631,35.722098453228334],[139.16583964167285,35.71849303956256],[139.16655616412297,35.71419130136906],[139.16506938003897,35.711328633866195],[139.1650872931002,35.70849691412011],[139.1653201628965,35.706346045023366],[139.17237790903022,35.70165745987002],[139.17282573556153,35.69687603144631],[139.17203756086639,35.69271355815836],[139.16965512371974,35.689866364533884],[139.17132103841627,35.688829614681495],[139.17006712412856,35.6797000264291],[139.1661262506529,35.675135232302914],[139.16490816248768,35.67018359121687],[139.1618092028909,35.66753755801152],[139.15430363022588,35.66594374853695],[139.1469951012346,35.666578177551095],[139.1423018791863,35.66930158014842],[139.1378415269343,35.67030738224402],[139.13664135183035,35.67151434475875],[139.13094499835188,35.67173097905626],[139.12711160324372,35.67589345234421],[139.12087785792767,35.67824548186008],[139.11600550526683,35.68315070131094],[139.11247663219996,35.68466714139354],[139.108302888928,35.689371200425285],[139.10187209993816,35.69125901358933],[139.09803870483,35.69166133442757],[139.0918586986977,35.690299633128916],[139.08469347419648,35.69248144998245],[139.08234686317232,35.69453947580884],[139.07414268111842,35.69478705786314],[139.07081085172535,35.69706171798704],[139.06511449824688,35.69780446414995],[139.0623917129364,35.70100755697747],[139.0546890965976,35.70379285508837],[139.04990630924303,35.707274477727],[139.04347552025317,35.70851238799851],[139.0385136022861,35.71139052937977],[139.0338024671765,35.71528994673503],[139.03023776798716,35.7161100622899],[139.0257595026739,35.71860135671132],[139.02196193368826,35.72267098672891],[139.02138871572816,35.72626092651629],[139.01837932143764,35.729340228316666],[139.01245009816287,35.73874834638015],[139.01531618796338,35.738624555353],[139.02162158552446,35.74003267828684],[139.0273537651254,35.74244660331628],[139.02830315737182,35.74444273362909],[139.03172455207118,35.744458207507485],[139.03473394636168,35.7424156555595],[139.0398033426963,35.74430346872355],[139.04157673576034,35.74603654310366],[139.0395704729,35.750276385783586],[139.0427410847418,35.755104235842474],[139.0429739545381,35.75765742577747],[139.0462162186249,35.75819901152125],[139.0486882210778,35.759885664266186],[139.05393674802497,35.75965355609028],[139.0583075349707,35.76437308900041],[139.06128110313873,35.76417192858129],[139.06386058395915,35.765641947028705],[139.0692345023351,35.76681796178664],[139.0751816386711,35.77187792002144]]]],"type":"MultiPolygon"},"id":"geoshape:13:1935-12-31:0814ffb672746315c5c2","properties":{"administrativeCode":"13307","jurisdictionId":"geoshape:13:1935-12-31:0814ffb672746315c5c2","municipalityName":"檜原村","parentJurisdictionName":"西多摩郡","prefectureName":"東京府","snapshotDate":"1935-12-31","sourceDataset":"historical-administrative-areas-beta","sourceEndYear":2006,"sourceProvider":"Geoshape","sourceResourceId":"gci:13307A1968","sourceStartYear":1889},"type":"Feature"},{"geometry":{"coordinates":[[[[140.87596377338008,27.242892783613183],[140.87379629296848,27.243929533465572],[140.87236324806824,27.24727189119865],[140.87530099011371,27.25021192809349],[140.8751576856237,27.247565894888133],[140.87938516807944,27.247519473252954],[140.8806928215509,27.24603398092714],[140.87945682032444,27.244300906547025],[140.87596377338008,27.242892783613183]]],[[[139.75808127282156,35.574524074985916],[139.76433293119888,35.575003765216124],[139.77411346264304,35.57498829133773],[139.76583762834412,35.565146904679224],[139.7587082299654,35.56839641914194],[139.75750805486146,35.57155309033429],[139.75808127282156,35.574524074985916]]],[[[139.76780806508197,35.57874844378745],[139.7756181597883,35.5856807413079],[139.77816181448623,35.586609174011535],[139.78727956266405,35.580667204708284],[139.78315955857585,35.57721652982645],[139.76671536834553,35.5773403208536],[139.76375971323878,35.57839254458438],[139.76266701650235,35.5773403208536],[139.7557346617974,35.57735579473199],[139.75426579077464,35.578191384165265],[139.74946509035883,35.58886836025704],[139.75061152627902,35.591870292665455],[139.74876648096995,35.592025031449396],[139.74910682913378,35.600783246620324],[139.75175796219924,35.604729085610764],[139.75302978954818,35.61763430019126],[139.75806335976029,35.61757240467769],[139.76186092874596,35.61457047226927],[139.7634014520137,35.60981999160235],[139.7627565818086,35.608705872357994],[139.7727162438653,35.59546023245284],[139.77719450917857,35.59058596075876],[139.76399258303508,35.57865560051708],[139.76780806508197,35.57874844378745]]],[[[139.74353586708406,35.57710821267769],[139.74015029850725,35.58089931288419],[139.73955916748588,35.58377745426546],[139.73884264503576,35.58729002466087],[139.74606160872074,35.58959563254155],[139.74762004504976,35.58880646474346],[139.75234909322057,35.578841287057806],[139.74869482872495,35.57491092194576],[139.75267152832313,35.575684615865455],[139.75403292097835,35.57458597049949],[139.7568452715951,35.56892253100733],[139.750468221789,35.56743703868152],[139.74545256463816,35.5710269784689],[139.74575708667945,35.573595642282285],[139.74822908913237,35.574756183161824],[139.7451301295356,35.57526682114882],[139.74353586708406,35.57710821267769]]],[[[139.80021279288874,35.650655556683795],[139.8004277496238,35.650810295467736],[139.81139054311066,35.65362654133542],[139.80791540922758,35.6551894030532],[139.8097783675979,35.65701532070368],[139.80990375902667,35.65709269009565],[139.8167286353641,35.66097663357252],[139.82009629087966,35.661332532775575],[139.82109942230983,35.65755690644747],[139.82111733537107,35.65718553336601],[139.82040081292095,35.65543698510751],[139.81153384760069,35.654601395674234],[139.81165923902947,35.6536729629706],[139.8166748961803,35.65412170544403],[139.81755263618172,35.64799404960005],[139.82086655251354,35.64831900104632],[139.82210255374,35.647127512409995],[139.8212964659836,35.65333253764594],[139.8239655121103,35.65424549647118],[139.82376846843653,35.65576193655377],[139.82444916476413,35.655823832067355],[139.82607925333818,35.65163041102261],[139.83356691294196,35.652373157185515],[139.83768691703017,35.65107335140043],[139.8379376998877,35.6508876648597],[139.84143074683203,35.647653624275385],[139.84021265866684,35.63375808147768],[139.83668378559997,35.63349502554499],[139.8364150896812,35.631607212380935],[139.84010518029933,35.63196311158399],[139.83863630927658,35.61432289021497],[139.83555526274105,35.61260528971325],[139.8306829100802,35.61867105004365],[139.83105908436653,35.62094571016755],[139.8273689937484,35.61990896031516],[139.82566725292935,35.63055498865015],[139.83553734967978,35.63152984298896],[139.8356806541698,35.63340218227462],[139.82131437904485,35.63176195116487],[139.82056203047222,35.63886446134766],[139.82434168639662,35.6430733562708],[139.8227115978226,35.642918617486856],[139.82212046680124,35.646988247504446],[139.82109942230983,35.64649308339584],[139.8215651619024,35.64270198318934],[139.8201142039409,35.641185543106744],[139.80800497453384,35.64024163652472],[139.80628532065353,35.64175807660732],[139.80700184310365,35.636852857156455],[139.80014114064375,35.63621842814231],[139.79777661655834,35.63693022654843],[139.80196827289154,35.62626872433505],[139.7985110520697,35.62162656081688],[139.79190113246733,35.62984319024403],[139.7888200859318,35.628172011377494],[139.79754374676205,35.617680721826446],[139.79426565655274,35.61368846120082],[139.78509416919115,35.62507723569871],[139.78885591205432,35.62707336601153],[139.78487921245613,35.6296729775817],[139.77887833693634,35.626500832510956],[139.7812966002055,35.62311205314269],[139.79254600267245,35.609510514034476],[139.78684964919398,35.602253265067745],[139.7852374736812,35.60350664921765],[139.77294911366158,35.618562732894894],[139.77361189692795,35.6203267550318],[139.7706562418212,35.618717471678835],[139.76768267365318,35.62205982941191],[139.76759310834692,35.625819981861625],[139.7778393793837,35.63149889523218],[139.77515242019572,35.6349650439924],[139.7771049438723,35.63665169673734],[139.78199520959438,35.62996698127118],[139.78428808143477,35.630384775987814],[139.77868129326257,35.63728612575149],[139.78131451326678,35.638818039712476],[139.7835178198009,35.63611011099355],[139.79722131165948,35.64352209874422],[139.79768705125207,35.64782383693772],[139.80021279288874,35.650655556683795]],[[139.82344603333397,35.633974715775196],[139.82353559864023,35.63358786881535],[139.83378186967698,35.63456272315416],[139.8340863917183,35.638988252374816],[139.8330832602881,35.63795150252243],[139.82523733945928,35.63719328248112],[139.82566725292935,35.634624618667736],[139.82344603333397,35.633974715775196]],[[139.82484325211172,35.64270198318934],[139.82620464476693,35.642392505621466],[139.82491490435672,35.63966910302415],[139.83322656477813,35.64044279694384],[139.8341222178408,35.639607207510565],[139.83453421824962,35.644110106123186],[139.82496864354047,35.64313525178437],[139.82484325211172,35.64270198318934]],[[139.80680479942987,35.64282577421649],[139.80875732310645,35.643692311406554],[139.80848862718767,35.645657493962574],[139.80585540718346,35.64471358738055],[139.80680479942987,35.64282577421649]],[[139.80632114677604,35.645905076016874],[139.80845280106516,35.64587412826009],[139.80513888473334,35.649897336642496],[139.80632114677604,35.645905076016874]]],[[[139.73708716503296,35.58800182306698],[139.73694386054294,35.58801729694538],[139.73708716503296,35.59046216973161],[139.74102803850863,35.5965434039404],[139.74186995238753,35.596435086791644],[139.74427030259545,35.60226873894614],[139.74758421892724,35.600907037647474],[139.74708265321217,35.59216429635494],[139.74634821770078,35.590678804029125],[139.73708716503296,35.58800182306698]]],[[[139.75313726791572,35.63112752215072],[139.75313726791572,35.63131320869145],[139.75525100914356,35.633603342693746],[139.7592097956805,35.63363429045053],[139.759245621803,35.62780063829604],[139.75747222873895,35.62780063829604],[139.75761553322897,35.62417975075187],[139.75347761607952,35.624086907481505],[139.75387170342708,35.629193287351484],[139.7530656156707,35.62979676860885],[139.75308352873193,35.63005982454155],[139.75313726791572,35.63112752215072]]],[[[139.77063832875996,35.65495729487729],[139.77303867896785,35.65333253764594],[139.76836336998082,35.65036155299431],[139.76734232548938,35.651057877522035],[139.7672169340606,35.65522035080999],[139.77063832875996,35.65495729487729]]]],"type":"MultiPolygon"},"id":"geoshape:13:1935-12-31:0d420ccd20a53fe4f2f0","properties":{"administrativeCode":"13000","jurisdictionId":"geoshape:13:1935-12-31:0d420ccd20a53fe4f2f0","municipalityName":"公有水面","prefectureName":"東京府","snapshotDate":"1935-12-31","sourceDataset":"historical-administrative-areas-beta","sourceEndYear":1937,"sourceProvider":"Geoshape","sourceResourceId":"gci:13C9990003","sourceStartYear":1933},"type":"Feature"},{"geometry":{"coordinates":[[[[139.81312811005222,33.09208071201279],[139.81346845821602,33.09175576056652],[139.81348637127726,33.0844830377214],[139.81135471698815,33.084034295247974],[139.81063819453803,33.079314762337845],[139.80811245290136,33.073775113872834],[139.80990375902667,33.073666796724076],[139.80940219331157,33.07109813291069],[139.80395662269063,33.06657976041968],[139.80272062146418,33.06334571983536],[139.79591365818803,33.06246370876691],[139.7940506998177,33.06534185014817],[139.78951869532068,33.06650239102771],[139.78471799490487,33.069194845868246],[139.78151155694056,33.07216583051987],[139.7803830340816,33.07566292703689],[139.78023972959159,33.083879556464034],[139.7795948593865,33.08578284350648],[139.7822639055132,33.08381766095046],[139.78539869123247,33.084343772815856],[139.78754825858283,33.0870052798996],[139.7889275642993,33.09175576056652],[139.79258182879494,33.09516001381317],[139.79566287533046,33.09684666655811],[139.80078601084884,33.094989801150845],[139.80639279902107,33.08946562656423],[139.80821993126887,33.08849077222541],[139.81312811005222,33.09208071201279]]]],"type":"MultiPolygon"},"id":"geoshape:13:1935-12-31:0eb3a1a185f537b84e3b","properties":{"administrativeCode":"13000","jurisdictionId":"geoshape:13:1935-12-31:0eb3a1a185f537b84e3b","municipalityName":"樫立村","prefectureName":"東京府","snapshotDate":"1935-12-31","sourceDataset":"historical-administrative-areas-beta","sourceEndYear":1953,"sourceProvider":"Geoshape","sourceResourceId":"gci:13B0010006","sourceStartYear":1889},"type":"Feature"},{"geometry":{"coordinates":[[[[139.52028538468716,35.73348722772623],[139.5168281638653,35.73042339980424],[139.51822538264307,35.72708104207116],[139.52327686591642,35.72308878144554],[139.52472782387792,35.71928220736065],[139.5229365177526,35.7188953604008],[139.50835528589263,35.71628027495223],[139.50799702466756,35.712520122502525],[139.50127962669765,35.71253559638092],[139.49617440424055,35.71349497684134],[139.49556536015794,35.709765772148415],[139.4923768352549,35.710384727284165],[139.49198274790731,35.70823385818742],[139.48567735034624,35.70863617902566],[139.4800526491128,35.71426867076103],[139.4784046474775,35.70865165290405],[139.4722246413452,35.710787048122405],[139.47235003277396,35.71538279000539],[139.4584494972416,35.718152614237894],[139.45800167071027,35.72070580417288],[139.44614322416075,35.72288762102642],[139.4355566049602,35.724759960312085],[139.43401608169242,35.727235780855096],[139.4235727669819,35.730284134898696],[139.42672546576242,35.730098448357964],[139.42855259801024,35.72989728793885],[139.44214861150132,35.73636536910749],[139.44698513803965,35.73497272005204],[139.45140966416915,35.736984324243245],[139.46694028827554,35.744164203818],[139.47285159848906,35.74230733841074],[139.47777769033365,35.739877939502904],[139.4774910813536,35.737355697324695],[139.47903160462135,35.73535956701188],[139.48614308993882,35.734353764916285],[139.48709248218523,35.74094563711208],[139.48506830626366,35.74085279384171],[139.48546239361121,35.74387020012852],[139.48945700627064,35.74484505446733],[139.49078257280337,35.74144080122068],[139.49792988424335,35.74444273362909],[139.50380536833435,35.74303461069525],[139.50457562996823,35.74040405136829],[139.5044323254782,35.732233843576324],[139.50656397976732,35.73600946990443],[139.50677893650234,35.74187406981571],[139.50837319895388,35.74122416692317],[139.50799702466756,35.73833055166351],[139.51256485528708,35.73792823082527],[139.51498311855624,35.73905782394802],[139.52119895081108,35.73885666352891],[139.52028538468716,35.73348722772623]]]],"type":"MultiPolygon"},"id":"geoshape:13:1935-12-31:108a36e5236020b41ca3","properties":{"administrativeCode":"13000","jurisdictionId":"geoshape:13:1935-12-31:108a36e5236020b41ca3","municipalityName":"小平村","parentJurisdictionName":"北多摩郡","prefectureName":"東京府","snapshotDate":"1935-12-31","sourceDataset":"historical-administrative-areas-beta","sourceEndYear":1943,"sourceProvider":"Geoshape","sourceResourceId":"gci:13B0090015","sourceStartYear":1889},"type":"Feature"},{"geometry":{"coordinates":[[[[142.221234673485,26.56473458912307],[142.21964041103348,26.56721040966609],[142.2220765873639,26.570026655533773],[142.2204285857286,26.57175972991389],[142.2233663277741,26.576247154648115],[142.22875815921128,26.57196089033301],[142.2324124237069,26.571264565805286],[142.2335946857496,26.56881969301905],[142.2295821600289,26.56908274895175],[142.22469189430683,26.567442517841997],[142.221234673485,26.56473458912307]]],[[[142.19578021344438,26.553902874247353],[142.1953502999743,26.55744639239955],[142.19809099834603,26.560881593402993],[142.19753569344718,26.563280044554045],[142.19981065222632,26.56261466778311],[142.2033753514157,26.564904801785403],[142.20717292040135,26.56536901813722],[142.21186614244965,26.564100160108918],[142.20744161632012,26.55628585152001],[142.20421726529457,26.556781015628616],[142.19998978283886,26.554784885315804],[142.19785812854974,26.555589526992286],[142.19578021344438,26.553902874247353]]],[[[142.17129305871146,26.60654500854333],[142.1720812334066,26.60371328879725],[142.16930470891236,26.60301696426952],[142.17129305871146,26.60654500854333]]],[[[142.15880765501808,26.58983321987794],[142.1571954795053,26.593516002935683],[142.15981078644825,26.59116397341981],[142.15880765501808,26.58983321987794]]],[[[142.1505139076579,26.543984118196878],[142.1475403394899,26.545330345617145],[142.14623268601844,26.548131117606438],[142.1489554713289,26.551148523893243],[142.14714625214233,26.55368623994984],[142.14829268806253,26.556425116425554],[142.14657303418224,26.556270377641617],[142.14585651173212,26.55931873168521],[142.1472358174486,26.560541168078327],[142.14549825050705,26.562815828202226],[142.1463580774472,26.564765536879854],[142.1489912974514,26.565013118934157],[142.1507109513317,26.560479272564752],[142.15275304031454,26.562459928999168],[142.1549384337874,26.56043285092957],[142.15309338847834,26.55856051164391],[142.15268138806954,26.555140784518862],[142.15502799909368,26.55193769169133],[142.1537561717447,26.54794543106571],[142.15153495214932,26.547527636349074],[142.15185738725188,26.54458759945424],[142.1505139076579,26.543984118196878]]],[[[142.14456677132188,26.582668814181574],[142.1408587676425,26.583442508101268],[142.1432232917279,26.586800339712738],[142.14591025091588,26.5858873808875],[142.14829268806253,26.588332253673734],[142.15554747787002,26.589136895350215],[142.15581617378882,26.58656823153683],[142.15393530235724,26.587512138118857],[142.15214399623193,26.584309045291324],[142.1484180794913,26.585268425751746],[142.14456677132188,26.582668814181574]]],[[[142.1230710978182,26.595960875721914],[142.12142309618292,26.60136125928138],[142.1191839635263,26.60143862867335],[142.12011544271147,26.603249072445433],[142.1165507435221,26.60543088929897],[142.12024083414025,26.609732627492466],[142.11961387699637,26.612084657008335],[142.12348309822704,26.60979452300604],[142.12570431782243,26.611558545142945],[142.12835545088788,26.606173635461875],[142.12935858231805,26.60157789357889],[142.12672536231383,26.597353524777365],[142.1230710978182,26.595960875721914]]],[[[142.20831935632154,27.490567681185603],[142.20565031019484,27.491109266929385],[142.20529204896977,27.496138277407397],[142.2028021334556,27.49620017292097],[142.1984134334486,27.498381989774508],[142.1989149991637,27.501352974426133],[142.20228265467927,27.500594754384835],[142.20507709223472,27.503163418198216],[142.20645639795123,27.50237425040013],[142.2058115277461,27.497561874219635],[142.20914335713917,27.494265938121735],[142.20831935632154,27.490567681185603]]],[[[142.17946141464284,27.619929304558426],[142.17553845422844,27.624509572563014],[142.1742487138182,27.623998934576015],[142.1724215815704,27.62666044165976],[142.1693763611574,27.62307050187238],[142.16754922890956,27.62498926279322],[142.16430696482277,27.634815175573337],[142.1667789672757,27.63407242941043],[142.16862401258476,27.636981518548478],[142.17165131993653,27.634861597208516],[142.17258279912167,27.632308407273527],[142.17736558647624,27.63063722840699],[142.17962263219414,27.627465083336244],[142.17989132811292,27.62355019210259],[142.18101985097186,27.6235347182242],[142.17946141464284,27.619929304558426]]],[[[142.15203651786442,27.656045336729736],[142.15078260357672,27.658614000543118],[142.1505139076579,27.665530824185183],[142.15332625827463,27.66336448121004],[142.1541502590923,27.660919608423807],[142.15259182276327,27.659944754084993],[142.15203651786442,27.656045336729736]]],[[[142.13953320110977,27.67182869269149],[142.13487580518398,27.672633334367973],[142.13156188885216,27.67549600187084],[142.13312032518118,27.677260024007744],[142.13295910762992,27.679704896793975],[142.1289107557867,27.682412825512905],[142.12676118843635,27.68235092999933],[142.12480866475977,27.6796430012804],[142.11997213822144,27.685677813854014],[142.11775091862606,27.685089806475045],[142.1183062235249,27.687395414355734],[142.12459370802472,27.690319977372177],[142.12608049210874,27.686575298800857],[142.1296451912981,27.68838574257294],[142.13240380273106,27.686853828611948],[142.1338368476313,27.689608178966058],[142.1359864149817,27.689995025925906],[142.13605806722668,27.688091738883458],[142.14016015825365,27.686188451841012],[142.14189772519518,27.683898317838718],[142.14175442070515,27.676037587614626],[142.14236346478776,27.6745830430456],[142.13953320110977,27.67182869269149]]],[[[142.10227403370342,27.71622324980353],[142.10001698798553,27.71897760015764],[142.10415490513498,27.718637174832974],[142.10227403370342,27.71622324980353]]],[[[142.09527002675347,27.716842204939283],[142.0900214998063,27.72128320803833],[142.0938728079757,27.72102015210563],[142.09527002675347,27.716842204939283]]],[[[142.13781354722948,26.6723399394741],[142.14777320928619,26.674088487732607],[142.15488469460365,26.675852509869507],[142.15644313093267,26.670761603877924],[142.15595947827885,26.668053675158994],[142.15832400236425,26.6612142209089],[142.1611721791035,26.659156195082513],[142.16357252931138,26.659357355501633],[142.16656401054064,26.657191012526493],[142.16960923095368,26.657964706446187],[142.17234992932538,26.656897008837007],[142.17586088933098,26.658212288500486],[142.17578923708598,26.660796426192263],[142.18275741791342,26.660425053110814],[142.18118106852316,26.658367027284427],[142.1821125477083,26.65681963944504],[142.17878071831524,26.657299329675247],[142.1736754958581,26.654452136050775],[142.16928679585112,26.656092367160525],[142.16763879421583,26.653895076428597],[142.1683015774822,26.64920649127525],[142.16701183707198,26.645926029055747],[142.16500557421162,26.64417748079724],[142.1670476631945,26.639086574805653],[142.16651027135688,26.637384448182328],[142.17041531871007,26.635372843991124],[142.1740695832057,26.631674587054988],[142.17415914851193,26.625871882657282],[142.1755563672897,26.624169756033954],[142.1751981060646,26.61538059310623],[142.17713271667995,26.612796455414454],[142.17220662483535,26.609005355207955],[142.16934053503488,26.61101695939916],[142.1665460974794,26.609361254411013],[142.17027201422005,26.614761637970478],[142.1708989713639,26.620966663206424],[142.1681940991147,26.622962793519232],[142.1666535758469,26.629198766511966],[142.164109921149,26.632958918961677],[142.1593629599169,26.63260301975862],[142.15594156521757,26.6298641432829],[142.15488469460365,26.635140735815213],[142.15295008398832,26.639488895643893],[142.1496361676565,26.636920231830512],[142.14793442683748,26.637183287763207],[142.14677007785602,26.64338831299915],[142.1454445113233,26.645848659663777],[142.14651929499848,26.64728773035441],[142.1431874656054,26.649500494964734],[142.14232763866525,26.652332214710814],[142.13820763457704,26.65510203894332],[142.1415932031539,26.654080762969322],[142.14048259335618,26.65663395290431],[142.14164694233764,26.658691978730698],[142.13881667865965,26.657407646824005],[142.1428829435641,26.663782884722284],[142.14256050846154,26.667527563293604],[142.14060798478496,26.668889264592263],[142.1376881558007,26.667171664090542],[142.1352519794703,26.667434720023238],[142.13781354722948,26.6723399394741]]]],"type":"MultiPolygon"},"id":"geoshape:13:1935-12-31:10e512c718271aa4b801","properties":{"administrativeCode":"13000","jurisdictionId":"geoshape:13:1935-12-31:10e512c718271aa4b801","municipalityName":"沖村","prefectureName":"東京府","snapshotDate":"1935-12-31","sourceDataset":"historical-administrative-areas-beta","sourceEndYear":1945,"sourceProvider":"Geoshape","sourceResourceId":"gci:13C0020001","sourceStartYear":1889},"type":"Feature"},{"geometry":{"coordinates":[[[[139.4268508571912,35.55380455181651],[139.43503712618386,35.55628037235953],[139.43077381760563,35.56072137545858],[139.43014686046175,35.56536353897674],[139.43229642781213,35.564110154826835],[139.43381903801864,35.565286169584766],[139.4321172971996,35.56760725134385],[139.43580738781773,35.56756082970867],[139.43888843435326,35.56966527717024],[139.43836895557692,35.57198635892932],[139.44064391435606,35.574524074985916],[139.44668061599833,35.576210727730846],[139.44895557477747,35.575019239094516],[139.44870479191994,35.5722803626188],[139.45133801192412,35.57135192991517],[139.45590584254367,35.57181614626698],[139.45302183968192,35.568303575871575],[139.45785836622025,35.568953478764115],[139.4596675854068,35.57098055683372],[139.46652828786674,35.570284232305994],[139.46966307358602,35.57220299322683],[139.47209924991643,35.572264888740406],[139.46944811685097,35.56960338165666],[139.469591421341,35.56540996061192],[139.46808672419576,35.56302698333926],[139.4701646393011,35.560303580741945],[139.46575802623283,35.55758017814462],[139.4673702017456,35.55669816707616],[139.468176289502,35.553587917518996],[139.4663491572542,35.54970397404213],[139.46153054377712,35.54807921681078],[139.4570701915251,35.54753763106699],[139.453451753152,35.549348074839074],[139.45185749070046,35.54735194452626],[139.45456236294967,35.545943821592424],[139.45572671193113,35.539754270234866],[139.45748219193393,35.53707728927273],[139.45221575192554,35.53812951300351],[139.44814948702108,35.536226225961066],[139.44831070457235,35.53755697950294],[139.44469226619924,35.542493146710584],[139.44060808823355,35.54258598998095],[139.43611190985902,35.54682583266087],[139.43351451597732,35.546593724484964],[139.4318486012808,35.548852910730474],[139.42731659678378,35.551189466367944],[139.4268508571912,35.55380455181651]]]],"type":"MultiPolygon"},"id":"geoshape:13:1935-12-31:14dfab9fc904256a33bf","properties":{"administrativeCode":"13000","jurisdictionId":"geoshape:13:1935-12-31:14dfab9fc904256a33bf","municipalityName":"町田町","parentJurisdictionName":"南多摩郡","prefectureName":"東京府","snapshotDate":"1935-12-31","sourceDataset":"historical-administrative-areas-beta","sourceEndYear":1957,"sourceProvider":"Geoshape","sourceResourceId":"gci:13B0070014","sourceStartYear":1913},"type":"Feature"},{"geometry":{"coordinates":[[[[139.44614322416075,35.72288762102642],[139.45800167071027,35.72070580417288],[139.4584494972416,35.718152614237894],[139.47235003277396,35.71538279000539],[139.4722246413452,35.710787048122405],[139.4784046474775,35.70865165290405],[139.4800526491128,35.71426867076103],[139.48567735034624,35.70863617902566],[139.48766570014533,35.706578153199274],[139.4867700470827,35.704071384899464],[139.48445926218105,35.70252399706008],[139.49166031280478,35.700001754881875],[139.48976152831196,35.695390539120496],[139.48795230912538,35.694756110106354],[139.48678796014394,35.69200175975224],[139.47838673441626,35.690268685372125],[139.47770603808863,35.689216461641344],[139.4679971588895,35.68821065954574],[139.46366219806623,35.68964973023637],[139.4679971588895,35.69193986423866],[139.46706567970432,35.69497274440386],[139.4639846331688,35.69491084889029],[139.46305315398362,35.699847016097934],[139.46043784704068,35.699754172827575],[139.45961384622305,35.69206365526581],[139.45438323233716,35.695545277904436],[139.44861522661367,35.70074450104478],[139.44861522661367,35.70074450104478],[139.44189782864376,35.70021838917939],[139.4411633931324,35.70134798230214],[139.43378321189613,35.7009611353423],[139.43055886087058,35.70376190733159],[139.43595069230776,35.7039785416291],[139.42840929352022,35.717394394196596],[139.43163364454577,35.71782766279162],[139.43331747230354,35.71945242002298],[139.43679260618666,35.71481025650482],[139.4418082633375,35.71575416308684],[139.4441727874229,35.711065577933496],[139.44614322416075,35.72288762102642]]]],"type":"MultiPolygon"},"id":"geoshape:13:1935-12-31:15f44896de7580933617","properties":{"administrativeCode":"13000","jurisdictionId":"geoshape:13:1935-12-31:15f44896de7580933617","municipalityName":"国分寺村","parentJurisdictionName":"北多摩郡","prefectureName":"東京府","snapshotDate":"1935-12-31","sourceDataset":"historical-administrative-areas-beta","sourceEndYear":1939,"sourceProvider":"Geoshape","sourceResourceId":"gci:13B0090005","sourceStartYear":1889},"type":"Feature"},{"geometry":{"coordinates":[[[[139.23507362341593,35.805657396555276],[139.23224335973794,35.80599782187994],[139.23120440218526,35.80780826565203],[139.22072526135221,35.811552944223344],[139.21956091237078,35.813131279819515],[139.21554838665008,35.814740563172485],[139.20965498949784,35.820899166773245],[139.20899220623147,35.82263224115336],[139.20437063642817,35.82171928232812],[139.2026868086704,35.824334367776686],[139.19838767396965,35.82820283737516],[139.19376610416637,35.82766125163137],[139.18785479395285,35.829347904376306],[139.18273165843448,35.829038426808424],[139.178450436795,35.83070960567497],[139.1768740874047,35.83298426579886],[139.17751895760983,35.835104187138825],[139.17486782454438,35.83628020189676],[139.1719659086214,35.83994751107611],[139.1694043408622,35.8404736229415],[139.16587546779536,35.842995865119704],[139.1647469449364,35.84712739065087],[139.162454073096,35.84913899484208],[139.16383337881248,35.85082564758701],[139.16863407922833,35.850129323059285],[139.18369896374213,35.843413659836344],[139.1925301029399,35.84016414537363],[139.1982085433571,35.84112352583405],[139.20342124418175,35.8412318429828],[139.20490802826578,35.844775361135],[139.20736211765742,35.84661675266388],[139.2129868188909,35.84675601756942],[139.2193996948195,35.84270186143022],[139.2199370866571,35.84137110788835],[139.22471987401164,35.840643835603835],[139.23059535810265,35.83660515334303],[139.23530649321222,35.838028750155274],[139.23879954015655,35.840489096819894],[139.24426302383876,35.83677536600537],[139.25139242221746,35.837641903195426],[139.25203729242259,35.83850844038548],[139.2587009512087,35.83730147787076],[139.2606534748853,35.8359397765721],[139.27100722428958,35.83952971635948],[139.2815221912451,35.839870141684145],[139.2827044532878,35.83727053011397],[139.28501523818946,35.835924302693705],[139.28725437084609,35.83303068743405],[139.2713296593921,35.825757964588924],[139.26262391162314,35.82363804324896],[139.26172825856048,35.82187402111206],[139.25581694834696,35.81978504752889],[139.2527179887502,35.8162105816199],[139.2498518989497,35.81811386866235],[139.24689624384294,35.8126670634677],[139.24123571648698,35.81045429885738],[139.24012510668928,35.811429153196194],[139.23768893035887,35.80906164980193],[139.23684701647997,35.806291825569424],[139.23507362341593,35.805657396555276]]]],"type":"MultiPolygon"},"id":"geoshape:13:1935-12-31:16f455c18356f35734db","properties":{"administrativeCode":"13000","jurisdictionId":"geoshape:13:1935-12-31:16f455c18356f35734db","municipalityName":"成木村","parentJurisdictionName":"西多摩郡","prefectureName":"東京府","snapshotDate":"1935-12-31","sourceDataset":"historical-administrative-areas-beta","sourceEndYear":1954,"sourceProvider":"Geoshape","sourceResourceId":"gci:13B0030013","sourceStartYear":1889},"type":"Feature"},{"geometry":{"coordinates":[[[[138.9701931866669,35.8311119265132],[138.96223978747054,35.82982759460651],[138.9516889943925,35.8384620187503],[138.94713907683422,35.84293396960613],[138.9485900347957,35.849742476099436],[138.94753316418178,35.85280630402143],[138.94396846499242,35.85509643802372],[138.94303698580725,35.859599336636336],[138.94601055397527,35.8639939181002],[138.94579559724025,35.868280182415305],[138.95097247194238,35.87047747314723],[138.95453717113173,35.87479468521913],[138.95846013154616,35.87648133796406],[138.96501631196477,35.87778114374915],[138.9674166621727,35.88160319171243],[138.97284431973236,35.882067408064245],[138.97914971729344,35.88454322860727],[138.98647615934593,35.88110802760383],[138.98987964098401,35.881696034982795],[138.99613129936134,35.88418732940421],[139.00010799895952,35.88443491145851],[139.00576852631548,35.88884496680077],[139.0061805267243,35.893688290738055],[139.0123247067341,35.89834592813461],[139.0181643647026,35.89887204],[139.02375323981357,35.897216335011855],[139.02681637328783,35.89464767119847],[139.0332471622777,35.891676686546845],[139.04293812841559,35.88545618743251],[139.05214544189965,35.87829178173614],[139.05818214354196,35.87731692739733],[139.06210510395636,35.87372698760995],[139.07149154805296,35.871962965473045],[139.07828059826787,35.87556837913882],[139.08268721133612,35.87481015909752],[139.08978078359235,35.87111190216138],[139.09178704645268,35.86922408899733],[139.09825366156505,35.868930085307845],[139.10074357707921,35.86648521252161],[139.10077940320173,35.86331306745087],[139.1023915787145,35.86150262367878],[139.10240949177575,35.85771152347228],[139.10815958443797,35.85608676624093],[139.11170637056608,35.85342525915718],[139.1094851509707,35.851057755762916],[139.11213628403615,35.84824150989523],[139.10701314851778,35.8409842609285],[139.10717436606907,35.83528987367956],[139.10468445055488,35.831854672676116],[139.1012809689168,35.83097266160766],[139.1047202766774,35.82832662840231],[139.10627871300642,35.823405935073055],[139.10774758402917,35.82188949499046],[139.10649366974144,35.817092592688354],[139.10348427545094,35.813301492481855],[139.10446949381986,35.8098972392352],[139.10871488933682,35.80797847831436],[139.11285280648627,35.80782373953042],[139.118495420781,35.806570355380515],[139.12632342854857,35.80403263932392],[139.1268429073249,35.80099975915872],[139.13277213059968,35.8015413449025],[139.13474256733753,35.80514675856828],[139.13558448121643,35.800783124861205],[139.1413166608174,35.79584695765356],[139.14805197184856,35.79402104000308],[139.14798031960353,35.79081794717555],[139.14618901347822,35.78608294038702],[139.1475683191947,35.78199783649104],[139.14285718408516,35.78111582542259],[139.1371608306067,35.77757230727039],[139.1378773530568,35.77226476698129],[139.13597856856398,35.770253162790084],[139.13266465223217,35.766168058894095],[139.1307121285556,35.76505393964974],[139.1260547326298,35.76714291323292],[139.12266916405295,35.76972705092469],[139.11657872322692,35.77183149838626],[139.11412463383525,35.77387405033425],[139.1074968011716,35.77701524764821],[139.10559801667878,35.779460120434436],[139.09649818156225,35.776071341066185],[139.0953338325808,35.77279087884668],[139.09305887380165,35.76997463297899],[139.0883119125696,35.77042337545242],[139.08695051991435,35.77139822979123],[139.0822035586823,35.77005200237096],[139.0751816386711,35.77187792002144],[139.0689658064163,35.774848904673064],[139.06627884722832,35.77870190039314],[139.06153188599626,35.77925896001532],[139.0587732745633,35.783019112465034],[139.05382926965746,35.78455102642603],[139.0506407447544,35.78780054088874],[139.05092735373447,35.79114289862182],[139.04394125984575,35.7957386405048],[139.03833447167355,35.793417558745716],[139.03322924921642,35.79434599144935],[139.0289659406382,35.79388177509753],[139.02704924308412,35.79821446104782],[139.02753289573795,35.802655464146866],[139.02652976430778,35.8045896989461],[139.02099462838058,35.80906164980193],[139.0201168883792,35.811460100952985],[139.02086923695182,35.814075186401546],[139.01941827899032,35.81882566706847],[139.01902419164276,35.823808255911295],[139.01257548959165,35.82973475133615],[139.0040488724352,35.82778504265852],[138.99665077813768,35.82755293448261],[138.99245912180447,35.82843494555107],[138.98577754995708,35.8308643444589],[138.98429076587306,35.832226045757565],[138.97459979973516,35.82930148274112],[138.9701931866669,35.8311119265132]]]],"type":"MultiPolygon"},"id":"geoshape:13:1935-12-31:19cef59183f65e084262","properties":{"administrativeCode":"13000","jurisdictionId":"geoshape:13:1935-12-31:19cef59183f65e084262","municipalityName":"氷川村","parentJurisdictionName":"西多摩郡","prefectureName":"東京府","snapshotDate":"1935-12-31","sourceDataset":"historical-administrative-areas-beta","sourceEndYear":1939,"sourceProvider":"Geoshape","sourceResourceId":"gci:13B0030027","sourceStartYear":1889},"type":"Feature"},{"geometry":{"coordinates":[[[[139.2694667010218,34.416505437623236],[139.27312096551742,34.406911633019035],[139.27613035980795,34.412018012889014],[139.27629157735922,34.40949577071081],[139.2784053185871,34.40746869264121],[139.28352845410546,34.41037778177926],[139.28806045860247,34.410192095238536],[139.2913027226893,34.40759248366837],[139.28918898146142,34.406478364424004],[139.2896188949315,34.40302768954217],[139.28806045860247,34.40095418983739],[139.2846928030869,34.400056704890545],[139.28055488593745,34.39495032502057],[139.27718723042187,34.388203714040834],[139.2761482728692,34.37839327513912],[139.27589749001166,34.37187877233529],[139.27589749001166,34.35001418216474],[139.27693644756434,34.34879174577163],[139.27509140225527,34.34263314217086],[139.27244026918981,34.33738749739534],[139.2717237467397,34.330470673753275],[139.25803816794235,34.335840109555946],[139.25583486140823,34.33853256439649],[139.2517506834425,34.34054416858769],[139.24906372425457,34.34537201864658],[139.24449589363502,34.34920954048826],[139.24558859037148,34.35722500949629],[139.24411971934873,34.361604117081754],[139.24200597812086,34.36397162047602],[139.24399432791995,34.36773177292574],[139.24734407037428,34.36918631749476],[139.25110581323742,34.37406058918883],[139.25384651160914,34.378872965369325],[139.25608564426577,34.38537199429476],[139.2572499932472,34.39510506380451],[139.25499294752933,34.39850931705116],[139.25551242630567,34.40117082413491],[139.25997277855768,34.40445128635441],[139.2669051332626,34.408505442493606],[139.26581243652618,34.41037778177926],[139.2694667010218,34.416505437623236]]]],"type":"MultiPolygon"},"id":"geoshape:13:1935-12-31:1d69d973000b78d930bc","properties":{"administrativeCode":"13363","jurisdictionId":"geoshape:13:1935-12-31:1d69d973000b78d930bc","municipalityName":"新島本村","prefectureName":"東京府","snapshotDate":"1935-12-31","sourceDataset":"historical-administrative-areas-beta","sourceEndYear":1953,"sourceProvider":"Geoshape","sourceResourceId":"gci:13363A1968","sourceStartYear":1889},"type":"Feature"},{"geometry":{"coordinates":[[[[139.45977506377432,35.691831547089905],[139.45957802010054,35.6860288426922],[139.46049158622444,35.68601336881381],[139.46158428296087,35.676589776871936],[139.4652385474565,35.67809074307614],[139.4629098494936,35.670941811258174],[139.4602408033669,35.66824935641763],[139.4576434094852,35.66797082660655],[139.45880775846666,35.664365412940775],[139.46110063030704,35.66335961084517],[139.46040202091817,35.661456323802724],[139.46276654500357,35.660543364977485],[139.4602408033669,35.65865555181343],[139.4618888050022,35.654106231565635],[139.4621037617372,35.65286832129412],[139.4415037412962,35.65837702200234],[139.44109174088737,35.65978514493619],[139.43503712618386,35.66571164036104],[139.42925120739912,35.671328658218016],[139.4318127751583,35.67272130727346],[139.44080513190733,35.670818020231025],[139.44179035027625,35.67217972152968],[139.4459282674257,35.672752255030254],[139.45225157804805,35.67151434475875],[139.45022740212644,35.67433059062643],[139.45022740212644,35.67433059062643],[139.4523769694768,35.67850853779278],[139.45130218580164,35.682361533512854],[139.45278896988563,35.683692287054726],[139.45375627519329,35.68865940201916],[139.4559237556049,35.69150659564364],[139.45977506377432,35.691831547089905]]]],"type":"MultiPolygon"},"id":"geoshape:13:1935-12-31:2174fc38c854128262de","properties":{"administrativeCode":"13000","jurisdictionId":"geoshape:13:1935-12-31:2174fc38c854128262de","municipalityName":"西府村","parentJurisdictionName":"北多摩郡","prefectureName":"東京府","snapshotDate":"1935-12-31","sourceDataset":"historical-administrative-areas-beta","sourceEndYear":1953,"sourceProvider":"Geoshape","sourceResourceId":"gci:13B0090021","sourceStartYear":1889},"type":"Feature"},{"geometry":{"coordinates":[[[[139.20494385438826,35.69966132955721],[139.20057306744252,35.69885668788073],[139.20091341560632,35.696458236729676],[139.2000177625437,35.689108144492586],[139.19342575600257,35.68898435346543],[139.18968192620068,35.68742149174765],[139.18441548619228,35.68912361837098],[139.18267791925072,35.688040446883406],[139.17896991557134,35.68915456612777],[139.17132103841627,35.688829614681495],[139.16965512371974,35.689866364533884],[139.17203756086639,35.69271355815836],[139.17282573556153,35.69687603144631],[139.17237790903022,35.70165745987002],[139.1653201628965,35.706346045023366],[139.1650872931002,35.70849691412011],[139.1700133849448,35.71125126447423],[139.17083738576244,35.71446983118015],[139.17363182331792,35.71649690924975],[139.17742939230357,35.71744081583178],[139.1818001792493,35.71980831922604],[139.18549026986744,35.72324352022948],[139.1863859229301,35.72683346001686],[139.19021931803826,35.72689535553044],[139.18964610007816,35.72943307158703],[139.19161653681599,35.72867485154573],[139.19552158416917,35.72964970588455],[139.19763532539702,35.73271353380653],[139.19564697559792,35.734756085754526],[139.1948946270253,35.73891855904248],[139.19785028213207,35.74020289094917],[139.20571411602216,35.73816033900118],[139.2085622927614,35.734601346970585],[139.20825777072008,35.730021078966],[139.206269420921,35.72867485154573],[139.20766663969874,35.72463616928493],[139.21311221031968,35.72229961364745],[139.21316594950343,35.72098433398398],[139.21714264910162,35.718817991008834],[139.21001325072288,35.71371161113885],[139.20637689928853,35.712643913529675],[139.20433481030568,35.70747563814612],[139.20532002867458,35.70312747831744],[139.20494385438826,35.69966132955721]]]],"type":"MultiPolygon"},"id":"geoshape:13:1935-12-31:2316e14f273e90c14060","properties":{"administrativeCode":"13000","jurisdictionId":"geoshape:13:1935-12-31:2316e14f273e90c14060","municipalityName":"戸倉村","parentJurisdictionName":"西多摩郡","prefectureName":"東京府","snapshotDate":"1935-12-31","sourceDataset":"historical-administrative-areas-beta","sourceEndYear":1954,"sourceProvider":"Geoshape","sourceResourceId":"gci:13B0030006","sourceStartYear":1889},"type":"Feature"},{"geometry":{"coordinates":[[[[139.10074357707921,35.86648521252161],[139.10395001504352,35.86671732069752],[139.11199297954613,35.86492235080383],[139.11962394363994,35.86453550384398],[139.12678916814116,35.86569604472352],[139.13164360774076,35.8645045560872],[139.13474256733753,35.865402041034045],[139.13970448530463,35.86387012707305],[139.14909092940124,35.86255484740957],[139.15324675961193,35.85973860154188],[139.15962380941804,35.85713898997171],[139.16383337881248,35.85082564758701],[139.162454073096,35.84913899484208],[139.1647469449364,35.84712739065087],[139.16587546779536,35.842995865119704],[139.1694043408622,35.8404736229415],[139.1719659086214,35.83994751107611],[139.17486782454438,35.83628020189676],[139.17751895760983,35.835104187138825],[139.1768740874047,35.83298426579886],[139.178450436795,35.83070960567497],[139.17526191189194,35.82688755771168],[139.1766591306697,35.821440752517034],[139.17597843434208,35.81653553306617],[139.17407964984926,35.813286018603456],[139.17542312944323,35.806941728461965],[139.17175095188634,35.805409814500976],[139.1717330388251,35.80373863563443],[139.16478277105892,35.801696083686444],[139.16080607146074,35.79923573702182],[139.15622032777995,35.79875604679161],[139.15020153919892,35.796837285870765],[139.14805197184856,35.79402104000308],[139.1413166608174,35.79584695765356],[139.13558448121643,35.800783124861205],[139.13474256733753,35.80514675856828],[139.13277213059968,35.8015413449025],[139.1268429073249,35.80099975915872],[139.12632342854857,35.80403263932392],[139.118495420781,35.806570355380515],[139.11285280648627,35.80782373953042],[139.10871488933682,35.80797847831436],[139.10446949381986,35.8098972392352],[139.10348427545094,35.813301492481855],[139.10649366974144,35.817092592688354],[139.10774758402917,35.82188949499046],[139.10627871300642,35.823405935073055],[139.1047202766774,35.82832662840231],[139.1012809689168,35.83097266160766],[139.10468445055488,35.831854672676116],[139.10717436606907,35.83528987367956],[139.10701314851778,35.8409842609285],[139.11213628403615,35.84824150989523],[139.1094851509707,35.851057755762916],[139.11170637056608,35.85342525915718],[139.10815958443797,35.85608676624093],[139.10240949177575,35.85771152347228],[139.1023915787145,35.86150262367878],[139.10077940320173,35.86331306745087],[139.10074357707921,35.86648521252161]]]],"type":"MultiPolygon"},"id":"geoshape:13:1935-12-31:2384be550d2d17ad7a84","properties":{"administrativeCode":"13000","jurisdictionId":"geoshape:13:1935-12-31:2384be550d2d17ad7a84","municipalityName":"古里村","parentJurisdictionName":"西多摩郡","prefectureName":"東京府","snapshotDate":"1935-12-31","sourceDataset":"historical-administrative-areas-beta","sourceEndYear":1954,"sourceProvider":"Geoshape","sourceResourceId":"gci:13B0030005","sourceStartYear":1889},"type":"Feature"},{"geometry":{"coordinates":[[[[139.2802682769574,34.532250048009445],[139.28463906390314,34.53207983534712],[139.2878634149287,34.53074908180524],[139.29191176677188,34.527375776315374],[139.29291489820207,34.52404889246069],[139.29081907003544,34.52081485187637],[139.2806086251212,34.511979267313464],[139.27645279491048,34.51105083460983],[139.2714908769434,34.513062438801036],[139.267711221019,34.51737965087293],[139.26706635081388,34.52093864290352],[139.2678186993865,34.525689123570444],[139.2726373128636,34.53122877203545],[139.27555714184783,34.53218815249587],[139.2802682769574,34.532250048009445]]]],"type":"MultiPolygon"},"id":"geoshape:13:1935-12-31:24e5ccb63153d8884b4c","properties":{"administrativeCode":"13362","jurisdictionId":"geoshape:13:1935-12-31:24e5ccb63153d8884b4c","municipalityName":"利島村","prefectureName":"東京府","snapshotDate":"1935-12-31","sourceDataset":"historical-administrative-areas-beta","sourceEndYear":2006,"sourceProvider":"Geoshape","sourceResourceId":"gci:13362A1968","sourceStartYear":1889},"type":"Feature"},{"geometry":{"coordinates":[[[[139.39514473877327,34.749224770848414],[139.40958266614325,34.72008745783274],[139.40603588001514,34.718694808777286],[139.4035280514397,34.70920932132184],[139.3987990032689,34.69938340854173],[139.39518056489578,34.692915327373086],[139.3900574293774,34.68889211899068],[139.39007534243865,34.687762525867925],[139.3868509914131,34.68954202188322],[139.3846835110015,34.693302174332935],[139.38020524568822,34.69525188301056],[139.37730332976523,34.69534472628092],[139.3721622811856,34.69938340854173],[139.36630471015584,34.69997141592069],[139.36275792402773,34.70162712090884],[139.35931861626716,34.70150332988169],[139.36145027055628,34.71122092551305],[139.35482243789264,34.717271211965055],[139.35387304564622,34.718834073682835],[139.35390887176874,34.72547236751381],[139.35509113381144,34.73088822495166],[139.35878122442955,34.735391123564284],[139.35856626769453,34.73811452616161],[139.36080540035115,34.73732535836352],[139.3596052252472,34.73571607501056],[139.3622026191289,34.73436984759029],[139.37012019220276,34.73546849295625],[139.37309376037075,34.736721877106156],[139.38144124691468,34.737371779998696],[139.38368037957133,34.74131761898914],[139.38862438447717,34.74650136825109],[139.39172334407394,34.74704295399488],[139.39514473877327,34.749224770848414]]]],"type":"MultiPolygon"},"id":"geoshape:13:1935-12-31:25c4b7071bacc1699fce","properties":{"administrativeCode":"13000","jurisdictionId":"geoshape:13:1935-12-31:25c4b7071bacc1699fce","municipalityName":"野増村","prefectureName":"東京府","snapshotDate":"1935-12-31","sourceDataset":"historical-administrative-areas-beta","sourceEndYear":1954,"sourceProvider":"Geoshape","sourceResourceId":"gci:13B0010022","sourceStartYear":1889},"type":"Feature"},{"geometry":{"coordinates":[[[[139.39419534652686,35.608319025398146],[139.39539552163083,35.61098053248189],[139.39921100367772,35.61283739788916],[139.40128891878308,35.615019214742695],[139.4013963971506,35.617247453231414],[139.40497900940122,35.62086834077558],[139.41250249512748,35.62517007896908],[139.415368584928,35.625680716956076],[139.4169628473795,35.62786253380961],[139.42240841800043,35.62835769791822],[139.4248625073921,35.63030740659585],[139.4300572951555,35.63255111896296],[139.4284988588265,35.63556852524977],[139.4234115494306,35.64072132675493],[139.4179122396259,35.64308883014919],[139.41477745390662,35.64701919526124],[139.4172673694208,35.6491236427228],[139.42690459637495,35.64376968079852],[139.42858842413276,35.645966971530456],[139.43335329842606,35.64810236674881],[139.4341772992437,35.65082576934613],[139.43752704169802,35.649881862764104],[139.43942582619084,35.65729385051477],[139.4415037412962,35.65837702200234],[139.4621037617372,35.65286832129412],[139.4724575111415,35.64944859416907],[139.474051773593,35.64935575089871],[139.47403386053176,35.64720488180196],[139.46885698582963,35.64428031878552],[139.4691256817484,35.639994054470414],[139.4713110752213,35.63335576063944],[139.46889281195212,35.63156079074575],[139.46480863398642,35.63019908944709],[139.4653997650078,35.62872907099967],[139.46396672010755,35.624473754441354],[139.46231871847226,35.624907023036386],[139.46124393479707,35.622508571885334],[139.45694480009635,35.618965053733135],[139.45282479600814,35.61812946429986],[139.45225157804805,35.61573101314882],[139.44888392253247,35.611738752523195],[139.44598200660946,35.608860611141935],[139.43861973843445,35.61006757365665],[139.43664930169663,35.607127536761816],[139.43441016903998,35.60601341751746],[139.4284988588265,35.60848923806048],[139.42640303065986,35.605812257098336],[139.4234115494306,35.607173958397],[139.4172315432983,35.61195538682071],[139.41286075635256,35.612249390510186],[139.4104424930834,35.61005209977826],[139.40823918654925,35.612357707658944],[139.40146804939562,35.6089225066555],[139.3986019595951,35.61056273776526],[139.39419534652686,35.608319025398146]]]],"type":"MultiPolygon"},"id":"geoshape:13:1935-12-31:286e0e7cc1b0b1a84e47","properties":{"administrativeCode":"13000","jurisdictionId":"geoshape:13:1935-12-31:286e0e7cc1b0b1a84e47","municipalityName":"多摩村","parentJurisdictionName":"南多摩郡","prefectureName":"東京府","snapshotDate":"1935-12-31","sourceDataset":"historical-administrative-areas-beta","sourceEndYear":1963,"sourceProvider":"Geoshape","sourceResourceId":"gci:13B0070012","sourceStartYear":1889},"type":"Feature"},{"geometry":{"coordinates":[[[[139.27707975205436,35.65023776196716],[139.2801607985899,35.647901206329685],[139.28291941002286,35.647684572032176],[139.282292452879,35.64615265807118],[139.28589297819084,35.64734414670751],[139.2840837590043,35.645549176813816],[139.28533767329202,35.64412558000158],[139.28628706553843,35.63980836792969],[139.2825969749203,35.63853950990139],[139.28098479940752,35.634346088856645],[139.2774380132794,35.63431514109986],[139.2775992308307,35.628821914270034],[139.27536009817405,35.62684125783562],[139.27304931327242,35.6185317851381],[139.2702727887782,35.61717008383944],[139.26925174428678,35.61280645013237],[139.2690009614292,35.60943314464251],[139.26602739326123,35.607761965775964],[139.26497052264727,35.6023615822165],[139.26341208631825,35.6021140001622],[139.25780529814605,35.604125604353406],[139.25235972752512,35.60151051890484],[139.2470574613942,35.60522424971937],[139.2388532793403,35.60686448082912],[139.23808301770643,35.60971167445359],[139.23213588137043,35.61288381952434],[139.23027292300011,35.614616893904454],[139.2308819670827,35.61704629281229],[139.22613500585064,35.62370006052166],[139.21999082584085,35.62571166471287],[139.22222995849748,35.629224235108275],[139.21667690950903,35.634732935816494],[139.21470647277118,35.64121649086353],[139.21594247399764,35.64545633354345],[139.21354212378975,35.6478702585729],[139.20766663969874,35.64958785907462],[139.2051588111233,35.65163041102261],[139.19808315192836,35.65279095190215],[139.19622019355802,35.65122809018437],[139.19407062620766,35.6516613587794],[139.19217184171484,35.654616869552626],[139.19433932212647,35.65717005948762],[139.1966859331506,35.65655110435186],[139.19953410988984,35.65768069747462],[139.2171068229791,35.65563814552662],[139.22083273971973,35.65641183944632],[139.22457656952162,35.654910873242116],[139.2258842229931,35.65302306007806],[139.23124022830777,35.65029965748074],[139.23240457728923,35.65111977303562],[139.23659623362244,35.650531765656645],[139.23860249648277,35.6519244147121],[139.24340319689858,35.648937956182074],[139.2472186789455,35.643862524068886],[139.2503892907873,35.643692311406554],[139.25280755405646,35.645796758868116],[139.25570946997945,35.644110106123186],[139.260420605089,35.64677161320694],[139.26310756427696,35.64536349027309],[139.26688722020137,35.646307396855114],[139.2695741793893,35.64981996725053],[139.27396287939632,35.65079482158934],[139.27707975205436,35.65023776196716]]]],"type":"MultiPolygon"},"id":"geoshape:13:1935-12-31:29a835d6aeca48965aff","properties":{"administrativeCode":"13000","jurisdictionId":"geoshape:13:1935-12-31:29a835d6aeca48965aff","municipalityName":"浅川町","parentJurisdictionName":"南多摩郡","prefectureName":"東京府","snapshotDate":"1935-12-31","sourceDataset":"historical-administrative-areas-beta","sourceEndYear":1958,"sourceProvider":"Geoshape","sourceResourceId":"gci:13B0070011","sourceStartYear":1927},"type":"Feature"},{"geometry":{"coordinates":[[[[139.27707975205436,35.65023776196716],[139.27396287939632,35.65079482158934],[139.2695741793893,35.64981996725053],[139.26688722020137,35.646307396855114],[139.26310756427696,35.64536349027309],[139.260420605089,35.64677161320694],[139.25570946997945,35.644110106123186],[139.25280755405646,35.645796758868116],[139.2503892907873,35.643692311406554],[139.2472186789455,35.643862524068886],[139.24340319689858,35.648937956182074],[139.24587519935153,35.65110429915722],[139.24983398588844,35.65076387383255],[139.2504967691548,35.65257431760464],[139.25526164344814,35.655823832067355],[139.25699921038967,35.65927450694919],[139.25936373447507,35.65896502938131],[139.26144164958043,35.66196696178972],[139.26145956264168,35.66558784933389],[139.2646480875447,35.66713523717328],[139.26427191325843,35.66928610627003],[139.27124009408584,35.671560766393924],[139.2754138373578,35.67928223171247],[139.2752347067453,35.68338280948685],[139.28112810389754,35.68558010021878],[139.28417332431056,35.685827682273086],[139.2975902071891,35.68214489921534],[139.30092203658216,35.6802261382945],[139.304307605159,35.67674451565588],[139.30561525863047,35.67301531096295],[139.31183109088528,35.668930207066964],[139.31195648231406,35.668852837675],[139.31150865578275,35.66348340187232],[139.30912621863607,35.66139442828915],[139.30760360842956,35.66260139080387],[139.30138777617475,35.66230738711439],[139.29352394228465,35.6610075813293],[139.28707524023355,35.658949555502915],[139.2829373230841,35.65617973127041],[139.28014288552862,35.65084124322452],[139.27820827491328,35.65176967592816],[139.27707975205436,35.65023776196716]]]],"type":"MultiPolygon"},"id":"geoshape:13:1935-12-31:2a9ea44a81dd2117a0c6","properties":{"administrativeCode":"13000","jurisdictionId":"geoshape:13:1935-12-31:2a9ea44a81dd2117a0c6","municipalityName":"元八王子村","parentJurisdictionName":"南多摩郡","prefectureName":"東京府","snapshotDate":"1935-12-31","sourceDataset":"historical-administrative-areas-beta","sourceEndYear":1954,"sourceProvider":"Geoshape","sourceResourceId":"gci:13B0070005","sourceStartYear":1889},"type":"Feature"},{"geometry":{"coordinates":[[[[139.43055886087058,35.70376190733159],[139.42797938005015,35.70362264242604],[139.4255432037197,35.70427254531859],[139.42479085514708,35.70739826875415],[139.42174563473407,35.70708879118627],[139.42190685228536,35.711050104055104],[139.41975728493497,35.71188569348837],[139.41809137023844,35.71044662279775],[139.41499241064167,35.7118083240964],[139.41386388778272,35.7105549399465],[139.41037084083837,35.712257066569826],[139.41273536492378,35.70913134313426],[139.41447293186533,35.70387022448034],[139.4130398869651,35.70041954959851],[139.41160684206483,35.7017038815052],[139.40050074408794,35.70151819496448],[139.39355047632176,35.70363811630443],[139.3984586551051,35.711607163677286],[139.39595082652966,35.71287602170558],[139.3946073469357,35.711328633866195],[139.3915442134614,35.71528994673503],[139.38964542896858,35.71412940585549],[139.38724507876069,35.71668259579047],[139.3886422975384,35.71765745012929],[139.38552542488037,35.720117796793915],[139.38224733467106,35.72004042740195],[139.37911254895178,35.721711606268485],[139.381817421201,35.723026885931965],[139.3800619411982,35.725564601988566],[139.37710628609145,35.72373868433809],[139.37599567629377,35.72534796769105],[139.37368489139212,35.7249611207312],[139.3701022791415,35.72443500886581],[139.37049636648908,35.72604429221877],[139.36569566607324,35.72516228115032],[139.3621667930064,35.72629187427307],[139.36214887994515,35.723970792513995],[139.35824383259197,35.72554912811017],[139.35489409013766,35.72519322890711],[139.35546730809776,35.726601351840955],[139.3529236533998,35.72873674705931],[139.35229669625596,35.73294564198244],[139.35276243584855,35.73624157808034],[139.35919322483838,35.73758780550061],[139.35982018198223,35.73992436113808],[139.36546279627694,35.738949506799266],[139.36927827832386,35.73588567887728],[139.37015601832525,35.73730927568951],[139.37821689588912,35.73491082453847],[139.37875428772674,35.73345627996944],[139.38153081222094,35.73505008944401],[139.38351916202004,35.733425332212654],[139.38454020651147,35.73562262294458],[139.38986038570363,35.733564597118196],[139.38986038570363,35.733564597118196],[139.39134716978762,35.73390502244286],[139.38500594610406,35.737897283068484],[139.38516716365532,35.74298818906007],[139.38753168774073,35.73932087988072],[139.39571795673336,35.733827653050895],[139.3983870028601,35.73531314537671],[139.40010665674038,35.73393597019965],[139.4070031853228,35.733440806091046],[139.40942144859196,35.7325587950226],[139.4148670192129,35.73296111586083],[139.41671206452196,35.732125526427566],[139.4269583355587,35.73108877657518],[139.42672546576242,35.730098448357964],[139.4235727669819,35.730284134898696],[139.43401608169242,35.727235780855096],[139.4355566049602,35.724759960312085],[139.44614322416075,35.72288762102642],[139.4441727874229,35.711065577933496],[139.4418082633375,35.71575416308684],[139.43679260618666,35.71481025650482],[139.43331747230354,35.71945242002298],[139.43163364454577,35.71782766279162],[139.42840929352022,35.717394394196596],[139.43595069230776,35.7039785416291],[139.43055886087058,35.70376190733159]]]],"type":"MultiPolygon"},"id":"geoshape:13:1935-12-31:2cc9628c5acc2820f90e","properties":{"administrativeCode":"13000","jurisdictionId":"geoshape:13:1935-12-31:2cc9628c5acc2820f90e","municipalityName":"砂川村","parentJurisdictionName":"北多摩郡","prefectureName":"東京府","snapshotDate":"1935-12-31","sourceDataset":"historical-administrative-areas-beta","sourceEndYear":1953,"sourceProvider":"Geoshape","sourceResourceId":"gci:13B0090009","sourceStartYear":1889},"type":"Feature"},{"geometry":{"coordinates":[[[[139.48220221646315,34.08428126850667],[139.48352778299588,34.082223242680286],[139.48800604830916,34.08197566062598],[139.48986900667947,34.08333736192464],[139.49456222872777,34.084064634209156],[139.4961923173018,34.083105253748734],[139.50367997690557,34.082965988843185],[139.50538171772462,34.07949984008296],[139.51093476671306,34.072072378453896],[139.51306642100218,34.07137605392617],[139.51822538264307,34.07179384864281],[139.5174551210092,34.069983404870726],[139.51697146835534,34.053813201949126],[139.51605790223144,34.048118814700175],[139.5131738993697,34.04873776983593],[139.50688641486988,34.04767007222675],[139.50310675894548,34.045921523968246],[139.49846727608093,34.046834482793486],[139.4954937079129,34.048768717592715],[139.4927888356637,34.048366396754474],[139.4889733536168,34.052064653690614],[139.48155734625806,34.05242055289367],[139.48037508421535,34.05761977603402],[139.47845838666126,34.057975675237074],[139.47784934257865,34.06377837963478],[139.4818439552381,34.067476636570916],[139.4798914315615,34.06780158801719],[139.47962273564272,34.07134510616939],[139.4752340356357,34.073232919333435],[139.4732635988979,34.07750370977015],[139.47818969074248,34.08018069073229],[139.48220221646315,34.08428126850667]]]],"type":"MultiPolygon"},"id":"geoshape:13:1935-12-31:2d8222e50c675ecfd8db","properties":{"administrativeCode":"13000","jurisdictionId":"geoshape:13:1935-12-31:2d8222e50c675ecfd8db","municipalityName":"阿古村","prefectureName":"東京府","snapshotDate":"1935-12-31","sourceDataset":"historical-administrative-areas-beta","sourceEndYear":1955,"sourceProvider":"Geoshape","sourceResourceId":"gci:13B0010001","sourceStartYear":1889},"type":"Feature"},{"geometry":{"coordinates":[[[[139.27729470878938,34.3240799619766],[139.27527053286778,34.32726758092574],[139.2802324508349,34.32548808491045],[139.27729470878938,34.3240799619766]]],[[[139.22744265932212,34.3670663961548],[139.22654700625947,34.367809142317704],[139.22792631197595,34.37116697392918],[139.22430787360284,34.37328689526913],[139.22482735237918,34.37546871212267],[139.22948474830497,34.37237393644389],[139.22744265932212,34.3670663961548]]],[[[139.2981992512717,34.46941062785191],[139.29216254962944,34.469797474811756],[139.2922521149357,34.47106633284005],[139.28829332839877,34.47631197761558],[139.29536898759372,34.4742230040324],[139.29932777413066,34.471205597745595],[139.2981992512717,34.46941062785191]]],[[[139.28806045860247,34.410192095238536],[139.28352845410546,34.41037778177926],[139.2784053185871,34.40746869264121],[139.27629157735922,34.40949577071081],[139.27613035980795,34.412018012889014],[139.27312096551742,34.406911633019035],[139.2694667010218,34.416505437623236],[139.27222531245476,34.41679944131272],[139.2761482728692,34.415577004919605],[139.27879940593465,34.41706249724542],[139.28087732104,34.4206524370328],[139.28171923491888,34.42431974621215],[139.2803757553249,34.429395178325336],[139.2785486230771,34.43128299148939],[139.28331349737041,34.4302617155154],[139.28782758880618,34.4274764174045],[139.2884366328888,34.42529460055096],[139.2911056790155,34.42356152617084],[139.29105193983173,34.41896578428786],[139.286609500641,34.4140760387154],[139.2862154132934,34.41181685246989],[139.28806045860247,34.410192095238536]]],[[[139.21216281807327,34.33670664674601],[139.21488560338372,34.33416893068941],[139.22686944136203,34.33017667006379],[139.22568717931932,34.32578208859993],[139.22400335156152,34.32343005908406],[139.2197758691058,34.32253257413721],[139.21746508420415,34.320056753594194],[139.21730386665288,34.317271455483294],[139.21388247195355,34.31792135837584],[139.21286142746212,34.31612638848215],[139.20988785929413,34.31806062328138],[139.20712924786113,34.31781304122708],[139.20732629153494,34.32115539896016],[139.20320628744673,34.32140298101446],[139.20139706826018,34.316544183198786],[139.1980294127446,34.31620375787412],[139.19478714865778,34.3185248396332],[139.19416019151393,34.32067570872995],[139.1956648886592,34.32290394721866],[139.20078802417757,34.325580928180806],[139.2005909805038,34.32948034553607],[139.2045497670407,34.32680336457393],[139.20632316010477,34.329929088009486],[139.20850855357764,34.33132173706494],[139.20684263888108,34.333255971864176],[139.2091355107215,34.336629277354035],[139.21216281807327,34.33670664674601]]]],"type":"MultiPolygon"},"id":"geoshape:13:1935-12-31:2e5378d6d33c61edf8ca","properties":{"administrativeCode":"13000","jurisdictionId":"geoshape:13:1935-12-31:2e5378d6d33c61edf8ca","municipalityName":"若郷村","prefectureName":"東京府","snapshotDate":"1935-12-31","sourceDataset":"historical-administrative-areas-beta","sourceEndYear":1953,"sourceProvider":"Geoshape","sourceResourceId":"gci:13B0010011","sourceStartYear":1889},"type":"Feature"},{"geometry":{"coordinates":[[[[139.38522090283908,35.691336382981305],[139.38900055876348,35.69353367371323],[139.3885706452934,35.69542148687729],[139.39012908162243,35.69887216175912],[139.39270856244286,35.69911974381343],[139.39355047632176,35.70363811630443],[139.40050074408794,35.70151819496448],[139.41160684206483,35.7017038815052],[139.4130398869651,35.70041954959851],[139.41447293186533,35.70387022448034],[139.41273536492378,35.70913134313426],[139.41037084083837,35.712257066569826],[139.41386388778272,35.7105549399465],[139.41499241064167,35.7118083240964],[139.41809137023844,35.71044662279775],[139.41975728493497,35.71188569348837],[139.42190685228536,35.711050104055104],[139.42174563473407,35.70708879118627],[139.42479085514708,35.70739826875415],[139.4255432037197,35.70427254531859],[139.42797938005015,35.70362264242604],[139.42561485596474,35.70173482926199],[139.42710164004873,35.69837699765052],[139.43147242699447,35.69695340083828],[139.42980651229794,35.69399789006505],[139.4312753833207,35.693425356564475],[139.43140077474948,35.6903305808857],[139.42831972821395,35.69125901358933],[139.42548946453596,35.686740641098325],[139.42126198208024,35.68834992445129],[139.41690910819574,35.683073331918976],[139.41346980043517,35.683692287054726],[139.39595082652966,35.68887603631668],[139.38522090283908,35.691336382981305]]]],"type":"MultiPolygon"},"id":"geoshape:13:1935-12-31:3642f69b1ddfb5353842","properties":{"administrativeCode":"13000","jurisdictionId":"geoshape:13:1935-12-31:3642f69b1ddfb5353842","municipalityName":"立川町","parentJurisdictionName":"北多摩郡","prefectureName":"東京府","snapshotDate":"1935-12-31","sourceDataset":"historical-administrative-areas-beta","sourceEndYear":1939,"sourceProvider":"Geoshape","sourceResourceId":"gci:13C0080006","sourceStartYear":1923},"type":"Feature"},{"geometry":{"coordinates":[[[[139.38663603467808,35.59788963136067],[139.3896812550911,35.59533644142568],[139.3896812550911,35.59533644142568],[139.39258317101408,35.58537126374002],[139.39011116856116,35.58599021887578],[139.3891438632535,35.58826487899968],[139.38430733671518,35.58863625208113],[139.3793812448706,35.590137218285335],[139.3750641971086,35.59434611320847],[139.37012019220276,35.59445443035723],[139.36938575669137,35.595429284696046],[139.36232801055766,35.59917396326736],[139.358387137082,35.59850858649643],[139.35475078564764,35.600551138444416],[139.34412834032457,35.60246989936526],[139.33997251011385,35.605533727287245],[139.33794833419225,35.604342238650915],[139.3303711092822,35.60324359328495],[139.32694971458287,35.603847074542315],[139.32143249171693,35.60630742120694],[139.31489422435956,35.60550277953046],[139.31432100639947,35.60429581701574],[139.3048449969966,35.60469813785398],[139.29920238270188,35.606230051814975],[139.2965691626977,35.60986641323753],[139.29234168024195,35.611320957806555],[139.28277610553283,35.613162349335425],[139.2794263630785,35.61138285332014],[139.27424948837637,35.611073375752255],[139.2690009614292,35.60943314464251],[139.26925174428678,35.61280645013237],[139.2740524447026,35.61387414774155],[139.27661401246178,35.616582076460475],[139.27783210062697,35.619460217841734],[139.28189836553142,35.61986253867998],[139.28727228390736,35.62188961674958],[139.28926063370642,35.62020296400465],[139.29318359412085,35.6210695011947],[139.2946882912661,35.61715460996105],[139.29355976840716,35.61548343109451],[139.29959647004944,35.61616428174384],[139.3025521251562,35.61523584904021],[139.30894708802356,35.61611786010866],[139.31596900803476,35.612914767281126],[139.31747370518,35.61512753189145],[139.3223639709021,35.614864475958754],[139.3303711092822,35.61630354664939],[139.33422241745163,35.61413720367425],[139.33728555092588,35.61443120736373],[139.33780502970222,35.622895418845175],[139.3396859011338,35.62190509062797],[139.34147720725912,35.61953758723371],[139.3395784227663,35.61704629281229],[139.34043824970644,35.614508576755696],[139.3466003427775,35.61009852141344],[139.34733477828885,35.60875229399318],[139.35179513054086,35.608721346236386],[139.35358643666618,35.60735964493772],[139.35745565789685,35.60706564124824],[139.36087705259618,35.60536351462491],[139.36553444852197,35.608984402169085],[139.37123080200044,35.60595152200388],[139.3730758473095,35.6041410782318],[139.37701672078518,35.60411013047501],[139.38144124691468,35.60217589567578],[139.38663603467808,35.59788963136067]]]],"type":"MultiPolygon"},"id":"geoshape:13:1935-12-31:36d22e4f59c06d7caee6","properties":{"administrativeCode":"13000","jurisdictionId":"geoshape:13:1935-12-31:36d22e4f59c06d7caee6","municipalityName":"堺村","parentJurisdictionName":"南多摩郡","prefectureName":"東京府","snapshotDate":"1935-12-31","sourceDataset":"historical-administrative-areas-beta","sourceEndYear":1957,"sourceProvider":"Geoshape","sourceResourceId":"gci:13B0070006","sourceStartYear":1889},"type":"Feature"},{"geometry":{"coordinates":[[[[139.44462061395424,34.73452458637423],[139.44170078496998,34.73758841429621],[139.43648808414534,34.736845668133306],[139.43577156169522,34.727499445583405],[139.43020059964553,34.72720544189392],[139.42385937596194,34.72570447568972],[139.40958266614325,34.72008745783274],[139.39514473877327,34.749224770848414],[139.39767048040997,34.753418191893154],[139.39953343878028,34.75349556128512],[139.4004828310267,34.75580116916581],[139.39971256939282,34.76819574575931],[139.39722265387863,34.77266769661514],[139.3968106534698,34.77915125166217],[139.40041117878167,34.77950715086523],[139.40587466246387,34.787383354967716],[139.40779136001794,34.786300183480144],[139.41182179879988,34.78705840352144],[139.41832424003474,34.781828232624314],[139.4220322437141,34.781843706502706],[139.42667172657866,34.77698490868703],[139.43288755883347,34.772776013763895],[139.43546703965393,34.770238297707294],[139.43930043476206,34.761201552725275],[139.44316965599273,34.74730600992757],[139.44544461477187,34.747398853197936],[139.4479166172248,34.744350499154336],[139.4485614874299,34.7378669441073],[139.44462061395424,34.73452458637423]]]],"type":"MultiPolygon"},"id":"geoshape:13:1935-12-31:38bd03aa1e65e5bcae77","properties":{"administrativeCode":"13000","jurisdictionId":"geoshape:13:1935-12-31:38bd03aa1e65e5bcae77","municipalityName":"泉津村","prefectureName":"東京府","snapshotDate":"1935-12-31","sourceDataset":"historical-administrative-areas-beta","sourceEndYear":1954,"sourceProvider":"Geoshape","sourceResourceId":"gci:13B0010014","sourceStartYear":1889},"type":"Feature"},{"geometry":{"coordinates":[[[[139.30912621863607,35.66139442828915],[139.30480917087408,35.65915071592204],[139.30334029985133,35.65732479827156],[139.3074423908783,35.65378128011936],[139.31269091782545,35.65653563047347],[139.31539579007466,35.65638089168953],[139.31788570558882,35.64952596356105],[139.32032188191923,35.64955691131783],[139.32085927375684,35.646725191571754],[139.31691840028117,35.644589796353394],[139.3178498794663,35.64117006922835],[139.31555700762593,35.64008689774078],[139.31498378966583,35.636079163236765],[139.3169004872199,35.63611011099355],[139.31561074680968,35.63261301447653],[139.31691840028117,35.631994059340784],[139.3186201411002,35.626469884754165],[139.3184230974264,35.6230965792643],[139.3201785774292,35.62037317666697],[139.31747370518,35.61512753189145],[139.31596900803476,35.612914767281126],[139.30894708802356,35.61611786010866],[139.3025521251562,35.61523584904021],[139.29959647004944,35.61616428174384],[139.29355976840716,35.61548343109451],[139.2946882912661,35.61715460996105],[139.29318359412085,35.6210695011947],[139.28926063370642,35.62020296400465],[139.28727228390736,35.62188961674958],[139.28189836553142,35.61986253867998],[139.27783210062697,35.619460217841734],[139.27661401246178,35.616582076460475],[139.2740524447026,35.61387414774155],[139.26925174428678,35.61280645013237],[139.2702727887782,35.61717008383944],[139.27304931327242,35.6185317851381],[139.27536009817405,35.62684125783562],[139.2775992308307,35.628821914270034],[139.2774380132794,35.63431514109986],[139.28098479940752,35.634346088856645],[139.2825969749203,35.63853950990139],[139.28628706553843,35.63980836792969],[139.28533767329202,35.64412558000158],[139.2840837590043,35.645549176813816],[139.28589297819084,35.64734414670751],[139.282292452879,35.64615265807118],[139.28291941002286,35.647684572032176],[139.2801607985899,35.647901206329685],[139.27707975205436,35.65023776196716],[139.27820827491328,35.65176967592816],[139.28014288552862,35.65084124322452],[139.2829373230841,35.65617973127041],[139.28707524023355,35.658949555502915],[139.29352394228465,35.6610075813293],[139.30138777617475,35.66230738711439],[139.30760360842956,35.66260139080387],[139.30912621863607,35.66139442828915]]]],"type":"MultiPolygon"},"id":"geoshape:13:1935-12-31:3eaf3fd004976c12c1df","properties":{"administrativeCode":"13000","jurisdictionId":"geoshape:13:1935-12-31:3eaf3fd004976c12c1df","municipalityName":"横山村","parentJurisdictionName":"南多摩郡","prefectureName":"東京府","snapshotDate":"1935-12-31","sourceDataset":"historical-administrative-areas-beta","sourceEndYear":1954,"sourceProvider":"Geoshape","sourceResourceId":"gci:13B0070002","sourceStartYear":1889},"type":"Feature"},{"geometry":{"coordinates":[[[[139.2914102010568,35.71366518950367],[139.2854272385983,35.71340213357097],[139.27657818633926,35.714052036463514],[139.27403453164132,35.7150887863159],[139.27170583367842,35.71428414463942],[139.2711147026571,35.71098820854153],[139.26746043816146,35.71024546237862],[139.2650421748923,35.70968840275644],[139.25730373243098,35.71188569348837],[139.2568021667159,35.71247370086734],[139.26063556182405,35.71805977096753],[139.26063556182405,35.72098433398398],[139.26523921856608,35.72443500886581],[139.26728130754893,35.731692257832535],[139.26677974183383,35.732481425630624],[139.27815453572953,35.733827653050895],[139.2838150630855,35.73146014965663],[139.28342097573793,35.72787020986925],[139.28890237248137,35.7277309449637],[139.28952932962522,35.723816053730054],[139.29158933166934,35.72403268802757],[139.29196550595566,35.72154139360615],[139.28827541533752,35.71886441264401],[139.28929645982893,35.71634217046581],[139.29132063575054,35.71706944275032],[139.29015628676908,35.714609096085695],[139.2914102010568,35.71366518950367]]]],"type":"MultiPolygon"},"id":"geoshape:13:1935-12-31:4690982c1f46d519008d","properties":{"administrativeCode":"13000","jurisdictionId":"geoshape:13:1935-12-31:4690982c1f46d519008d","municipalityName":"西秋留村","parentJurisdictionName":"西多摩郡","prefectureName":"東京府","snapshotDate":"1935-12-31","sourceDataset":"historical-administrative-areas-beta","sourceEndYear":1954,"sourceProvider":"Geoshape","sourceResourceId":"gci:13B0030014","sourceStartYear":1889},"type":"Feature"},{"geometry":{"coordinates":[[[[139.42672546576242,35.730098448357964],[139.4269583355587,35.73108877657518],[139.41671206452196,35.732125526427566],[139.4148670192129,35.73296111586083],[139.414025105334,35.73650463401303],[139.41121275471727,35.73746401447345],[139.4121979730862,35.7386090814746],[139.41062162369593,35.74116227140959],[139.41033501471588,35.74807909505165],[139.40712857675157,35.74851236364668],[139.4072002289966,35.75273673244821],[139.40969014451076,35.75716226166886],[139.40743309879286,35.76093788799697],[139.40485361797244,35.76226864153884],[139.40316979021466,35.761324734956816],[139.39306682366794,35.76294949218817],[139.39286977999413,35.7636303428375],[139.39820787224755,35.76475993596026],[139.40080526612925,35.76873672270748],[139.40496109633995,35.76937115172163],[139.40985136206203,35.76901525251857],[139.4197214588125,35.766199006650886],[139.4221934612654,35.76821061084209],[139.4277644233151,35.76674059239467],[139.43200981883209,35.76661680136752],[139.43625521434905,35.76745239080079],[139.4386018253732,35.769216412937695],[139.44080513190733,35.76697270057058],[139.43994530496718,35.76398624204056],[139.44069765353981,35.759978507536545],[139.4447818315055,35.75532087013999],[139.44634026783453,35.7555684521943],[139.44838235681738,35.74772319584859],[139.45130218580164,35.74660907660424],[139.4508901853928,35.7421525996268],[139.45140966416915,35.736984324243245],[139.44698513803965,35.73497272005204],[139.44214861150132,35.73636536910749],[139.42855259801024,35.72989728793885],[139.42672546576242,35.730098448357964]]]],"type":"MultiPolygon"},"id":"geoshape:13:1935-12-31:47fafda52f3674a7419b","properties":{"administrativeCode":"13000","jurisdictionId":"geoshape:13:1935-12-31:47fafda52f3674a7419b","municipalityName":"大和村","parentJurisdictionName":"北多摩郡","prefectureName":"東京府","snapshotDate":"1935-12-31","sourceDataset":"historical-administrative-areas-beta","sourceEndYear":1953,"sourceProvider":"Geoshape","sourceResourceId":"gci:13B0090026","sourceStartYear":1919},"type":"Feature"},{"geometry":{"coordinates":[[[[139.59673833011522,33.89939936945661],[139.6007150297134,33.90076107075527],[139.6049962513529,33.900745596876874],[139.60988651707498,33.898532832266554],[139.61604861014604,33.893008657679935],[139.61816235137388,33.89243612417936],[139.62427070526118,33.88534908787497],[139.63202706078377,33.87140712344208],[139.6310955815986,33.86713633300538],[139.6283907093494,33.862231113554515],[139.62615157669276,33.85967792361952],[139.62436027056745,33.85567018911551],[139.62058061464305,33.85200287993616],[139.60644720931438,33.854432278844],[139.5981534619542,33.8546798608983],[139.59206302112818,33.85426206618167],[139.58246162029653,33.857882953725834],[139.57882526886218,33.86042066978243],[139.57678317987933,33.86696612034304],[139.5775534415132,33.87072627279275],[139.5769443974306,33.87911311488224],[139.57830579008584,33.88240905098013],[139.58246162029653,33.88847481131053],[139.59222423867945,33.898300724090646],[139.59673833011522,33.89939936945661]]]],"type":"MultiPolygon"},"id":"geoshape:13:1935-12-31:4a0bea8de4d98f757492","properties":{"administrativeCode":"13382","jurisdictionId":"geoshape:13:1935-12-31:4a0bea8de4d98f757492","municipalityName":"御蔵島村","prefectureName":"東京府","snapshotDate":"1935-12-31","sourceDataset":"historical-administrative-areas-beta","sourceEndYear":2006,"sourceProvider":"Geoshape","sourceResourceId":"gci:13382A1968","sourceStartYear":1889},"type":"Feature"},{"geometry":{"coordinates":[[[[139.5280954793935,35.68359944378436],[139.5251935634705,35.690021103317825],[139.52847165367982,35.69070195396715],[139.53230504878798,35.68865940201916],[139.53140939572532,35.69481800561992],[139.53400678960702,35.69503463991744],[139.53375600674946,35.698949531151094],[139.53586974797733,35.69857815806964],[139.5360667916511,35.69518937870138],[139.54199601492587,35.69520485257977],[139.54197810186463,35.69693792695989],[139.55054054514358,35.69491084889029],[139.5496986312647,35.707135212821456],[139.5701911733382,35.69928995647575],[139.5725915235461,35.698841214002336],[139.57656822314428,35.701688407626804],[139.57973883498607,35.69902690054306],[139.5846111876469,35.69732477391973],[139.5867786680585,35.69415262884899],[139.59351397908966,35.68940214818207],[139.59054041092168,35.686864432125475],[139.59365728357972,35.68431124219048],[139.594033457866,35.68229963799928],[139.58649205907847,35.68296501477022],[139.58530979703576,35.682222268607305],[139.5886953656126,35.67905012353656],[139.58652788520098,35.677007571588575],[139.58699362479356,35.67477933309985],[139.58269449009282,35.67443890777518],[139.58238996805153,35.67323194526047],[139.58871327867385,35.67058591205511],[139.58901780071517,35.668837363796605],[139.58527397091328,35.67134413209641],[139.58054492274246,35.67049306878475],[139.5784311815146,35.672241617043255],[139.57864613824964,35.667398293105975],[139.58210335907148,35.66518552849565],[139.57821622477957,35.662632338560655],[139.57574422232665,35.65976967105779],[139.5749560476315,35.662384756506356],[139.57248404517858,35.664334465183984],[139.5680595190491,35.66373098392663],[139.56582038639243,35.66478320765741],[139.56451273292097,35.66897662870215],[139.5641902978184,35.673402157922794],[139.56100177291538,35.682903119256636],[139.55677429045966,35.682640063323944],[139.55229602514638,35.68086056730865],[139.54690419370922,35.681603313471555],[139.54314245084606,35.68036540320004],[139.54165566676207,35.669997904676144],[139.54436053901128,35.66654722979431],[139.5430528855398,35.66492247256295],[139.53819844594022,35.66465941663026],[139.5383596634915,35.667831561701],[139.5348487034859,35.669471792810754],[139.53388139817824,35.667398293105975],[139.53153478715407,35.66797082660655],[139.5327528753193,35.669905061405785],[139.5307645255202,35.670431173271176],[139.52963600266125,35.67569229192509],[139.527988001026,35.674206799599276],[139.52723565245336,35.67611008664173],[139.52723565245336,35.67611008664173],[139.52591008592063,35.67731704915645],[139.5256593030631,35.680659406889525],[139.5289373932724,35.68112362324134],[139.5280954793935,35.68359944378436]]]],"type":"MultiPolygon"},"id":"geoshape:13:1935-12-31:4d331231c147108e2833","properties":{"administrativeCode":"13000","jurisdictionId":"geoshape:13:1935-12-31:4d331231c147108e2833","municipalityName":"三鷹村","parentJurisdictionName":"北多摩郡","prefectureName":"東京府","snapshotDate":"1935-12-31","sourceDataset":"historical-administrative-areas-beta","sourceEndYear":1939,"sourceProvider":"Geoshape","sourceResourceId":"gci:13B0090011","sourceStartYear":1889},"type":"Feature"},{"geometry":{"coordinates":[[[[139.51822538264307,34.07179384864281],[139.51306642100218,34.07137605392617],[139.51093476671306,34.072072378453896],[139.50538171772462,34.07949984008296],[139.50367997690557,34.082965988843185],[139.50376954221184,34.08695824946881],[139.50153040955522,34.091662308500545],[139.5043964993557,34.093008535920816],[139.5048980650708,34.094695188665746],[139.5094658956903,34.10085379226651],[139.51720433815163,34.10558879905504],[139.5188165136644,34.105743537838975],[139.51860155692938,34.11815358831087],[139.5190852095832,34.12346112859997],[139.52218416917998,34.12472998662827],[139.53180348307288,34.12485377765542],[139.5357264434873,34.123383759208],[139.5397031430855,34.12360039350551],[139.5465280194229,34.11993308432616],[139.54726245493427,34.11713231233687],[139.5511854153487,34.116312196782],[139.55707881250095,34.111917615318134],[139.5592283798513,34.11163908550704],[139.56211238271305,34.108791891882575],[139.56270351373442,34.106037541528465],[139.5477102814656,34.095762886274926],[139.54593688840154,34.09399886413802],[139.5482834994257,34.086803510684874],[139.54364401656116,34.084312216263456],[139.54523827901266,34.08250177249137],[139.5430170594173,34.08101628016556],[139.54418140839874,34.078370246960205],[139.54394853860245,34.074935045956764],[139.54092123125068,34.07416135203707],[139.53961357777922,34.07204143069711],[139.53341565858565,34.06908591992388],[139.5330573973606,34.0662387262994],[139.52936730674247,34.064722286216806],[139.52232747367,34.065387662987746],[139.5183686871331,34.06972034893803],[139.51822538264307,34.07179384864281]]],[[[139.51200955038826,34.120335405164404],[139.51045111405924,34.11854043527072],[139.5080686769126,34.121681632584675],[139.51200955038826,34.120335405164404]]]],"type":"MultiPolygon"},"id":"geoshape:13:1935-12-31:4efb3c99171a632e0045","properties":{"administrativeCode":"13000","jurisdictionId":"geoshape:13:1935-12-31:4efb3c99171a632e0045","municipalityName":"神着村","prefectureName":"東京府","snapshotDate":"1935-12-31","sourceDataset":"historical-administrative-areas-beta","sourceEndYear":1945,"sourceProvider":"Geoshape","sourceResourceId":"gci:13B0010013","sourceStartYear":1889},"type":"Feature"},{"geometry":{"coordinates":[[[[139.62287348648346,35.611460222712104],[139.61835939504766,35.61368846120082],[139.61567243585972,35.61325519260579],[139.61375573830563,35.615406061702544],[139.60888338564482,35.616489233190116],[139.60723538400953,35.61591669968954],[139.59738320032034,35.61997085582874],[139.59575311174632,35.61919716190904],[139.59002093214534,35.619104318638676],[139.58985971459404,35.62469038873887],[139.59229589092448,35.62416427687348],[139.594033457866,35.62696504886277],[139.59213467337318,35.62747568684976],[139.59281536970082,35.62959560818973],[139.59143606398433,35.63287607040923],[139.58754892969242,35.635135256654735],[139.5842350133606,35.64121649086353],[139.58686823336478,35.643166199541156],[139.58806840846876,35.64576581111133],[139.59222423867945,35.64598244540885],[139.59211676031194,35.65161493714422],[139.5932452831709,35.652156522888006],[139.60032094236584,35.65271358251018],[139.60266755339,35.648968903938865],[139.60191520481737,35.64098438268762],[139.61810861219013,35.64561107232739],[139.62000739668295,35.63835382336066],[139.62165539831824,35.63654337958858],[139.62165539831824,35.63654337958858],[139.62507679301757,35.63180837280005],[139.62658149016283,35.62705789213313],[139.62317800852475,35.627522108484946],[139.6223898338296,35.625943772888775],[139.62298096485097,35.62202888165512],[139.61920130892656,35.61747956140732],[139.62391244403614,35.612790976253976],[139.62287348648346,35.611460222712104]]]],"type":"MultiPolygon"},"id":"geoshape:13:1935-12-31:51ecd7c61c618b87e905","properties":{"administrativeCode":"13000","jurisdictionId":"geoshape:13:1935-12-31:51ecd7c61c618b87e905","municipalityName":"砧村","parentJurisdictionName":"北多摩郡","prefectureName":"東京府","snapshotDate":"1935-12-31","sourceDataset":"historical-administrative-areas-beta","sourceEndYear":1935,"sourceProvider":"Geoshape","sourceResourceId":"gci:13B0090001","sourceStartYear":1889},"type":"Feature"},{"geometry":{"coordinates":[[[[139.22781883360844,35.790369204702124],[139.22812335564973,35.78546398525127],[139.23077448871518,35.78357617208721],[139.23190301157413,35.780790873976315],[139.23441084014956,35.780636135192374],[139.23799345240016,35.783282168397726],[139.24291954424476,35.78818738784859],[139.24564232955524,35.78772317149677],[139.24678876547543,35.78527829871054],[139.25110581323742,35.78455102642603],[139.24798894057938,35.78139435523367],[139.2480247667019,35.780001706178226],[139.24333154465359,35.77642724026924],[139.24197015199834,35.77282182660347],[139.24338528383734,35.772094554318954],[139.24539154669768,35.767390495287216],[139.23824423525772,35.76684890954343],[139.23831588750272,35.7681951369637],[139.23530649321222,35.76932473008645],[139.2322970989217,35.76864387943712],[139.22418248217406,35.77285277436025],[139.22072526135221,35.77407521075337],[139.21664108338652,35.77280635272507],[139.2144736029749,35.774090684631766],[139.2105506425605,35.7732396213201],[139.20666350826858,35.77831505343329],[139.20342124418175,35.780373079259675],[139.19849515233716,35.78620673141417],[139.19613062825178,35.7863924179549],[139.18930575191436,35.78910034667383],[139.1845946168048,35.78780054088874],[139.1895565347719,35.7927057603396],[139.19109705803965,35.79525895027459],[139.18815931599414,35.798028774507095],[139.18794435925912,35.801572292659294],[139.18561566129623,35.80186629634878],[139.18737114129902,35.80462064670289],[139.1902372310995,35.80488370263558],[139.19555741029166,35.803444631944956],[139.19693671600817,35.804063587080705],[139.2050155066333,35.80462064670289],[139.20999533766164,35.80596687412316],[139.21289725358463,35.80547171001455],[139.2124852531758,35.80151039714572],[139.21572751726262,35.8007985987396],[139.21850404175683,35.79771929693922],[139.21712473604035,35.79575411438319],[139.21895186828817,35.79479473392277],[139.22137013155734,35.7962492784918],[139.223752568704,35.793943670611114],[139.2267619629945,35.79334018935375],[139.22781883360844,35.790369204702124]]]],"type":"MultiPolygon"},"id":"geoshape:13:1935-12-31:59b121422d5019032098","properties":{"administrativeCode":"13000","jurisdictionId":"geoshape:13:1935-12-31:59b121422d5019032098","municipalityName":"吉野村","parentJurisdictionName":"西多摩郡","prefectureName":"東京府","snapshotDate":"1935-12-31","sourceDataset":"historical-administrative-areas-beta","sourceEndYear":1954,"sourceProvider":"Geoshape","sourceResourceId":"gci:13B0030002","sourceStartYear":1889},"type":"Feature"},{"geometry":{"coordinates":[[[[139.81312811005222,33.09208071201279],[139.8120175002545,33.094602954191],[139.8048522757533,33.097713203748164],[139.8025594039129,33.103268326091566],[139.8001948798275,33.10473834453899],[139.79311922063255,33.11210391065447],[139.7877453022566,33.11476541773822],[139.78842599858424,33.118633887336685],[139.7867600838877,33.11883504775581],[139.78221016632943,33.12485438645103],[139.7785200757113,33.12581376691145],[139.76972476263603,33.13384470979787],[139.76384927854502,33.14025089545294],[139.75349552914076,33.14931858819175],[139.74679604423213,33.15564740445485],[139.74968004709388,33.15683889309118],[139.75679153241134,33.15826248990341],[139.75831414261785,33.15937660914777],[139.768023021817,33.157597113132475],[139.77187432998642,33.15841722868735],[139.7777139879549,33.15461065460245],[139.7835536459234,33.149040058380656],[139.78957243450444,33.145218010417366],[139.79659435451563,33.14196849595466],[139.79677348512817,33.135747996840315],[139.79811696472214,33.133380493446055],[139.80474479738578,33.132003318269],[139.80544340677466,33.1297286581451],[139.80993958514915,33.130115505104946],[139.8113368039269,33.12838243072483],[139.81488359005502,33.127453998021196],[139.81742724475293,33.1231522598277],[139.81730185332418,33.12030506620323],[139.82364307700774,33.1193611596212],[139.82727942844213,33.11768998075466],[139.83410430477954,33.11773640238984],[139.83775856927517,33.11558553329309],[139.8379376998877,33.110123254220056],[139.83532239294476,33.105744146634585],[139.83295786885935,33.10480024005256],[139.83107699742777,33.101303143535546],[139.82631212313447,33.09868805808698],[139.8266882974208,33.093659047608966],[139.82582847048062,33.09053332417341],[139.82349977251772,33.089171622874744],[139.82181594475995,33.08963583922656],[139.81957681210332,33.09263777163497],[139.81346845821602,33.09175576056652],[139.81312811005222,33.09208071201279]]]],"type":"MultiPolygon"},"id":"geoshape:13:1935-12-31:5b6b451cfaac1ccb8f69","properties":{"administrativeCode":"13000","jurisdictionId":"geoshape:13:1935-12-31:5b6b451cfaac1ccb8f69","municipalityName":"三根村","prefectureName":"東京府","snapshotDate":"1935-12-31","sourceDataset":"historical-administrative-areas-beta","sourceEndYear":1953,"sourceProvider":"Geoshape","sourceResourceId":"gci:13B0010009","sourceStartYear":1889},"type":"Feature"},{"geometry":{"coordinates":[[[[139.44689557273338,34.71205651494631],[139.44395783068788,34.70852847067251],[139.44368913476907,34.70284955730196],[139.44888392253247,34.69874897952758],[139.45011992375893,34.6964278977685],[139.44696722497838,34.69347238699527],[139.446161137222,34.69030024192452],[139.44435191803544,34.6883350593685],[139.44488930987302,34.684513011405215],[139.4394079131296,34.685565235135996],[139.43904965190453,34.68813389894938],[139.43724043271797,34.68900043613944],[139.43641643190034,34.687128096853776],[139.43910339108828,34.68390953014785],[139.43537747434766,34.685271231446514],[139.43587904006273,34.68965033903198],[139.43853017312819,34.692652271440394],[139.43758078088177,34.69783602070234],[139.44010652251845,34.700002363677484],[139.43838686863816,34.70391725491113],[139.44159330660247,34.710261545052624],[139.44612531109948,34.71340274236658],[139.44689557273338,34.71205651494631]]]],"type":"MultiPolygon"},"id":"geoshape:13:1935-12-31:5deee7b048474bc29d71","properties":{"administrativeCode":"13000","jurisdictionId":"geoshape:13:1935-12-31:5deee7b048474bc29d71","municipalityName":"波浮港村","prefectureName":"東京府","snapshotDate":"1935-12-31","sourceDataset":"historical-administrative-areas-beta","sourceEndYear":1954,"sourceProvider":"Geoshape","sourceResourceId":"gci:13B0010019","sourceStartYear":1889},"type":"Feature"},{"geometry":{"coordinates":[[[[139.56537255986112,35.72147949809258],[139.56005238066896,35.72188181893082],[139.55482176678308,35.72061296090252],[139.54846263003822,35.71614101004669],[139.53681914022374,35.71087989139277],[139.52925982837496,35.71234990984019],[139.52983304633506,35.717626502372504],[139.53123026511278,35.716713543547264],[139.5381626198177,35.715955323505966],[139.54634888881037,35.71872514773847],[139.54935828310087,35.71912746857671],[139.5493224569784,35.72717388534153],[139.54679671534169,35.73036150429066],[139.54634888881037,35.73919708885357],[139.54742367248556,35.741425327342284],[139.5470654112605,35.74558780063024],[139.54489793084886,35.751189344608825],[139.53642505287618,35.74275608088416],[139.5328603536868,35.74270965924898],[139.53144522184783,35.74017194319238],[139.52732521775962,35.743653565831],[139.5286686973536,35.744876002224125],[139.53316487572812,35.74455105077785],[139.5446113218688,35.75456265009869],[139.54708332432173,35.7552899223832],[139.54815810799693,35.75358779575988],[139.55303046065777,35.75609456405968],[139.55510837576313,35.75589340364056],[139.55788490025733,35.75991661202297],[139.5620944696518,35.75991661202297],[139.56291847046944,35.76155684313272],[139.56796995374282,35.7550423403289],[139.5693850855818,35.74995143433731],[139.56902682435674,35.74780056524057],[139.56650108272007,35.747614878699835],[139.56784456231404,35.74464389404821],[139.56838195415162,35.73797465246045],[139.56734299659897,35.736164208688365],[139.56947465088808,35.73399786571323],[139.5661786476175,35.72735957188225],[139.56537255986112,35.72147949809258]]]],"type":"MultiPolygon"},"id":"geoshape:13:1935-12-31:5e8fbfe16b5efeb029c1","properties":{"administrativeCode":"13000","jurisdictionId":"geoshape:13:1935-12-31:5e8fbfe16b5efeb029c1","municipalityName":"保谷村","parentJurisdictionName":"北多摩郡","prefectureName":"東京府","snapshotDate":"1935-12-31","sourceDataset":"historical-administrative-areas-beta","sourceEndYear":1939,"sourceProvider":"Geoshape","sourceResourceId":"gci:13B0090039","sourceStartYear":1889},"type":"Feature"},{"geometry":{"coordinates":[[[[140.3028712047109,30.495873395087877],[140.30690164349284,30.495022331776212],[140.31204269207248,30.49039564213644],[140.3145146945254,30.48703781052497],[140.31372651983025,30.48220996046608],[140.31001851615088,30.47554071887832],[140.29816006960135,30.472941107308145],[140.29565224102592,30.474395651877174],[140.29002753979245,30.47957940113912],[140.2885228426472,30.48236469925002],[140.28674944958314,30.482968180507378],[140.28830788591216,30.4872234970657],[140.29275032510293,30.492809567165885],[140.3028712047109,30.495873395087877]]],[[[139.77269833080405,32.462943764274485],[139.77663920427972,32.46093216008328],[139.7800068597953,32.456367365957085],[139.77948738101895,32.45299406046722],[139.7806159038779,32.450966982397624],[139.77843051040503,32.446464083785],[139.76847084834833,32.442301610497054],[139.7642075397701,32.44511785636473],[139.75969344833433,32.445442807811006],[139.7595143177218,32.446789035231276],[139.75442700832593,32.45068845258653],[139.75426579077464,32.46034415270431],[139.75365674669206,32.46718360695441],[139.75399709485586,32.47137702799915],[139.75838579486285,32.472816098689776],[139.76166388507215,32.47066522959303],[139.76773641283694,32.469009524604886],[139.77269833080405,32.462943764274485]]]],"type":"MultiPolygon"},"id":"geoshape:13:1935-12-31:607cdf2a1c308822f8c3","properties":{"administrativeCode":"13402","jurisdictionId":"geoshape:13:1935-12-31:607cdf2a1c308822f8c3","municipalityName":"青ヶ島村","prefectureName":"東京府","snapshotDate":"1935-12-31","sourceDataset":"historical-administrative-areas-beta","sourceEndYear":2006,"sourceProvider":"Geoshape","sourceResourceId":"gci:13402A1968","sourceStartYear":1889},"type":"Feature"},{"geometry":{"coordinates":[[[[139.48976152831196,35.695390539120496],[139.49166031280478,35.700001754881875],[139.48445926218105,35.70252399706008],[139.4867700470827,35.704071384899464],[139.48766570014533,35.706578153199274],[139.48567735034624,35.70863617902566],[139.49198274790731,35.70823385818742],[139.4923768352549,35.710384727284165],[139.49556536015794,35.709765772148415],[139.49617440424055,35.71349497684134],[139.50127962669765,35.71253559638092],[139.50799702466756,35.712520122502525],[139.50835528589263,35.71628027495223],[139.5229365177526,35.7188953604008],[139.5229365177526,35.717518185223746],[139.52642956469697,35.71745628971017],[139.52463825857166,35.712489174745734],[139.5275222614334,35.712396331475375],[139.5271819132696,35.70987408929717],[139.53230504878798,35.70905397374229],[139.53209009205293,35.70205978070826],[139.53375600674946,35.698949531151094],[139.53400678960702,35.69503463991744],[139.53140939572532,35.69481800561992],[139.53230504878798,35.68865940201916],[139.52847165367982,35.69070195396715],[139.5251935634705,35.690021103317825],[139.5280954793935,35.68359944378436],[139.52639373857446,35.68392439523063],[139.5253906071443,35.68669421946314],[139.52213042999622,35.68725127908532],[139.51815373039804,35.69144470013006],[139.51516224916878,35.69006752495301],[139.5143561614124,35.68575031288111],[139.5063131969098,35.6865394806792],[139.5029813675167,35.684357663825665],[139.50077806098258,35.68421839892012],[139.50323215037426,35.68725127908532],[139.49705214424193,35.686044316570595],[139.49705214424193,35.68836539832968],[139.49049596382332,35.690144894344975],[139.48773735239035,35.691986285873845],[139.48976152831196,35.695390539120496]]]],"type":"MultiPolygon"},"id":"geoshape:13:1935-12-31:66446ad7fe9f3f83adee","properties":{"administrativeCode":"13000","jurisdictionId":"geoshape:13:1935-12-31:66446ad7fe9f3f83adee","municipalityName":"小金井村","parentJurisdictionName":"北多摩郡","prefectureName":"東京府","snapshotDate":"1935-12-31","sourceDataset":"historical-administrative-areas-beta","sourceEndYear":1936,"sourceProvider":"Geoshape","sourceResourceId":"gci:13B0090013","sourceStartYear":1889},"type":"Feature"},{"geometry":{"coordinates":[[[[139.45977506377432,35.691831547089905],[139.45961384622305,35.69206365526581],[139.46043784704068,35.699754172827575],[139.46305315398362,35.699847016097934],[139.4639846331688,35.69491084889029],[139.46706567970432,35.69497274440386],[139.4679971588895,35.69193986423866],[139.46366219806623,35.68964973023637],[139.4679971588895,35.68821065954574],[139.47770603808863,35.689216461641344],[139.47838673441626,35.690268685372125],[139.48678796014394,35.69200175975224],[139.48795230912538,35.694756110106354],[139.48976152831196,35.695390539120496],[139.48773735239035,35.691986285873845],[139.49049596382332,35.690144894344975],[139.49705214424193,35.68836539832968],[139.49705214424193,35.686044316570595],[139.48992274586323,35.67758010508915],[139.49054970300708,35.672520146854346],[139.49429353280897,35.67279867666544],[139.49466970709528,35.66944084505396],[139.4964968393431,35.66846599071515],[139.50434276017194,35.66715071105167],[139.50410989037564,35.66574258811783],[139.4992912768986,35.662910868371746],[139.4982164932234,35.66374645780502],[139.4904601377008,35.66469036438704],[139.48922413647435,35.6605124172207],[139.47965856176523,35.660280309044786],[139.47996308380652,35.656566578230255],[139.4771507331898,35.65542151122911],[139.47355020787793,35.65653563047347],[139.47355020787793,35.65653563047347],[139.47362186012293,35.652914742929305],[139.4618888050022,35.654106231565635],[139.4602408033669,35.65865555181343],[139.46276654500357,35.660543364977485],[139.46040202091817,35.661456323802724],[139.46110063030704,35.66335961084517],[139.45880775846666,35.664365412940775],[139.4576434094852,35.66797082660655],[139.4602408033669,35.66824935641763],[139.4629098494936,35.670941811258174],[139.4652385474565,35.67809074307614],[139.46158428296087,35.676589776871936],[139.46049158622444,35.68601336881381],[139.45957802010054,35.6860288426922],[139.45977506377432,35.691831547089905]]]],"type":"MultiPolygon"},"id":"geoshape:13:1935-12-31:684aa3a6643c50967ed9","properties":{"administrativeCode":"13000","jurisdictionId":"geoshape:13:1935-12-31:684aa3a6643c50967ed9","municipalityName":"府中町","parentJurisdictionName":"北多摩郡","prefectureName":"東京府","snapshotDate":"1935-12-31","sourceDataset":"historical-administrative-areas-beta","sourceEndYear":1953,"sourceProvider":"Geoshape","sourceResourceId":"gci:13B0090036","sourceStartYear":1893},"type":"Feature"},{"geometry":{"coordinates":[[[[139.58901780071517,35.668837363796605],[139.5901821496966,35.66639249101037],[139.5868324072423,35.664210674156834],[139.59012841051285,35.66122421562682],[139.59000301908407,35.65678321252777],[139.5924391954145,35.65537508959393],[139.5932452831709,35.652156522888006],[139.59211676031194,35.65161493714422],[139.59222423867945,35.64598244540885],[139.58806840846876,35.64576581111133],[139.58563223213832,35.64551822905703],[139.58323188193043,35.64848921370866],[139.58226457662275,35.6473596205859],[139.57905813865847,35.648164262262384],[139.5740066553851,35.65079482158934],[139.56940299864306,35.648845112911715],[139.566142821495,35.6491391166012],[139.56272142679566,35.65354917194345],[139.5585835096462,35.65497276875569],[139.5585835096462,35.65497276875569],[139.55193776392133,35.65664394762223],[139.5520273292276,35.65941377185473],[139.54901793493707,35.66196696178972],[139.5430170594173,35.66332866308838],[139.5430528855398,35.66492247256295],[139.54436053901128,35.66654722979431],[139.54165566676207,35.669997904676144],[139.54314245084606,35.68036540320004],[139.54690419370922,35.681603313471555],[139.55229602514638,35.68086056730865],[139.55677429045966,35.682640063323944],[139.56100177291538,35.682903119256636],[139.5641902978184,35.673402157922794],[139.56451273292097,35.66897662870215],[139.56582038639243,35.66478320765741],[139.5680595190491,35.66373098392663],[139.57248404517858,35.664334465183984],[139.5749560476315,35.662384756506356],[139.57574422232665,35.65976967105779],[139.57821622477957,35.662632338560655],[139.58210335907148,35.66518552849565],[139.57864613824964,35.667398293105975],[139.5784311815146,35.672241617043255],[139.58054492274246,35.67049306878475],[139.58527397091328,35.67134413209641],[139.58901780071517,35.668837363796605]]]],"type":"MultiPolygon"},"id":"geoshape:13:1935-12-31:693da97bf6242143203b","properties":{"administrativeCode":"13000","jurisdictionId":"geoshape:13:1935-12-31:693da97bf6242143203b","municipalityName":"神代村","parentJurisdictionName":"北多摩郡","prefectureName":"東京府","snapshotDate":"1935-12-31","sourceDataset":"historical-administrative-areas-beta","sourceEndYear":1951,"sourceProvider":"Geoshape","sourceResourceId":"gci:13B0090019","sourceStartYear":1889},"type":"Feature"},{"geometry":{"coordinates":[[[[139.25733955855347,35.79733244997937],[139.2557632091632,35.79491852494992],[139.25149990058497,35.79312355505623],[139.24693206996545,35.79360324528645],[139.24352858832737,35.792489126042085],[139.23999971526052,35.79344850650251],[139.23659623362244,35.79265933870442],[139.232458316473,35.7937270363136],[139.23503779729342,35.798013300628696],[139.23544979770224,35.80107712855069],[139.23804719158392,35.80373863563443],[139.23507362341593,35.805657396555276],[139.23684701647997,35.806291825569424],[139.23768893035887,35.80906164980193],[139.24012510668928,35.811429153196194],[139.24123571648698,35.81045429885738],[139.24689624384294,35.8126670634677],[139.2498518989497,35.81811386866235],[139.2527179887502,35.8162105816199],[139.25581694834696,35.81978504752889],[139.26172825856048,35.82187402111206],[139.26262391162314,35.82363804324896],[139.2713296593921,35.825757964588924],[139.28725437084609,35.83303068743405],[139.28501523818946,35.835924302693705],[139.28970846023776,35.83768832483061],[139.29212672350693,35.8371776868436],[139.29531524840996,35.833788907475345],[139.29689159780023,35.835398190828315],[139.3020505594411,35.83443881036789],[139.30122655862348,35.829595486430605],[139.30244464678867,35.82849684106464],[139.30298203862628,35.824473632682235],[139.3010653410722,35.82136338312506],[139.30360899577013,35.81913514463635],[139.3047196055678,35.8162105816199],[139.30119073250097,35.812202847115884],[139.29621090147262,35.81009839965432],[139.291069852893,35.809850817600015],[139.28417332431056,35.80689530682679],[139.28028619001864,35.80739047093539],[139.27430322756013,35.80304231110671],[139.27222531245476,35.802779255174016],[139.26466600060598,35.80601329575833],[139.26222982427555,35.80799395219275],[139.26151330182543,35.80571929206885],[139.25864721202495,35.805224127960244],[139.25733955855347,35.79733244997937]]]],"type":"MultiPolygon"},"id":"geoshape:13:1935-12-31:6b575de0784969dcd5bb","properties":{"administrativeCode":"13000","jurisdictionId":"geoshape:13:1935-12-31:6b575de0784969dcd5bb","municipalityName":"小曾木村","parentJurisdictionName":"西多摩郡","prefectureName":"東京府","snapshotDate":"1935-12-31","sourceDataset":"historical-administrative-areas-beta","sourceEndYear":1954,"sourceProvider":"Geoshape","sourceResourceId":"gci:13B0030010","sourceStartYear":1889},"type":"Feature"},{"geometry":{"coordinates":[[[[139.21667690950903,35.74444273362909],[139.2221403931912,35.74318934947919],[139.22633204952442,35.740017204408446],[139.23487657974215,35.73871739862336],[139.23768893035887,35.739599409691806],[139.24422719771624,35.738794768015325],[139.24533780751392,35.73675221606734],[139.2527896409952,35.73652010789143],[139.25837851610615,35.735266723741525],[139.26283886835816,35.73215647418435],[139.26677974183383,35.732481425630624],[139.26728130754893,35.731692257832535],[139.26523921856608,35.72443500886581],[139.26063556182405,35.72098433398398],[139.26063556182405,35.71805977096753],[139.2568021667159,35.71247370086734],[139.25730373243098,35.71188569348837],[139.25520790426435,35.71272128292164],[139.2516790311975,35.71219517105625],[139.2496548552759,35.71049304443292],[139.24596476465777,35.711204842839045],[139.24506911159514,35.71335571193579],[139.24327780546983,35.712520122502525],[139.24071623771064,35.71426867076103],[139.2413431948545,35.718833464887226],[139.2447825026151,35.72229961364745],[139.2449616332276,35.725781236286075],[139.2430270226123,35.72729767636868],[139.24222093485588,35.730021078966],[139.23661414668368,35.72937117607346],[139.23174179402287,35.730918563912844],[139.23129396749152,35.73345627996944],[139.226726136872,35.73585473112049],[139.22570509238057,35.73744854059506],[139.22036700012717,35.740667107300986],[139.21667690950903,35.74444273362909]]]],"type":"MultiPolygon"},"id":"geoshape:13:1935-12-31:6e4606bfc312a29faafa","properties":{"administrativeCode":"13000","jurisdictionId":"geoshape:13:1935-12-31:6e4606bfc312a29faafa","municipalityName":"増戸村","parentJurisdictionName":"西多摩郡","prefectureName":"東京府","snapshotDate":"1935-12-31","sourceDataset":"historical-administrative-areas-beta","sourceEndYear":1954,"sourceProvider":"Geoshape","sourceResourceId":"gci:13B0030019","sourceStartYear":1889},"type":"Feature"},{"geometry":{"coordinates":[[[[139.52983304633506,35.717626502372504],[139.52925982837496,35.71234990984019],[139.53681914022374,35.71087989139277],[139.54846263003822,35.71614101004669],[139.55482176678308,35.72061296090252],[139.56005238066896,35.72188181893082],[139.56537255986112,35.72147949809258],[139.57513517824404,35.71875609549525],[139.58061657498746,35.71457814832891],[139.5866353635685,35.71177737633962],[139.59550232888876,35.70568066825243],[139.59270789133328,35.700930187585506],[139.5900746713291,35.69481800561992],[139.5867786680585,35.69415262884899],[139.5846111876469,35.69732477391973],[139.57973883498607,35.69902690054306],[139.57656822314428,35.701688407626804],[139.5725915235461,35.698841214002336],[139.5701911733382,35.69928995647575],[139.5496986312647,35.707135212821456],[139.55054054514358,35.69491084889029],[139.54197810186463,35.69693792695989],[139.54199601492587,35.69520485257977],[139.5360667916511,35.69518937870138],[139.53586974797733,35.69857815806964],[139.53375600674946,35.698949531151094],[139.53209009205293,35.70205978070826],[139.53230504878798,35.70905397374229],[139.5271819132696,35.70987408929717],[139.5275222614334,35.712396331475375],[139.52463825857166,35.712489174745734],[139.52642956469697,35.71745628971017],[139.5268415651058,35.718678726103285],[139.52983304633506,35.717626502372504]]]],"type":"MultiPolygon"},"id":"geoshape:13:1935-12-31:6ec9f7d51452c66c9445","properties":{"administrativeCode":"13000","jurisdictionId":"geoshape:13:1935-12-31:6ec9f7d51452c66c9445","municipalityName":"武蔵野町","parentJurisdictionName":"北多摩郡","prefectureName":"東京府","snapshotDate":"1935-12-31","sourceDataset":"historical-administrative-areas-beta","sourceEndYear":1946,"sourceProvider":"Geoshape","sourceResourceId":"gci:13C0080005","sourceStartYear":1928},"type":"Feature"},{"geometry":{"coordinates":[[[[139.56270351373442,34.106037541528465],[139.56306177495946,34.10346887771507],[139.56548003822863,34.10103947880724],[139.5652292553711,34.09382865147569],[139.56270351373442,34.08999112963401],[139.56143168638545,34.08265651127531],[139.563169253327,34.0801652168539],[139.56356334067456,34.075089784740705],[139.56273933985693,34.069178763194245],[139.55534124555942,34.06359269309405],[139.55566368066195,34.062447626092904],[139.5506121973886,34.05876484303516],[139.54539949656396,34.05831610056174],[139.54068836145441,34.05635091800572],[139.53861044634905,34.053751306435544],[139.5339709634845,34.052745504339946],[139.53406052879077,34.049557885390804],[139.53117652592903,34.046958273820636],[139.52841791449606,34.04612268438736],[139.52635791245194,34.04886156086308],[139.5245845193879,34.049171038430956],[139.52062573285096,34.04669521788794],[139.51605790223144,34.048118814700175],[139.51697146835534,34.053813201949126],[139.5174551210092,34.069983404870726],[139.51822538264307,34.07179384864281],[139.5183686871331,34.06972034893803],[139.52232747367,34.065387662987746],[139.52936730674247,34.064722286216806],[139.5330573973606,34.0662387262994],[139.53341565858565,34.06908591992388],[139.53961357777922,34.07204143069711],[139.54092123125068,34.07416135203707],[139.54394853860245,34.074935045956764],[139.54418140839874,34.078370246960205],[139.5430170594173,34.08101628016556],[139.54523827901266,34.08250177249137],[139.54364401656116,34.084312216263456],[139.5482834994257,34.086803510684874],[139.54593688840154,34.09399886413802],[139.5477102814656,34.095762886274926],[139.56270351373442,34.106037541528465]]]],"type":"MultiPolygon"},"id":"geoshape:13:1935-12-31:719a4b5dacb45f5705de","properties":{"administrativeCode":"13000","jurisdictionId":"geoshape:13:1935-12-31:719a4b5dacb45f5705de","municipalityName":"坪田村","prefectureName":"東京府","snapshotDate":"1935-12-31","sourceDataset":"historical-administrative-areas-beta","sourceEndYear":1955,"sourceProvider":"Geoshape","sourceResourceId":"gci:13B0010018","sourceStartYear":1889},"type":"Feature"},{"geometry":{"coordinates":[[[[142.1817721995445,27.14537640197496],[142.17403375708318,27.147542744950105],[142.17304853871426,27.149709087925245],[142.17496523626835,27.15147311006215],[142.17844037015143,27.150389938574577],[142.17817167423263,27.15371682242926],[142.18003463260294,27.156177169093887],[142.17790297831382,27.1579257173524],[142.17439201830823,27.158622041880122],[142.1774551517825,27.160076586449144],[142.17790297831382,27.16279998904647],[142.17672071627115,27.166854145185663],[142.17790297831382,27.168092055457173],[142.17749097790502,27.172873483880885],[142.18066158974682,27.17285801000249],[142.18132437301318,27.176912166141683],[142.1783687179064,27.179387986684706],[142.18067950280806,27.182622027269026],[142.17895984892778,27.187558194476672],[142.1821483738308,27.190405388101148],[142.18465620240625,27.186799974435374],[142.18958229425084,27.185716802947802],[142.18838211914687,27.184525314311472],[142.19101533915108,27.183302877918358],[142.193415689359,27.18475742248738],[142.19377395058405,27.18251371012027],[142.19094368690605,27.181662646808604],[142.19209012282627,27.180455684293882],[142.18915238078077,27.178954718089678],[142.18891951098448,27.17426613293633],[142.19169603547869,27.171651047487767],[142.19182142690747,27.169484704512623],[142.19579812650565,27.170258398432317],[142.1940605595641,27.16716362275354],[142.19391725507407,27.163682000114918],[142.19128403506988,27.16029322074666],[142.19303951507268,27.159225523137483],[142.1887224673107,27.154289355929834],[142.18773724894177,27.154769046160045],[142.1850144636313,27.151581427210907],[142.18110941627813,27.15094699819676],[142.1817721995445,27.14537640197496]]],[[[142.18827464077935,27.194397648726767],[142.18911655465826,27.197182946837664],[142.19160647017242,27.195310607552006],[142.18827464077935,27.194397648726767]]],[[[142.20013308732888,27.1103899629264],[142.19830595508108,27.111565977684336],[142.19370229833905,27.11181355973864],[142.19911204283747,27.11736868208204],[142.19882543385742,27.11913270421894],[142.19569064813814,27.120943147991028],[142.19543986528058,27.122521483587203],[142.1911228175186,27.124564035535194],[142.18651916077656,27.124208136332136],[142.18367098403732,27.121825159059476],[142.18026750239923,27.12239769256005],[142.1838680277111,27.1247961437111],[142.1838322015886,27.126792274023913],[142.18171846036074,27.128076605930605],[142.1807511550531,27.1318831800155],[142.1867341175116,27.13451373934246],[142.18252454811713,27.138010835859475],[142.1846741154675,27.1414924584981],[142.18393967995613,27.144865763987962],[142.18757603139048,27.144478917028117],[142.18779098812553,27.14130677195737],[142.1896718595571,27.141399615227733],[142.18820298853436,27.13887737304953],[142.19087203466106,27.13610754881703],[142.19316490650144,27.13570522797879],[142.1938276897678,27.133709097665978],[142.19735656283467,27.135581436951636],[142.2005092616152,27.134869638545517],[142.19830595508108,27.132192657583378],[142.19850299875486,27.12905146026942],[142.21011066244685,27.133538885003645],[142.2135141440849,27.133105616408614],[142.21150788122458,27.130212001148962],[142.21639814694666,27.12730291201091],[142.21770580041814,27.124285505724103],[142.21969415021724,27.12546152048204],[142.22094806450494,27.119550498935578],[142.21960458491097,27.11780195067707],[142.22143171715877,27.11616171956732],[142.22612493920707,27.11504760032296],[142.2292418118651,27.115233286863685],[142.22985085594772,27.112834835712633],[142.22752215798482,27.110359015169614],[142.22293641430403,27.111039865818945],[142.2200165853198,27.112370619360817],[142.2166131036817,27.111349343386824],[142.2142127534738,27.112061141792942],[142.21322753510486,27.1098947988178],[142.20613396284867,27.11077680988625],[142.20013308732888,27.1103899629264]]],[[[142.18107359015562,27.11707467839256],[142.17722228198622,27.119473129543607],[142.17844037015143,27.119999241409],[142.18107359015562,27.11707467839256]]],[[[142.1733351476943,27.127890919389877],[142.17025410115878,27.12993347133787],[142.17227827708038,27.130521478716837],[142.1733351476943,27.127890919389877]]],[[[142.15853895909927,27.11421201088969],[142.15452643337858,27.114397697430416],[142.1549026076649,27.11637835386483],[142.1581090456292,27.116811622459863],[142.15853895909927,27.119210073610912],[142.15642521787143,27.12262980073596],[142.15905843787561,27.12136094270766],[142.1613871358385,27.122583379100778],[142.16511305257916,27.11739962983883],[142.16024069991832,27.116424775500015],[142.15853895909927,27.11421201088969]]],[[[142.20093917508527,27.0838522614809],[142.20400230855955,27.07993737024725],[142.20826561713778,27.08046348211264],[142.2088209220366,27.082738142236543],[142.2115795334696,27.08210371322239],[142.214087362045,27.088695585418186],[142.21729380000932,27.087782626592947],[142.21887014939958,27.084378373346294],[142.21858354041953,27.08241319079027],[142.22334841471286,27.082722668358148],[142.2245127636943,27.07993737024725],[142.2269131139022,27.077894818299256],[142.22660859186092,27.073964453187212],[142.22442319838802,27.069987666439985],[142.22641154818712,27.063519585271344],[142.22372458899918,27.061337768417808],[142.22693102696346,27.057856145779184],[142.23087190043913,27.054869687249166],[142.23139137921547,27.052331971192572],[142.22834615880245,27.05018110209582],[142.22311554491657,27.055364851357773],[142.22290058818152,27.057407403305763],[142.21793867021444,27.054235258235018],[142.21620110327288,27.055070847668286],[142.21990910695226,27.050800057231577],[142.21976580246223,27.046792322727562],[142.2171863216418,27.046916113754712],[142.21641606000793,27.045213987131387],[142.2206614555249,27.04196447266867],[142.21903136695087,27.040061185626225],[142.22196910899638,27.039705286423164],[142.22264980532398,27.03653314135242],[142.21324544816613,27.03696640994745],[142.212385621226,27.03908633128741],[142.2140157098,27.039906446842288],[142.21304840449235,27.04232037187173],[142.21025396693688,27.042258476358157],[142.20831935632154,27.04020045053177],[142.20167361059666,27.041206252627372],[142.2001689134514,27.044641453630813],[142.19164229629493,27.046204315348596],[142.18834629302438,27.042506058412457],[142.18451289791622,27.043326173967333],[142.18064367668555,27.045569886334444],[142.17980176280668,27.040618245248403],[142.17767010851756,27.046405475767713],[142.178834457499,27.049066982851464],[142.18164680811572,27.048803926918765],[142.18336646199603,27.051759437692],[142.18241706974962,27.054018623937502],[142.18354559260854,27.056138545277463],[142.18121689464564,27.056974134710735],[142.18100193791062,27.06175556313444],[142.18333063587352,27.062513783175742],[142.18608924730648,27.06030101856542],[142.18805968404433,27.060378387957385],[142.18841794526938,27.063999275501555],[142.1850502897538,27.066150144598303],[142.18628629098026,27.06881165168205],[142.18252454811713,27.06871880841169],[142.18370681015983,27.070065035831956],[142.18137811219694,27.072417065347825],[142.1758967154535,27.071411263252223],[142.17546680198342,27.074939307526027],[142.17763428239505,27.076533117000597],[142.1806257636243,27.0737478188897],[142.18470994159,27.07478456874209],[142.18546229016263,27.07619269167593],[142.1946696036467,27.075883214108053],[142.19717743222213,27.074242982998303],[142.19941656487876,27.076130796162357],[142.19857465099986,27.07846735179983],[142.2007421314115,27.079736209828127],[142.20093917508527,27.0838522614809]]]],"type":"MultiPolygon"},"id":"geoshape:13:1935-12-31:72d3cc38b973700f3524","properties":{"administrativeCode":"13000","jurisdictionId":"geoshape:13:1935-12-31:72d3cc38b973700f3524","municipalityName":"扇村袋沢村","prefectureName":"東京府","snapshotDate":"1935-12-31","sourceDataset":"historical-administrative-areas-beta","sourceEndYear":1945,"sourceProvider":"Geoshape","sourceResourceId":"gci:13C0020002","sourceStartYear":1889},"type":"Feature"},{"geometry":{"coordinates":[[[[139.31401648435815,35.74679476314496],[139.31091752476138,35.750802497648976],[139.30258795127872,35.75499591869372],[139.29662290188145,35.7540365382333],[139.29590637943133,35.754609071733874],[139.29719611984154,35.75745626535834],[139.29671246718772,35.76582763356943],[139.2928253328958,35.77361099440155],[139.29237750636446,35.77569996798473],[139.2951540308587,35.77751041175681],[139.2981992512717,35.78125509032813],[139.3017102112773,35.779877915151076],[139.30244464678867,35.778005575865414],[139.30785439128712,35.77715451255375],[139.30894708802356,35.775684494106336],[139.3112936990477,35.776814087229084],[139.3123684827229,35.77554522920079],[139.31870970640645,35.77851621385241],[139.32069805620554,35.77706166928339],[139.32883058601445,35.77119706937211],[139.33225198071378,35.771970763291804],[139.33377459092029,35.77107327834496],[139.33316554683768,35.76765355121991],[139.33535094031055,35.76664774912431],[139.33638989786323,35.76372318610787],[139.33612120194445,35.75914291810328],[139.33855737827486,35.756976575128135],[139.33900520480617,35.754346015801175],[139.34321477420065,35.75363421739506],[139.34260573011804,35.74967290452622],[139.34108311991153,35.74945627022871],[139.33631824561823,35.75199398628531],[139.33612120194445,35.75070965437861],[139.3320907631625,35.75160713932546],[139.33166084969244,35.752999788380905],[139.32727214968543,35.75281410184018],[139.32472849498748,35.75470191500423],[139.32204153579954,35.75337116146236],[139.32096675212435,35.750276385783586],[139.31878135865148,35.75089534091934],[139.31401648435815,35.74679476314496]]]],"type":"MultiPolygon"},"id":"geoshape:13:1935-12-31:77670a9855d85a88135b","properties":{"administrativeCode":"13000","jurisdictionId":"geoshape:13:1935-12-31:77670a9855d85a88135b","municipalityName":"西多摩村","parentJurisdictionName":"西多摩郡","prefectureName":"東京府","snapshotDate":"1935-12-31","sourceDataset":"historical-administrative-areas-beta","sourceEndYear":1955,"sourceProvider":"Geoshape","sourceResourceId":"gci:13B0030015","sourceStartYear":1889},"type":"Feature"},{"geometry":{"coordinates":[[[[139.5585835096462,35.65497276875569],[139.5585835096462,35.65497276875569],[139.56272142679566,35.65354917194345],[139.566142821495,35.6491391166012],[139.56940299864306,35.648845112911715],[139.56599951700497,35.64748341161305],[139.56336629700078,35.64177355048571],[139.56277516597942,35.63536736483064],[139.56180786067176,35.63269038386851],[139.55758037821604,35.63414492843753],[139.5492687177946,35.63425324558629],[139.54758489003683,35.63677548776449],[139.5357980957323,35.63949889036181],[139.53028087286637,35.64206755417519],[139.52530104183802,35.642779352581314],[139.52273947407883,35.64443505756946],[139.52085860264725,35.6466014005446],[139.52128851611732,35.65031513135913],[139.519425557747,35.654787082214966],[139.51684607692658,35.65562267164823],[139.52331269203893,35.667800613944216],[139.52522938959302,35.66940989729718],[139.52617878183943,35.6728915199358],[139.52478156306168,35.67604819112815],[139.52146764672986,35.67754915733236],[139.52453078020415,35.67956076152356],[139.52094816795352,35.680442772592016],[139.52213042999622,35.68725127908532],[139.5253906071443,35.68669421946314],[139.52639373857446,35.68392439523063],[139.5280954793935,35.68359944378436],[139.5289373932724,35.68112362324134],[139.5256593030631,35.680659406889525],[139.52591008592063,35.67731704915645],[139.52723565245336,35.67611008664173],[139.52723565245336,35.67611008664173],[139.527988001026,35.674206799599276],[139.52963600266125,35.67569229192509],[139.5307645255202,35.670431173271176],[139.5327528753193,35.669905061405785],[139.53153478715407,35.66797082660655],[139.53388139817824,35.667398293105975],[139.5348487034859,35.669471792810754],[139.5383596634915,35.667831561701],[139.53819844594022,35.66465941663026],[139.5430528855398,35.66492247256295],[139.5430170594173,35.66332866308838],[139.54901793493707,35.66196696178972],[139.5520273292276,35.65941377185473],[139.55193776392133,35.65664394762223],[139.5585835096462,35.65497276875569]]]],"type":"MultiPolygon"},"id":"geoshape:13:1935-12-31:776b151b6a4d43b83ac4","properties":{"administrativeCode":"13000","jurisdictionId":"geoshape:13:1935-12-31:776b151b6a4d43b83ac4","municipalityName":"調布町","parentJurisdictionName":"北多摩郡","prefectureName":"東京府","snapshotDate":"1935-12-31","sourceDataset":"historical-administrative-areas-beta","sourceEndYear":1954,"sourceProvider":"Geoshape","sourceResourceId":"gci:13B0090030","sourceStartYear":1889},"type":"Feature"},{"geometry":{"coordinates":[[[[139.0751816386711,35.77187792002144],[139.0692345023351,35.76681796178664],[139.06386058395915,35.765641947028705],[139.06128110313873,35.76417192858129],[139.0583075349707,35.76437308900041],[139.05393674802497,35.75965355609028],[139.0486882210778,35.759885664266186],[139.0462162186249,35.75819901152125],[139.0429739545381,35.75765742577747],[139.0427410847418,35.755104235842474],[139.0395704729,35.750276385783586],[139.04157673576034,35.74603654310366],[139.0398033426963,35.74430346872355],[139.03473394636168,35.7424156555595],[139.03172455207118,35.744458207507485],[139.02830315737182,35.74444273362909],[139.0273537651254,35.74244660331628],[139.02162158552446,35.74003267828684],[139.01531618796338,35.738624555353],[139.01245009816287,35.73874834638015],[139.00548191733543,35.74759940482144],[139.0046220903953,35.74981216943177],[139.00184556590108,35.74967290452622],[138.99751060507782,35.75112744909525],[138.99229790425318,35.755104235842474],[138.98819581322624,35.76426477185165],[138.98335928668791,35.76872124882909],[138.98368172179045,35.77271350945471],[138.9862612026109,35.78014097108377],[138.98353841730042,35.78492239950748],[138.9775554548419,35.78755295883444],[138.97588954014537,35.78954908914725],[138.97547753973654,35.79332471547536],[138.9710351005458,35.79963805786006],[138.96978118625807,35.80471348997325],[138.9716441446284,35.81246590304858],[138.96949457727803,35.816551006944565],[138.9701931866669,35.8311119265132],[138.97459979973516,35.82930148274112],[138.98429076587306,35.832226045757565],[138.98577754995708,35.8308643444589],[138.99245912180447,35.82843494555107],[138.99665077813768,35.82755293448261],[139.0040488724352,35.82778504265852],[139.01257548959165,35.82973475133615],[139.01902419164276,35.823808255911295],[139.01941827899032,35.81882566706847],[139.02086923695182,35.814075186401546],[139.0201168883792,35.811460100952985],[139.02099462838058,35.80906164980193],[139.02652976430778,35.8045896989461],[139.02753289573795,35.802655464146866],[139.02704924308412,35.79821446104782],[139.0289659406382,35.79388177509753],[139.03322924921642,35.79434599144935],[139.03833447167355,35.793417558745716],[139.04394125984575,35.7957386405048],[139.05092735373447,35.79114289862182],[139.0506407447544,35.78780054088874],[139.05382926965746,35.78455102642603],[139.0587732745633,35.783019112465034],[139.06153188599626,35.77925896001532],[139.06627884722832,35.77870190039314],[139.0689658064163,35.774848904673064],[139.0751816386711,35.77187792002144]]]],"type":"MultiPolygon"},"id":"geoshape:13:1935-12-31:80be164dbf0097d9c3fb","properties":{"administrativeCode":"13000","jurisdictionId":"geoshape:13:1935-12-31:80be164dbf0097d9c3fb","municipalityName":"小河内村","parentJurisdictionName":"西多摩郡","prefectureName":"東京府","snapshotDate":"1935-12-31","sourceDataset":"historical-administrative-areas-beta","sourceEndYear":1954,"sourceProvider":"Geoshape","sourceResourceId":"gci:13B0030008","sourceStartYear":1889},"type":"Feature"},{"geometry":{"coordinates":[[[[139.22781883360844,35.790369204702124],[139.23043414055138,35.790647734513215],[139.232458316473,35.7937270363136],[139.23659623362244,35.79265933870442],[139.23999971526052,35.79344850650251],[139.24352858832737,35.792489126042085],[139.24693206996545,35.79360324528645],[139.25149990058497,35.79312355505623],[139.2557632091632,35.79491852494992],[139.25733955855347,35.79733244997937],[139.25982947406766,35.7972705544658],[139.27045191939072,35.79411388327344],[139.27127592020835,35.7874136939289],[139.2621760850918,35.78811001845662],[139.25782321120732,35.787228007388165],[139.25682007977713,35.78552588076484],[139.2548496430393,35.78694947757708],[139.25416894671167,35.783808280263116],[139.25110581323742,35.78455102642603],[139.24678876547543,35.78527829871054],[139.24564232955524,35.78772317149677],[139.24291954424476,35.78818738784859],[139.23799345240016,35.783282168397726],[139.23441084014956,35.780636135192374],[139.23190301157413,35.780790873976315],[139.23077448871518,35.78357617208721],[139.22812335564973,35.78546398525127],[139.22781883360844,35.790369204702124]]]],"type":"MultiPolygon"},"id":"geoshape:13:1935-12-31:80c75a9be03356868d99","properties":{"administrativeCode":"13000","jurisdictionId":"geoshape:13:1935-12-31:80c75a9be03356868d99","municipalityName":"青梅町","parentJurisdictionName":"西多摩郡","prefectureName":"東京府","snapshotDate":"1935-12-31","sourceDataset":"historical-administrative-areas-beta","sourceEndYear":1950,"sourceProvider":"Geoshape","sourceResourceId":"gci:13B0030016","sourceStartYear":1889},"type":"Feature"},{"geometry":{"coordinates":[[[[139.40958266614325,34.72008745783274],[139.42385937596194,34.72570447568972],[139.43020059964553,34.72720544189392],[139.43577156169522,34.727499445583405],[139.43648808414534,34.736845668133306],[139.44170078496998,34.73758841429621],[139.44462061395424,34.73452458637423],[139.44385035232034,34.73254392993981],[139.44540878864936,34.72831956113828],[139.4444414833417,34.72537952424344],[139.44599991967073,34.72230022244306],[139.44872270498118,34.719886297413616],[139.44891974865496,34.71340274236658],[139.44689557273338,34.71205651494631],[139.44612531109948,34.71340274236658],[139.44159330660247,34.710261545052624],[139.43838686863816,34.70391725491113],[139.44010652251845,34.700002363677484],[139.43758078088177,34.69783602070234],[139.43853017312819,34.692652271440394],[139.43587904006273,34.68965033903198],[139.43537747434766,34.685271231446514],[139.43910339108828,34.68390953014785],[139.44075139272357,34.68138728796965],[139.4386734776182,34.678694833129114],[139.4342489514887,34.67789019145263],[139.4306305131156,34.678447251074815],[139.42581189963852,34.68236214230846],[139.42156650412153,34.68247045945722],[139.4157447592143,34.68083022834747],[139.41114110247227,34.6815110789968],[139.4097617967558,34.68055169853638],[139.40454909593115,34.68231572067328],[139.40127100572184,34.68192887371343],[139.39987378694408,34.68370836972873],[139.39654195755102,34.68347626155282],[139.3946789991807,34.68705072746181],[139.3915442134614,34.68633892905569],[139.39007534243865,34.687762525867925],[139.3900574293774,34.68889211899068],[139.39518056489578,34.692915327373086],[139.3987990032689,34.69938340854173],[139.4035280514397,34.70920932132184],[139.40603588001514,34.718694808777286],[139.40958266614325,34.72008745783274]]]],"type":"MultiPolygon"},"id":"geoshape:13:1935-12-31:81dc15fc122568d61353","properties":{"administrativeCode":"13000","jurisdictionId":"geoshape:13:1935-12-31:81dc15fc122568d61353","municipalityName":"差木地村","prefectureName":"東京府","snapshotDate":"1935-12-31","sourceDataset":"historical-administrative-areas-beta","sourceEndYear":1954,"sourceProvider":"Geoshape","sourceResourceId":"gci:13B0010008","sourceStartYear":1889},"type":"Feature"},{"geometry":{"coordinates":[[[[139.58806840846876,35.64576581111133],[139.58686823336478,35.643166199541156],[139.5842350133606,35.64121649086353],[139.58754892969242,35.635135256654735],[139.59143606398433,35.63287607040923],[139.59281536970082,35.62959560818973],[139.59213467337318,35.62747568684976],[139.594033457866,35.62696504886277],[139.59229589092448,35.62416427687348],[139.58985971459404,35.62469038873887],[139.59002093214534,35.619104318638676],[139.58436040478935,35.62123971385704],[139.57642491865425,35.62188961674958],[139.5714092615034,35.62404048584632],[139.56589203863746,35.62761495175531],[139.56666230027133,35.629471817162575],[139.56180786067176,35.63269038386851],[139.56277516597942,35.63536736483064],[139.56336629700078,35.64177355048571],[139.56599951700497,35.64748341161305],[139.56940299864306,35.648845112911715],[139.5740066553851,35.65079482158934],[139.57905813865847,35.648164262262384],[139.58226457662275,35.6473596205859],[139.58323188193043,35.64848921370866],[139.58563223213832,35.64551822905703],[139.58806840846876,35.64576581111133]]]],"type":"MultiPolygon"},"id":"geoshape:13:1935-12-31:81f82815723f97c36bdd","properties":{"administrativeCode":"13000","jurisdictionId":"geoshape:13:1935-12-31:81f82815723f97c36bdd","municipalityName":"狛江村","parentJurisdictionName":"北多摩郡","prefectureName":"東京府","snapshotDate":"1935-12-31","sourceDataset":"historical-administrative-areas-beta","sourceEndYear":1951,"sourceProvider":"Geoshape","sourceResourceId":"gci:13B0090008","sourceStartYear":1889},"type":"Feature"},{"geometry":{"coordinates":[[[[139.37780489548032,35.639359625456265],[139.38142333385343,35.640953434930836],[139.39023655998994,35.641479546796226],[139.39222490978904,35.639761946294506],[139.39829743755382,35.6400404761056],[139.406591184914,35.64551822905703],[139.41015588410335,35.644992117191634],[139.41477745390662,35.64701919526124],[139.4179122396259,35.64308883014919],[139.4234115494306,35.64072132675493],[139.4284988588265,35.63556852524977],[139.4300572951555,35.63255111896296],[139.4248625073921,35.63030740659585],[139.42240841800043,35.62835769791822],[139.4169628473795,35.62786253380961],[139.415368584928,35.625680716956076],[139.41250249512748,35.62517007896908],[139.40497900940122,35.62086834077558],[139.4013963971506,35.617247453231414],[139.40128891878308,35.615019214742695],[139.39921100367772,35.61283739788916],[139.39539552163083,35.61098053248189],[139.39419534652686,35.608319025398146],[139.38771081835327,35.60485287663792],[139.38839151468088,35.602500847122045],[139.38663603467808,35.59788963136067],[139.38144124691468,35.60217589567578],[139.37701672078518,35.60411013047501],[139.3730758473095,35.6041410782318],[139.37123080200044,35.60595152200388],[139.36553444852197,35.608984402169085],[139.36087705259618,35.60536351462491],[139.35745565789685,35.60706564124824],[139.35358643666618,35.60735964493772],[139.35179513054086,35.608721346236386],[139.34733477828885,35.60875229399318],[139.3466003427775,35.61009852141344],[139.34043824970644,35.614508576755696],[139.3395784227663,35.61704629281229],[139.34147720725912,35.61953758723371],[139.3396859011338,35.62190509062797],[139.34511355869347,35.624628493225295],[139.34975304155802,35.62541766102338],[139.34787217012644,35.62616040718629],[139.34894695380163,35.62996698127118],[139.3557539170778,35.63177742504327],[139.35415965462627,35.63378902923447],[139.35652417871168,35.63589347669604],[139.35885287667458,35.63337123451784],[139.362775837089,35.63583158118246],[139.36784523342362,35.63479483133007],[139.37504628404733,35.63705401757558],[139.37780489548032,35.639359625456265]]]],"type":"MultiPolygon"},"id":"geoshape:13:1935-12-31:84b7d2d8a4033f041d94","properties":{"administrativeCode":"13000","jurisdictionId":"geoshape:13:1935-12-31:84b7d2d8a4033f041d94","municipalityName":"由木村","parentJurisdictionName":"南多摩郡","prefectureName":"東京府","snapshotDate":"1935-12-31","sourceDataset":"historical-administrative-areas-beta","sourceEndYear":1963,"sourceProvider":"Geoshape","sourceResourceId":"gci:13B0070019","sourceStartYear":1889},"type":"Feature"},{"geometry":{"coordinates":[[[[139.33035319622095,35.79066320839161],[139.32641232274528,35.78690305594189],[139.3215937092682,35.78995140998549],[139.3239582333536,35.78756843271283],[139.32279388437217,35.78633052244132],[139.32107423049186,35.78965740629601],[139.32087718681808,35.78331311615452],[139.32426275539493,35.78127056420652],[139.32069805620554,35.77706166928339],[139.31870970640645,35.77851621385241],[139.3123684827229,35.77554522920079],[139.3112936990477,35.776814087229084],[139.30894708802356,35.775684494106336],[139.30785439128712,35.77715451255375],[139.30244464678867,35.778005575865414],[139.3017102112773,35.779877915151076],[139.2981992512717,35.78125509032813],[139.29673038024896,35.785108086048204],[139.28523019492448,35.78732085065853],[139.2824715834915,35.785634197913595],[139.2820595830827,35.78140982911207],[139.27742010021817,35.78656263061723],[139.27127592020835,35.7874136939289],[139.27045191939072,35.79411388327344],[139.25982947406766,35.7972705544658],[139.25733955855347,35.79733244997937],[139.25864721202495,35.805224127960244],[139.26151330182543,35.80571929206885],[139.26222982427555,35.80799395219275],[139.26466600060598,35.80601329575833],[139.27222531245476,35.802779255174016],[139.27430322756013,35.80304231110671],[139.28028619001864,35.80739047093539],[139.28417332431056,35.80689530682679],[139.291069852893,35.809850817600015],[139.29621090147262,35.81009839965432],[139.30119073250097,35.812202847115884],[139.3047196055678,35.8162105816199],[139.30360899577013,35.81913514463635],[139.3010653410722,35.82136338312506],[139.30298203862628,35.824473632682235],[139.30837387006346,35.82597459888644],[139.31322830966303,35.825371117629075],[139.31931875048906,35.82331309180269],[139.31899631538653,35.82068253247573],[139.31614813864726,35.818933984217225],[139.31493005048208,35.81432276845585],[139.31820814069138,35.810361455587014],[139.32345666763854,35.79761097979046],[139.32573162641768,35.79521252863941],[139.3304069354047,35.79426862205738],[139.32895597744323,35.79200943581188],[139.33035319622095,35.79066320839161]]]],"type":"MultiPolygon"},"id":"geoshape:13:1935-12-31:85f2b2a1710b03730fc1","properties":{"administrativeCode":"13000","jurisdictionId":"geoshape:13:1935-12-31:85f2b2a1710b03730fc1","municipalityName":"霞村","parentJurisdictionName":"西多摩郡","prefectureName":"東京府","snapshotDate":"1935-12-31","sourceDataset":"historical-administrative-areas-beta","sourceEndYear":1950,"sourceProvider":"Geoshape","sourceResourceId":"gci:13B0030001","sourceStartYear":1889},"type":"Feature"},{"geometry":{"coordinates":[[[[139.20494385438826,35.69966132955721],[139.2176442148167,35.69833057601534],[139.21877273767564,35.696845083689524],[139.22416456911282,35.69687603144631],[139.22633204952442,35.69560717341801],[139.22608126666688,35.69306945736142],[139.22772926830217,35.68904624897901],[139.23740232137882,35.68294954089182],[139.24270458750973,35.682655537202336],[139.24560650343273,35.68011782114574],[139.25064007364483,35.682098477580155],[139.25479590385555,35.680133295024135],[139.25495712140682,35.678957280266204],[139.26031312672148,35.681309309782065],[139.26611695856747,35.682253216364096],[139.261764084683,35.683506600514],[139.25730373243098,35.688288028937706],[139.257518689166,35.6900829988314],[139.26181782386675,35.69189344260349],[139.26780078632527,35.689464043695644],[139.27989210267108,35.68722033132853],[139.28112810389754,35.68558010021878],[139.2752347067453,35.68338280948685],[139.2754138373578,35.67928223171247],[139.27124009408584,35.671560766393924],[139.26427191325843,35.66928610627003],[139.2646480875447,35.66713523717328],[139.26145956264168,35.66558784933389],[139.26144164958043,35.66196696178972],[139.25936373447507,35.65896502938131],[139.25699921038967,35.65927450694919],[139.25526164344814,35.655823832067355],[139.2504967691548,35.65257431760464],[139.24983398588844,35.65076387383255],[139.24587519935153,35.65110429915722],[139.24340319689858,35.648937956182074],[139.23860249648277,35.6519244147121],[139.23659623362244,35.650531765656645],[139.23240457728923,35.65111977303562],[139.23124022830777,35.65029965748074],[139.2258842229931,35.65302306007806],[139.22457656952162,35.654910873242116],[139.22083273971973,35.65641183944632],[139.2171068229791,35.65563814552662],[139.19953410988984,35.65768069747462],[139.1966859331506,35.65655110435186],[139.19433932212647,35.65717005948762],[139.19217184171484,35.654616869552626],[139.19407062620766,35.6516613587794],[139.1919210588573,35.64748341161305],[139.18411096415096,35.645084960462],[139.17904156781634,35.64550275517863],[139.17570973842328,35.64825710553275],[139.17572765148452,35.6496497545882],[139.16983425433227,35.65155304163064],[139.16687859922553,35.65070197831898],[139.1665024249392,35.65257431760464],[139.16858034004457,35.65692247743332],[139.1670398167768,35.65966135390903],[139.16743390412435,35.661827696884174],[139.1653918151415,35.6650462635901],[139.1618092028909,35.66753755801152],[139.16490816248768,35.67018359121687],[139.1661262506529,35.675135232302914],[139.17006712412856,35.6797000264291],[139.17132103841627,35.688829614681495],[139.17896991557134,35.68915456612777],[139.18267791925072,35.688040446883406],[139.18441548619228,35.68912361837098],[139.18968192620068,35.68742149174765],[139.19342575600257,35.68898435346543],[139.2000177625437,35.689108144492586],[139.20091341560632,35.696458236729676],[139.20057306744252,35.69885668788073],[139.20494385438826,35.69966132955721]]]],"type":"MultiPolygon"},"id":"geoshape:13:1935-12-31:874fcc026c3c68d901b3","properties":{"administrativeCode":"13000","jurisdictionId":"geoshape:13:1935-12-31:874fcc026c3c68d901b3","municipalityName":"恩方村","parentJurisdictionName":"南多摩郡","prefectureName":"東京府","snapshotDate":"1935-12-31","sourceDataset":"historical-administrative-areas-beta","sourceEndYear":1954,"sourceProvider":"Geoshape","sourceResourceId":"gci:13B0070003","sourceStartYear":1889},"type":"Feature"},{"geometry":{"coordinates":[[[[139.40587466246387,34.787383354967716],[139.40041117878167,34.77950715086523],[139.3968106534698,34.77915125166217],[139.39722265387863,34.77266769661514],[139.39971256939282,34.76819574575931],[139.4004828310267,34.75580116916581],[139.39953343878028,34.75349556128512],[139.39767048040997,34.753418191893154],[139.39691813183734,34.75731760924841],[139.39496560816076,34.76056712371113],[139.39478647754822,34.76403327247135],[139.39276230162662,34.76838143230003],[139.3900216032549,34.770532301396784],[139.38459394569523,34.77627311028091],[139.37970367997315,34.776690904997544],[139.37760785180654,34.78029631866332],[139.37275341220695,34.78588238876351],[139.36798853791365,34.78622281408818],[139.36653757995214,34.7879249407115],[139.3618980970876,34.78871410850959],[139.35557478646527,34.79118992905261],[139.35856626769453,34.79278373852718],[139.36080540035115,34.79901971151991],[139.3672003632185,34.796327256679376],[139.37175028077678,34.79824601760022],[139.37653306813135,34.79426923085299],[139.38076055058707,34.79412996594745],[139.38190698650726,34.79163867152603],[139.38466559794023,34.789704436726794],[139.38894681957973,34.78863673911762],[139.3913113436651,34.79012223144343],[139.39772421959373,34.7879249407115],[139.40037535265918,34.78845105257689],[139.40293692041837,34.78699650800787],[139.40587466246387,34.787383354967716]]]],"type":"MultiPolygon"},"id":"geoshape:13:1935-12-31:891788d7ebb0dd2e7c77","properties":{"administrativeCode":"13000","jurisdictionId":"geoshape:13:1935-12-31:891788d7ebb0dd2e7c77","municipalityName":"岡田村","prefectureName":"東京府","snapshotDate":"1935-12-31","sourceDataset":"historical-administrative-areas-beta","sourceEndYear":1954,"sourceProvider":"Geoshape","sourceResourceId":"gci:13B0010005","sourceStartYear":1889},"type":"Feature"},{"geometry":{"coordinates":[[[[139.37169654159302,35.66572711423943],[139.37062175791783,35.66877546828303],[139.37228767261436,35.67221066928647],[139.37644350282508,35.676156508276904],[139.37604941547752,35.683970816865816],[139.3750641971086,35.68469808915033],[139.37769741711278,35.68771549543713],[139.37979324527942,35.68669421946314],[139.37676593792764,35.69172322994115],[139.38522090283908,35.691336382981305],[139.39595082652966,35.68887603631668],[139.41346980043517,35.683692287054726],[139.41690910819574,35.683073331918976],[139.42280250534802,35.67911201905014],[139.42697624861998,35.67321647138207],[139.42925120739912,35.671328658218016],[139.43503712618386,35.66571164036104],[139.43278008046596,35.66320487206123],[139.430093121278,35.664752259900624],[139.42591937800603,35.66215264833045],[139.41836006615725,35.662910868371746],[139.41198301635114,35.665541427698706],[139.4075047510379,35.664736786022225],[139.40377883429724,35.665262897887615],[139.39442821632315,35.66144084992433],[139.3881944710071,35.65388959726812],[139.38145915997595,35.65094956037328],[139.38079637670958,35.65296116456449],[139.37737498201025,35.65689152967653],[139.37954246242185,35.6582377570968],[139.37363115220836,35.65877934284058],[139.37427602241345,35.660945685815726],[139.37169654159302,35.66572711423943]]]],"type":"MultiPolygon"},"id":"geoshape:13:1935-12-31:8c515af40d53f61e7d39","properties":{"administrativeCode":"13000","jurisdictionId":"geoshape:13:1935-12-31:8c515af40d53f61e7d39","municipalityName":"日野町","parentJurisdictionName":"南多摩郡","prefectureName":"東京府","snapshotDate":"1935-12-31","sourceDataset":"historical-administrative-areas-beta","sourceEndYear":1957,"sourceProvider":"Geoshape","sourceResourceId":"gci:13B0070017","sourceStartYear":1901},"type":"Feature"},{"geometry":{"coordinates":[[[[139.5080686769126,34.121681632584675],[139.51045111405924,34.11854043527072],[139.51200955038826,34.120335405164404],[139.51503685774003,34.121000781935344],[139.5190852095832,34.12346112859997],[139.51860155692938,34.11815358831087],[139.5188165136644,34.105743537838975],[139.51720433815163,34.10558879905504],[139.5094658956903,34.10085379226651],[139.5048980650708,34.094695188665746],[139.5025693671079,34.096242576505134],[139.50083180016634,34.10017294161718],[139.49415022831894,34.10339150832311],[139.4939710977064,34.105604272933434],[139.48942118014813,34.1122580406428],[139.49286048790873,34.119174864284865],[139.4975357968958,34.12038182679959],[139.4984493630197,34.12148047216555],[139.50188867078026,34.1210936252057],[139.5065281536448,34.12250174813955],[139.5080686769126,34.121681632584675]]]],"type":"MultiPolygon"},"id":"geoshape:13:1935-12-31:92c92227b573d2443cc3","properties":{"administrativeCode":"13000","jurisdictionId":"geoshape:13:1935-12-31:92c92227b573d2443cc3","municipalityName":"伊豆村","prefectureName":"東京府","snapshotDate":"1935-12-31","sourceDataset":"historical-administrative-areas-beta","sourceEndYear":1945,"sourceProvider":"Geoshape","sourceResourceId":"gci:13B0010003","sourceStartYear":1889},"type":"Feature"},{"geometry":{"coordinates":[[[[139.49415022831894,34.10339150832311],[139.50083180016634,34.10017294161718],[139.5025693671079,34.096242576505134],[139.5048980650708,34.094695188665746],[139.5043964993557,34.093008535920816],[139.50153040955522,34.091662308500545],[139.50376954221184,34.08695824946881],[139.50367997690557,34.082965988843185],[139.4961923173018,34.083105253748734],[139.49456222872777,34.084064634209156],[139.48986900667947,34.08333736192464],[139.48800604830916,34.08197566062598],[139.48352778299588,34.082223242680286],[139.48220221646315,34.08428126850667],[139.48257839074947,34.09042439822904],[139.488489700963,34.096010468329226],[139.4885971793305,34.1003895759147],[139.4918036172948,34.10110137432081],[139.49415022831894,34.10339150832311]]]],"type":"MultiPolygon"},"id":"geoshape:13:1935-12-31:9939b9a2f7e4c589f34d","properties":{"administrativeCode":"13000","jurisdictionId":"geoshape:13:1935-12-31:9939b9a2f7e4c589f34d","municipalityName":"伊ヶ谷村","prefectureName":"東京府","snapshotDate":"1935-12-31","sourceDataset":"historical-administrative-areas-beta","sourceEndYear":1945,"sourceProvider":"Geoshape","sourceResourceId":"gci:13B0010002","sourceStartYear":1889},"type":"Feature"},{"geometry":{"coordinates":[[[[139.4268508571912,35.55380455181651],[139.4233040710631,35.55668269319777],[139.42325033187933,35.55929777864634],[139.41855710983103,35.561850968581325],[139.41635380329691,35.56158791264863],[139.41633589023564,35.56361499071823],[139.41255623431124,35.5669728223297],[139.41085449349222,35.5702687584276],[139.40943936165323,35.57571556362224],[139.403760921236,35.5753287166624],[139.40136057102808,35.577123686556085],[139.3999454391891,35.58445830491478],[139.39485812979322,35.58408693183333],[139.39258317101408,35.58537126374002],[139.3896812550911,35.59533644142568],[139.3896812550911,35.59533644142568],[139.38663603467808,35.59788963136067],[139.38839151468088,35.602500847122045],[139.38771081835327,35.60485287663792],[139.39419534652686,35.608319025398146],[139.3986019595951,35.61056273776526],[139.40146804939562,35.6089225066555],[139.40823918654925,35.612357707658944],[139.4104424930834,35.61005209977826],[139.41286075635256,35.612249390510186],[139.4172315432983,35.61195538682071],[139.4234115494306,35.607173958397],[139.42640303065986,35.605812257098336],[139.42642094372113,35.60007144821421],[139.42289207065426,35.59928228041612],[139.4236444192269,35.59641961291325],[139.4263851175986,35.59717783295456],[139.4341056469987,35.5922571396253],[139.4356640833277,35.59024553543409],[139.4318127751583,35.58616043153811],[139.43129329638197,35.58374650650867],[139.43396234250866,35.582663335021095],[139.43686425843165,35.58479873023945],[139.43922878251706,35.584489252671574],[139.4392466955783,35.58058983531632],[139.44598200660946,35.57839254458438],[139.44668061599833,35.576210727730846],[139.44064391435606,35.574524074985916],[139.43836895557692,35.57198635892932],[139.43888843435326,35.56966527717024],[139.43580738781773,35.56756082970867],[139.4321172971996,35.56760725134385],[139.43381903801864,35.565286169584766],[139.43229642781213,35.564110154826835],[139.43014686046175,35.56536353897674],[139.43077381760563,35.56072137545858],[139.43503712618386,35.55628037235953],[139.4268508571912,35.55380455181651]]]],"type":"MultiPolygon"},"id":"geoshape:13:1935-12-31:a2bcb18078ec43415d96","properties":{"administrativeCode":"13000","jurisdictionId":"geoshape:13:1935-12-31:a2bcb18078ec43415d96","municipalityName":"忠生村","parentJurisdictionName":"南多摩郡","prefectureName":"東京府","snapshotDate":"1935-12-31","sourceDataset":"historical-administrative-areas-beta","sourceEndYear":1957,"sourceProvider":"Geoshape","sourceResourceId":"gci:13B0070013","sourceStartYear":1889},"type":"Feature"},{"geometry":{"coordinates":[[[[139.30593769373303,35.71581605860042],[139.3090724794523,35.71578511084363],[139.31340744027557,35.71417582749066],[139.31641683456607,35.71468646547767],[139.31940831579533,35.718431144048985],[139.32297301498468,35.71646596149296],[139.32444188600743,35.71303076048952],[139.3287768468307,35.711839271853194],[139.33252067663258,35.712922443340766],[139.33133841458988,35.709750298270016],[139.3341149390841,35.70362264242604],[139.33710642031335,35.70167293374841],[139.33569128847438,35.69885668788073],[139.3361749411282,35.6959011771075],[139.34034868440017,35.69392052067308],[139.34833790971902,35.69272903203675],[139.3485349533928,35.69269808427997],[139.34726312604386,35.68838087220807],[139.34771095257517,35.6862764247465],[139.34588382032737,35.68431124219048],[139.34794382237146,35.68219132085052],[139.34631373379744,35.679096545171745],[139.3429639913431,35.67727062752127],[139.33157128438617,35.6769302021966],[139.32800658519682,35.6774408401836],[139.32539127825385,35.6807213024031],[139.31838727130392,35.68531704428608],[139.31566448599344,35.68865940201916],[139.3086604790435,35.69328609165893],[139.30387769168894,35.69944469525969],[139.29737525045408,35.70032670632815],[139.2961034231051,35.69899595278628],[139.28700358798855,35.700156493665816],[139.28291941002286,35.702121676221836],[139.2799279287936,35.70611393684746],[139.27555714184783,35.706036567455484],[139.27295974796615,35.708032697768296],[139.2671021769364,35.709471768458926],[139.26746043816146,35.71024546237862],[139.2711147026571,35.71098820854153],[139.27170583367842,35.71428414463942],[139.27403453164132,35.7150887863159],[139.27657818633926,35.714052036463514],[139.2854272385983,35.71340213357097],[139.2914102010568,35.71366518950367],[139.29420463861229,35.71340213357097],[139.29558394432877,35.71177737633962],[139.29993681821327,35.71241180535377],[139.2987724692318,35.717502711345354],[139.30593769373303,35.71581605860042]]]],"type":"MultiPolygon"},"id":"geoshape:13:1935-12-31:a393d3f40f7ed19f4b02","properties":{"administrativeCode":"13000","jurisdictionId":"geoshape:13:1935-12-31:a393d3f40f7ed19f4b02","municipalityName":"加住村","parentJurisdictionName":"南多摩郡","prefectureName":"東京府","snapshotDate":"1935-12-31","sourceDataset":"historical-administrative-areas-beta","sourceEndYear":1954,"sourceProvider":"Geoshape","sourceResourceId":"gci:13B0070004","sourceStartYear":1889},"type":"Feature"},{"geometry":{"coordinates":[[[[139.47209924991643,35.572264888740406],[139.46966307358602,35.57220299322683],[139.46652828786674,35.570284232305994],[139.4596675854068,35.57098055683372],[139.45785836622025,35.568953478764115],[139.45302183968192,35.568303575871575],[139.45590584254367,35.57181614626698],[139.45133801192412,35.57135192991517],[139.44870479191994,35.5722803626188],[139.44895557477747,35.575019239094516],[139.44668061599833,35.576210727730846],[139.44598200660946,35.57839254458438],[139.4392466955783,35.58058983531632],[139.43922878251706,35.584489252671574],[139.43686425843165,35.58479873023945],[139.43396234250866,35.582663335021095],[139.43129329638197,35.58374650650867],[139.4318127751583,35.58616043153811],[139.4356640833277,35.59024553543409],[139.4341056469987,35.5922571396253],[139.4263851175986,35.59717783295456],[139.4236444192269,35.59641961291325],[139.42289207065426,35.59928228041612],[139.42642094372113,35.60007144821421],[139.42640303065986,35.605812257098336],[139.4284988588265,35.60848923806048],[139.43441016903998,35.60601341751746],[139.43664930169663,35.607127536761816],[139.43861973843445,35.61006757365665],[139.44598200660946,35.608860611141935],[139.44888392253247,35.611738752523195],[139.45302183968192,35.607653648627206],[139.45303975274317,35.60468266397558],[139.45499227641974,35.60497666766507],[139.45812706213903,35.607792913532755],[139.46271280581982,35.60808691722224],[139.46627750500917,35.609727148331984],[139.46667159235676,35.60657047713964],[139.47163351032384,35.601216515215356],[139.4743204695118,35.59954533634882],[139.47781351645617,35.59892638121306],[139.47928238747892,35.596079187588586],[139.4807691715629,35.59626487412932],[139.49090796423215,35.588698147594705],[139.49366657566512,35.58913141618974],[139.49293214015373,35.58408693183333],[139.49907632016354,35.58117784269528],[139.50215736669907,35.57681420898821],[139.50577580507218,35.57458597049949],[139.5072625891562,35.57562272035188],[139.5064923275223,35.57164593360466],[139.50040188669627,35.57039254945475],[139.5008138871051,35.56834999750676],[139.4980911017946,35.56770009461421],[139.4927171834187,35.56203665512206],[139.48913457116808,35.56161886040542],[139.48913457116808,35.563320987028746],[139.48605352463255,35.56917011306163],[139.48288291279079,35.57142929930714],[139.48619682912258,35.57865560051708],[139.4882926572892,35.57850086173314],[139.48841804871796,35.58108499942492],[139.49019144178203,35.584071457954934],[139.48492500177363,35.58464399145551],[139.48236343401445,35.582106275398914],[139.4778314295174,35.5808838390058],[139.47623716706588,35.581858693344614],[139.47342481644915,35.57653567917712],[139.47209924991643,35.572264888740406]]]],"type":"MultiPolygon"},"id":"geoshape:13:1935-12-31:a4e98b0d5eb482a2424e","properties":{"administrativeCode":"13000","jurisdictionId":"geoshape:13:1935-12-31:a4e98b0d5eb482a2424e","municipalityName":"鶴川村","parentJurisdictionName":"南多摩郡","prefectureName":"東京府","snapshotDate":"1935-12-31","sourceDataset":"historical-administrative-areas-beta","sourceEndYear":1957,"sourceProvider":"Geoshape","sourceResourceId":"gci:13B0070015","sourceStartYear":1889},"type":"Feature"},{"geometry":{"coordinates":[[[[139.35862000687828,35.74535569245433],[139.35862000687828,35.74535569245433]]],[[[139.35906783340963,35.77884116529869],[139.359945573411,35.77995528454304],[139.36410140362173,35.77888758693386],[139.36933201750762,35.78017191884056],[139.3714457587355,35.77837694894687],[139.37549411057867,35.78034213150289],[139.3807784636483,35.77851621385241],[139.38172785589472,35.77412163238856],[139.37922002731932,35.771181595493715],[139.3733445432283,35.768798618221055],[139.37323706486077,35.77152202081838],[139.370138105264,35.772094554318954],[139.36881253873128,35.774338266686065],[139.3636535770904,35.77387405033425],[139.3596052252472,35.7664156409484],[139.35600469993534,35.761850846822206],[139.35365808891117,35.76155684313272],[139.34993217217055,35.758152589886066],[139.35080991217194,35.753696112908635],[139.35623756973163,35.75442338519315],[139.35709739667178,35.750400176810736],[139.3545716550351,35.74581990880615],[139.35005756359934,35.747769617483776],[139.35317443625735,35.742523972708256],[139.35184886972462,35.741301536315135],[139.34572260277608,35.74702687132087],[139.34233703419926,35.746191281887604],[139.34260573011804,35.74967290452622],[139.34321477420065,35.75363421739506],[139.33900520480617,35.754346015801175],[139.33855737827486,35.756976575128135],[139.33612120194445,35.75914291810328],[139.33638989786323,35.76372318610787],[139.33535094031055,35.76664774912431],[139.3389693786837,35.76856651004515],[139.3395246835825,35.76754523407115],[139.3437700790995,35.76746786467918],[139.34749599584015,35.768551036166755],[139.34740643053388,35.765533629879954],[139.3528878272773,35.767885659395816],[139.3557897432003,35.77582375901188],[139.35906783340963,35.77884116529869]]]],"type":"MultiPolygon"},"id":"geoshape:13:1935-12-31:a9c91694a8810ba74b6b","properties":{"administrativeCode":"13000","jurisdictionId":"geoshape:13:1935-12-31:a9c91694a8810ba74b6b","municipalityName":"石畑村","parentJurisdictionName":"西多摩郡","prefectureName":"東京府","snapshotDate":"1935-12-31","sourceDataset":"historical-administrative-areas-beta","sourceEndYear":1939,"sourceProvider":"Geoshape","sourceResourceId":"gci:13B0030017","sourceStartYear":1889},"type":"Feature"},{"geometry":{"coordinates":[[[[139.31401648435815,35.74679476314496],[139.31704379170992,35.74284892415452],[139.32005318600045,35.7333015411855],[139.32592867009146,35.73087214227766],[139.32874102070818,35.728024948653186],[139.3287768468307,35.711839271853194],[139.32444188600743,35.71303076048952],[139.32297301498468,35.71646596149296],[139.31940831579533,35.718431144048985],[139.31641683456607,35.71468646547767],[139.31340744027557,35.71417582749066],[139.3090724794523,35.71578511084363],[139.30593769373303,35.71581605860042],[139.3060272590393,35.71770387176447],[139.31201022149781,35.71544468551897],[139.31525248558464,35.71494952141036],[139.31675718272987,35.71629574883063],[139.3168288349749,35.71994758413158],[139.3200710990617,35.7191429424551],[139.326179452949,35.714609096085695],[139.32725423662419,35.71900367754956],[139.32354623294478,35.72378510597326],[139.3240836247824,35.727777366598886],[139.32268640600464,35.72958781037097],[139.3189246631415,35.731475623535026],[139.31367613619435,35.731692257832535],[139.3133895272143,35.734477555943435],[139.31023682843377,35.733317015063896],[139.3077110867971,35.73396691795644],[139.30719160802076,35.73625705195873],[139.30409264842396,35.73556072743101],[139.3033223867901,35.733023011374414],[139.2948853349399,35.7345549253354],[139.29382846432597,35.730779299007295],[139.29196550595566,35.735111984957584],[139.2840837590043,35.73441566042986],[139.28347471492168,35.73783538755491],[139.2845853247194,35.740527842395444],[139.27903227573094,35.74226091677556],[139.28071610348871,35.745804434927756],[139.27982045042606,35.748945632241714],[139.27727679572814,35.75264388917785],[139.27527053286778,35.75375800842221],[139.26921591816426,35.75346400473273],[139.26835609122412,35.75457812397708],[139.26178199774424,35.75559939995108],[139.2562647748783,35.759204813616854],[139.2566767752871,35.76096883575376],[139.2616386932542,35.75974639936064],[139.26677974183383,35.75994755977976],[139.26926965734802,35.761200943929666],[139.27437487980515,35.76087599248339],[139.2773663610344,35.76164968640309],[139.28772011043867,35.760906940240176],[139.29291489820207,35.757487213115134],[139.29590637943133,35.754609071733874],[139.29662290188145,35.7540365382333],[139.30258795127872,35.75499591869372],[139.31091752476138,35.750802497648976],[139.31401648435815,35.74679476314496]]]],"type":"MultiPolygon"},"id":"geoshape:13:1935-12-31:ac2e57c2425a7f688511","properties":{"administrativeCode":"13000","jurisdictionId":"geoshape:13:1935-12-31:ac2e57c2425a7f688511","municipalityName":"多西村","parentJurisdictionName":"西多摩郡","prefectureName":"東京府","snapshotDate":"1935-12-31","sourceDataset":"historical-administrative-areas-beta","sourceEndYear":1954,"sourceProvider":"Geoshape","sourceResourceId":"gci:13B0030020","sourceStartYear":1889},"type":"Feature"},{"geometry":{"coordinates":[[[[139.74679604423213,33.15564740445485],[139.75349552914076,33.14931858819175],[139.76384927854502,33.14025089545294],[139.76972476263603,33.13384470979787],[139.7785200757113,33.12581376691145],[139.78221016632943,33.12485438645103],[139.7867600838877,33.11883504775581],[139.78842599858424,33.118633887336685],[139.7877453022566,33.11476541773822],[139.79311922063255,33.11210391065447],[139.8001948798275,33.10473834453899],[139.8025594039129,33.103268326091566],[139.8048522757533,33.097713203748164],[139.8120175002545,33.094602954191],[139.81312811005222,33.09208071201279],[139.80821993126887,33.08849077222541],[139.80639279902107,33.08946562656423],[139.80078601084884,33.094989801150845],[139.79566287533046,33.09684666655811],[139.79258182879494,33.09516001381317],[139.7889275642993,33.09175576056652],[139.78754825858283,33.0870052798996],[139.78539869123247,33.084343772815856],[139.7822639055132,33.08381766095046],[139.7795948593865,33.08578284350648],[139.78093833898046,33.09020837272713],[139.77887833693634,33.0963515024495],[139.7764958997897,33.09857974093822],[139.7731461573354,33.09792983804568],[139.76963519732976,33.10066871452139],[139.7641000614026,33.10198399418488],[139.75759762016773,33.10260294932063],[139.75380005118208,33.104939504958104],[139.751883353628,33.11003041094969],[139.75231326709806,33.11273833966862],[139.750396569544,33.116003328009725],[139.7455779560669,33.120893073582195],[139.74407325892165,33.12452943500475],[139.7398636895272,33.131415310890034],[139.740275689936,33.133767340405896],[139.73835899238193,33.139136776208574],[139.73941586299586,33.145450118593274],[139.74262230096016,33.1494423792189],[139.7436791715741,33.153403692087736],[139.7460436956595,33.156405624496145],[139.74679604423213,33.15564740445485]]]],"type":"MultiPolygon"},"id":"geoshape:13:1935-12-31:acf370f4be642ffb8267","properties":{"administrativeCode":"13000","jurisdictionId":"geoshape:13:1935-12-31:acf370f4be642ffb8267","municipalityName":"大賀郷村","prefectureName":"東京府","snapshotDate":"1935-12-31","sourceDataset":"historical-administrative-areas-beta","sourceEndYear":1954,"sourceProvider":"Geoshape","sourceResourceId":"gci:13B0010015","sourceStartYear":1889},"type":"Feature"},{"geometry":{"coordinates":[[[[139.14373492408657,34.18972027588256],[139.1425347489826,34.18605296670321],[139.14147787836868,34.187321824731505],[139.1382177012206,34.18549590708103],[139.13390065345862,34.186548130811815],[139.13003143222798,34.184846004188486],[139.1284192567152,34.186919503893265],[139.1252128187509,34.18749203739384],[139.12451420936202,34.189673854247374],[139.122884120788,34.188358574583894],[139.1194806391499,34.19002975345043],[139.11953437833367,34.19400654019766],[139.1220422069091,34.19932955436515],[139.1292969967166,34.20151137121869],[139.13221682570085,34.20131021079957],[139.1336498706011,34.2050239416141],[139.1328079567222,34.21091948928217],[139.13148239018946,34.21169318320186],[139.13096291141312,34.216412716111996],[139.13361404447858,34.21698524961257],[139.12831177834767,34.22110130126534],[139.12850882202147,34.222958166672605],[139.13587109019647,34.22413418143054],[139.1370891783617,34.2280335987858],[139.13613978611525,34.23320187416935],[139.13413352325492,34.2351051612118],[139.13694587387164,34.23745719072767],[139.13640848203406,34.24052101864966],[139.1393641371408,34.24343010778771],[139.14357370653528,34.24372411147719],[139.14579492613066,34.24267188774641],[139.14939545144253,34.23909742183742],[139.15188536695672,34.24011869781142],[139.1551992832885,34.23973185085157],[139.1577250249252,34.23779761605233],[139.16433494452758,34.23569316859077],[139.1677205131044,34.23394462033226],[139.17062242902742,34.23117479609976],[139.17038955923113,34.22801812490741],[139.17178677800885,34.2201883424401],[139.17569182536204,34.216660298166296],[139.17343477964414,34.213735735149854],[139.1761217388321,34.207685448697845],[139.175405216382,34.20482278119498],[139.17060451596615,34.204838255073376],[139.1691356449434,34.2088150418206],[139.16652033800045,34.208768620185424],[139.157922068599,34.205472684087525],[139.15408867349083,34.202687385976624],[139.1528884983869,34.20025798706879],[139.15656067594375,34.19734889793074],[139.15496641349222,34.194455282671086],[139.15201075838547,34.19287694707491],[139.1475683191947,34.19676089055177],[139.14638605715203,34.194517178184654],[139.14669057919332,34.189689328125766],[139.1458128391919,34.18778604108332],[139.14373492408657,34.18972027588256]]],[[[139.19211810253108,34.20601426983131],[139.18946696946563,34.20869125079345],[139.19224349395986,34.209433996956356],[139.19211810253108,34.20601426983131]]],[[[139.18860714252548,34.209341153686],[139.18679792333893,34.211538444417926],[139.188714620893,34.21149202278274],[139.18860714252548,34.209341153686]]],[[[139.07688337949014,34.18452105274221],[139.0751816386711,34.18586728016248],[139.07711624928643,34.18687308225808],[139.07688337949014,34.18452105274221]]]],"type":"MultiPolygon"},"id":"geoshape:13:1935-12-31:adb93578edca3542b791","properties":{"administrativeCode":"13364","jurisdictionId":"geoshape:13:1935-12-31:adb93578edca3542b791","municipalityName":"神津島村","prefectureName":"東京府","snapshotDate":"1935-12-31","sourceDataset":"historical-administrative-areas-beta","sourceEndYear":2006,"sourceProvider":"Geoshape","sourceResourceId":"gci:13364A1968","sourceStartYear":1889},"type":"Feature"},{"geometry":{"coordinates":[[[[139.81346845821602,33.09175576056652],[139.81957681210332,33.09263777163497],[139.82181594475995,33.08963583922656],[139.82349977251772,33.089171622874744],[139.82131437904485,33.085906634533636],[139.8262225578282,33.081527526948165],[139.83104117130526,33.07450238615735],[139.83129195416282,33.071005289640325],[139.83512534927098,33.070370860626184],[139.83611056763988,33.06888536830037],[139.8338176957995,33.067322506582585],[139.83372813049323,33.05399949728546],[139.836755437845,33.051167777539376],[139.83723909049883,33.04927996437532],[139.83421178314705,33.04647919238603],[139.8320980419192,33.04624708421012],[139.82749438517718,33.05003818441662],[139.8203470737372,33.05745017216729],[139.81753472312047,33.05912135103383],[139.8141312414824,33.05831670935735],[139.81280567494966,33.059430828601705],[139.81027993331298,33.058517869776466],[139.80565836350968,33.06004978373746],[139.806034537796,33.06121032461701],[139.80272062146418,33.06334571983536],[139.80395662269063,33.06657976041968],[139.80940219331157,33.07109813291069],[139.80990375902667,33.073666796724076],[139.80811245290136,33.073775113872834],[139.81063819453803,33.079314762337845],[139.81135471698815,33.084034295247974],[139.81348637127726,33.0844830377214],[139.81346845821602,33.09175576056652]]]],"type":"MultiPolygon"},"id":"geoshape:13:1935-12-31:b55e35146dd49d26f699","properties":{"administrativeCode":"13000","jurisdictionId":"geoshape:13:1935-12-31:b55e35146dd49d26f699","municipalityName":"中之郷村","prefectureName":"東京府","snapshotDate":"1935-12-31","sourceDataset":"historical-administrative-areas-beta","sourceEndYear":1953,"sourceProvider":"Geoshape","sourceResourceId":"gci:13B0010016","sourceStartYear":1889},"type":"Feature"},{"geometry":{"coordinates":[[[[139.33035319622095,35.79066320839161],[139.33141006683488,35.789997831620674],[139.33771546439596,35.78552588076484],[139.3370885072521,35.78482955623711],[139.3405994672577,35.78139435523367],[139.33621076725072,35.77413710626695],[139.33225198071378,35.771970763291804],[139.32883058601445,35.77119706937211],[139.32069805620554,35.77706166928339],[139.32426275539493,35.78127056420652],[139.32087718681808,35.78331311615452],[139.32107423049186,35.78965740629601],[139.32279388437217,35.78633052244132],[139.3239582333536,35.78756843271283],[139.3215937092682,35.78995140998549],[139.32641232274528,35.78690305594189],[139.33035319622095,35.79066320839161]]]],"type":"MultiPolygon"},"id":"geoshape:13:1935-12-31:b6b7fe2139f7b0d6f7cf","properties":{"administrativeCode":"13000","jurisdictionId":"geoshape:13:1935-12-31:b6b7fe2139f7b0d6f7cf","municipalityName":"長岡村","parentJurisdictionName":"西多摩郡","prefectureName":"東京府","snapshotDate":"1935-12-31","sourceDataset":"historical-administrative-areas-beta","sourceEndYear":1939,"sourceProvider":"Geoshape","sourceResourceId":"gci:13B0030023","sourceStartYear":1889},"type":"Feature"},{"geometry":{"coordinates":[[[[139.2845853247194,35.740527842395444],[139.28347471492168,35.73783538755491],[139.2840837590043,35.73441566042986],[139.2838150630855,35.73146014965663],[139.27815453572953,35.733827653050895],[139.26677974183383,35.732481425630624],[139.26283886835816,35.73215647418435],[139.25837851610615,35.735266723741525],[139.2527896409952,35.73652010789143],[139.24533780751392,35.73675221606734],[139.24422719771624,35.738794768015325],[139.2481322450694,35.74055879015223],[139.25128494384995,35.73969225296217],[139.2540077291604,35.74297271518168],[139.25304042385275,35.746717393752995],[139.2551899912031,35.747645826456626],[139.2565692969196,35.75165356096064],[139.260348952844,35.75168450871743],[139.2607609532528,35.7492396359312],[139.2668334810176,35.75035375517555],[139.26907261367424,35.74586633044133],[139.28071610348871,35.745804434927756],[139.27903227573094,35.74226091677556],[139.2845853247194,35.740527842395444]]]],"type":"MultiPolygon"},"id":"geoshape:13:1935-12-31:b6c29a3a5cf98fe079b5","properties":{"administrativeCode":"13000","jurisdictionId":"geoshape:13:1935-12-31:b6c29a3a5cf98fe079b5","municipalityName":"平井村","parentJurisdictionName":"西多摩郡","prefectureName":"東京府","snapshotDate":"1935-12-31","sourceDataset":"historical-administrative-areas-beta","sourceEndYear":1954,"sourceProvider":"Geoshape","sourceResourceId":"gci:13B0030030","sourceStartYear":1914},"type":"Feature"},{"geometry":{"coordinates":[[[[139.36881253873128,35.774338266686065],[139.36841845138372,35.77087211792584],[139.36560610076697,35.76760712958473],[139.36232801055766,35.76233053705242],[139.36386853382544,35.760953361875366],[139.36100244402493,35.760767675334634],[139.35740191871307,35.75533634401838],[139.35802887585695,35.75067870662183],[139.35709739667178,35.750400176810736],[139.35623756973163,35.75442338519315],[139.35080991217194,35.753696112908635],[139.34993217217055,35.758152589886066],[139.35365808891117,35.76155684313272],[139.35600469993534,35.761850846822206],[139.3596052252472,35.7664156409484],[139.3636535770904,35.77387405033425],[139.36881253873128,35.774338266686065]]]],"type":"MultiPolygon"},"id":"geoshape:13:1935-12-31:b7d68940f74a0d0bb007","properties":{"administrativeCode":"13000","jurisdictionId":"geoshape:13:1935-12-31:b7d68940f74a0d0bb007","municipalityName":"殿ケ谷村","parentJurisdictionName":"西多摩郡","prefectureName":"東京府","snapshotDate":"1935-12-31","sourceDataset":"historical-administrative-areas-beta","sourceEndYear":1939,"sourceProvider":"Geoshape","sourceResourceId":"gci:13B0030024","sourceStartYear":1889},"type":"Feature"},{"geometry":{"coordinates":[[[[139.2948853349399,35.7345549253354],[139.3033223867901,35.733023011374414],[139.30409264842396,35.73556072743101],[139.30719160802076,35.73625705195873],[139.3077110867971,35.73396691795644],[139.31023682843377,35.733317015063896],[139.3133895272143,35.734477555943435],[139.31367613619435,35.731692257832535],[139.3189246631415,35.731475623535026],[139.32268640600464,35.72958781037097],[139.3240836247824,35.727777366598886],[139.32354623294478,35.72378510597326],[139.32725423662419,35.71900367754956],[139.326179452949,35.714609096085695],[139.3200710990617,35.7191429424551],[139.3168288349749,35.71994758413158],[139.31675718272987,35.71629574883063],[139.31525248558464,35.71494952141036],[139.31201022149781,35.71544468551897],[139.3060272590393,35.71770387176447],[139.30593769373303,35.71581605860042],[139.2987724692318,35.717502711345354],[139.29993681821327,35.71241180535377],[139.29558394432877,35.71177737633962],[139.29420463861229,35.71340213357097],[139.2914102010568,35.71366518950367],[139.29015628676908,35.714609096085695],[139.29132063575054,35.71706944275032],[139.28929645982893,35.71634217046581],[139.28827541533752,35.71886441264401],[139.29196550595566,35.72154139360615],[139.29158933166934,35.72403268802757],[139.28952932962522,35.723816053730054],[139.28890237248137,35.7277309449637],[139.28342097573793,35.72787020986925],[139.2838150630855,35.73146014965663],[139.2840837590043,35.73441566042986],[139.29196550595566,35.735111984957584],[139.29382846432597,35.730779299007295],[139.2948853349399,35.7345549253354]]]],"type":"MultiPolygon"},"id":"geoshape:13:1935-12-31:bc042e99fca9417dbe12","properties":{"administrativeCode":"13000","jurisdictionId":"geoshape:13:1935-12-31:bc042e99fca9417dbe12","municipalityName":"東秋留村","parentJurisdictionName":"西多摩郡","prefectureName":"東京府","snapshotDate":"1935-12-31","sourceDataset":"historical-administrative-areas-beta","sourceEndYear":1954,"sourceProvider":"Geoshape","sourceResourceId":"gci:13B0030025","sourceStartYear":1889},"type":"Feature"},{"geometry":{"coordinates":[[[[141.45838904696214,24.22479017227917],[141.45518260899783,24.22537817965814],[141.4537495640976,24.226987463011103],[141.45365999879132,24.237370435413396],[141.45539756573285,24.242399445891404],[141.45919513471853,24.24504547909676],[141.46181044166147,24.24509190073194],[141.47223584331076,24.2419042817828],[141.47295236576088,24.239320144091025],[141.47207462575946,24.23323890988223],[141.46892192697894,24.22721957118701],[141.45838904696214,24.22479017227917]]],[[[141.28488313566498,24.75243395163203],[141.28328887321345,24.757803387434706],[141.28420243933735,24.761702804789962],[141.28764174709795,24.766221177280975],[141.29131392465482,24.7750103402087],[141.29199462098245,24.779977455173135],[141.29197670792118,24.787683446613286],[141.29054366302094,24.7919387631716],[141.28880609607938,24.79404321063317],[141.286513224239,24.794507426984985],[141.28423826545986,24.792743404848082],[141.2843099177049,24.795977445432406],[141.2872476597504,24.796101236459556],[141.29351723118896,24.799288855408694],[141.30286784916305,24.803079955615196],[141.3051786340647,24.806468734983454],[141.31207516264712,24.812457125921885],[141.31891795204578,24.815010315856874],[141.3204047361298,24.819451318955917],[141.32595778511825,24.818739520549798],[141.32722961246722,24.81985363979416],[141.3295224843076,24.816078013466054],[141.3336424883958,24.813462928017486],[141.33939258105804,24.806081888023606],[141.34220493167476,24.799938758301238],[141.34546510882282,24.789787894074852],[141.34401415086134,24.785517103638142],[141.34136301779589,24.782236641418642],[141.33480683737724,24.77788848158996],[141.32923587532756,24.778167011401052],[141.32130038919246,24.77768732117084],[141.31572942714274,24.77326179195019],[141.30648628753616,24.767103188349427],[141.29310523078013,24.760263734099333],[141.29145722914484,24.757168958420557],[141.28789252995549,24.753965865593024],[141.28488313566498,24.75243395163203]]],[[[141.27768208504125,25.41897126344834],[141.2748697344245,25.42041033413897],[141.27218277523656,25.428534120295758],[141.27193199237902,25.431396787798626],[141.27266642789039,25.439891947036866],[141.27413529891314,25.442754614539734],[141.27879269483893,25.447412251936292],[141.28291269892713,25.449176274073192],[141.28814331281302,25.447226565395564],[141.28982714057082,25.442166607160765],[141.29222749077874,25.439381309049867],[141.29294401322886,25.436626958695758],[141.29208418628872,25.433903556098436],[141.29301566547386,25.42582619157683],[141.2897554883258,25.422158882397483],[141.28130052341436,25.419033158961916],[141.27768208504125,25.41897126344834]]]],"type":"MultiPolygon"},"id":"geoshape:13:1935-12-31:bd96b98e997f3350f74c","properties":{"administrativeCode":"13000","jurisdictionId":"geoshape:13:1935-12-31:bd96b98e997f3350f74c","municipalityName":"硫黄島村","prefectureName":"東京府","snapshotDate":"1935-12-31","sourceDataset":"historical-administrative-areas-beta","sourceEndYear":1967,"sourceProvider":"Geoshape","sourceResourceId":"gci:13C0020005","sourceStartYear":1889},"type":"Feature"},{"geometry":{"coordinates":[[[[139.2981992512717,35.78125509032813],[139.2951540308587,35.77751041175681],[139.29237750636446,35.77569996798473],[139.2928253328958,35.77361099440155],[139.29671246718772,35.76582763356943],[139.29719611984154,35.75745626535834],[139.29590637943133,35.754609071733874],[139.29291489820207,35.757487213115134],[139.28772011043867,35.760906940240176],[139.2773663610344,35.76164968640309],[139.27437487980515,35.76087599248339],[139.26926965734802,35.761200943929666],[139.26677974183383,35.75994755977976],[139.2616386932542,35.75974639936064],[139.2566767752871,35.76096883575376],[139.25395398997665,35.76404813755414],[139.25055050833856,35.76609068950213],[139.24539154669768,35.767390495287216],[139.24338528383734,35.772094554318954],[139.24197015199834,35.77282182660347],[139.24333154465359,35.77642724026924],[139.2480247667019,35.780001706178226],[139.24798894057938,35.78139435523367],[139.25110581323742,35.78455102642603],[139.25416894671167,35.783808280263116],[139.2548496430393,35.78694947757708],[139.25682007977713,35.78552588076484],[139.25782321120732,35.787228007388165],[139.2621760850918,35.78811001845662],[139.27127592020835,35.7874136939289],[139.27742010021817,35.78656263061723],[139.2820595830827,35.78140982911207],[139.2824715834915,35.785634197913595],[139.28523019492448,35.78732085065853],[139.29673038024896,35.785108086048204],[139.2981992512717,35.78125509032813]]]],"type":"MultiPolygon"},"id":"geoshape:13:1935-12-31:bfc2152a054066759af4","properties":{"administrativeCode":"13000","jurisdictionId":"geoshape:13:1935-12-31:bfc2152a054066759af4","municipalityName":"調布村","parentJurisdictionName":"西多摩郡","prefectureName":"東京府","snapshotDate":"1935-12-31","sourceDataset":"historical-administrative-areas-beta","sourceEndYear":1950,"sourceProvider":"Geoshape","sourceResourceId":"gci:13B0030022","sourceStartYear":1932},"type":"Feature"},{"geometry":{"coordinates":[[[[139.1878727070141,35.7613556827136],[139.18923409966933,35.76228411541724],[139.19586193233297,35.75979282099582],[139.1984414131534,35.75795142946695],[139.20141498132142,35.75744079147995],[139.20490802826578,35.7537734823006],[139.20872351031267,35.75214872506925],[139.21262855766582,35.751978512406914],[139.21228820950202,35.748419520376316],[139.21667690950903,35.74444273362909],[139.22036700012717,35.740667107300986],[139.22570509238057,35.73744854059506],[139.226726136872,35.73585473112049],[139.23129396749152,35.73345627996944],[139.23174179402287,35.730918563912844],[139.23661414668368,35.72937117607346],[139.24222093485588,35.730021078966],[139.2430270226123,35.72729767636868],[139.2449616332276,35.725781236286075],[139.2447825026151,35.72229961364745],[139.2413431948545,35.718833464887226],[139.24071623771064,35.71426867076103],[139.2379038870939,35.71327834254382],[139.235575189131,35.71482573038321],[139.21888021604315,35.71702302111514],[139.21714264910162,35.718817991008834],[139.21316594950343,35.72098433398398],[139.21311221031968,35.72229961364745],[139.20766663969874,35.72463616928493],[139.206269420921,35.72867485154573],[139.20825777072008,35.730021078966],[139.2085622927614,35.734601346970585],[139.20571411602216,35.73816033900118],[139.19785028213207,35.74020289094917],[139.19693671600817,35.74599012146848],[139.1951633229441,35.74634602067154],[139.19394523477888,35.74936342695835],[139.19111497110092,35.75058586335146],[139.19136575395845,35.753804430057386],[139.1884459249742,35.75765742577747],[139.1878727070141,35.7613556827136]]]],"type":"MultiPolygon"},"id":"geoshape:13:1935-12-31:c03232ad89657bda961b","properties":{"administrativeCode":"13306","jurisdictionId":"geoshape:13:1935-12-31:c03232ad89657bda961b","municipalityName":"五日市町","parentJurisdictionName":"西多摩郡","prefectureName":"東京府","snapshotDate":"1935-12-31","sourceDataset":"historical-administrative-areas-beta","sourceEndYear":1954,"sourceProvider":"Geoshape","sourceResourceId":"gci:13306A1968","sourceStartYear":1918},"type":"Feature"},{"geometry":{"coordinates":[[[[139.3396859011338,35.62190509062797],[139.33780502970222,35.622895418845175],[139.33728555092588,35.61443120736373],[139.33422241745163,35.61413720367425],[139.3303711092822,35.61630354664939],[139.3223639709021,35.614864475958754],[139.31747370518,35.61512753189145],[139.3201785774292,35.62037317666697],[139.3184230974264,35.6230965792643],[139.3186201411002,35.626469884754165],[139.31691840028117,35.631994059340784],[139.31561074680968,35.63261301447653],[139.3169004872199,35.63611011099355],[139.31498378966583,35.636079163236765],[139.31555700762593,35.64008689774078],[139.3178498794663,35.64117006922835],[139.31691840028117,35.644589796353394],[139.323277537026,35.644063684488],[139.32897389050447,35.64531706863791],[139.3314458929574,35.64776194142414],[139.33259232887758,35.64638476624709],[139.343734252977,35.64602886704402],[139.342319121138,35.64873679576296],[139.3476213872689,35.65008302318322],[139.34695860400254,35.65421454871439],[139.35303113176732,35.65727837663638],[139.35964105136972,35.65084124322452],[139.36069792198364,35.65136735508992],[139.36841845138372,35.64426484490713],[139.37400732649468,35.64403273673122],[139.3765509811926,35.645286120881124],[139.37909463589054,35.643460203230646],[139.37780489548032,35.639359625456265],[139.37504628404733,35.63705401757558],[139.36784523342362,35.63479483133007],[139.362775837089,35.63583158118246],[139.35885287667458,35.63337123451784],[139.35652417871168,35.63589347669604],[139.35415965462627,35.63378902923447],[139.3557539170778,35.63177742504327],[139.34894695380163,35.62996698127118],[139.34787217012644,35.62616040718629],[139.34975304155802,35.62541766102338],[139.34511355869347,35.624628493225295],[139.3396859011338,35.62190509062797]]]],"type":"MultiPolygon"},"id":"geoshape:13:1935-12-31:c7f1a5ee87ffa9b9b0d6","properties":{"administrativeCode":"13000","jurisdictionId":"geoshape:13:1935-12-31:c7f1a5ee87ffa9b9b0d6","municipalityName":"由井村","parentJurisdictionName":"南多摩郡","prefectureName":"東京府","snapshotDate":"1935-12-31","sourceDataset":"historical-administrative-areas-beta","sourceEndYear":1954,"sourceProvider":"Geoshape","sourceResourceId":"gci:13B0070018","sourceStartYear":1889},"type":"Feature"},{"geometry":{"coordinates":[[[[139.36881253873128,35.774338266686065],[139.370138105264,35.772094554318954],[139.37323706486077,35.77152202081838],[139.3733445432283,35.768798618221055],[139.37922002731932,35.771181595493715],[139.3809396811996,35.766044267866945],[139.3847551632465,35.765394364974405],[139.391938300809,35.766833435665035],[139.39068438652126,35.76431119348683],[139.39286977999413,35.7636303428375],[139.39306682366794,35.76294949218817],[139.40316979021466,35.761324734956816],[139.40485361797244,35.76226864153884],[139.40743309879286,35.76093788799697],[139.40969014451076,35.75716226166886],[139.4072002289966,35.75273673244821],[139.40712857675157,35.74851236364668],[139.41033501471588,35.74807909505165],[139.41062162369593,35.74116227140959],[139.4121979730862,35.7386090814746],[139.41121275471727,35.73746401447345],[139.414025105334,35.73650463401303],[139.4148670192129,35.73296111586083],[139.40942144859196,35.7325587950226],[139.4070031853228,35.733440806091046],[139.40010665674038,35.73393597019965],[139.3983870028601,35.73531314537671],[139.39571795673336,35.733827653050895],[139.38753168774073,35.73932087988072],[139.38516716365532,35.74298818906007],[139.38500594610406,35.737897283068484],[139.39134716978762,35.73390502244286],[139.38986038570363,35.733564597118196],[139.38986038570363,35.733564597118196],[139.38454020651147,35.73562262294458],[139.38351916202004,35.733425332212654],[139.38153081222094,35.73505008944401],[139.37875428772674,35.73345627996944],[139.37821689588912,35.73491082453847],[139.37015601832525,35.73730927568951],[139.36927827832386,35.73588567887728],[139.36546279627694,35.738949506799266],[139.35982018198223,35.73992436113808],[139.35867374606204,35.74136343182871],[139.35446417666756,35.743050084573646],[139.3545716550351,35.74581990880615],[139.35709739667178,35.750400176810736],[139.35802887585695,35.75067870662183],[139.35740191871307,35.75533634401838],[139.36100244402493,35.760767675334634],[139.36386853382544,35.760953361875366],[139.36232801055766,35.76233053705242],[139.36560610076697,35.76760712958473],[139.36841845138372,35.77087211792584],[139.36881253873128,35.774338266686065]],[[139.35862000687828,35.74535569245433],[139.35862000687828,35.74535569245433]]]],"type":"MultiPolygon"},"id":"geoshape:13:1935-12-31:cb95920f93637d0b4a5e","properties":{"administrativeCode":"13000","jurisdictionId":"geoshape:13:1935-12-31:cb95920f93637d0b4a5e","municipalityName":"村山村","parentJurisdictionName":"北多摩郡","prefectureName":"東京府","snapshotDate":"1935-12-31","sourceDataset":"historical-administrative-areas-beta","sourceEndYear":1953,"sourceProvider":"Geoshape","sourceResourceId":"gci:13B0090023","sourceStartYear":1931},"type":"Feature"},{"geometry":{"coordinates":[[[[142.15488469460365,26.675852509869507],[142.14777320928619,26.674088487732607],[142.13781354722948,26.6723399394741],[142.1387987655984,26.6763786217349],[142.137921025597,26.677879587939106],[142.13016467007444,26.68267649024121],[142.1300930178294,26.6854772622305],[142.12455788190223,26.689809948180788],[142.12369805496206,26.694869906415587],[142.12199631414302,26.697113618782698],[142.12221127087807,26.70153914800335],[142.11862865862747,26.70577899068327],[142.11551178596943,26.70762038221214],[142.1167477871959,26.71028188929589],[142.11551178596943,26.712386336757454],[142.11714187454345,26.71467647075975],[142.11495648107058,26.717090395789196],[142.11730309209474,26.71814261951998],[142.1169627439309,26.71535732140908],[142.11891526760752,26.71467647075975],[142.12389509863587,26.71008072887677],[142.1226232712869,26.70905945290277],[142.1249877953723,26.70709427034675],[142.12466536026974,26.70498982288518],[142.127728493744,26.703225800748278],[142.12753145007022,26.70050239815096],[142.12980640884936,26.701384409219408],[142.13519824028654,26.70153914800335],[142.13600432804293,26.70438634162782],[142.13424884804013,26.709337982713862],[142.13874502641465,26.707156165860326],[142.14130659417384,26.70853334103738],[142.1440293794843,26.706583632359752],[142.14651929499848,26.707403747914626],[142.14750451336738,26.709941463971223],[142.15225147459947,26.70633605030545],[142.15244851827325,26.704726766952486],[142.1555116517475,26.70534572208824],[142.1595958297132,26.702777058274858],[142.15798365420042,26.70076545408365],[142.15406069378602,26.702575897855738],[142.15033477704537,26.700131025069503],[142.14492503254695,26.697902786580784],[142.14393981417803,26.695071066834707],[142.14141407254135,26.69556623094331],[142.13938989661975,26.69194534339914],[142.14066172396872,26.69045985107333],[142.1402138974374,26.686761594137195],[142.14300833499289,26.68479641158117],[142.14677007785602,26.684610725040443],[142.1537561717447,26.68810782155746],[142.1598286995095,26.68864940730125],[142.16213948441114,26.69081575027639],[142.16002574318327,26.68563200101444],[142.1604377435921,26.681732583659183],[142.1560132174626,26.67605367028863],[142.15488469460365,26.675852509869507]]]],"type":"MultiPolygon"},"id":"geoshape:13:1935-12-31:d040cfda25687ea43811","properties":{"administrativeCode":"13000","jurisdictionId":"geoshape:13:1935-12-31:d040cfda25687ea43811","municipalityName":"北村","prefectureName":"東京府","snapshotDate":"1935-12-31","sourceDataset":"historical-administrative-areas-beta","sourceEndYear":1945,"sourceProvider":"Geoshape","sourceResourceId":"gci:13C0020004","sourceStartYear":1889},"type":"Feature"},{"geometry":{"coordinates":[[[[139.35557478646527,34.79118992905261],[139.3618980970876,34.78871410850959],[139.36653757995214,34.7879249407115],[139.36798853791365,34.78622281408818],[139.37275341220695,34.78588238876351],[139.37760785180654,34.78029631866332],[139.37970367997315,34.776690904997544],[139.38459394569523,34.77627311028091],[139.3900216032549,34.770532301396784],[139.39276230162662,34.76838143230003],[139.39478647754822,34.76403327247135],[139.39496560816076,34.76056712371113],[139.39691813183734,34.75731760924841],[139.39767048040997,34.753418191893154],[139.39514473877327,34.749224770848414],[139.39172334407394,34.74704295399488],[139.38862438447717,34.74650136825109],[139.38368037957133,34.74131761898914],[139.38144124691468,34.737371779998696],[139.37309376037075,34.736721877106156],[139.37012019220276,34.73546849295625],[139.3622026191289,34.73436984759029],[139.3596052252472,34.73571607501056],[139.36080540035115,34.73732535836352],[139.35856626769453,34.73811452616161],[139.35879913749082,34.7426947941662],[139.35528817748522,34.74472187223579],[139.35469704646385,34.75016867743044],[139.35195634809216,34.756451072058354],[139.35005756359934,34.75844720237116],[139.34946643257797,34.766044876662555],[139.3517055652346,34.76661741016313],[139.35161599992833,34.77119767816772],[139.3494126933942,34.77484951346867],[139.34977095461926,34.7826174004224],[139.35238626156223,34.78408741886982],[139.35390887176874,34.78990559714592],[139.35557478646527,34.79118992905261]]]],"type":"MultiPolygon"},"id":"geoshape:13:1935-12-31:d0cdfa64eb55c68fa99b","properties":{"administrativeCode":"13000","jurisdictionId":"geoshape:13:1935-12-31:d0cdfa64eb55c68fa99b","municipalityName":"元村","prefectureName":"東京府","snapshotDate":"1935-12-31","sourceDataset":"historical-administrative-areas-beta","sourceEndYear":1954,"sourceProvider":"Geoshape","sourceResourceId":"gci:13B0010007","sourceStartYear":1889},"type":"Feature"},{"geometry":{"coordinates":[[[[139.46396672010755,35.624473754441354],[139.4653997650078,35.62872907099967],[139.46480863398642,35.63019908944709],[139.46889281195212,35.63156079074575],[139.4713110752213,35.63335576063944],[139.4691256817484,35.639994054470414],[139.46885698582963,35.64428031878552],[139.47403386053176,35.64720488180196],[139.474051773593,35.64935575089871],[139.47401594747052,35.65057818729183],[139.48327700013834,35.65243505269909],[139.48861509239174,35.65173872817137],[139.4922156177036,35.65234220942873],[139.5000436254712,35.65127451181955],[139.50242606261787,35.649495015804256],[139.50545336996962,35.650144918696796],[139.50563250058215,35.64825710553275],[139.51430242222864,35.644202949393545],[139.51901355733818,35.64361494201458],[139.52273947407883,35.64443505756946],[139.52530104183802,35.642779352581314],[139.52241703897627,35.63740991677864],[139.5211452116273,35.63773486822491],[139.52365304020273,35.632380906300625],[139.51754468631543,35.63047761925818],[139.51634451121149,35.62617588106468],[139.51419494386113,35.624613019346896],[139.50357249853806,35.62298826211554],[139.49927336383732,35.620419598302156],[139.4948130115853,35.6165356548253],[139.49522501199414,35.6127290807404],[139.49862849363222,35.60903082380426],[139.49995406016495,35.60522424971937],[139.491534921376,35.6053944623817],[139.4893316148419,35.604605294583614],[139.4879881352479,35.6076691225056],[139.4832949131996,35.60855113357405],[139.48128865033925,35.610021152021474],[139.47946151809143,35.61340993138973],[139.47625508012715,35.6129766627947],[139.47702534176102,35.61497279310751],[139.4762013409434,35.61874841943562],[139.47408759971552,35.61966137826086],[139.46835542011453,35.620017277463916],[139.46579385235535,35.62357626949451],[139.46396672010755,35.624473754441354]]]],"type":"MultiPolygon"},"id":"geoshape:13:1935-12-31:d0d5c3bdeef7451adeb8","properties":{"administrativeCode":"13000","jurisdictionId":"geoshape:13:1935-12-31:d0d5c3bdeef7451adeb8","municipalityName":"稲城村","parentJurisdictionName":"南多摩郡","prefectureName":"東京府","snapshotDate":"1935-12-31","sourceDataset":"historical-administrative-areas-beta","sourceEndYear":1948,"sourceProvider":"Geoshape","sourceResourceId":"gci:13B0070001","sourceStartYear":1889},"type":"Feature"},{"geometry":{"coordinates":[[[[139.32592867009146,35.73087214227766],[139.32005318600045,35.7333015411855],[139.31704379170992,35.74284892415452],[139.31401648435815,35.74679476314496],[139.31878135865148,35.75089534091934],[139.32096675212435,35.750276385783586],[139.32204153579954,35.75337116146236],[139.32472849498748,35.75470191500423],[139.32727214968543,35.75281410184018],[139.33166084969244,35.752999788380905],[139.3320907631625,35.75160713932546],[139.33612120194445,35.75070965437861],[139.33631824561823,35.75199398628531],[139.34108311991153,35.74945627022871],[139.34260573011804,35.74967290452622],[139.34233703419926,35.746191281887604],[139.34572260277608,35.74702687132087],[139.35184886972462,35.741301536315135],[139.35317443625735,35.742523972708256],[139.35005756359934,35.747769617483776],[139.3545716550351,35.74581990880615],[139.35446417666756,35.743050084573646],[139.35867374606204,35.74136343182871],[139.35982018198223,35.73992436113808],[139.35919322483838,35.73758780550061],[139.35276243584855,35.73624157808034],[139.35229669625596,35.73294564198244],[139.3529236533998,35.72873674705931],[139.3528161750323,35.72715841146313],[139.34683321257378,35.72432669171705],[139.34477321052967,35.7249456468528],[139.34301773052687,35.72742146739583],[139.34092190236026,35.73427639552432],[139.33191163254997,35.733286067307105],[139.32592867009146,35.73087214227766]]]],"type":"MultiPolygon"},"id":"geoshape:13:1935-12-31:dbd819e358d2d53e29e8","properties":{"administrativeCode":"13000","jurisdictionId":"geoshape:13:1935-12-31:dbd819e358d2d53e29e8","municipalityName":"福生村","parentJurisdictionName":"西多摩郡","prefectureName":"東京府","snapshotDate":"1935-12-31","sourceDataset":"historical-administrative-areas-beta","sourceEndYear":1939,"sourceProvider":"Geoshape","sourceResourceId":"gci:13B0030029","sourceStartYear":1889},"type":"Feature"},{"geometry":{"coordinates":[[[[139.24422719771624,35.738794768015325],[139.23768893035887,35.739599409691806],[139.23487657974215,35.73871739862336],[139.22633204952442,35.740017204408446],[139.2221403931912,35.74318934947919],[139.21667690950903,35.74444273362909],[139.21228820950202,35.748419520376316],[139.21262855766582,35.751978512406914],[139.20872351031267,35.75214872506925],[139.20490802826578,35.7537734823006],[139.20141498132142,35.75744079147995],[139.1984414131534,35.75795142946695],[139.19586193233297,35.75979282099582],[139.18923409966933,35.76228411541724],[139.1878727070141,35.7613556827136],[139.18190765761685,35.762609066863504],[139.18076122169663,35.7638779248918],[139.18119113516673,35.76841177126121],[139.17941774210266,35.770005580735784],[139.17162556045758,35.773409833982434],[139.16757720861438,35.77574638961991],[139.16693233840928,35.774879852429855],[139.1632243347299,35.77851621385241],[139.1664665988167,35.78086824336828],[139.1720733869889,35.782260892423736],[139.1758172167908,35.784999768899446],[139.1819255706781,35.78758390659122],[139.1845946168048,35.78780054088874],[139.18930575191436,35.78910034667383],[139.19613062825178,35.7863924179549],[139.19849515233716,35.78620673141417],[139.20342124418175,35.780373079259675],[139.20666350826858,35.77831505343329],[139.2105506425605,35.7732396213201],[139.2144736029749,35.774090684631766],[139.21664108338652,35.77280635272507],[139.22072526135221,35.77407521075337],[139.22418248217406,35.77285277436025],[139.2322970989217,35.76864387943712],[139.23530649321222,35.76932473008645],[139.23831588750272,35.7681951369637],[139.23824423525772,35.76684890954343],[139.24539154669768,35.767390495287216],[139.25055050833856,35.76609068950213],[139.25395398997665,35.76404813755414],[139.2566767752871,35.76096883575376],[139.2562647748783,35.759204813616854],[139.26178199774424,35.75559939995108],[139.26835609122412,35.75457812397708],[139.26921591816426,35.75346400473273],[139.27527053286778,35.75375800842221],[139.27727679572814,35.75264388917785],[139.27982045042606,35.748945632241714],[139.28071610348871,35.745804434927756],[139.26907261367424,35.74586633044133],[139.2668334810176,35.75035375517555],[139.2607609532528,35.7492396359312],[139.260348952844,35.75168450871743],[139.2565692969196,35.75165356096064],[139.2551899912031,35.747645826456626],[139.25304042385275,35.746717393752995],[139.2540077291604,35.74297271518168],[139.25128494384995,35.73969225296217],[139.2481322450694,35.74055879015223],[139.24422719771624,35.738794768015325]]]],"type":"MultiPolygon"},"id":"geoshape:13:1935-12-31:dc3f81af4bc72157e936","properties":{"administrativeCode":"13000","jurisdictionId":"geoshape:13:1935-12-31:dc3f81af4bc72157e936","municipalityName":"大久野村","parentJurisdictionName":"西多摩郡","prefectureName":"東京府","snapshotDate":"1935-12-31","sourceDataset":"historical-administrative-areas-beta","sourceEndYear":1954,"sourceProvider":"Geoshape","sourceResourceId":"gci:13B0030021","sourceStartYear":1889},"type":"Feature"},{"geometry":{"coordinates":[[[[139.42925120739912,35.671328658218016],[139.42697624861998,35.67321647138207],[139.42280250534802,35.67911201905014],[139.41690910819574,35.683073331918976],[139.42126198208024,35.68834992445129],[139.42548946453596,35.686740641098325],[139.42831972821395,35.69125901358933],[139.43140077474948,35.6903305808857],[139.4312753833207,35.693425356564475],[139.42980651229794,35.69399789006505],[139.43147242699447,35.69695340083828],[139.42710164004873,35.69837699765052],[139.42561485596474,35.70173482926199],[139.42797938005015,35.70362264242604],[139.43055886087058,35.70376190733159],[139.43378321189613,35.7009611353423],[139.4411633931324,35.70134798230214],[139.44189782864376,35.70021838917939],[139.44861522661367,35.70074450104478],[139.44861522661367,35.70074450104478],[139.45438323233716,35.695545277904436],[139.45961384622305,35.69206365526581],[139.45977506377432,35.691831547089905],[139.4559237556049,35.69150659564364],[139.45375627519329,35.68865940201916],[139.45278896988563,35.683692287054726],[139.45130218580164,35.682361533512854],[139.4523769694768,35.67850853779278],[139.45022740212644,35.67433059062643],[139.45022740212644,35.67433059062643],[139.45225157804805,35.67151434475875],[139.4459282674257,35.672752255030254],[139.44179035027625,35.67217972152968],[139.44080513190733,35.670818020231025],[139.4318127751583,35.67272130727346],[139.42925120739912,35.671328658218016]]]],"type":"MultiPolygon"},"id":"geoshape:13:1935-12-31:e013af0364b67a02beed","properties":{"administrativeCode":"13000","jurisdictionId":"geoshape:13:1935-12-31:e013af0364b67a02beed","municipalityName":"谷保村","parentJurisdictionName":"北多摩郡","prefectureName":"東京府","snapshotDate":"1935-12-31","sourceDataset":"historical-administrative-areas-beta","sourceEndYear":1950,"sourceProvider":"Geoshape","sourceResourceId":"gci:13B0090027","sourceStartYear":1889},"type":"Feature"},{"geometry":{"coordinates":[[[[139.44814948702108,35.536226225961066],[139.45221575192554,35.53812951300351],[139.45748219193393,35.53707728927273],[139.45572671193113,35.539754270234866],[139.45456236294967,35.545943821592424],[139.45185749070046,35.54735194452626],[139.453451753152,35.549348074839074],[139.4570701915251,35.54753763106699],[139.46153054377712,35.54807921681078],[139.4663491572542,35.54970397404213],[139.468176289502,35.553587917518996],[139.4673702017456,35.55669816707616],[139.46575802623283,35.55758017814462],[139.4701646393011,35.560303580741945],[139.47509073114568,35.5599012599037],[139.47636255849466,35.56274845352817],[139.48166482462557,35.55614110745399],[139.48234552095317,35.54721267962072],[139.48003473605152,35.543978639036396],[139.48148569401303,35.540032800045964],[139.48374273973093,35.53918173673429],[139.48705665606275,35.535700114095675],[139.48551613279497,35.53166143183487],[139.48780900463535,35.52788580550676],[139.48630430749012,35.5265395780865],[139.48721787361401,35.52395544039472],[139.48544448054997,35.522114048865845],[139.48492500177363,35.51929780299816],[139.47767021196614,35.51197865851786],[139.47775977727238,35.510539587827225],[139.48116325891047,35.505943845944245],[139.48608935075507,35.50382392460428],[139.48345613075088,35.50379297684749],[139.47609386257585,35.5012552607909],[139.46762098460317,35.502384853913654],[139.4683375070533,35.50549510347082],[139.46416376378133,35.51284519570792],[139.46387715480128,35.51662082203602],[139.46187089194092,35.518988325430286],[139.45415036254087,35.52090708635113],[139.45843158418035,35.527932227141946],[139.45529679846106,35.52961887988688],[139.4532188833557,35.532636286173684],[139.44877644416493,35.53495736793277],[139.44814948702108,35.536226225961066]]]],"type":"MultiPolygon"},"id":"geoshape:13:1935-12-31:e13aad6d7e83b4156aff","properties":{"administrativeCode":"13000","jurisdictionId":"geoshape:13:1935-12-31:e13aad6d7e83b4156aff","municipalityName":"南村","parentJurisdictionName":"南多摩郡","prefectureName":"東京府","snapshotDate":"1935-12-31","sourceDataset":"historical-administrative-areas-beta","sourceEndYear":1954,"sourceProvider":"Geoshape","sourceResourceId":"gci:13B0070016","sourceStartYear":1889},"type":"Feature"},{"geometry":{"coordinates":[[[[139.3701022791415,35.72443500886581],[139.37368489139212,35.7249611207312],[139.3715174109805,35.71439246178818],[139.36488957831685,35.71414487973388],[139.36564192688948,35.71795145381877],[139.3594440076959,35.7153518422486],[139.3589245289196,35.7140984580987],[139.35141895625455,35.71641953985778],[139.35580765626156,35.710260936257015],[139.35050539013065,35.70756848141648],[139.34557929828605,35.694709688471164],[139.34833790971902,35.69272903203675],[139.34034868440017,35.69392052067308],[139.3361749411282,35.6959011771075],[139.33569128847438,35.69885668788073],[139.33710642031335,35.70167293374841],[139.3341149390841,35.70362264242604],[139.33133841458988,35.709750298270016],[139.33252067663258,35.712922443340766],[139.33887981337742,35.71593984962757],[139.33855737827486,35.718957255914376],[139.34233703419926,35.72163423687652],[139.34531060236725,35.72089149071361],[139.3524758268685,35.72245435243139],[139.35294156646106,35.724883751339235],[139.35489409013766,35.72519322890711],[139.35824383259197,35.72554912811017],[139.3565600048342,35.72151044584937],[139.36472836076558,35.72291856878321],[139.3701022791415,35.72443500886581]]]],"type":"MultiPolygon"},"id":"geoshape:13:1935-12-31:e4fa872e8d22eb4698cf","properties":{"administrativeCode":"13000","jurisdictionId":"geoshape:13:1935-12-31:e4fa872e8d22eb4698cf","municipalityName":"拝島村","parentJurisdictionName":"北多摩郡","prefectureName":"東京府","snapshotDate":"1935-12-31","sourceDataset":"historical-administrative-areas-beta","sourceEndYear":1953,"sourceProvider":"Geoshape","sourceResourceId":"gci:13B0090035","sourceStartYear":1889},"type":"Feature"},{"geometry":{"coordinates":[[[[139.3485349533928,35.69269808427997],[139.35301321870608,35.69350272595645],[139.3632415766816,35.69432284151132],[139.36761236362733,35.69257429325281],[139.37676593792764,35.69172322994115],[139.37979324527942,35.68669421946314],[139.37769741711278,35.68771549543713],[139.3750641971086,35.68469808915033],[139.37604941547752,35.683970816865816],[139.37644350282508,35.676156508276904],[139.37228767261436,35.67221066928647],[139.37062175791783,35.66877546828303],[139.37169654159302,35.66572711423943],[139.36995897465147,35.66424162191362],[139.3604829652486,35.65967682778743],[139.35731235340683,35.659986305355304],[139.3596768774922,35.65732479827156],[139.35704365748802,35.655916675337714],[139.36069792198364,35.65136735508992],[139.35964105136972,35.65084124322452],[139.35303113176732,35.65727837663638],[139.34783634400395,35.66083736866697],[139.3364794631695,35.666485334280736],[139.32610780070397,35.66625322610483],[139.31195648231406,35.668852837675],[139.31183109088528,35.668930207066964],[139.31303126598925,35.671560766393924],[139.31285213537672,35.676094612763336],[139.31557492068717,35.67864780269832],[139.31521665946212,35.67991666072662],[139.31838727130392,35.68531704428608],[139.32539127825385,35.6807213024031],[139.32800658519682,35.6774408401836],[139.33157128438617,35.6769302021966],[139.3429639913431,35.67727062752127],[139.34631373379744,35.679096545171745],[139.34794382237146,35.68219132085052],[139.34588382032737,35.68431124219048],[139.34771095257517,35.6862764247465],[139.34726312604386,35.68838087220807],[139.3485349533928,35.69269808427997]]]],"type":"MultiPolygon"},"id":"geoshape:13:1935-12-31:e72231b521ebe2d75676","properties":{"administrativeCode":"13000","jurisdictionId":"geoshape:13:1935-12-31:e72231b521ebe2d75676","municipalityName":"小宮町","parentJurisdictionName":"南多摩郡","prefectureName":"東京府","snapshotDate":"1935-12-31","sourceDataset":"historical-administrative-areas-beta","sourceEndYear":1940,"sourceProvider":"Geoshape","sourceResourceId":"gci:13C0060001","sourceStartYear":1934},"type":"Feature"},{"geometry":{"coordinates":[[[[139.49696257893567,35.77857810936599],[139.498897189551,35.782106153639795],[139.5128693773284,35.78569609342718],[139.5137829434523,35.78832665275414],[139.51930016631823,35.78803264906465],[139.52359930101898,35.79046204797249],[139.5230619091814,35.79177732763597],[139.52931356755872,35.7942222004222],[139.53282452756432,35.797889509601546],[139.53807305451144,35.80477538548683],[139.54221097166092,35.80726667990824],[139.54432471288877,35.80636919496139],[139.54749532473056,35.801974613497535],[139.5446113218688,35.79686823362755],[139.54033010022934,35.79434599144935],[139.53741027124508,35.790910790445906],[139.5436619296224,35.78846591765968],[139.54402019084748,35.78298816470824],[139.54299914635604,35.779738650245534],[139.53719531451006,35.776984299891424],[139.53214383123668,35.77350267725279],[139.5277909573522,35.7734872033744],[139.52626834714567,35.77200171104859],[139.52263199571132,35.77200171104859],[139.51629077202773,35.76562647315031],[139.50769250262627,35.761990111727755],[139.50480849976452,35.76124736556484],[139.49687301362943,35.76246980195796],[139.50142293118768,35.76558005151513],[139.500240669145,35.7699591591006],[139.4980911017946,35.77204813268377],[139.49638936097557,35.77636534475566],[139.49696257893567,35.77857810936599]]]],"type":"MultiPolygon"},"id":"geoshape:13:1935-12-31:e9602940c5bcfa890652","properties":{"administrativeCode":"13000","jurisdictionId":"geoshape:13:1935-12-31:e9602940c5bcfa890652","municipalityName":"清瀬村","parentJurisdictionName":"北多摩郡","prefectureName":"東京府","snapshotDate":"1935-12-31","sourceDataset":"historical-administrative-areas-beta","sourceEndYear":1953,"sourceProvider":"Geoshape","sourceResourceId":"gci:13B0090020","sourceStartYear":1889},"type":"Feature"},{"geometry":{"coordinates":[[[[139.31691840028117,35.644589796353394],[139.32085927375684,35.646725191571754],[139.32032188191923,35.64955691131783],[139.31788570558882,35.64952596356105],[139.31539579007466,35.65638089168953],[139.31269091782545,35.65653563047347],[139.3074423908783,35.65378128011936],[139.30334029985133,35.65732479827156],[139.30480917087408,35.65915071592204],[139.30912621863607,35.66139442828915],[139.31150865578275,35.66348340187232],[139.31195648231406,35.668852837675],[139.32610780070397,35.66625322610483],[139.3364794631695,35.666485334280736],[139.34783634400395,35.66083736866697],[139.35303113176732,35.65727837663638],[139.34695860400254,35.65421454871439],[139.3476213872689,35.65008302318322],[139.342319121138,35.64873679576296],[139.343734252977,35.64602886704402],[139.33259232887758,35.64638476624709],[139.3314458929574,35.64776194142414],[139.32897389050447,35.64531706863791],[139.323277537026,35.644063684488],[139.31691840028117,35.644589796353394]]]],"type":"MultiPolygon"},"id":"geoshape:13:1935-12-31:ec64d86400e7e4b47b05","properties":{"administrativeCode":"13201","jurisdictionId":"geoshape:13:1935-12-31:ec64d86400e7e4b47b05","municipalityName":"八王子市","prefectureName":"東京府","snapshotDate":"1935-12-31","sourceDataset":"historical-administrative-areas-beta","sourceEndYear":1940,"sourceProvider":"Geoshape","sourceResourceId":"gci:13201A1968","sourceStartYear":1931},"type":"Feature"},{"geometry":{"coordinates":[[[[153.98053242897583,24.302376198546078],[153.98072947264964,24.296047382282982],[153.98287904,24.28793907000459],[153.98166095183478,24.285989361326962],[153.97900981876933,24.285695357637476],[153.96679311099476,24.289347192938433],[153.97623329427512,24.29799709096061],[153.97904564489184,24.301896508315867],[153.98053242897583,24.302376198546078]]]],"type":"MultiPolygon"},"id":"geoshape:13:1935-12-31:eee4c9ad7f23f6597d23","properties":{"administrativeCode":"13000","jurisdictionId":"geoshape:13:1935-12-31:eee4c9ad7f23f6597d23","municipalityName":"小笠原支庁","prefectureName":"東京府","snapshotDate":"1935-12-31","sourceDataset":"historical-administrative-areas-beta","sourceEndYear":1973,"sourceProvider":"Geoshape","sourceResourceId":"gci:13C9990004","sourceStartYear":1931},"type":"Feature"},{"geometry":{"coordinates":[[[[139.48546239361121,35.74387020012852],[139.48721787361401,35.74608296473885],[139.48655509034765,35.74875994570098],[139.4947055332178,35.755630347707864],[139.4949384030141,35.758431119697164],[139.50480849976452,35.76124736556484],[139.50769250262627,35.761990111727755],[139.51629077202773,35.76562647315031],[139.52116312468857,35.76769997285509],[139.52689530428955,35.768581983923546],[139.52739687000462,35.76773092061188],[139.53726696675506,35.770640009749926],[139.54762071615934,35.77429184505088],[139.54690419370922,35.769773472559876],[139.5474415855468,35.76573479029907],[139.54647428023915,35.75951429118473],[139.5446113218688,35.75456265009869],[139.53316487572812,35.74455105077785],[139.5286686973536,35.744876002224125],[139.52732521775962,35.743653565831],[139.53144522184783,35.74017194319238],[139.5292777414362,35.73975414847575],[139.52028538468716,35.73348722772623],[139.52119895081108,35.73885666352891],[139.51498311855624,35.73905782394802],[139.51256485528708,35.73792823082527],[139.50799702466756,35.73833055166351],[139.50837319895388,35.74122416692317],[139.50677893650234,35.74187406981571],[139.50656397976732,35.73600946990443],[139.5044323254782,35.732233843576324],[139.50457562996823,35.74040405136829],[139.50380536833435,35.74303461069525],[139.49792988424335,35.74444273362909],[139.49078257280337,35.74144080122068],[139.48945700627064,35.74484505446733],[139.48546239361121,35.74387020012852]]]],"type":"MultiPolygon"},"id":"geoshape:13:1935-12-31:f0d6fd57ba7474b762f9","properties":{"administrativeCode":"13000","jurisdictionId":"geoshape:13:1935-12-31:f0d6fd57ba7474b762f9","municipalityName":"久留米村","parentJurisdictionName":"北多摩郡","prefectureName":"東京府","snapshotDate":"1935-12-31","sourceDataset":"historical-administrative-areas-beta","sourceEndYear":1955,"sourceProvider":"Geoshape","sourceResourceId":"gci:13B0090002","sourceStartYear":1889},"type":"Feature"},{"geometry":{"coordinates":[[[[139.1632243347299,35.77851621385241],[139.16693233840928,35.774879852429855],[139.16757720861438,35.77574638961991],[139.17162556045758,35.773409833982434],[139.17941774210266,35.770005580735784],[139.18119113516673,35.76841177126121],[139.18076122169663,35.7638779248918],[139.18190765761685,35.762609066863504],[139.1878727070141,35.7613556827136],[139.1884459249742,35.75765742577747],[139.19136575395845,35.753804430057386],[139.19111497110092,35.75058586335146],[139.19394523477888,35.74936342695835],[139.1951633229441,35.74634602067154],[139.19693671600817,35.74599012146848],[139.19785028213207,35.74020289094917],[139.1948946270253,35.73891855904248],[139.19564697559792,35.734756085754526],[139.19763532539702,35.73271353380653],[139.19552158416917,35.72964970588455],[139.19161653681599,35.72867485154573],[139.18964610007816,35.72943307158703],[139.19021931803826,35.72689535553044],[139.1863859229301,35.72683346001686],[139.18549026986744,35.72324352022948],[139.1818001792493,35.71980831922604],[139.17742939230357,35.71744081583178],[139.17363182331792,35.71649690924975],[139.17083738576244,35.71446983118015],[139.1700133849448,35.71125126447423],[139.1650872931002,35.70849691412011],[139.16506938003897,35.711328633866195],[139.16655616412297,35.71419130136906],[139.16583964167285,35.71849303956256],[139.1674159910631,35.722098453228334],[139.16551720657029,35.724589747649745],[139.1662337290204,35.729479493222215],[139.1644065967726,35.732667112171356],[139.1659650331016,35.73602494378282],[139.16442450983385,35.73816033900118],[139.16415581391504,35.74147174897747],[139.15672189349505,35.74478315895376],[139.15398119512332,35.75013712087804],[139.14944919062629,35.75414485538205],[139.1442544028629,35.75535181789678],[139.14095839959234,35.7553053962616],[139.1406717906123,35.759189339738455],[139.1444514465367,35.76016419407728],[139.1472279710309,35.762206746025264],[139.14377075020906,35.76610616338053],[139.13909544122203,35.768055872058156],[139.13597856856398,35.770253162790084],[139.1378773530568,35.77226476698129],[139.1390596150995,35.77220287146771],[139.14274970571765,35.77647366190442],[139.14427231592416,35.777123564796966],[139.14832066776734,35.77508101284897],[139.1495924951163,35.77862453100117],[139.15362293389825,35.77367288991513],[139.15747424206765,35.773177725806526],[139.1588356347229,35.77808294525738],[139.1617733767684,35.77741756848645],[139.1632243347299,35.77851621385241]]]],"type":"MultiPolygon"},"id":"geoshape:13:1935-12-31:f274171e3610879257cc","properties":{"administrativeCode":"13000","jurisdictionId":"geoshape:13:1935-12-31:f274171e3610879257cc","municipalityName":"小宮村","parentJurisdictionName":"西多摩郡","prefectureName":"東京府","snapshotDate":"1935-12-31","sourceDataset":"historical-administrative-areas-beta","sourceEndYear":1954,"sourceProvider":"Geoshape","sourceResourceId":"gci:13B0030009","sourceStartYear":1934},"type":"Feature"},{"geometry":{"coordinates":[[[[142.21729380000932,27.087782626592947],[142.214087362045,27.088695585418186],[142.2115795334696,27.08210371322239],[142.2088209220366,27.082738142236543],[142.20826561713778,27.08046348211264],[142.20400230855955,27.07993737024725],[142.20093917508527,27.0838522614809],[142.20194230651543,27.085183015022775],[142.2000435220226,27.087535044538644],[142.1974998673247,27.086111447726406],[142.1955115175256,27.088695585418186],[142.19690873630333,27.090645294095815],[142.1973386497734,27.094931558410916],[142.194902473443,27.09717527077803],[142.19683708405833,27.09992962113214],[142.1916602093562,27.099821303983383],[142.19237673180632,27.097747804278605],[142.18711029179792,27.095225562100403],[142.1848174199575,27.09202246927287],[142.18625046485778,27.091155932082813],[142.18152141668696,27.08908243237803],[142.1800525456642,27.09174393946178],[142.17591462851476,27.094173338369618],[142.17686402076117,27.09849055044151],[142.17516227994213,27.101306796309196],[142.1770073252512,27.104556310771912],[142.18139602525818,27.106738127625448],[142.18451289791622,27.10579422104342],[142.1866982913891,27.107217817855656],[142.18732524853294,27.10515979202927],[142.18938525057706,27.10647507169275],[142.19520699548428,27.106010855340934],[142.1987537816124,27.106691705990265],[142.19934491263376,27.104741997312637],[142.20445013509087,27.10412304217688],[142.2103614453044,27.101384165701166],[142.2184402359295,27.09103214105566],[142.21892388858333,27.088850324202124],[142.21729380000932,27.087782626592947]]]],"type":"MultiPolygon"},"id":"geoshape:13:1935-12-31:f366224b6136a2c48a1a","properties":{"administrativeCode":"13000","jurisdictionId":"geoshape:13:1935-12-31:f366224b6136a2c48a1a","municipalityName":"大村","prefectureName":"東京府","snapshotDate":"1935-12-31","sourceDataset":"historical-administrative-areas-beta","sourceEndYear":1945,"sourceProvider":"Geoshape","sourceResourceId":"gci:13C0020003","sourceStartYear":1889},"type":"Feature"},{"geometry":{"coordinates":[[[[139.52028538468716,35.73348722772623],[139.5292777414362,35.73975414847575],[139.53144522184783,35.74017194319238],[139.5328603536868,35.74270965924898],[139.53642505287618,35.74275608088416],[139.54489793084886,35.751189344608825],[139.5470654112605,35.74558780063024],[139.54742367248556,35.741425327342284],[139.54634888881037,35.73919708885357],[139.54679671534169,35.73036150429066],[139.5493224569784,35.72717388534153],[139.54935828310087,35.71912746857671],[139.54634888881037,35.71872514773847],[139.5381626198177,35.715955323505966],[139.53123026511278,35.716713543547264],[139.52983304633506,35.717626502372504],[139.5268415651058,35.718678726103285],[139.52642956469697,35.71745628971017],[139.5229365177526,35.717518185223746],[139.5229365177526,35.7188953604008],[139.52472782387792,35.71928220736065],[139.52327686591642,35.72308878144554],[139.51822538264307,35.72708104207116],[139.5168281638653,35.73042339980424],[139.52028538468716,35.73348722772623]]]],"type":"MultiPolygon"},"id":"geoshape:13:1935-12-31:f41cd0cfc65f0ef6bafe","properties":{"administrativeCode":"13000","jurisdictionId":"geoshape:13:1935-12-31:f41cd0cfc65f0ef6bafe","municipalityName":"田無町","parentJurisdictionName":"北多摩郡","prefectureName":"東京府","snapshotDate":"1935-12-31","sourceDataset":"historical-administrative-areas-beta","sourceEndYear":1966,"sourceProvider":"Geoshape","sourceResourceId":"gci:13B0090032","sourceStartYear":1889},"type":"Feature"},{"geometry":{"coordinates":[[[[139.14805197184856,35.79402104000308],[139.15020153919892,35.796837285870765],[139.15622032777995,35.79875604679161],[139.16080607146074,35.79923573702182],[139.16478277105892,35.801696083686444],[139.1717330388251,35.80373863563443],[139.17175095188634,35.805409814500976],[139.17542312944323,35.806941728461965],[139.17407964984926,35.813286018603456],[139.17597843434208,35.81653553306617],[139.1766591306697,35.821440752517034],[139.17526191189194,35.82688755771168],[139.178450436795,35.83070960567497],[139.18273165843448,35.829038426808424],[139.18785479395285,35.829347904376306],[139.19376610416637,35.82766125163137],[139.19838767396965,35.82820283737516],[139.2026868086704,35.824334367776686],[139.20437063642817,35.82171928232812],[139.20899220623147,35.82263224115336],[139.20965498949784,35.820899166773245],[139.21554838665008,35.814740563172485],[139.21956091237078,35.813131279819515],[139.22072526135221,35.811552944223344],[139.23120440218526,35.80780826565203],[139.23224335973794,35.80599782187994],[139.23507362341593,35.805657396555276],[139.23804719158392,35.80373863563443],[139.23544979770224,35.80107712855069],[139.23503779729342,35.798013300628696],[139.232458316473,35.7937270363136],[139.23043414055138,35.790647734513215],[139.22781883360844,35.790369204702124],[139.2267619629945,35.79334018935375],[139.223752568704,35.793943670611114],[139.22137013155734,35.7962492784918],[139.21895186828817,35.79479473392277],[139.21712473604035,35.79575411438319],[139.21850404175683,35.79771929693922],[139.21572751726262,35.8007985987396],[139.2124852531758,35.80151039714572],[139.21289725358463,35.80547171001455],[139.20999533766164,35.80596687412316],[139.2050155066333,35.80462064670289],[139.19693671600817,35.804063587080705],[139.19555741029166,35.803444631944956],[139.1902372310995,35.80488370263558],[139.18737114129902,35.80462064670289],[139.18561566129623,35.80186629634878],[139.18794435925912,35.801572292659294],[139.18815931599414,35.798028774507095],[139.19109705803965,35.79525895027459],[139.1895565347719,35.7927057603396],[139.1845946168048,35.78780054088874],[139.1819255706781,35.78758390659122],[139.1758172167908,35.784999768899446],[139.1720733869889,35.782260892423736],[139.1664665988167,35.78086824336828],[139.1632243347299,35.77851621385241],[139.1617733767684,35.77741756848645],[139.1588356347229,35.77808294525738],[139.15747424206765,35.773177725806526],[139.15362293389825,35.77367288991513],[139.1495924951163,35.77862453100117],[139.14832066776734,35.77508101284897],[139.14427231592416,35.777123564796966],[139.14274970571765,35.77647366190442],[139.1390596150995,35.77220287146771],[139.1378773530568,35.77226476698129],[139.1371608306067,35.77757230727039],[139.14285718408516,35.78111582542259],[139.1475683191947,35.78199783649104],[139.14618901347822,35.78608294038702],[139.14798031960353,35.79081794717555],[139.14805197184856,35.79402104000308]]]],"type":"MultiPolygon"},"id":"geoshape:13:1935-12-31:f595fc72e5a77dfa0306","properties":{"administrativeCode":"13000","jurisdictionId":"geoshape:13:1935-12-31:f595fc72e5a77dfa0306","municipalityName":"三田村","parentJurisdictionName":"西多摩郡","prefectureName":"東京府","snapshotDate":"1935-12-31","sourceDataset":"historical-administrative-areas-beta","sourceEndYear":1954,"sourceProvider":"Geoshape","sourceResourceId":"gci:13B0030007","sourceStartYear":1889},"type":"Feature"},{"geometry":{"coordinates":[[[[139.52273947407883,35.64443505756946],[139.51901355733818,35.64361494201458],[139.51430242222864,35.644202949393545],[139.50563250058215,35.64825710553275],[139.50545336996962,35.650144918696796],[139.50242606261787,35.649495015804256],[139.5000436254712,35.65127451181955],[139.4922156177036,35.65234220942873],[139.48861509239174,35.65173872817137],[139.48327700013834,35.65243505269909],[139.47401594747052,35.65057818729183],[139.474051773593,35.64935575089871],[139.4724575111415,35.64944859416907],[139.4621037617372,35.65286832129412],[139.4618888050022,35.654106231565635],[139.47362186012293,35.652914742929305],[139.47355020787793,35.65653563047347],[139.47355020787793,35.65653563047347],[139.4771507331898,35.65542151122911],[139.47996308380652,35.656566578230255],[139.47965856176523,35.660280309044786],[139.48922413647435,35.6605124172207],[139.4904601377008,35.66469036438704],[139.4982164932234,35.66374645780502],[139.4992912768986,35.662910868371746],[139.50410989037564,35.66574258811783],[139.50434276017194,35.66715071105167],[139.4964968393431,35.66846599071515],[139.49466970709528,35.66944084505396],[139.49429353280897,35.67279867666544],[139.49054970300708,35.672520146854346],[139.48992274586323,35.67758010508915],[139.49705214424193,35.686044316570595],[139.50323215037426,35.68725127908532],[139.50077806098258,35.68421839892012],[139.5029813675167,35.684357663825665],[139.5063131969098,35.6865394806792],[139.5143561614124,35.68575031288111],[139.51516224916878,35.69006752495301],[139.51815373039804,35.69144470013006],[139.52213042999622,35.68725127908532],[139.52094816795352,35.680442772592016],[139.52453078020415,35.67956076152356],[139.52146764672986,35.67754915733236],[139.52478156306168,35.67604819112815],[139.52617878183943,35.6728915199358],[139.52522938959302,35.66940989729718],[139.52331269203893,35.667800613944216],[139.51684607692658,35.65562267164823],[139.519425557747,35.654787082214966],[139.52128851611732,35.65031513135913],[139.52085860264725,35.6466014005446],[139.52273947407883,35.64443505756946]]]],"type":"MultiPolygon"},"id":"geoshape:13:1935-12-31:f5b84f5eaed4163e8188","properties":{"administrativeCode":"13000","jurisdictionId":"geoshape:13:1935-12-31:f5b84f5eaed4163e8188","municipalityName":"多磨村","parentJurisdictionName":"北多摩郡","prefectureName":"東京府","snapshotDate":"1935-12-31","sourceDataset":"historical-administrative-areas-beta","sourceEndYear":1948,"sourceProvider":"Geoshape","sourceResourceId":"gci:13B0090024","sourceStartYear":1889},"type":"Feature"},{"geometry":{"coordinates":[[[[139.69857408333888,33.115353425117185],[139.6981441698688,33.11656038763191],[139.6916954678177,33.11750429421393],[139.68884729107847,33.11625091006403],[139.68431528658144,33.11768998075466],[139.68067893514709,33.125117442383726],[139.67702467065146,33.12909422913095],[139.67469597268854,33.13014645286173],[139.67650519187512,33.13217353093133],[139.6760931914663,33.136026526651406],[139.67878015065426,33.13444819105523],[139.68236276290486,33.136382425854464],[139.6875754637295,33.136630007908764],[139.68741424617824,33.13492788128544],[139.68949216128357,33.131492680282],[139.69513477557828,33.12926444179328],[139.6986815617064,33.12510196850533],[139.69920104048273,33.11920642083726],[139.7016551298744,33.11827798813363],[139.69857408333888,33.115353425117185]]],[[[139.82349977251772,33.089171622874744],[139.82582847048062,33.09053332417341],[139.8266882974208,33.093659047608966],[139.82631212313447,33.09868805808698],[139.83107699742777,33.101303143535546],[139.83295786885935,33.10480024005256],[139.83532239294476,33.105744146634585],[139.8379376998877,33.110123254220056],[139.83775856927517,33.11558553329309],[139.83410430477954,33.11773640238984],[139.836755437845,33.118107775471294],[139.83913787499165,33.11688533907818],[139.84497753296014,33.11659133538869],[139.848506406027,33.11162422042426],[139.85015440766227,33.10610004583765],[139.85230397501266,33.10345401263229],[139.85719424073474,33.09952364752024],[139.85402362889295,33.09381378639291],[139.85520589093565,33.0862315859799],[139.8563702399171,33.085086518978756],[139.8552596301194,33.08126447101547],[139.8566747619584,33.0801658256495],[139.8534683239941,33.0781696953367],[139.847019621943,33.077473370808974],[139.8443864019388,33.07505944577952],[139.83929909254294,33.074548807792524],[139.83883335295036,33.07204203949272],[139.83611056763988,33.06888536830037],[139.83512534927098,33.070370860626184],[139.83129195416282,33.071005289640325],[139.83104117130526,33.07450238615735],[139.8262225578282,33.081527526948165],[139.82131437904485,33.085906634533636],[139.82349977251772,33.089171622874744]]]],"type":"MultiPolygon"},"id":"geoshape:13:1935-12-31:f6b0e59eea4f3496f1cb","properties":{"administrativeCode":"13000","jurisdictionId":"geoshape:13:1935-12-31:f6b0e59eea4f3496f1cb","municipalityName":"末吉村","prefectureName":"東京府","snapshotDate":"1935-12-31","sourceDataset":"historical-administrative-areas-beta","sourceEndYear":1953,"sourceProvider":"Geoshape","sourceResourceId":"gci:13B0010021","sourceStartYear":1889},"type":"Feature"},{"geometry":{"coordinates":[[[[139.20494385438826,35.69966132955721],[139.20532002867458,35.70312747831744],[139.20433481030568,35.70747563814612],[139.20637689928853,35.712643913529675],[139.21001325072288,35.71371161113885],[139.21714264910162,35.718817991008834],[139.21888021604315,35.71702302111514],[139.235575189131,35.71482573038321],[139.2379038870939,35.71327834254382],[139.24071623771064,35.71426867076103],[139.24327780546983,35.712520122502525],[139.24506911159514,35.71335571193579],[139.24596476465777,35.711204842839045],[139.2496548552759,35.71049304443292],[139.2516790311975,35.71219517105625],[139.25520790426435,35.71272128292164],[139.25730373243098,35.71188569348837],[139.2650421748923,35.70968840275644],[139.26746043816146,35.71024546237862],[139.2671021769364,35.709471768458926],[139.27295974796615,35.708032697768296],[139.27555714184783,35.706036567455484],[139.2799279287936,35.70611393684746],[139.28291941002286,35.702121676221836],[139.28700358798855,35.700156493665816],[139.2961034231051,35.69899595278628],[139.29737525045408,35.70032670632815],[139.30387769168894,35.69944469525969],[139.3086604790435,35.69328609165893],[139.31566448599344,35.68865940201916],[139.31838727130392,35.68531704428608],[139.31521665946212,35.67991666072662],[139.31557492068717,35.67864780269832],[139.31285213537672,35.676094612763336],[139.31303126598925,35.671560766393924],[139.31183109088528,35.668930207066964],[139.30561525863047,35.67301531096295],[139.304307605159,35.67674451565588],[139.30092203658216,35.6802261382945],[139.2975902071891,35.68214489921534],[139.28417332431056,35.685827682273086],[139.28112810389754,35.68558010021878],[139.27989210267108,35.68722033132853],[139.26780078632527,35.689464043695644],[139.26181782386675,35.69189344260349],[139.257518689166,35.6900829988314],[139.25730373243098,35.688288028937706],[139.261764084683,35.683506600514],[139.26611695856747,35.682253216364096],[139.26031312672148,35.681309309782065],[139.25495712140682,35.678957280266204],[139.25479590385555,35.680133295024135],[139.25064007364483,35.682098477580155],[139.24560650343273,35.68011782114574],[139.24270458750973,35.682655537202336],[139.23740232137882,35.68294954089182],[139.22772926830217,35.68904624897901],[139.22608126666688,35.69306945736142],[139.22633204952442,35.69560717341801],[139.22416456911282,35.69687603144631],[139.21877273767564,35.696845083689524],[139.2176442148167,35.69833057601534],[139.20494385438826,35.69966132955721]]]],"type":"MultiPolygon"},"id":"geoshape:13:1935-12-31:fc009f554f3b806bd987","properties":{"administrativeCode":"13000","jurisdictionId":"geoshape:13:1935-12-31:fc009f554f3b806bd987","municipalityName":"川口村","parentJurisdictionName":"南多摩郡","prefectureName":"東京府","snapshotDate":"1935-12-31","sourceDataset":"historical-administrative-areas-beta","sourceEndYear":1954,"sourceProvider":"Geoshape","sourceResourceId":"gci:13B0070009","sourceStartYear":1889},"type":"Feature"},{"geometry":{"coordinates":[[[[139.3529236533998,35.72873674705931],[139.35546730809776,35.726601351840955],[139.35489409013766,35.72519322890711],[139.35294156646106,35.724883751339235],[139.3524758268685,35.72245435243139],[139.34531060236725,35.72089149071361],[139.34233703419926,35.72163423687652],[139.33855737827486,35.718957255914376],[139.33887981337742,35.71593984962757],[139.33252067663258,35.712922443340766],[139.3287768468307,35.711839271853194],[139.32874102070818,35.728024948653186],[139.32592867009146,35.73087214227766],[139.33191163254997,35.733286067307105],[139.34092190236026,35.73427639552432],[139.34301773052687,35.72742146739583],[139.34477321052967,35.7249456468528],[139.34683321257378,35.72432669171705],[139.3528161750323,35.72715841146313],[139.3529236533998,35.72873674705931]]]],"type":"MultiPolygon"},"id":"geoshape:13:1935-12-31:fd7f1f2cc898d20abeb0","properties":{"administrativeCode":"13000","jurisdictionId":"geoshape:13:1935-12-31:fd7f1f2cc898d20abeb0","municipalityName":"熊川村","parentJurisdictionName":"西多摩郡","prefectureName":"東京府","snapshotDate":"1935-12-31","sourceDataset":"historical-administrative-areas-beta","sourceEndYear":1939,"sourceProvider":"Geoshape","sourceResourceId":"gci:13B0030003","sourceStartYear":1889},"type":"Feature"},{"geometry":{"coordinates":[[[[139.33141006683488,35.789997831620674],[139.33470607010545,35.79173090600079],[139.3368198113333,35.789332454849735],[139.33866485664237,35.790121622647824],[139.34124433746283,35.78557230240002],[139.34368051379323,35.78721253350977],[139.34665408196125,35.78402491456063],[139.34543599379603,35.78199783649104],[139.35016504196685,35.77942917267765],[139.35111443421326,35.77686050886427],[139.35444626360632,35.77825315791972],[139.35906783340963,35.77884116529869],[139.3557897432003,35.77582375901188],[139.3528878272773,35.767885659395816],[139.34740643053388,35.765533629879954],[139.34749599584015,35.768551036166755],[139.3437700790995,35.76746786467918],[139.3395246835825,35.76754523407115],[139.3389693786837,35.76856651004515],[139.33535094031055,35.76664774912431],[139.33316554683768,35.76765355121991],[139.33377459092029,35.77107327834496],[139.33225198071378,35.771970763291804],[139.33621076725072,35.77413710626695],[139.3405994672577,35.78139435523367],[139.3370885072521,35.78482955623711],[139.33771546439596,35.78552588076484],[139.33141006683488,35.789997831620674]]]],"type":"MultiPolygon"},"id":"geoshape:13:1935-12-31:febcbbd3139d5dea817b","properties":{"administrativeCode":"13000","jurisdictionId":"geoshape:13:1935-12-31:febcbbd3139d5dea817b","municipalityName":"箱根ケ崎村","parentJurisdictionName":"西多摩郡","prefectureName":"東京府","snapshotDate":"1935-12-31","sourceDataset":"historical-administrative-areas-beta","sourceEndYear":1939,"sourceProvider":"Geoshape","sourceResourceId":"gci:13B0030026","sourceStartYear":1889},"type":"Feature"},{"geometry":{"coordinates":[[[[139.7586365777204,35.56454342342187],[139.76392093079005,35.560442845647486],[139.7711578075363,35.56879873998018],[139.78364321122967,35.57387417209337],[139.80651819044982,35.5421991430211],[139.7991200961523,35.53416820013468],[139.7948926136966,35.53221849145705],[139.78441347286355,35.53534421489262],[139.78204894877814,35.53862467711212],[139.7786275540788,35.5369070766104],[139.76897241406343,35.54125523643908],[139.76820215242952,35.5401875388299],[139.76057118833572,35.54377747861728],[139.7553226613886,35.54512370603754],[139.74444943320796,35.54360726595495],[139.7411534299374,35.54417979945552],[139.7319640295146,35.54243125119701],[139.72587358868856,35.54230746016986],[139.72220141113166,35.540961232749595],[139.71482122989542,35.53703086763755],[139.7088024413144,35.53574653573085],[139.70265826130458,35.536473808015366],[139.6989860837477,35.5391662628559],[139.69771425639874,35.54182776993965],[139.69932643191152,35.545711713416516],[139.70393008865355,35.55060145898898],[139.70289113110087,35.55317012280236],[139.69775008252125,35.55570783885896],[139.69004746618242,35.55679101034653],[139.68470937392902,35.56011789420121],[139.67989076045194,35.56206760287884],[139.67747249718278,35.563955416042894],[139.67354953676835,35.57288384387616],[139.67179405676555,35.576349992636395],[139.66887422778132,35.58535578986163],[139.6638048314467,35.58999795337979],[139.655331953474,35.59010627052855],[139.6507820359157,35.59238093065245],[139.64845333795282,35.59510433324977],[139.6395684595713,35.60036545190369],[139.6362545432395,35.60346022758247],[139.63467819384923,35.60367686187998],[139.63097019016982,35.6074215404513],[139.62523801056884,35.60943314464251],[139.62287348648346,35.611460222712104],[139.62391244403614,35.612790976253976],[139.61920130892656,35.61747956140732],[139.62298096485097,35.62202888165512],[139.6223898338296,35.625943772888775],[139.62317800852475,35.627522108484946],[139.62658149016283,35.62705789213313],[139.62507679301757,35.63180837280005],[139.62165539831824,35.63654337958858],[139.62000739668295,35.63835382336066],[139.61810861219013,35.64561107232739],[139.61723087218874,35.6488760606685],[139.6225510513809,35.647003721382845],[139.62444983587372,35.64756078100502],[139.6259366199577,35.651057877522035],[139.63054027669975,35.655669093283414],[139.62602618526398,35.65802112279928],[139.62421696607743,35.66131705889718],[139.61918339586532,35.66503078971171],[139.6164785236161,35.66992053528418],[139.60936703829864,35.67072517696066],[139.608471385236,35.676435038088],[139.60281085788003,35.68073677628149],[139.594033457866,35.68229963799928],[139.59365728357972,35.68431124219048],[139.59054041092168,35.686864432125475],[139.59351397908966,35.68940214818207],[139.5867786680585,35.69415262884899],[139.5900746713291,35.69481800561992],[139.59270789133328,35.700930187585506],[139.59550232888876,35.70568066825243],[139.5866353635685,35.71177737633962],[139.58061657498746,35.71457814832891],[139.57513517824404,35.71875609549525],[139.56537255986112,35.72147949809258],[139.5661786476175,35.72735957188225],[139.56947465088808,35.73399786571323],[139.56734299659897,35.736164208688365],[139.56838195415162,35.73797465246045],[139.56784456231404,35.74464389404821],[139.56650108272007,35.747614878699835],[139.56902682435674,35.74780056524057],[139.5693850855818,35.74995143433731],[139.56796995374282,35.7550423403289],[139.56291847046944,35.76155684313272],[139.56841778027413,35.76336728690481],[139.57149882680966,35.76346013017517],[139.5702986517057,35.76558005151513],[139.5743828296714,35.76629184992125],[139.57407830763012,35.768179663085306],[139.5769802235531,35.7679475549094],[139.57805500722827,35.77124349100729],[139.58222875050024,35.771057804466565],[139.58183466315268,35.772527822913986],[139.58441414397313,35.77320867356332],[139.5844678831569,35.775127434484155],[139.58688614642605,35.77523575163291],[139.58874910479636,35.778810217541896],[139.59389015337598,35.7772937774593],[139.59440963215232,35.77901137796102],[139.59704285215653,35.77860905712278],[139.59682789542148,35.77662840068836],[139.60447677257656,35.77529764714649],[139.5973652872591,35.7712280171289],[139.59870876685306,35.76899977864018],[139.60316911910508,35.77113517385853],[139.60641138319187,35.77132086039926],[139.60866842890977,35.769077148032146],[139.61105086605642,35.771181595493715],[139.61685469790243,35.770021054614176],[139.61771452484257,35.76661680136752],[139.6231600954635,35.7666786968811],[139.62432444444494,35.77183149838626],[139.6243423575062,35.78023381435413],[139.6274771432255,35.78269416101876],[139.6288922750645,35.785262824832145],[139.63242114813133,35.78730537678014],[139.63179419098748,35.788543287051645],[139.63516184650305,35.790786999418756],[139.63763384895597,35.79081794717555],[139.640750721614,35.79561484947765],[139.64039246038894,35.79804424838549],[139.64241663631054,35.79739434549295],[139.64392133345578,35.79889531169715],[139.64798759836023,35.7972705544658],[139.65343316898117,35.80034985626618],[139.66489752818313,35.80061291219887],[139.67132831717296,35.800272486874206],[139.67621858289507,35.79898815496752],[139.67946084698187,35.79905005048109],[139.68770085515828,35.80099975915872],[139.69366590455553,35.80041175177975],[139.6949377319045,35.79948331907612],[139.69461529680194,35.795645797234435],[139.69697982088735,35.7960016964375],[139.69778590864374,35.79857036025088],[139.70518400294125,35.793773457948774],[139.7106653996847,35.7921951223526],[139.7188695817386,35.792086805203844],[139.72401063031822,35.789734775687975],[139.72576611032102,35.78733632453692],[139.7320356817596,35.78911582055222],[139.73617359890906,35.78797075355107],[139.73832316625942,35.78515450768339],[139.73689012135918,35.78179667607192],[139.73803655727937,35.78020286659735],[139.74541673851564,35.78312742961379],[139.7466527397421,35.78668642164438],[139.75297605036442,35.78620673141417],[139.7555017920011,35.78733632453692],[139.75525100914356,35.79002877937746],[139.75926353486426,35.79403651388147],[139.76055327527448,35.797502662641705],[139.75505396546978,35.80321252376905],[139.75066526546277,35.80636919496139],[139.75032491729897,35.80929375797784],[139.75206248424053,35.811197045020286],[139.75501813934727,35.81046977273577],[139.7554301397561,35.81269801122449],[139.76075031894825,35.81246590304858],[139.7658913675279,35.81588563017363],[139.76610632426292,35.81730922698587],[139.77108615529127,35.81715448820193],[139.77714076999482,35.81042335110059],[139.78065173000041,35.80743689257057],[139.786992953684,35.80667867252927],[139.79302965532628,35.80520865408185],[139.80001574921496,35.806570355380515],[139.80422531860944,35.80886048938281],[139.809079758209,35.80817963873348],[139.81420289372738,35.808535537936535],[139.81948724679705,35.81176957852086],[139.82122481373858,35.81503456686197],[139.82319525047643,35.814462033361394],[139.8251119480305,35.81077925030365],[139.82287281537387,35.8093866012482],[139.82077698720727,35.8058585569744],[139.8196126382258,35.79937500192736],[139.82287281537387,35.7954755845721],[139.826634558237,35.793402084867324],[139.83286830355308,35.79569221886962],[139.8374361341726,35.800752177104414],[139.84322205295734,35.799839218279175],[139.8466792737792,35.796295700126976],[139.85371910685166,35.79142142843291],[139.8562269354271,35.79083342105394],[139.85939754726886,35.795661271112834],[139.86337424686704,35.794609047382046],[139.87148886361467,35.79686823362755],[139.8743907795377,35.796295700126976],[139.877668869747,35.79385082734075],[139.87222329912606,35.789177716065794],[139.8713276460634,35.78482955623711],[139.87519686729408,35.781316985841706],[139.88085739465004,35.78187404546389],[139.88676870486356,35.784086810074214],[139.89377271181348,35.78277153041073],[139.8946504518149,35.78113129930098],[139.89348610283344,35.77834600119008],[139.88984975139908,35.77625702760691],[139.88286365751037,35.77334793846886],[139.88066035097626,35.77139822979123],[139.8797646979136,35.76718933486809],[139.88273826608162,35.76202105948454],[139.88366974526676,35.75765742577747],[139.8896885338478,35.75072512825701],[139.8917843620144,35.74875994570098],[139.89796436814672,35.74602106922527],[139.8999168918233,35.74359167031743],[139.90072297957968,35.739862465624505],[139.90020350080334,35.736071365418006],[139.8973553240641,35.73096498554803],[139.8975523677379,35.7252241766639],[139.89914663018942,35.722934042661606],[139.90314124284885,35.720396326605005],[139.9076553342846,35.7145936222073],[139.9134591661306,35.71103463017671],[139.92110804328567,35.70317389995262],[139.9191017804253,35.698052046204246],[139.9150176024596,35.69218744629296],[139.90783446489715,35.6847754585423],[139.90389359142148,35.68322807070291],[139.89287705875083,35.68202110818819],[139.88653583506726,35.67889538475262],[139.88567600812712,35.67207140438092],[139.88707322690485,35.66902305033733],[139.88710905302736,35.65707721621726],[139.88626713914846,35.6519244147121],[139.8835801799605,35.64999017991286],[139.88137687342638,35.64522422536754],[139.87670156443932,35.64273293094613],[139.87259947341238,35.641464072917834],[139.85959459094266,35.64629192297672],[139.84970658113096,35.64731319895072],[139.85065597337737,35.6604969433423],[139.8513724958275,35.66537121503637],[139.84628518643163,35.66575806199622],[139.84535370724646,35.64932480314192],[139.84080378968818,35.649464068047465],[139.8379376998877,35.6508876648597],[139.83768691703017,35.65107335140043],[139.83972900601302,35.65573098879699],[139.83268917294055,35.65525129856678],[139.82890951701614,35.65636541781114],[139.82869456028112,35.66190506627615],[139.8303783880389,35.66204433118169],[139.82998430069134,35.6653093195228],[139.82837212517856,35.66625322610483],[139.82826464681105,35.656349943932746],[139.82444916476413,35.655823832067355],[139.82376846843653,35.65576193655377],[139.82111733537107,35.65718553336601],[139.82109942230983,35.65755690644747],[139.8206515957785,35.6658199575098],[139.81972011659334,35.6658199575098],[139.82025750843093,35.66221454384402],[139.80913349739276,35.660930211937334],[139.80723471289994,35.66009462250406],[139.8138983716861,35.66074452539661],[139.8139700239311,35.65978514493619],[139.80990375902667,35.65709269009565],[139.8097783675979,35.65701532070368],[139.8047806235083,35.653688436848995],[139.8010726198289,35.65740216766353],[139.80035609737877,35.65689152967653],[139.8040461879969,35.65322422049718],[139.8004277496238,35.650810295467736],[139.80021279288874,35.650655556683795],[139.79673765900566,35.648427318195075],[139.79399696063393,35.651212616305976],[139.79299382920377,35.64992828439928],[139.79426565655274,35.64734414670751],[139.7800068597953,35.6397774201729],[139.7765317259122,35.642144923567166],[139.79003817409702,35.65163041102261],[139.79254600267245,35.652914742929305],[139.79120252307845,35.654106231565635],[139.79005608715826,35.66080642091018],[139.794355221859,35.663669088413045],[139.78946495613692,35.667769666187425],[139.78778112837912,35.6769302021966],[139.78663469245893,35.67748726181878],[139.78625851817262,35.67482575473503],[139.78301625408582,35.67194761335377],[139.78133242632802,35.67244277746238],[139.77907538061015,35.6663151216184],[139.76925902304347,35.65946019348991],[139.76770058671445,35.65980061881458],[139.76304319078864,35.65718553336601],[139.7595501438443,35.65888765998934],[139.76381345242254,35.65585477982414],[139.76082197119328,35.6519244147121],[139.75908440425172,35.64497664331324],[139.76032040547818,35.644992117191634],[139.76037414466194,35.63982384180808],[139.75899483894545,35.637146860845945],[139.75480318261225,35.63887993522606],[139.7525998760781,35.63439251049183],[139.75313726791572,35.63131320869145],[139.75313726791572,35.63112752215072],[139.75308352873193,35.63005982454155],[139.7530656156707,35.62979676860885],[139.75195500587301,35.62628419821344],[139.7501636997477,35.624489228319746],[139.75179378832172,35.624752284252445],[139.75143552709667,35.618934105976344],[139.74926804668505,35.61840799411095],[139.7468856095384,35.623050157629116],[139.74935761199131,35.62417975075187],[139.7440195197379,35.62376195603524],[139.74606160872074,35.62272520618285],[139.7483723936224,35.617510509164106],[139.75147135321916,35.61831515084059],[139.75034283036024,35.605936048125486],[139.74788874096856,35.602655585905985],[139.74391204137038,35.602934115717076],[139.74154751728497,35.59954533634882],[139.74102803850863,35.5965434039404],[139.73708716503296,35.59046216973161],[139.73694386054294,35.58801729694538],[139.73708716503296,35.58800182306698],[139.73780368748308,35.58359176772473],[139.73955916748588,35.58377745426546],[139.74015029850725,35.58089931288419],[139.74353586708406,35.57710821267769],[139.74090264707988,35.573843224336585],[139.7492143075013,35.567112087235245],[139.75335222465074,35.56237708044672],[139.75184752750548,35.56078327097215],[139.7513459617904,35.55677553646814],[139.75290439811943,35.55354149588381],[139.75292231118067,35.5571159617928],[139.75417622546837,35.561603386527025],[139.7586365777204,35.56454342342187]],[[139.75102352668785,35.635135256654735],[139.7508085699528,35.63657432734537],[139.7467602181096,35.637007595940396],[139.74774543647854,35.635676842398524],[139.75102352668785,35.635135256654735]],[[139.75152509240294,35.6415414423098],[139.74815743688737,35.641479546796226],[139.7492501336238,35.639081095645174],[139.75152509240294,35.6415414423098]],[[139.80021279288874,35.65826870485358],[139.79446270022652,35.66362266677787],[139.7936386994089,35.66286444673656],[139.80024861901126,35.65703079458207],[139.80021279288874,35.65826870485358]]],[[[139.75747222873895,35.62780063829604],[139.759245621803,35.62780063829604],[139.7596217960893,35.61927453130101],[139.7529939634257,35.61899600148992],[139.75347761607952,35.624086907481505],[139.75761553322897,35.62417975075187],[139.75747222873895,35.62780063829604]]],[[[139.779773989999,35.65076387383255],[139.7727520699878,35.64602886704402],[139.7694739797785,35.64926290762835],[139.772411721824,35.65183157144173],[139.78808565042044,35.66219906996563],[139.7885872161355,35.656566578230255],[139.779773989999,35.65076387383255]]],[[[139.78606147449884,35.67170003129947],[139.78770947613413,35.666237752226436],[139.7875303455216,35.66286444673656],[139.77303867896785,35.65333253764594],[139.77063832875996,35.65495729487729],[139.76888284875716,35.6567058431358],[139.77934407652893,35.66394761822414],[139.78174442673685,35.66650080815913],[139.78269381898326,35.66979674425703],[139.78606147449884,35.67170003129947]]]],"type":"MultiPolygon"},"id":"geoshape:13:1935-12-31:parent-city:37a8279c77191755c9b5","properties":{"derivation":"dissolved-from-source-jurisdictions","derived":true,"jurisdictionId":"geoshape:13:1935-12-31:parent-city:37a8279c77191755c9b5","jurisdictionLevel":"parent","jurisdictionName":"東京市","memberCount":35,"memberJurisdictionIds":["geoshape:13:1935-12-31:0e549cb658c06a05f179","geoshape:13:1935-12-31:136c9984ae00da973c8f","geoshape:13:1935-12-31:20104926b1c0c03ea180","geoshape:13:1935-12-31:2be8fe0e6ae1fb67cbd6","geoshape:13:1935-12-31:302738d632aef21690a8","geoshape:13:1935-12-31:33bfa24fcd2afb2699ce","geoshape:13:1935-12-31:36dd1a6f45407d4286c8","geoshape:13:1935-12-31:3af4e92ae678b8a21b8e","geoshape:13:1935-12-31:45a5e72b580c0427280c","geoshape:13:1935-12-31:4f7b4b964b8db4bb666c","geoshape:13:1935-12-31:557fd2a75282fbca2935","geoshape:13:1935-12-31:6244f4bb314002351d7e","geoshape:13:1935-12-31:62cd828f50baf9f6e8a4","geoshape:13:1935-12-31:64d5f395d95c86e55476","geoshape:13:1935-12-31:67ae3a92faf368ed8d99","geoshape:13:1935-12-31:69f4634e6b5d82fade6c","geoshape:13:1935-12-31:71cf81f98e84f73cf142","geoshape:13:1935-12-31:7449ab8305bc56a97b38","geoshape:13:1935-12-31:770c37db492aabb68405","geoshape:13:1935-12-31:7900abec4c8f7b18353f","geoshape:13:1935-12-31:854510c2917f72ad5779","geoshape:13:1935-12-31:866dff401bb2b5f055d5","geoshape:13:1935-12-31:8c510c6a233af6f8f263","geoshape:13:1935-12-31:8c5d5189380e59a1f13c","geoshape:13:1935-12-31:8e1bfb42644bc0e1c08a","geoshape:13:1935-12-31:963065082d26ddc808bd","geoshape:13:1935-12-31:a8f6b8e07d94c911d5d9","geoshape:13:1935-12-31:a9987780ffa9eaaf9c62","geoshape:13:1935-12-31:cb51bb21192fe30696bd","geoshape:13:1935-12-31:d1b7e4023616f056d10c","geoshape:13:1935-12-31:e7a5fb4c377e9b707f83","geoshape:13:1935-12-31:ea3fe09d8a20f436b365","geoshape:13:1935-12-31:f6b8def4a2bf7ab281c8","geoshape:13:1935-12-31:f949953458b5d231080a","geoshape:13:1935-12-31:fa2bb75b6a463378dd7a"],"municipalityName":"東京市","prefectureName":"東京府","snapshotDate":"1935-12-31","sourceDataset":"historical-administrative-areas-beta","sourceProvider":"Geoshape","sourceResourceIds":["gci:13109A1968","gci:13110A1968","gci:13112A1968","gci:13113A1968","gci:13114A1968","gci:13115A1968","gci:13116A1968","gci:13118A1968","gci:13119A1968","gci:13121A1968","gci:13122A1968","gci:13123A1968","gci:13B0040001","gci:13B0040002","gci:13B0040003","gci:13B0040004","gci:13B0040005","gci:13B0040006","gci:13B0040007","gci:13B0040008","gci:13B0040009","gci:13B0040010","gci:13B0040011","gci:13B0040012","gci:13B0040013","gci:13B0040014","gci:13B0040015","gci:13C0010001","gci:13C0010002","gci:13C0010003","gci:13C0010004","gci:13C0010005","gci:13C0010006","gci:13C0010007","gci:13C0010008"]},"type":"Feature"}],"type":"FeatureCollection"}
