{"features":[{"geometry":{"coordinates":[[[[139.38509141484292,35.69128606066994],[139.37626312379842,35.691636272086754],[139.3675250708225,35.692184936639755],[139.3633290006327,35.69374921430151],[139.3538540034299,35.69313050746515],[139.34648456116105,35.69197480978967],[139.3403784518526,35.693655824590365],[139.33603198488177,35.69610730450805],[139.3355958342169,35.69906075412315],[139.33681404814297,35.701512234040834],[139.33299396990563,35.705119411633994],[139.33153512112997,35.709695507480326],[139.33258789859696,35.712882431373316],[139.3388744840426,35.71594094441346],[139.3388744840426,35.71964151171777],[139.3430705542324,35.72156767451023],[139.3526809085381,35.72217470763271],[139.3531772179154,35.72504644125056],[139.35535797123987,35.725303262956224],[139.36247173898101,35.72417091270853],[139.36187015185703,35.72629552863719],[139.36540447621044,35.72502309382277],[139.36984118124985,35.725781885225864],[139.37005173674325,35.72450945041145],[139.37635336186702,35.72545502123684],[139.377706932896,35.724205933850214],[139.38008320203573,35.72559510580356],[139.381782685661,35.7231202784581],[139.37931617845265,35.721719432790856],[139.3820684395449,35.72023687112635],[139.38549748615162,35.72045867169033],[139.38883629468975,35.71789045463372],[139.38709169203017,35.71667638838877],[139.38898669147073,35.714388340465604],[139.3910320876923,35.71533391129099],[139.39456641204572,35.71163334398668],[139.3956943879032,35.712882431373316],[139.39844664899545,35.711645017700576],[139.39325796005105,35.70276132142746],[139.39294212681096,35.69907242783705],[139.3902500244311,35.698838953559175],[139.38858062016206,35.69306046518179],[139.38509141484292,35.69128606066994]]]],"type":"MultiPolygon"},"id":"geoshape:13:1975-10-01:00317c98205abb59a8fd","properties":{"administrativeCode":"13207","jurisdictionId":"geoshape:13:1975-10-01:00317c98205abb59a8fd","municipalityName":"昭島市","prefectureName":"東京都","snapshotDate":"1975-10-01","sourceDataset":"historical-administrative-areas-beta","sourceProvider":"Geoshape","sourceResourceId":"gci:13207A1968"},"type":"Feature"},{"geometry":{"coordinates":[[[[139.31386349936284,35.74712143422357],[139.3110510795582,35.75062354839169],[139.30259878046618,35.755199644238026],[139.29653779019202,35.75454591625998],[139.297440170878,35.7600792566456],[139.29668818697303,35.766044524445284],[139.29510902077254,35.76999023974136],[139.2930937039072,35.77203313967276],[139.2921462041869,35.77536014813247],[139.29550005240313,35.77765986976953],[139.2975454486247,35.78076507766526],[139.29989163840824,35.78116198393764],[139.30247846304138,35.778547072025454],[139.30801306458207,35.77723961606936],[139.30918615947385,35.77571035954928],[139.31228433316238,35.77552358012698],[139.31843556150514,35.77840698745873],[139.3210675051726,35.77721626864157],[139.32878286003773,35.77133271683914],[139.33152008145186,35.77292034192868],[139.33364067606394,35.77094748428065],[139.33318948572094,35.76760880210704],[139.33642301651236,35.766044524445284],[139.3347836915995,35.76492384791149],[139.33583646906646,35.75929711781472],[139.34036341217447,35.753728756287416],[139.34301039552003,35.75383381971246],[139.34263440356753,35.74984140956081],[139.3387391269397,35.75010990498036],[139.33218182728825,35.75174422492549],[139.33129448628037,35.753040007167684],[139.32738416997447,35.75292327002875],[139.32491766276613,35.75484943282122],[139.32206012392717,35.753600345434585],[139.3209321480697,35.75005153641089],[139.31879651377955,35.75070526438894],[139.31386349936284,35.74712143422357]]]],"type":"MultiPolygon"},"id":"geoshape:13:1975-10-01:011e81ad3c7207f4469f","properties":{"administrativeCode":"13302","jurisdictionId":"geoshape:13:1975-10-01:011e81ad3c7207f4469f","municipalityName":"羽村町","parentJurisdictionName":"西多摩郡","prefectureName":"東京都","snapshotDate":"1975-10-01","sourceDataset":"historical-administrative-areas-beta","sourceProvider":"Geoshape","sourceResourceId":"gci:13302A1968"},"type":"Feature"},{"geometry":{"coordinates":[[[[139.80972168630925,35.7281399754324],[139.8113910905783,35.732984566698285],[139.81414335167054,35.73620651173295],[139.81448926426683,35.73880974993125],[139.81724152535907,35.742090063535386],[139.8203547387257,35.743432540633165],[139.82381386468865,35.73771242082524],[139.8297695772161,35.73117514104476],[139.84214723229215,35.71931464772875],[139.83904905860362,35.71711998951673],[139.8354996945721,35.717867107205926],[139.83315350478853,35.71575416499117],[139.83361973480962,35.714014781621],[139.8393047331313,35.71087455258359],[139.8394852092685,35.709812244619265],[139.83440179807081,35.70495597963948],[139.83539441682538,35.70301814313312],[139.8306719579021,35.70300646941923],[139.81868533445663,35.70800281896574],[139.81969299288932,35.693037117754],[139.81337632808746,35.692675232623294],[139.8114662889688,35.69190476750631],[139.81187236027748,35.68855441161881],[139.80946601178155,35.68699013395705],[139.80499922738593,35.68678000710697],[139.80480371157063,35.68850771676324],[139.80048732395602,35.68829758991315],[139.79916383228326,35.68972178300818],[139.79672740443112,35.68854273790492],[139.7934788339616,35.69081911211419],[139.79039569995115,35.68928985559411],[139.7891474066689,35.691029238964276],[139.78890677181928,35.6947064588408],[139.7934788339616,35.70122039119349],[139.797013158315,35.70776934468786],[139.80588656839382,35.71660634610541],[139.80842827399266,35.720365281979184],[139.80972168630925,35.7281399754324]]]],"type":"MultiPolygon"},"id":"geoshape:13:1975-10-01:02228a5d7f254448d7e7","properties":{"administrativeCode":"13107","jurisdictionId":"geoshape:13:1975-10-01:02228a5d7f254448d7e7","municipalityName":"墨田区","prefectureName":"東京都","snapshotDate":"1975-10-01","sourceDataset":"historical-administrative-areas-beta","sourceProvider":"Geoshape","sourceResourceId":"gci:13107A1968"},"type":"Feature"},{"geometry":{"coordinates":[[[[139.52314062011988,35.71906949973698],[139.51476351941835,35.71721337922788],[139.50858221171939,35.71636119811364],[139.5078151881363,35.71221702968137],[139.50058110297036,35.712322093106415],[139.49590376308134,35.71316260050676],[139.49539241402596,35.70963713891086],[139.49233935937173,35.70996400289988],[139.49149713739814,35.70803784010742],[139.48572190100788,35.70837637781034],[139.4802324185015,35.71436499303781],[139.47848781584193,35.70870324179936],[139.47193051619047,35.71102631086421],[139.47202075425906,35.71538060614657],[139.45866552010654,35.71789045463372],[139.45788345684537,35.72080888310714],[139.4461224285714,35.722875130466335],[139.43562473325784,35.72475459840322],[139.4335793370363,35.727089341181966],[139.4231117210789,35.73010115936654],[139.42643548993894,35.7301712016499],[139.4286764019758,35.730054464510964],[139.4424677867932,35.73635827001357],[139.4461224285714,35.73496909806022],[139.45098024459762,35.73700032427772],[139.4663808749717,35.74408626861121],[139.4709980561483,35.742755465227326],[139.47725456223776,35.73989540532337],[139.47713424481296,35.737502293975155],[139.47881868876013,35.73522591976588],[139.48621821038515,35.73450214950447],[139.48728602753025,35.740969387001584],[139.48515039324008,35.74088767100433],[139.48573694068597,35.74387614176112],[139.4894066221423,35.744891754869876],[139.49098578834275,35.74145968298512],[139.49815971479632,35.744343090316875],[139.4980995560839,35.745860673123055],[139.5037995940837,35.74284885493847],[139.50471701444778,35.741027755571054],[139.50443126056388,35.732202427867406],[139.50560435545563,35.73205066958679],[139.50673233131312,35.742020021252024],[139.50856717204127,35.74127290356282],[139.50817614041068,35.73838949623108],[139.51262788512818,35.737980916244794],[139.51510943201464,35.73911326649249],[139.52111026357642,35.73894983449797],[139.52016276385612,35.73343984154014],[139.51670363789322,35.73057978163618],[139.5176812169697,35.727439552598774],[139.52332109625706,35.72324868931093],[139.52467466728604,35.7194080374399],[139.52314062011988,35.71906949973698]]]],"type":"MultiPolygon"},"id":"geoshape:13:1975-10-01:03b7028bbfbcfa9bf87a","properties":{"administrativeCode":"13211","jurisdictionId":"geoshape:13:1975-10-01:03b7028bbfbcfa9bf87a","municipalityName":"小平市","prefectureName":"東京都","snapshotDate":"1975-10-01","sourceDataset":"historical-administrative-areas-beta","sourceProvider":"Geoshape","sourceResourceId":"gci:13211A1968"},"type":"Feature"},{"geometry":{"coordinates":[[[[139.74684079217448,33.1557203818136],[139.75210467950936,33.1577749554589],[139.75461630575202,33.157494786325444],[139.75822582849594,33.1594442965457],[139.76822721443222,33.1577749554589],[139.77239320526584,33.1588839582788],[139.7837782415873,33.14861109005233],[139.78767351821512,33.14694174896553],[139.78905716860027,33.14527240787873],[139.79600549988234,33.14222556855247],[139.79794561835718,33.13361036769891],[139.80489394963925,33.13166085747866],[139.80489394963925,33.12944285183885],[139.80683406811409,33.130551854658755],[139.80988712276834,33.130003190105754],[139.8110000589477,33.12833384901895],[139.8154518036652,33.12722484619905],[139.81794839022976,33.11971864816539],[139.8204449767943,33.12027898643228],[139.8257239038073,33.11778081165903],[139.8307170769364,33.11722047339214],[139.83655247203907,33.11806098079248],[139.84238786714172,33.11639163970568],[139.84488445370627,33.11667180883913],[139.8493361984238,33.110554782758825],[139.85071984880895,33.10583860234576],[139.85738242620712,33.09861257344555],[139.85517159352645,33.09583422953885],[139.8543293715529,33.091386544545344],[139.85933758436008,33.08381030422832],[139.857668180091,33.07972450436552],[139.85461512543677,33.077494825011826],[139.8490504445399,33.07777499414527],[139.84544092179598,33.07555698850547],[139.84267362102563,33.07610565305848],[139.8387783443978,33.074996650238575],[139.8396055266933,33.073338982865664],[139.83795116210234,33.07000030069206],[139.83349941738481,33.06666161851846],[139.83488306777,33.0625057763723],[139.83349941738481,33.05638875029199],[139.83405588547453,33.05417074465218],[139.83710894012876,33.05055189334513],[139.83267223508935,33.045275374665174],[139.82877695846153,33.04861405683878],[139.821001444884,33.05666891942544],[139.81766263634586,33.058886925065245],[139.81017287665222,33.058338260512244],[139.80545041772893,33.05999592788515],[139.80516466384503,33.0619454381054],[139.80099867301143,33.0636147791922],[139.79600549988234,33.062225607238844],[139.79377962752358,33.0652724465651],[139.79072657286935,33.065832784832004],[139.78433470967698,33.0691714670056],[139.77961225075367,33.07527681937202],[139.78043943304917,33.078883996965175],[139.7793264968698,33.086938859551836],[139.77988296495948,33.08860820063864],[139.77794284648462,33.096394567805746],[139.7748897918304,33.098892742579004],[139.77266391947163,33.09750357062565],[139.7690543967277,33.099441407132005],[139.76711427825285,33.10167108648571],[139.76517415977798,33.10111074821881],[139.75849654270172,33.10221975103871],[139.75321761568875,33.10583860234576],[139.75183396530358,33.109994444491925],[139.7512774972139,33.115002467752326],[139.74766797446998,33.11888981447893],[139.74432916593184,33.12110782011874],[139.74321622975245,33.12583567424569],[139.73989246089243,33.1308320237922],[139.73822305662335,33.14166523028557],[139.73849377082917,33.145552577012175],[139.7407196431879,33.146661579832084],[139.74350198363635,33.15333894417928],[139.74684079217448,33.1557203818136]]],[[[139.69211140356975,33.1297230209723],[139.69600668019757,33.1286140181524],[139.6987739809679,33.123605994891996],[139.6993304490576,33.119450152745834],[139.70072913912088,33.117500642525584],[139.69794679867243,33.11667180883913],[139.69433727592852,33.117500642525584],[139.68850188082584,33.11611147057223],[139.68460660419802,33.117500642525584],[139.6804406133644,33.125555505112246],[139.6751616863514,33.1308320237922],[139.6751616863514,33.13333019856546],[139.67683109062048,33.13638871160561],[139.67905696297925,33.13417070596581],[139.68266648572316,33.13638871160561],[139.68738894464644,33.13582837333871],[139.68738894464644,33.133890536832354],[139.69211140356975,33.1297230209723]]]],"type":"MultiPolygon"},"id":"geoshape:13:1975-10-01:08fb4a36245d2c0646d2","properties":{"administrativeCode":"13401","jurisdictionId":"geoshape:13:1975-10-01:08fb4a36245d2c0646d2","municipalityName":"八丈町","prefectureName":"東京都","snapshotDate":"1975-10-01","sourceDataset":"historical-administrative-areas-beta","sourceProvider":"Geoshape","sourceResourceId":"gci:13401A1968"},"type":"Feature"},{"geometry":{"coordinates":[[[[139.50479221283825,35.761106543468244],[139.50858221171939,35.76205211429364],[139.51637276497502,35.76557757588954],[139.5213809777822,35.767573780965364],[139.53029950689532,35.76834424608235],[139.54783577155953,35.773982649893014],[139.54702362894216,35.76800570837943],[139.54762521606614,35.766172935298115],[139.54697850990786,35.760301057209574],[139.54458720109,35.75475604311006],[139.53351799800865,35.74490342858377],[139.52841954713287,35.74472832287536],[139.52717125385058,35.74365434119714],[139.531307165328,35.74026896416797],[139.52956256266845,35.7396502573316],[139.52016276385612,35.73343984154014],[139.52111026357642,35.73894983449797],[139.51510943201464,35.73911326649249],[139.51262788512818,35.737980916244794],[139.50817614041068,35.73838949623108],[139.50856717204127,35.74127290356282],[139.50673233131312,35.742020021252024],[139.50560435545563,35.73205066958679],[139.50443126056388,35.732202427867406],[139.50471701444778,35.741027755571054],[139.5037995940837,35.74284885493847],[139.4980995560839,35.745860673123055],[139.49815971479632,35.744343090316875],[139.49098578834275,35.74145968298512],[139.4894066221423,35.744891754869876],[139.48573694068597,35.74387614176112],[139.48730106720834,35.74898922844657],[139.4938734065379,35.75382214599857],[139.49476074754577,35.75828150470596],[139.50479221283825,35.761106543468244]]]],"type":"MultiPolygon"},"id":"geoshape:13:1975-10-01:09e65566565afe622508","properties":{"administrativeCode":"13222","jurisdictionId":"geoshape:13:1975-10-01:09e65566565afe622508","municipalityName":"東久留米市","prefectureName":"東京都","snapshotDate":"1975-10-01","sourceDataset":"historical-administrative-areas-beta","sourceProvider":"Geoshape","sourceResourceId":"gci:13222A1970"},"type":"Feature"},{"geometry":{"coordinates":[[[[139.69539005339547,35.60749214234086],[139.69129926095238,35.61092421422561],[139.6861256116861,35.611683005628706],[139.684005017074,35.61309552500985],[139.684757000979,35.605332505270525],[139.68189946214008,35.60574108525681],[139.6804105340082,35.60439860815903],[139.6802751769053,35.60066301971304],[139.67929759782882,35.605519284692825],[139.67672581287377,35.608192565174484],[139.67325164723275,35.60814587031891],[139.66849910895326,35.60651155037379],[139.66320514226217,35.60867118744413],[139.66263363449437,35.6128036821625],[139.66476926878454,35.618278653978656],[139.666498831766,35.618523801970426],[139.66349089614607,35.62670707540992],[139.6618064521989,35.627489214240796],[139.6614755792807,35.63170342495643],[139.66415264198244,35.63190187809262],[139.6719883142724,35.6297072198806],[139.6795983913908,35.6250727554648],[139.68203481924297,35.631131412975634],[139.6860955323299,35.63804225160071],[139.68608049265177,35.64054042637397],[139.68430581063603,35.643762371408634],[139.68420053288932,35.65227250883715],[139.67949311364413,35.65732722695313],[139.67499624989233,35.6638761804475],[139.67965855010323,35.66381781187803],[139.68732878593406,35.66157645881044],[139.69293858586522,35.653883481354484],[139.6996462822977,35.64812834040488],[139.7086249701232,35.64201131432458],[139.71540786494614,35.64261834744705],[139.7176337373049,35.64166110290776],[139.7132271116217,35.63755195561718],[139.7144002065135,35.63428331572693],[139.71462580168497,35.62904181818866],[139.70713604199133,35.625469661737185],[139.7040077889466,35.62471087033409],[139.70146608334775,35.625889915437355],[139.69614203730046,35.62481593375914],[139.7039777095904,35.62187415785792],[139.69558556921078,35.612103259328876],[139.69539005339547,35.60749214234086]]]],"type":"MultiPolygon"},"id":"geoshape:13:1975-10-01:0a1a72c0306a5590c42d","properties":{"administrativeCode":"13110","jurisdictionId":"geoshape:13:1975-10-01:0a1a72c0306a5590c42d","municipalityName":"目黒区","prefectureName":"東京都","snapshotDate":"1975-10-01","sourceDataset":"historical-administrative-areas-beta","sourceProvider":"Geoshape","sourceResourceId":"gci:13110A1968"},"type":"Feature"},{"geometry":{"coordinates":[[[[139.41500533458319,35.64703101129887],[139.41771247664113,35.64312031714448],[139.42025418223997,35.643085296002795],[139.4238336256277,35.63957150812079],[139.42679644221334,35.63798388303124],[139.43021044914195,35.63220539465385],[139.42493152212896,35.630279231861394],[139.42244997524253,35.62846980620787],[139.42076553129536,35.62894842847751],[139.41553172331666,35.62591326286514],[139.40470315508492,35.62077682875191],[139.3995595851748,35.6133640204294],[139.39588990371848,35.61175304791207],[139.39349859490065,35.608204238888376],[139.38751280301696,35.6048305355731],[139.38833998531246,35.602402403083204],[139.386610422331,35.598316603220404],[139.3818729237296,35.60227399223037],[139.37596233023643,35.60439860815903],[139.37063828418914,35.60499396756761],[139.37050292708625,35.60614966524309],[139.36543455556665,35.609044746288724],[139.36143400119212,35.60523911555938],[139.3535080908336,35.607352057774136],[139.35176348817404,35.608811272010854],[139.34899618740369,35.60815754403281],[139.34043861056497,35.6146598026716],[139.339987420222,35.61822028540919],[139.34156658642246,35.61974954192927],[139.33840825402152,35.623403414378],[139.33696444492395,35.62256290697765],[139.33857369048062,35.61958610993475],[139.33737051623265,35.61421620154364],[139.32637651154178,35.61575713177761],[139.32278202847596,35.61482323466612],[139.31748806178487,35.6152318146524],[139.31529226878231,35.612908745587546],[139.31420941195915,35.61414615926028],[139.30762203295149,35.61623575404725],[139.30348612147407,35.61517344608293],[139.29802671832388,35.61610734319442],[139.29354489425018,35.61546528893027],[139.29474806849817,35.616924503166985],[139.2932741800444,35.62084687103527],[139.28934882406037,35.62018146934333],[139.28718311041402,35.62206093728022],[139.28567914260404,35.6208001761797],[139.27791866870461,35.61945769908192],[139.2743693046731,35.61413448554639],[139.27152680551225,35.613982727265764],[139.26880462377622,35.61212660675667],[139.2687895840981,35.609359936563855],[139.26602228332777,35.60791239604104],[139.2647739900455,35.60246077165267],[139.25770534133866,35.604235176164515],[139.25221585883227,35.6016669591079],[139.24681661439448,35.60523911555938],[139.23863502950826,35.606978498929536],[139.23765745043178,35.60986190626129],[139.22988193685424,35.61456641296046],[139.23048352397822,35.6169011557392],[139.22887427842156,35.620228164198906],[139.22544523181483,35.623753625794805],[139.22022646351425,35.625574725162224],[139.21947447960926,35.626672054268234],[139.22147475679654,35.62928696618043],[139.21545888555664,35.636944922494706],[139.21442114776778,35.641684450335546],[139.21545888555664,35.64612046161516],[139.21127785504495,35.649190648369206],[139.20753297519812,35.649622575783276],[139.20526198380506,35.65158375971742],[139.19802789863914,35.65294958424298],[139.1941175823332,35.65182890770919],[139.19153075770006,35.64739289642958],[139.18423651382173,35.64506982736473],[139.17915310262404,35.64557179706216],[139.1752427863181,35.64972763920832],[139.16955778799644,35.65149037000627],[139.1670160823976,35.65101174773663],[139.16858020891996,35.656696846402866],[139.166925844329,35.659615274876295],[139.16716647917858,35.6618332805161],[139.16498572585414,35.66527702611475],[139.1616017982817,35.66790361174083],[139.16477517036074,35.67044848136966],[139.1659783446087,35.675106293213254],[139.16997889898323,35.68005594790419],[139.1714076684027,35.68874119104111],[139.17879215034964,35.68924316073854],[139.18198056210676,35.68806411563528],[139.18407107736263,35.68905638131624],[139.18688349716726,35.688029094493594],[139.19136532124097,35.6878306413574],[139.19326032068153,35.68905638131624],[139.1994265887024,35.688285916199256],[139.20016353292928,35.690130362994466],[139.20049440584748,35.699154143834306],[139.2048107934621,35.6997261558151],[139.20535222187368,35.70320492255542],[139.20444984118768,35.70729072241822],[139.20669075322454,35.712672304523224],[139.21011979983126,35.71361787534862],[139.21724860725053,35.71887104660079],[139.21887289248528,35.71690986266664],[139.23561205421024,35.71484361530746],[139.23734161719167,35.71330268507349],[139.24039467184593,35.714213234757196],[139.24331236939724,35.71247385138703],[139.24505697205683,35.713349379929056],[139.24651582083249,35.71088622629749],[139.24962903419913,35.710489320025104],[139.25194514462646,35.712263724536946],[139.25681800033078,35.712450503959246],[139.2607283166367,35.710489320025104],[139.2685339095704,35.709940655472096],[139.27221863070483,35.71264895709544],[139.273903074652,35.71500704730197],[139.27680573252525,35.713968086765426],[139.28537834904205,35.713349379929056],[139.29425175912087,35.71337272735685],[139.29584596499944,35.71146991199217],[139.30010219390164,35.71206527140075],[139.29877870222887,35.717505222075225],[139.30556159705182,35.715870902130106],[139.30849433428125,35.715882575844],[139.31359278515706,35.71394473933764],[139.3158938559063,35.71424825589888],[139.31923266444443,35.71905782602309],[139.32267675072927,35.71673475695824],[139.32406040111442,35.713349379929056],[139.32873774100344,35.71124811142819],[139.3293994868398,35.71206527140075],[139.33258789859696,35.712882431373316],[139.33153512112997,35.709695507480326],[139.33299396990563,35.705119411633994],[139.33681404814297,35.701512234040834],[139.3355958342169,35.69906075412315],[139.33603198488177,35.69610730450805],[139.3403784518526,35.693655824590365],[139.34648456116105,35.69197480978967],[139.3538540034299,35.69313050746515],[139.3633290006327,35.69374921430151],[139.3675250708225,35.692184936639755],[139.37626312379842,35.691636272086754],[139.37964705137085,35.686756659679176],[139.37805284549228,35.687678883076785],[139.37519530665332,35.685787741426],[139.37513514794094,35.681585204424266],[139.3767143141414,35.678386606817384],[139.3764435999356,35.6763203594582],[139.3724129662049,35.67239799158991],[139.37047284773004,35.66855733971888],[139.372428005883,35.66575564838439],[139.36084745374623,35.66001218114868],[139.35740336746142,35.66012891828762],[139.35946380336108,35.65711710010304],[139.35735824842712,35.65580964414694],[139.35922316851148,35.65282117339015],[139.36543455556665,35.64640063074861],[139.37050292708625,35.643762371408634],[139.3763834412232,35.645408365067645],[139.37888002778774,35.6436339605558],[139.37718054416248,35.641007374929714],[139.37808292484848,35.63932636012902],[139.3820233205106,35.64131089149095],[139.3898439531224,35.64115913321034],[139.3916336748163,35.639804982398665],[139.3993640693595,35.641194154352014],[139.40470315508492,35.64368065541137],[139.40640263871018,35.64525660678703],[139.41061374857807,35.64491806908411],[139.41500533458319,35.64703101129887]]]],"type":"MultiPolygon"},"id":"geoshape:13:1975-10-01:0cf0cf080604b6b46daf","properties":{"administrativeCode":"13201","jurisdictionId":"geoshape:13:1975-10-01:0cf0cf080604b6b46daf","municipalityName":"八王子市","prefectureName":"東京都","snapshotDate":"1975-10-01","sourceDataset":"historical-administrative-areas-beta","sourceProvider":"Geoshape","sourceResourceId":"gci:13201A1968"},"type":"Feature"},{"geometry":{"coordinates":[[[[139.35986987466976,35.739580215048235],[139.35490678089687,35.74276713894122],[139.35466614604726,35.74560385141739],[139.35654610580974,35.75071693810284],[139.3581102323321,35.75076363295841],[139.35750864520813,35.75351862943733],[139.35901261301808,35.75448754769051],[139.35881709720277,35.757931293289154],[139.36095273149294,35.761106543468244],[139.3673746740415,35.76779558152934],[139.3685176895771,35.771052547705686],[139.36815673730268,35.77411106074584],[139.37090899839492,35.77143778026418],[139.37319502946607,35.77134439055303],[139.37343566431568,35.76875282606863],[139.37901538489066,35.77119263227242],[139.38021855913863,35.76637138843431],[139.38524181162393,35.7652740593283],[139.39173895256297,35.76736365411527],[139.39049065928072,35.7637798239499],[139.3916787938506,35.76335957024973],[139.4005371642513,35.761958724582485],[139.40259760015095,35.76108319604046],[139.4051393057498,35.76204044057974],[139.40751557488954,35.760861395476475],[139.4095910504673,35.756892332752614],[139.40725990036185,35.75223452090902],[139.40744037649904,35.74862734331586],[139.4106287882562,35.74776348848773],[139.41100478020866,35.74089934471822],[139.41243354962813,35.73903155049523],[139.41120029602396,35.737257145983385],[139.41356152548562,35.73642831229694],[139.4144187871373,35.73303126155386],[139.4094707330425,35.732634355281476],[139.40864355074703,35.733708336959694],[139.40262767950716,35.73422198037102],[139.4004018071484,35.73356825239297],[139.39826617285823,35.734934076918535],[139.3953033562726,35.73349821010961],[139.38806927110667,35.73938176191204],[139.38363256606726,35.74381777319165],[139.38489589902764,35.74151805155459],[139.38482070063714,35.737875852819755],[139.38728720784547,35.7370470191333],[139.3912125638295,35.73353323125129],[139.38852046144964,35.733661642104124],[139.38385816123875,35.73551776261323],[139.38349720896437,35.73303126155386],[139.3811660588589,35.73486403463517],[139.37847395647907,35.7335098838235],[139.37796260742368,35.73509750891305],[139.37027733191474,35.73736220940843],[139.36945014961927,35.73589132145782],[139.36546463492283,35.73906657163691],[139.35986987466976,35.739580215048235]],[[139.35683185969364,35.74588402055084],[139.35683185969364,35.74588402055084]]]],"type":"MultiPolygon"},"id":"geoshape:13:1975-10-01:11b9d11aa673f6461ad4","properties":{"administrativeCode":"13223","jurisdictionId":"geoshape:13:1975-10-01:11b9d11aa673f6461ad4","municipalityName":"武蔵村山市","prefectureName":"東京都","snapshotDate":"1975-10-01","sourceDataset":"historical-administrative-areas-beta","sourceProvider":"Geoshape","sourceResourceId":"gci:13223A1970"},"type":"Feature"},{"geometry":{"coordinates":[[[[139.46415500261293,35.6245124171979],[139.46451595488733,35.62962550388335],[139.47155452423797,35.63373465117393],[139.46901281863913,35.640166867529366],[139.46877218378953,35.6445678576673],[139.47378039659674,35.646797537021],[139.47381047595292,35.64933073293594],[139.47399095209013,35.65074325231707],[139.47923979974692,35.651980665989804],[139.48645884523475,35.65265774139564],[139.49945312711287,35.651443675150695],[139.50131804719723,35.649190648369206],[139.50679249002553,35.650883336883794],[139.5122819725319,35.65116350601725],[139.5168389949961,35.649307385508145],[139.5208395493706,35.646190503898524],[139.52538153215673,35.64264169487484],[139.52339629464757,35.638824390431594],[139.5210350651859,35.637773756181154],[139.52326093754468,35.632170373512174],[139.51745562179818,35.63066446441989],[139.51614716980353,35.625703136015055],[139.51040201276945,35.62334504580853],[139.50928907659008,35.62410383721162],[139.50372439569318,35.62293646582225],[139.49939296840049,35.620403269907314],[139.4980243576934,35.61843041225927],[139.49467050947717,35.617286388297686],[139.49564808855365,35.61251183931516],[139.50002463488067,35.607282015490775],[139.49757316735042,35.60486555671478],[139.4936327716883,35.605822801254064],[139.4892863047175,35.60441028187292],[139.48805305111333,35.60751548976865],[139.4835110683272,35.608624492588554],[139.48127015629038,35.61006035939748],[139.4799316249395,35.613025482726485],[139.47672817350426,35.61427457011311],[139.476231864127,35.61888568710113],[139.46785476342546,35.620520007046245],[139.46415500261293,35.6245124171979]]]],"type":"MultiPolygon"},"id":"geoshape:13:1975-10-01:19ba3f5aa47f3072706d","properties":{"administrativeCode":"13225","jurisdictionId":"geoshape:13:1975-10-01:19ba3f5aa47f3072706d","municipalityName":"稲城市","prefectureName":"東京都","snapshotDate":"1975-10-01","sourceDataset":"historical-administrative-areas-beta","sourceProvider":"Geoshape","sourceResourceId":"gci:13225A1971"},"type":"Feature"},{"geometry":{"coordinates":[[[[139.8203547387257,35.743432540633165],[139.81724152535907,35.742090063535386],[139.81448926426683,35.73880974993125],[139.81303041549117,35.740735912723714],[139.80910505950715,35.740864323576545],[139.802442482109,35.73863464422284],[139.79480232563435,35.739825363040005],[139.78997458896436,35.74284885493847],[139.7886811766478,35.747028044512426],[139.79122288224664,35.74998149412754],[139.78878645439448,35.752503016328575],[139.78246978959262,35.75414900998759],[139.77164122136085,35.75361201914848],[139.75795511429016,35.7548611065351],[139.75121733850148,35.75607517278005],[139.74834475998446,35.75809472528367],[139.74888618839603,35.75981076122604],[139.75816566978355,35.764596983922466],[139.7600606692241,35.767935666096065],[139.75794007461204,35.77017701916366],[139.7512774972139,35.76743369639864],[139.7457278559951,35.7671301798374],[139.7361776604018,35.77062062029162],[139.73571143038072,35.77259347793966],[139.73787714402707,35.77742639549166],[139.73804258048617,35.78021641311226],[139.7458180940637,35.7832865998663],[139.7467054350716,35.7868120614622],[139.7500292039316,35.785936532920175],[139.75499229770452,35.786893777459454],[139.7555938848285,35.79003400649687],[139.7599704311555,35.794341606923645],[139.76076753409478,35.797411793677696],[139.7552930912665,35.803178608341184],[139.7506458307337,35.80666904879541],[139.75190916369408,35.810941628080506],[139.75520285319791,35.81073150123042],[139.76120368475966,35.81285611715908],[139.76577574690197,35.81573952449082],[139.76621189756688,35.81747890786099],[139.77085915809965,35.81738551814984],[139.77744653710732,35.81066145894706],[139.78149221051615,35.80714767106505],[139.7879141530647,35.8066923962232],[139.7924260564946,35.80529155055595],[139.79883295936506,35.80619042652577],[139.802292085328,35.8085485167323],[139.81328609001886,35.80832671616832],[139.81964787385502,35.811782135480854],[139.8210465639183,35.81507412279888],[139.824926800868,35.811910546333685],[139.8207457703563,35.80553669854772],[139.81964787385502,35.799583104461924],[139.8204750561505,35.79754020453053],[139.82603973704738,35.793361014956574],[139.83276247315794,35.795684084021424],[139.83799628113664,35.800808844420764],[139.84282401780663,35.8000033581621],[139.84674937379063,35.79650124399399],[139.8446438188567,35.79473851319604],[139.8443129459385,35.791189704172346],[139.84526044565877,35.78771093743202],[139.84966707134197,35.77967942227314],[139.85775841815962,35.77083074714171],[139.85879615594848,35.76791231866828],[139.85657028358975,35.76442187821406],[139.85217869758463,35.765752681597945],[139.85129135657675,35.769885176316315],[139.84578683439227,35.76951161747172],[139.84168100227106,35.76644143071767],[139.83766540821844,35.76576435531184],[139.83746989240313,35.763184464541325],[139.83234136217115,35.76383819251937],[139.83100283082027,35.76274086341336],[139.83100283082027,35.75907531725073],[139.82754370485736,35.75734760759447],[139.8254231102453,35.75912201210631],[139.8262352528627,35.76169022916293],[139.82437033277833,35.76178361887408],[139.82354315048283,35.755865045929966],[139.820249460979,35.755981783068904],[139.8197381119236,35.7604528154902],[139.81354176454656,35.75967067665932],[139.81346656615605,35.75446420026272],[139.81791831087355,35.7480086364795],[139.8203547387257,35.743432540633165]]]],"type":"MultiPolygon"},"id":"geoshape:13:1975-10-01:1a5e2dbcef2d6127e75e","properties":{"administrativeCode":"13121","jurisdictionId":"geoshape:13:1975-10-01:1a5e2dbcef2d6127e75e","municipalityName":"足立区","prefectureName":"東京都","snapshotDate":"1975-10-01","sourceDataset":"historical-administrative-areas-beta","sourceProvider":"Geoshape","sourceResourceId":"gci:13121A1968"},"type":"Feature"},{"geometry":{"coordinates":[[[[139.45940246433344,35.69238338977595],[139.46024468630702,35.69985456666792],[139.46296686804305,35.699877914095715],[139.46376397098234,35.69543022910221],[139.46681702563657,35.69533683939106],[139.46780964439117,35.69219661035365],[139.46379405033855,35.689803499005436],[139.4665463114308,35.68843767447987],[139.47737487966256,35.68933655044969],[139.47821710163612,35.69037551098623],[139.48645884523475,35.69216158921197],[139.4895870982795,35.69545357653],[139.48781241626372,35.69197480978967],[139.4890306301898,35.690959196680915],[139.49578344565654,35.688647801329964],[139.49543753306025,35.68689674424591],[139.49870114320788,35.68562430943149],[139.49988927777775,35.68717691337935],[139.502942332432,35.6872703030905],[139.50112253138195,35.684573675181056],[139.5030325705006,35.684678738606095],[139.50518324446887,35.68697846024316],[139.51456800360305,35.686091257987236],[139.51525982879565,35.69000195214163],[139.51826776441558,35.69125103952826],[139.52226831879008,35.687363692801654],[139.52049363677432,35.681631899279836],[139.52428363565545,35.67971741020127],[139.5264493493018,35.67238631787602],[139.52572744475302,35.66989981681666],[139.52321581851038,35.667786874601894],[139.5170345108114,35.65530767444952],[139.5207944303363,35.65359163850714],[139.5208395493706,35.646190503898524],[139.5168389949961,35.649307385508145],[139.5122819725319,35.65116350601725],[139.50679249002553,35.650883336883794],[139.50131804719723,35.649190648369206],[139.49945312711287,35.651443675150695],[139.48645884523475,35.65265774139564],[139.47923979974692,35.651980665989804],[139.47399095209013,35.65074325231707],[139.47381047595292,35.64933073293594],[139.46788484278164,35.651210200872825],[139.45526655285602,35.65432708248244],[139.4420165964502,35.65795760750339],[139.44091869994892,35.659977160007],[139.42981941751137,35.67082204021426],[139.43172945663002,35.672678160723365],[139.44473877818623,35.67179095846744],[139.44570131758462,35.67350699440981],[139.45079976846043,35.67155748418956],[139.45343171212787,35.67166254761461],[139.4506644113575,35.67319180413469],[139.45072457006992,35.676647223447226],[139.4522886965923,35.67850334395632],[139.4513562365501,35.68066298102666],[139.45292036307248,35.6835580620723],[139.45358210890885,35.687667209362886],[139.45517631478742,35.69046890069738],[139.45940246433344,35.69238338977595]]],[[[139.49761828638472,35.68759716707953],[139.49761828638472,35.68759716707953]]]],"type":"MultiPolygon"},"id":"geoshape:13:1975-10-01:1c7840f03e6d7d470bc9","properties":{"administrativeCode":"13206","jurisdictionId":"geoshape:13:1975-10-01:1c7840f03e6d7d470bc9","municipalityName":"府中市","prefectureName":"東京都","snapshotDate":"1975-10-01","sourceDataset":"historical-administrative-areas-beta","sourceProvider":"Geoshape","sourceResourceId":"gci:13206A1968"},"type":"Feature"},{"geometry":{"coordinates":[[[[139.67734243967587,35.72937738910513],[139.6813429940504,35.72704264632639],[139.68271160475746,35.723645595583314],[139.68666704009766,35.72272337218571],[139.69572092631367,35.72174278021864],[139.6998117187568,35.723540532158275],[139.7045943363925,35.72301521503306],[139.70593286774334,35.718847699173],[139.70456425703628,35.715870902130106],[139.70534632029748,35.71369959134587],[139.71041469181705,35.7134544433541],[139.71211417544234,35.7147618993102],[139.71441524619158,35.713174274220655],[139.7225065930092,35.712263724536946],[139.7232585769142,35.710419277741735],[139.72598075865022,35.709205211496794],[139.7318462331091,35.70926358006626],[139.7324478202331,35.70739578584327],[139.7358467874836,35.709181864069],[139.74281015844377,35.70813122981857],[139.745863213098,35.70291307970808],[139.73628293814852,35.692184936639755],[139.7316507172938,35.68961671958314],[139.73001139238093,35.68537916143972],[139.73150032051282,35.68149181471311],[139.72844726585856,35.68281094438311],[139.7267477822333,35.6792854827872],[139.71957385577977,35.67830489082013],[139.71946857803306,35.67449926009078],[139.71655088048172,35.67343695212645],[139.71485139685646,35.67508294578546],[139.7128962387035,35.674615997229715],[139.7128962387035,35.67728927771138],[139.71479123814407,35.68086143416286],[139.71140731057164,35.68337128265],[139.70740675619712,35.68446861175601],[139.70548167740037,35.68813415791864],[139.70269933695192,35.68777227278793],[139.70209774982794,35.68917311845518],[139.6950291011211,35.68665159625414],[139.68767469853034,35.68159687813816],[139.68498259615052,35.68588113113715],[139.68597521490508,35.68788900992687],[139.68322295381284,35.688717843613325],[139.68398997739592,35.69198648350356],[139.68841164275725,35.699329249542714],[139.68749422239316,35.704010408814085],[139.68898315052502,35.707559217837776],[139.6943222362504,35.711037984578105],[139.6900660073482,35.71148158570607],[139.68277176346984,35.710127434894396],[139.6803353356177,35.71125978514208],[139.68185434310578,35.71315092679286],[139.67908704233542,35.715240521579844],[139.67910208201354,35.718275687192204],[139.67701156675767,35.71943138486768],[139.67358252015094,35.71862589860902],[139.6757632734754,35.721952907068726],[139.67517672602952,35.72370396415278],[139.67734243967587,35.72937738910513]]]],"type":"MultiPolygon"},"id":"geoshape:13:1975-10-01:2b6311818846d585dd78","properties":{"administrativeCode":"13104","jurisdictionId":"geoshape:13:1975-10-01:2b6311818846d585dd78","municipalityName":"新宿区","prefectureName":"東京都","snapshotDate":"1975-10-01","sourceDataset":"historical-administrative-areas-beta","sourceProvider":"Geoshape","sourceResourceId":"gci:13104A1968"},"type":"Feature"},{"geometry":{"coordinates":[[[[139.42643548993894,35.7301712016499],[139.42580382345875,35.731046730191935],[139.41646418335884,35.73206234330068],[139.4144187871373,35.73303126155386],[139.41356152548562,35.73642831229694],[139.41120029602396,35.737257145983385],[139.41243354962813,35.73903155049523],[139.41100478020866,35.74089934471822],[139.4106287882562,35.74776348848773],[139.40744037649904,35.74862734331586],[139.40725990036185,35.75223452090902],[139.4095910504673,35.756892332752614],[139.40751557488954,35.760861395476475],[139.4051393057498,35.76204044057974],[139.40259760015095,35.76108319604046],[139.4005371642513,35.761958724582485],[139.3916787938506,35.76335957024973],[139.39871736320123,35.76473706848919],[139.4002814897236,35.767748886673765],[139.4043422028105,35.769103037485436],[139.4095008123987,35.76869445749916],[139.41589267559107,35.76627799872316],[139.42020906320568,35.766044524445284],[139.42208902296812,35.76777223410156],[139.4276236245088,35.76644143071767],[139.43640679651904,35.767211895834656],[139.43962528763237,35.769161406054906],[139.44076830316794,35.76700176898457],[139.44000127958486,35.76374480280822],[139.44054270799643,35.76021934121232],[139.44415223074037,35.75574830879103],[139.44619762696192,35.75565491907988],[139.44876941191697,35.74783353077109],[139.4513712762282,35.745615525131285],[139.45069449071372,35.74199667382423],[139.45098024459762,35.73700032427772],[139.4461224285714,35.73496909806022],[139.4424677867932,35.73635827001357],[139.4286764019758,35.730054464510964],[139.42643548993894,35.7301712016499]]]],"type":"MultiPolygon"},"id":"geoshape:13:1975-10-01:2e6cd12e6a5a760d1a02","properties":{"administrativeCode":"13220","jurisdictionId":"geoshape:13:1975-10-01:2e6cd12e6a5a760d1a02","municipalityName":"東大和市","prefectureName":"東京都","snapshotDate":"1975-10-01","sourceDataset":"historical-administrative-areas-beta","sourceProvider":"Geoshape","sourceResourceId":"gci:13220A1970"},"type":"Feature"},{"geometry":{"coordinates":[[[[139.78890677181928,35.6947064588408],[139.78254498798313,35.696574253063794],[139.77997320302808,35.69808016215608],[139.78039431401487,35.70033318893757],[139.77316022884892,35.70187411917154],[139.77303991142412,35.7050960642062],[139.77013725355087,35.705352885911864],[139.77123515005215,35.7089950846467],[139.76661796887555,35.70870324179936],[139.76822721443222,35.71045429888342],[139.76762562730823,35.71296414737057],[139.76568550883337,35.71358285420693],[139.76451241394162,35.71727174779735],[139.76867840477522,35.71581253356064],[139.76324908098124,35.72187119107147],[139.7649184852503,35.72721775203479],[139.76278285096015,35.730743213630696],[139.7647380091131,35.730136180508225],[139.76604646110778,35.72753294230992],[139.7697612615984,35.7281283017185],[139.77673967223663,35.724941377825516],[139.78144709148185,35.72461451383649],[139.78445502710179,35.727859806298945],[139.78946323990897,35.72874700855487],[139.79120784256853,35.731221835900335],[139.79505800016204,35.728968809118854],[139.8014197839982,35.7292489782523],[139.80972168630925,35.7281399754324],[139.80842827399266,35.720365281979184],[139.80588656839382,35.71660634610541],[139.797013158315,35.70776934468786],[139.7934788339616,35.70122039119349],[139.78890677181928,35.6947064588408]]]],"type":"MultiPolygon"},"id":"geoshape:13:1975-10-01:2eeb0e035b1b3a78fb5a","properties":{"administrativeCode":"13106","jurisdictionId":"geoshape:13:1975-10-01:2eeb0e035b1b3a78fb5a","municipalityName":"台東区","prefectureName":"東京都","snapshotDate":"1975-10-01","sourceDataset":"historical-administrative-areas-beta","sourceProvider":"Geoshape","sourceResourceId":"gci:13106A1968"},"type":"Feature"},{"geometry":{"coordinates":[[[[139.45940246433344,35.69238338977595],[139.45559742577422,35.69474147998248],[139.44869421352647,35.700916874632256],[139.44161052514153,35.70036821007925],[139.44099389833943,35.701325454618534],[139.4320001708358,35.70165231860756],[139.43031572688867,35.703543460258345],[139.43562473325784,35.70373023968064],[139.428255290989,35.717365137508494],[139.4333387021867,35.71840409804504],[139.43654215362193,35.71477357302409],[139.44161052514153,35.71582420727453],[139.44388151653456,35.71173840741173],[139.4461224285714,35.722875130466335],[139.45788345684537,35.72080888310714],[139.45866552010654,35.71789045463372],[139.47202075425906,35.71538060614657],[139.47193051619047,35.71102631086421],[139.47848781584193,35.70870324179936],[139.4802324185015,35.71436499303781],[139.48572190100788,35.70837637781034],[139.48743642431123,35.706461888731766],[139.4844585680475,35.702259351730035],[139.49143697868575,35.700251472940316],[139.4895870982795,35.69545357653],[139.48645884523475,35.69216158921197],[139.47821710163612,35.69037551098623],[139.47737487966256,35.68933655044969],[139.4665463114308,35.68843767447987],[139.46379405033855,35.689803499005436],[139.46780964439117,35.69219661035365],[139.46681702563657,35.69533683939106],[139.46376397098234,35.69543022910221],[139.46296686804305,35.699877914095715],[139.46024468630702,35.69985456666792],[139.45940246433344,35.69238338977595]]]],"type":"MultiPolygon"},"id":"geoshape:13:1975-10-01:302a1e97681422071977","properties":{"administrativeCode":"13214","jurisdictionId":"geoshape:13:1975-10-01:302a1e97681422071977","municipalityName":"国分寺市","prefectureName":"東京都","snapshotDate":"1975-10-01","sourceDataset":"historical-administrative-areas-beta","sourceProvider":"Geoshape","sourceResourceId":"gci:13214A1968"},"type":"Feature"},{"geometry":{"coordinates":[[[[139.35535797123987,35.725303262956224],[139.3533426543745,35.7279531960101],[139.35290650370962,35.736054753452336],[139.35899757334,35.73732718826675],[139.35986987466976,35.739580215048235],[139.36546463492283,35.73906657163691],[139.36945014961927,35.73589132145782],[139.37027733191474,35.73736220940843],[139.37796260742368,35.73509750891305],[139.37847395647907,35.7335098838235],[139.3811660588589,35.73486403463517],[139.38349720896437,35.73303126155386],[139.38385816123875,35.73551776261323],[139.38852046144964,35.733661642104124],[139.3912125638295,35.73353323125129],[139.38728720784547,35.7370470191333],[139.38482070063714,35.737875852819755],[139.38489589902764,35.74151805155459],[139.38363256606726,35.74381777319165],[139.38806927110667,35.73938176191204],[139.3953033562726,35.73349821010961],[139.39826617285823,35.734934076918535],[139.4004018071484,35.73356825239297],[139.40262767950716,35.73422198037102],[139.40864355074703,35.733708336959694],[139.4094707330425,35.732634355281476],[139.4144187871373,35.73303126155386],[139.41646418335884,35.73206234330068],[139.42580382345875,35.731046730191935],[139.42643548993894,35.7301712016499],[139.4231117210789,35.73010115936654],[139.4335793370363,35.727089341181966],[139.43562473325784,35.72475459840322],[139.4461224285714,35.722875130466335],[139.44388151653456,35.71173840741173],[139.44161052514153,35.71582420727453],[139.43654215362193,35.71477357302409],[139.4333387021867,35.71840409804504],[139.428255290989,35.717365137508494],[139.43562473325784,35.70373023968064],[139.43031572688867,35.703543460258345],[139.42726267223443,35.7036251762556],[139.42559326796535,35.701885792885435],[139.42751834676213,35.698360331289535],[139.43163921856143,35.6969361381945],[139.42989461590187,35.69393599372381],[139.43121810757464,35.69028212127508],[139.42840568777,35.69112262867543],[139.42470592695747,35.686709964823606],[139.42150247552223,35.6885777590466],[139.41756207986012,35.68276424952753],[139.41252378769673,35.68358140950009],[139.39513791981352,35.68918479216907],[139.38509141484292,35.69128606066994],[139.38858062016206,35.69306046518179],[139.3902500244311,35.698838953559175],[139.39294212681096,35.69907242783705],[139.39325796005105,35.70276132142746],[139.39844664899545,35.711645017700576],[139.3956943879032,35.712882431373316],[139.39456641204572,35.71163334398668],[139.3910320876923,35.71533391129099],[139.38898669147073,35.714388340465604],[139.38709169203017,35.71667638838877],[139.38883629468975,35.71789045463372],[139.38549748615162,35.72045867169033],[139.3820684395449,35.72023687112635],[139.37931617845265,35.721719432790856],[139.381782685661,35.7231202784581],[139.38008320203573,35.72559510580356],[139.377706932896,35.724205933850214],[139.37635336186702,35.72545502123684],[139.37005173674325,35.72450945041145],[139.36984118124985,35.725781885225864],[139.36540447621044,35.72502309382277],[139.36187015185703,35.72629552863719],[139.36247173898101,35.72417091270853],[139.35535797123987,35.725303262956224]]]],"type":"MultiPolygon"},"id":"geoshape:13:1975-10-01:3b69f4731cc2a627c0c9","properties":{"administrativeCode":"13202","jurisdictionId":"geoshape:13:1975-10-01:3b69f4731cc2a627c0c9","municipalityName":"立川市","prefectureName":"東京都","snapshotDate":"1975-10-01","sourceDataset":"historical-administrative-areas-beta","sourceProvider":"Geoshape","sourceResourceId":"gci:13202A1968"},"type":"Feature"},{"geometry":{"coordinates":[[[[139.33258789859696,35.712882431373316],[139.3293994868398,35.71206527140075],[139.32941452651792,35.71962983800388],[139.32840686808524,35.72337710016376],[139.32873774100344,35.72749792116824],[139.32198492553667,35.73272774499262],[139.32015008480852,35.73324138840395],[139.31670599852367,35.74331580349423],[139.31386349936284,35.74712143422357],[139.31879651377955,35.75070526438894],[139.3209321480697,35.75005153641089],[139.32206012392717,35.753600345434585],[139.32491766276613,35.75484943282122],[139.32738416997447,35.75292327002875],[139.33129448628037,35.753040007167684],[139.33218182728825,35.75174422492549],[139.3387391269397,35.75010990498036],[139.34263440356753,35.74984140956081],[139.34233361000554,35.74616418968429],[139.34552202176266,35.747074739368],[139.35206428173603,35.741237882421146],[139.3533276146964,35.74253366466334],[139.35042495682316,35.745136902861645],[139.34989856808969,35.74772846734605],[139.35466614604726,35.74560385141739],[139.35490678089687,35.74276713894122],[139.35986987466976,35.739580215048235],[139.35899757334,35.73732718826675],[139.35290650370962,35.736054753452336],[139.3533426543745,35.7279531960101],[139.35535797123987,35.725303262956224],[139.3531772179154,35.72504644125056],[139.3526809085381,35.72217470763271],[139.3430705542324,35.72156767451023],[139.3388744840426,35.71964151171777],[139.3388744840426,35.71594094441346],[139.33258789859696,35.712882431373316]]]],"type":"MultiPolygon"},"id":"geoshape:13:1975-10-01:42758b17295645113ded","properties":{"administrativeCode":"13218","jurisdictionId":"geoshape:13:1975-10-01:42758b17295645113ded","municipalityName":"福生市","prefectureName":"東京都","snapshotDate":"1975-10-01","sourceDataset":"historical-administrative-areas-beta","sourceProvider":"Geoshape","sourceResourceId":"gci:13218A1970"},"type":"Feature"},{"geometry":{"coordinates":[[[[139.6807564466045,35.73875138136178],[139.67919232008214,35.740187248170706],[139.68083164499498,35.74381777319165],[139.6758685512221,35.74539372456731],[139.67206351266287,35.7452186188589],[139.6750263292485,35.75188430949221],[139.67319148852036,35.75540977108811],[139.67368779789766,35.758409915558794],[139.6706949019558,35.76204044057974],[139.66901045800864,35.76653482042882],[139.66112966668442,35.76867111007137],[139.65111324107002,35.7691730797688],[139.6479097896348,35.768612741501904],[139.64296173554,35.770924136852855],[139.64051026800976,35.769114711199336],[139.63482526968806,35.768799520924205],[139.63471999194138,35.76987350260242],[139.6293959458941,35.77204481338666],[139.6293959458941,35.77687773093865],[139.6251848360262,35.777928365189084],[139.62470356632699,35.77983118055376],[139.6290650729759,35.78573807978398],[139.63168197696524,35.78633343919256],[139.63156165954044,35.788201233415556],[139.63422368256408,35.7903375230581],[139.637532411746,35.79085116646942],[139.63941237150848,35.79284737154525],[139.64085618060605,35.797948784516805],[139.6478646706005,35.797470162247166],[139.65335415310687,35.80022515872608],[139.6577758184682,35.800505327859526],[139.66976244191363,35.80023683243997],[139.67841025682094,35.79882431305883],[139.68660688138527,35.80063373871236],[139.69059239608168,35.800808844420764],[139.69684890217115,35.79890602905609],[139.69063751511598,35.790570997335976],[139.6894644202242,35.78680038774831],[139.69126918159617,35.784407276400096],[139.69496894240868,35.78262119817436],[139.6990747745299,35.782270986757545],[139.70214286886224,35.78408041241107],[139.70238350371184,35.78108026794039],[139.70566215353756,35.77071401000277],[139.70632389937396,35.766955074128994],[139.71027933471416,35.76501723762264],[139.71629520595403,35.76072131090975],[139.72043111743145,35.7550595596713],[139.7227021088245,35.75322678658999],[139.72140869650792,35.74631594796491],[139.71951369706736,35.74504351315049],[139.71042973149517,35.74579063083969],[139.708294097205,35.74163478869353],[139.70232334499943,35.73614814316348],[139.70098481364857,35.73990707903726],[139.6992251713109,35.73972029961496],[139.6988642190365,35.74239358009662],[139.6945327917438,35.74223014810211],[139.69257763359084,35.74363099376936],[139.6896148170052,35.7413195984184],[139.6807564466045,35.73875138136178]]]],"type":"MultiPolygon"},"id":"geoshape:13:1975-10-01:4d3c415c305cbfc3c26e","properties":{"administrativeCode":"13119","jurisdictionId":"geoshape:13:1975-10-01:4d3c415c305cbfc3c26e","municipalityName":"板橋区","prefectureName":"東京都","snapshotDate":"1975-10-01","sourceDataset":"historical-administrative-areas-beta","sourceProvider":"Geoshape","sourceResourceId":"gci:13119A1968"},"type":"Feature"},{"geometry":{"coordinates":[[[[139.29572564757464,34.47421967125301],[139.29960588452434,34.47116115821286],[139.2973950518437,34.469503490839955],[139.29155965674101,34.470052155392956],[139.29183037094683,34.470892662793304],[139.2876643801132,34.476998015159715],[139.29183037094683,34.47506017865336],[139.29572564757464,34.47421967125301]]],[[[139.269526528325,34.41635307148187],[139.27655005799755,34.41560595379268],[139.28044533462537,34.42005363878618],[139.28127251692084,34.424781492913134],[139.28015958074147,34.429497673326196],[139.2785052161505,34.43116701441299],[139.2834983892796,34.43033818072654],[139.2879501339971,34.42755983681984],[139.2887773162926,34.42504998833269],[139.29100318865133,34.42422115464623],[139.29044672056165,34.417275294879474],[139.28628072972805,34.41338794815287],[139.28683719781773,34.411450111646516],[139.29127390285714,34.407831260339464],[139.28906307017647,34.40616191925266],[139.28989025247196,34.4031150799264],[139.2887773162926,34.40116556970615],[139.28516779354865,34.40005656688625],[139.2782194622666,34.39144136603269],[139.27627934379174,34.38171716235922],[139.27572287570206,34.351167053099374],[139.27683581188145,34.34838870919267],[139.27543712181816,34.343660855065714],[139.2729405352536,34.340053677472554],[139.27211335295814,34.33227898401935],[139.27238406716393,34.32978080924609],[139.2690602983039,34.33145015033289],[139.25766022230434,34.33560599247905],[139.25738950809856,34.33672666901285],[139.25266704917524,34.339224843786106],[139.24877177254743,34.34478153159951],[139.24460578171383,34.347559875506214],[139.24404931362415,34.34894904745957],[139.2451622498035,34.35700391004623],[139.24377859941833,34.361171425906285],[139.2415527270596,34.36366960067954],[139.24377859941833,34.36755694740615],[139.2468316540726,34.36866595022605],[139.25266704917524,34.37756132021306],[139.2551636357398,34.38366667257947],[139.25683304000887,34.394780048206286],[139.2546071676501,34.397278222979544],[139.25600585771338,34.398107056666],[139.2551636357398,34.400885400572704],[139.25821669039405,34.401725907973045],[139.25961538045732,34.4042240827463],[139.26654867206125,34.40811142947291],[139.26600724364968,34.410329435112715],[139.26766160824064,34.411450111646516],[139.26710514015096,34.41421678183932],[139.269526528325,34.41635307148187]]],[[[139.22655816799423,34.37450280717291],[139.22905475455877,34.37283346608611],[139.22878404035296,34.36699660913925],[139.22627241411033,34.36755694740615],[139.2276711041736,34.37088395586586],[139.22377582754578,34.37394246890601],[139.22461804951936,34.37561180999281],[139.22655816799423,34.37450280717291]]],[[[139.20960845077587,34.337275333565856],[139.21183432313464,34.3375555026993],[139.21433090969919,34.3342168205257],[139.22515947793096,34.33088981206599],[139.22655816799423,34.32644212707249],[139.22154995518702,34.32255478034588],[139.21989559059605,34.32255478034588],[139.21738396435342,34.31949626730572],[139.21738396435342,34.31699809253247],[139.2137744416095,34.31783859993282],[139.212947259314,34.31588908971257],[139.20793904650682,34.318107095352374],[139.20738257841714,34.321165608392526],[139.20266011949383,34.32088543925908],[139.20100575490287,34.31616925884602],[139.19544107400597,34.316717923399025],[139.19793766057052,34.31755843079937],[139.1948846059163,34.31838726448582],[139.19405742362082,34.32033677470608],[139.19544107400597,34.32283494947933],[139.20127646910865,34.32589346251948],[139.20072000101896,34.32950064011264],[139.2048859918526,34.326722296205936],[139.20655539612164,34.32811146815929],[139.20628468191586,34.3303294737991],[139.2084955145965,34.330609642932544],[139.20682611032743,34.33282764857235],[139.20960845077587,34.337275333565856]]],[[[139.27683581188145,34.32755112989239],[139.28044533462537,34.32505295511913],[139.27710652608724,34.32394395229923],[139.27516640761237,34.325613293386034],[139.27683581188145,34.32755112989239]]]],"type":"MultiPolygon"},"id":"geoshape:13:1975-10-01:4dee58dbb3918c4ccdee","properties":{"administrativeCode":"13363","jurisdictionId":"geoshape:13:1975-10-01:4dee58dbb3918c4ccdee","municipalityName":"新島本村","prefectureName":"東京都","snapshotDate":"1975-10-01","sourceDataset":"historical-administrative-areas-beta","sourceProvider":"Geoshape","sourceResourceId":"gci:13363A1968"},"type":"Feature"},{"geometry":{"coordinates":[[[[139.75795511429016,35.7548611065351],[139.77164122136085,35.75361201914848],[139.78246978959262,35.75414900998759],[139.78878645439448,35.752503016328575],[139.79122288224664,35.74998149412754],[139.7886811766478,35.747028044512426],[139.78997458896436,35.74284885493847],[139.79480232563435,35.739825363040005],[139.802442482109,35.73863464422284],[139.80910505950715,35.740864323576545],[139.81303041549117,35.740735912723714],[139.81448926426683,35.73880974993125],[139.81414335167054,35.73620651173295],[139.8113910905783,35.732984566698285],[139.80972168630925,35.7281399754324],[139.8014197839982,35.7292489782523],[139.79505800016204,35.728968809118854],[139.79120784256853,35.731221835900335],[139.78946323990897,35.72874700855487],[139.78445502710179,35.727859806298945],[139.78144709148185,35.72461451383649],[139.77673967223663,35.724941377825516],[139.7697612615984,35.7281283017185],[139.76604646110778,35.72753294230992],[139.7647380091131,35.730136180508225],[139.76278285096015,35.730743213630696],[139.76093297055388,35.732202427867406],[139.76132400218447,35.73381340038474],[139.77111483262738,35.73789920024754],[139.76816705571983,35.74145968298512],[139.76588102464868,35.74162311497963],[139.76383562842713,35.74413296346678],[139.76031634375178,35.74345588806095],[139.75718809070705,35.74546376685067],[139.75778967783106,35.74761173020711],[139.75470654382062,35.74917600786887],[139.7497735294039,35.75012157869426],[139.7508864655833,35.75370540885963],[139.75757912233766,35.75316841802052],[139.75795511429016,35.7548611065351]]]],"type":"MultiPolygon"},"id":"geoshape:13:1975-10-01:52ff68faf4fa5068c9b3","properties":{"administrativeCode":"13118","jurisdictionId":"geoshape:13:1975-10-01:52ff68faf4fa5068c9b3","municipalityName":"荒川区","prefectureName":"東京都","snapshotDate":"1975-10-01","sourceDataset":"historical-administrative-areas-beta","sourceProvider":"Geoshape","sourceResourceId":"gci:13118A1968"},"type":"Feature"},{"geometry":{"coordinates":[[[[139.41500533458319,35.64703101129887],[139.41061374857807,35.64491806908411],[139.40640263871018,35.64525660678703],[139.40470315508492,35.64368065541137],[139.3993640693595,35.641194154352014],[139.3916336748163,35.639804982398665],[139.3898439531224,35.64115913321034],[139.3820233205106,35.64131089149095],[139.37808292484848,35.63932636012902],[139.37718054416248,35.641007374929714],[139.37888002778774,35.6436339605558],[139.3763834412232,35.645408365067645],[139.37050292708625,35.643762371408634],[139.36543455556665,35.64640063074861],[139.35922316851148,35.65282117339015],[139.35735824842712,35.65580964414694],[139.35946380336108,35.65711710010304],[139.35740336746142,35.66012891828762],[139.36084745374623,35.66001218114868],[139.372428005883,35.66575564838439],[139.37047284773004,35.66855733971888],[139.3724129662049,35.67239799158991],[139.3764435999356,35.6763203594582],[139.3767143141414,35.678386606817384],[139.37513514794094,35.681585204424266],[139.37519530665332,35.685787741426],[139.37805284549228,35.687678883076785],[139.37964705137085,35.686756659679176],[139.37626312379842,35.691636272086754],[139.38509141484292,35.69128606066994],[139.39513791981352,35.68918479216907],[139.41252378769673,35.68358140950009],[139.41756207986012,35.68276424952753],[139.42240485620823,35.67914539822048],[139.42981941751137,35.67082204021426],[139.44091869994892,35.659977160007],[139.4420165964502,35.65795760750339],[139.43839203402817,35.65472398875483],[139.4378054865823,35.650031155769554],[139.43404556705738,35.65085998945601],[139.4324664008569,35.64794156098258],[139.42986453654567,35.6471594221517],[139.42735291030303,35.64379739255031],[139.42141223745364,35.646260546181885],[139.41681009595516,35.64905056380248],[139.41500533458319,35.64703101129887]]]],"type":"MultiPolygon"},"id":"geoshape:13:1975-10-01:558eabc3c6abea83bb2e","properties":{"administrativeCode":"13212","jurisdictionId":"geoshape:13:1975-10-01:558eabc3c6abea83bb2e","municipalityName":"日野市","prefectureName":"東京都","snapshotDate":"1975-10-01","sourceDataset":"historical-administrative-areas-beta","sourceProvider":"Geoshape","sourceResourceId":"gci:13212A1968"},"type":"Feature"},{"geometry":{"coordinates":[[[[139.4895870982795,35.69545357653],[139.49143697868575,35.700251472940316],[139.4844585680475,35.702259351730035],[139.48743642431123,35.706461888731766],[139.48572190100788,35.70837637781034],[139.49149713739814,35.70803784010742],[139.49233935937173,35.70996400289988],[139.49539241402596,35.70963713891086],[139.49590376308134,35.71316260050676],[139.50058110297036,35.712322093106415],[139.5078151881363,35.71221702968137],[139.50858221171939,35.71636119811364],[139.51476351941835,35.71721337922788],[139.52314062011988,35.71906949973698],[139.52291502494836,35.717633632928056],[139.5264493493018,35.71728342151124],[139.52521609569763,35.71305753708172],[139.52738180934398,35.71281238908995],[139.52763748387167,35.70976554976369],[139.53254041893217,35.70911182178564],[139.53219450633588,35.70291307970808],[139.53392406931735,35.698967364412006],[139.53419478352313,35.694881564549206],[139.5313673240404,35.69461306912965],[139.53216442697968,35.688776212182795],[139.52853986455764,35.690667353833575],[139.52487018310134,35.690107015566674],[139.5269155793229,35.68421179005035],[139.52450923082694,35.68793570478245],[139.52226831879008,35.687363692801654],[139.51826776441558,35.69125103952826],[139.51525982879565,35.69000195214163],[139.51456800360305,35.686091257987236],[139.50518324446887,35.68697846024316],[139.5030325705006,35.684678738606095],[139.50112253138195,35.684573675181056],[139.502942332432,35.6872703030905],[139.49988927777775,35.68717691337935],[139.49870114320788,35.68562430943149],[139.49543753306025,35.68689674424591],[139.49578344565654,35.688647801329964],[139.4890306301898,35.690959196680915],[139.48781241626372,35.69197480978967],[139.4895870982795,35.69545357653]],[[139.49761828638472,35.68759716707953],[139.49761828638472,35.68759716707953]]]],"type":"MultiPolygon"},"id":"geoshape:13:1975-10-01:57bb97fe88a08b1be3a1","properties":{"administrativeCode":"13210","jurisdictionId":"geoshape:13:1975-10-01:57bb97fe88a08b1be3a1","municipalityName":"小金井市","prefectureName":"東京都","snapshotDate":"1975-10-01","sourceDataset":"historical-administrative-areas-beta","sourceProvider":"Geoshape","sourceResourceId":"gci:13210A1968"},"type":"Feature"},{"geometry":{"coordinates":[[[[139.8203547387257,35.743432540633165],[139.81791831087355,35.7480086364795],[139.81346656615605,35.75446420026272],[139.81354176454656,35.75967067665932],[139.8197381119236,35.7604528154902],[139.820249460979,35.755981783068904],[139.82354315048283,35.755865045929966],[139.82437033277833,35.76178361887408],[139.8262352528627,35.76169022916293],[139.8254231102453,35.75912201210631],[139.82754370485736,35.75734760759447],[139.83100283082027,35.75907531725073],[139.83100283082027,35.76274086341336],[139.83234136217115,35.76383819251937],[139.83746989240313,35.763184464541325],[139.83766540821844,35.76576435531184],[139.84168100227106,35.76644143071767],[139.84578683439227,35.76951161747172],[139.85129135657675,35.769885176316315],[139.85217869758463,35.765752681597945],[139.85657028358975,35.76442187821406],[139.85879615594848,35.76791231866828],[139.85775841815962,35.77083074714171],[139.84966707134197,35.77967942227314],[139.84526044565877,35.78771093743202],[139.8443129459385,35.791189704172346],[139.8446438188567,35.79473851319604],[139.84674937379063,35.79650124399399],[139.85457000640247,35.791049619605616],[139.85648004552112,35.79095622989447],[139.85989405244976,35.795333872604616],[139.86387956714617,35.794843576621076],[139.87076773971583,35.79731840396654],[139.87473821473415,35.796536265135664],[139.8766031348185,35.79382796351233],[139.8732492866023,35.79039589162757],[139.87118885070262,35.78663695575379],[139.87454269891884,35.78178069077401],[139.8772498409768,35.78116198393764],[139.88723618723498,35.7840220438416],[139.89377844720835,35.78274960902719],[139.89454547079143,35.780321476537296],[139.89341749493394,35.77831359774758],[139.88284460122986,35.773539048765045],[139.88075408597402,35.771671254542056],[139.87946067365743,35.76752708610979],[139.88266412509267,35.76200541943806],[139.88320555350427,35.75862004240888],[139.88997340864913,35.75076363295841],[139.88075408597402,35.74973634613576],[139.88504039423242,35.74556883027571],[139.8818519824753,35.744343090316875],[139.88049841144633,35.74028063788186],[139.877580713895,35.740922692146015],[139.8765429761061,35.73703534541941],[139.87293345336218,35.73737388312232],[139.8721814694572,35.73004279079707],[139.87027143033853,35.72875868226876],[139.87054214454434,35.724707903547646],[139.86873738317237,35.72379735386394],[139.86627087596403,35.718532508897866],[139.86857194671327,35.714586793601796],[139.86660174888223,35.7129057788011],[139.8622402422333,35.71283573651774],[139.85626949002773,35.714458382748965],[139.85135151528914,35.710851205155805],[139.84214723229215,35.71931464772875],[139.8297695772161,35.73117514104476],[139.82381386468865,35.73771242082524],[139.8203547387257,35.743432540633165]]]],"type":"MultiPolygon"},"id":"geoshape:13:1975-10-01:61047f0857073424d930","properties":{"administrativeCode":"13122","jurisdictionId":"geoshape:13:1975-10-01:61047f0857073424d930","municipalityName":"葛飾区","prefectureName":"東京都","snapshotDate":"1975-10-01","sourceDataset":"historical-administrative-areas-beta","sourceProvider":"Geoshape","sourceResourceId":"gci:13122A1968"},"type":"Feature"},{"geometry":{"coordinates":[[[[139.3529967417782,34.72890508727217],[139.35680178033743,34.734998765924686],[139.35597459804194,34.74027528460464],[139.35680178033743,34.741944625691445],[139.3526357895038,34.746940975237955],[139.3529215433877,34.75055982654501],[139.35069567102897,34.75611651435841],[139.3487555525541,34.75861468913167],[139.3493120206438,34.76027235650458],[139.3484697986702,34.76528037976498],[139.35096638523476,34.76666955171833],[139.35125213911866,34.77138573213139],[139.3493120206438,34.77388390690464],[139.34986848873348,34.775553247991446],[139.3493120206438,34.78277927689166],[139.35207932141412,34.784448617978455],[139.3543051937729,34.79027380121142],[139.3587569384904,34.79333231425157],[139.36041130308135,34.79888900206498],[139.3670889201576,34.79639082729173],[139.3718113790809,34.79832866379809],[139.3762480841203,34.794441317071474],[139.38041407495393,34.79416114793803],[139.3823541934288,34.79111430861177],[139.38903181050503,34.78861613383852],[139.39208486515926,34.790005305791865],[139.40124402912198,34.787495457304715],[139.40625224192917,34.78722696188516],[139.40903458237761,34.786106285351366],[139.4132005732112,34.78666662361826],[139.4154114058919,34.78332794144466],[139.42041961869907,34.78110993580486],[139.42235973717393,34.7813901049383],[139.4242998556488,34.77889193016505],[139.43013525075145,34.775004583438445],[139.43569993164834,34.76999656017804],[139.44124957286712,34.754995837824616],[139.44069310477744,34.75333817045171],[139.44291897713617,34.74804997805786],[139.44541556370072,34.747501313504856],[139.44764143605948,34.74472296959815],[139.44902508644466,34.739995115471196],[139.44374615943167,34.73167175746498],[139.44570131758462,34.72777273702448],[139.44458838140525,34.726383565071124],[139.44597203179043,34.72249621834452],[139.44902508644466,34.71944937901826],[139.44958155453435,34.715281863158204],[139.44875437223885,34.71277201467105],[139.44458838140525,34.71000534447825],[139.44347544522589,34.70388831839794],[139.44791215026527,34.69972080253788],[139.44986730841825,34.69666228949773],[139.44764143605948,34.694444283857926],[139.44430262752135,34.68860742691107],[139.44458838140525,34.684439911051015],[139.43930945439226,34.685280418451356],[139.43902370050836,34.68805876235806],[139.4365271139438,34.68666959040471],[139.44069310477744,34.682221905411204],[139.43958016859807,34.67916339237105],[139.43403052737926,34.6777742204177],[139.43072179819734,34.67805438955115],[139.42902231457208,34.680272395190954],[139.42514207762235,34.68250207454466],[139.41514069168608,34.6805525643244],[139.41291481932734,34.681393071724756],[139.40847811428793,34.680272395190954],[139.40375565536462,34.682221905411204],[139.40124402912198,34.6816615671443],[139.39930391064712,34.68389124649801],[139.39652157019867,34.683330908231106],[139.3945814517238,34.68694975953816],[139.38985899280053,34.687778593224614],[139.3862494700566,34.68999659886442],[139.38375288349206,34.69333528103802],[139.38014336074812,34.695273117544374],[139.37680455221,34.695273117544374],[139.3718113790809,34.699172137984874],[139.36430657970917,34.70028114080478],[139.36208070735043,34.70167031275813],[139.3582004704007,34.70110997449123],[139.36125352505493,34.70972517534479],[139.35597459804194,34.71555035857776],[139.35319225759352,34.71693953053111],[139.35236507529802,34.718889040751364],[139.35207932141412,34.72527456225122],[139.3529967417782,34.72890508727217]]]],"type":"MultiPolygon"},"id":"geoshape:13:1975-10-01:61c90669c719e875a96c","properties":{"administrativeCode":"13361","jurisdictionId":"geoshape:13:1975-10-01:61c90669c719e875a96c","municipalityName":"大島町","prefectureName":"東京都","snapshotDate":"1975-10-01","sourceDataset":"historical-administrative-areas-beta","sourceProvider":"Geoshape","sourceResourceId":"gci:13361A1968"},"type":"Feature"},{"geometry":{"coordinates":[[[[139.788861652785,35.66694636720155],[139.78716216915973,35.67228125445097],[139.7872824865845,35.67509461949936],[139.78908724795647,35.67915707193437],[139.792636611988,35.684375222044864],[139.79236589778222,35.68710687109599],[139.79039569995115,35.68928985559411],[139.7934788339616,35.69081911211419],[139.79672740443112,35.68854273790492],[139.79916383228326,35.68972178300818],[139.80048732395602,35.68829758991315],[139.80480371157063,35.68850771676324],[139.80499922738593,35.68678000710697],[139.80946601178155,35.68699013395705],[139.81187236027748,35.68855441161881],[139.8114662889688,35.69190476750631],[139.81337632808746,35.692675232623294],[139.81969299288932,35.693037117754],[139.81868533445663,35.70800281896574],[139.8306719579021,35.70300646941923],[139.83539441682538,35.70301814313312],[139.8438015968831,35.6995393763928],[139.84769687351093,35.69496328054646],[139.84759159576421,35.688099136776955],[139.84551612018646,35.68129336157692],[139.8482232622444,35.679133724506585],[139.84688473089355,35.673845532112736],[139.84566651696747,35.65806267092843],[139.84535068372736,35.649307385508145],[139.84064326448217,35.64933073293594],[139.83730445594404,35.65156041228963],[139.8395303283028,35.65572792814969],[139.83231128281494,35.655167589882794],[139.83202552893107,35.65655676183614],[139.80869898819844,35.65433875619634],[139.80758605201908,35.65544775901624],[139.7967574837873,35.64850189924948],[139.79397514333888,35.65128024315618],[139.7928622071595,35.65017124033628],[139.79424585754467,35.64739289642958],[139.77980776656898,35.639606529262466],[139.77646895803085,35.642116377749616],[139.7923057390698,35.652669415109536],[139.79092208868462,35.65433875619634],[139.78980915250526,35.6607242776962],[139.7931329213653,35.66294228333601],[139.79564454760794,35.662393618783],[139.78952339862136,35.66738996832951],[139.788861652785,35.66694636720155]]],[[[139.8076010916972,35.64306194857501],[139.80896970240426,35.64600372447622],[139.8064731158397,35.648221730116035],[139.80591664775002,35.65238924597609],[139.8070295839294,35.65294958424298],[139.81647450177599,35.65405858706289],[139.81730168407148,35.64794156098258],[139.82175342878898,35.64850189924948],[139.8211969606993,35.65321807966254],[139.8253629515329,35.65460725161589],[139.82591941962258,35.65128024315618],[139.83340917931622,35.652109076842635],[139.83592080555889,35.65128024315618],[139.84119973257185,35.64794156098258],[139.83980104250858,35.63378134602951],[139.8211969606993,35.63183183580926],[139.8211969606993,35.63322100776261],[139.83340917931622,35.63461017971596],[139.83452211549562,35.64377404512253],[139.82146767490508,35.64294521143607],[139.8206404926096,35.64183620861617],[139.8078567662249,35.64072720579627],[139.8076010916972,35.64306194857501]]],[[[139.7836128051282,35.63004575758352],[139.7786948303896,35.63738852362266],[139.78119141695416,35.63849752644256],[139.7834172893129,35.63599935166931],[139.79702819799311,35.64350554970297],[139.7975846660828,35.647661391849134],[139.80480371157063,35.65182890770919],[139.8067438300455,35.63682818535577],[139.80008125264735,35.63599935166931],[139.79785538028858,35.63738852362266],[139.79702819799311,35.63517051798286],[139.79869760226217,35.63378134602951],[139.8020213711222,35.6259949788624],[139.79841184837827,35.62183913671624],[139.79203502486402,35.62961383016945],[139.7870268120568,35.627115655396196],[139.7836128051282,35.63004575758352]]],[[[139.82286636496835,35.642116377749616],[139.82591941962258,35.642665042302625],[139.8245207295593,35.639606529262466],[139.83286775090465,35.640166867529366],[139.83258199702075,35.63821735730912],[139.825077197649,35.63738852362266],[139.8253629515329,35.63433001058251],[139.8209112068154,35.63404984144906],[139.8203547387257,35.639057864709464],[139.82286636496835,35.642116377749616]]],[[[139.83247671927404,35.616364164900084],[139.83091259275167,35.61822028540919],[139.83313846511044,35.619609457362536],[139.83146906084136,35.62127879844934],[139.82758882389166,35.61988962649599],[139.8261901338284,35.6304426638559],[139.84008679639248,35.63183183580926],[139.83841739212343,35.61405276954913],[139.83536433746917,35.61238342846233],[139.83247671927404,35.616364164900084]]],[[[139.7736414985481,35.62025151162669],[139.77134042779886,35.62313491895844],[139.78259010701743,35.62961383016945],[139.78453022549226,35.626555317129295],[139.78007848077476,35.62377697322259],[139.78147717083803,35.62294813953614],[139.79257645327561,35.60933658913607],[139.78675609785103,35.60211056023586],[139.77341590337662,35.618500454542634],[139.7736414985481,35.62025151162669]]],[[[139.78520701100675,35.62495601832586],[139.78980915250526,35.62738415081575],[139.79647172990343,35.61878062367609],[139.7967574837873,35.617111282589285],[139.79424585754467,35.61377260041568],[139.78520701100675,35.62495601832586]]]],"type":"MultiPolygon"},"id":"geoshape:13:1975-10-01:636623bf3cd891850da8","properties":{"administrativeCode":"13108","jurisdictionId":"geoshape:13:1975-10-01:636623bf3cd891850da8","municipalityName":"江東区","prefectureName":"東京都","snapshotDate":"1975-10-01","sourceDataset":"historical-administrative-areas-beta","sourceProvider":"Geoshape","sourceResourceId":"gci:13108A1968"},"type":"Feature"},{"geometry":{"coordinates":[[[[139.84535068372736,35.649307385508145],[139.84566651696747,35.65806267092843],[139.84688473089355,35.673845532112736],[139.8482232622444,35.679133724506585],[139.84551612018646,35.68129336157692],[139.84759159576421,35.688099136776955],[139.84769687351093,35.69496328054646],[139.8438015968831,35.6995393763928],[139.83539441682538,35.70301814313312],[139.83440179807081,35.70495597963948],[139.8394852092685,35.709812244619265],[139.8393047331313,35.71087455258359],[139.83361973480962,35.714014781621],[139.83315350478853,35.71575416499117],[139.8354996945721,35.717867107205926],[139.83904905860362,35.71711998951673],[139.84214723229215,35.71931464772875],[139.85135151528914,35.710851205155805],[139.85626949002773,35.714458382748965],[139.8622402422333,35.71283573651774],[139.86660174888223,35.7129057788011],[139.86857194671327,35.714586793601796],[139.86627087596403,35.718532508897866],[139.86873738317237,35.72379735386394],[139.87054214454434,35.724707903547646],[139.87027143033853,35.72875868226876],[139.8721814694572,35.73004279079707],[139.87293345336218,35.73737388312232],[139.8765429761061,35.73703534541941],[139.877580713895,35.740922692146015],[139.88049841144633,35.74028063788186],[139.8818519824753,35.744343090316875],[139.88504039423242,35.74556883027571],[139.88075408597402,35.74973634613576],[139.88997340864913,35.75076363295841],[139.89287606652235,35.74807867876286],[139.89665102572536,35.7467011805234],[139.89944840585193,35.744389785172444],[139.90096741333997,35.740058837317875],[139.90087717527138,35.73745559911958],[139.89792939836386,35.73187556387838],[139.89720749381507,35.72675080347904],[139.89865130291264,35.72344714244712],[139.90397534895993,35.7195948168622],[139.90812630011544,35.71386302334038],[139.91343530648462,35.71051266745289],[139.91620260725495,35.70800281896574],[139.9187292731757,35.69770660331149],[139.91384137779332,35.69092417553924],[139.90863764917083,35.68550757229255],[139.90377983314463,35.68311446094434],[139.89355285203683,35.682005458124436],[139.88794305210567,35.67999757933472],[139.8864240446176,35.67856171252579],[139.8856419813564,35.67207112760089],[139.88723618723498,35.66879081399675],[139.88738658401599,35.65617152927765],[139.88365674384724,35.64539669135375],[139.8814759905228,35.645163217075876],[139.8725875407659,35.64155603948272],[139.87063238261294,35.63877769557602],[139.86508274139416,35.63821735730912],[139.86036028247085,35.63849752644256],[139.84953171423908,35.642665042302625],[139.8498024284449,35.64905056380248],[139.84535068372736,35.649307385508145]]],[[[139.85592357743144,35.63821735730912],[139.85924734629148,35.636559689936206],[139.8525847688933,35.63794886188956],[139.85035889653457,35.63738852362266],[139.85147183271394,35.640166867529366],[139.85592357743144,35.63821735730912]]],[[[139.8673086137529,35.63543901340241],[139.8628568690354,35.63461017971596],[139.86036028247085,35.63599935166931],[139.8628568690354,35.637108354489214],[139.8673086137529,35.63543901340241]]]],"type":"MultiPolygon"},"id":"geoshape:13:1975-10-01:63b9cf11bf33c26c7abb","properties":{"administrativeCode":"13123","jurisdictionId":"geoshape:13:1975-10-01:63b9cf11bf33c26c7abb","municipalityName":"江戸川区","prefectureName":"東京都","snapshotDate":"1975-10-01","sourceDataset":"historical-administrative-areas-beta","sourceProvider":"Geoshape","sourceResourceId":"gci:13123A1968"},"type":"Feature"},{"geometry":{"coordinates":[[[[139.53392406931735,35.698967364412006],[139.53219450633588,35.70291307970808],[139.53254041893217,35.70911182178564],[139.52763748387167,35.70976554976369],[139.52738180934398,35.71281238908995],[139.52521609569763,35.71305753708172],[139.5264493493018,35.71728342151124],[139.5269155793229,35.71850916147008],[139.52999871333333,35.717505222075225],[139.52941216588744,35.71278904166216],[139.53735311592408,35.71131815371155],[139.5493998980819,35.71692153638054],[139.55457354734818,35.72077386196546],[139.55761156232433,35.721824496215895],[139.56564275042956,35.72166106422139],[139.57394465274058,35.71943138486768],[139.5820209598801,35.71394473933764],[139.5866531807348,35.71191351312014],[139.59546643210123,35.70543460190912],[139.59024766380062,35.69482319597974],[139.58827746596958,35.69561700852451],[139.58671333944721,35.6939593411516],[139.58481834000665,35.697251328469626],[139.57973492880896,35.69893234327032],[139.57615548542122,35.70146553918526],[139.57257604203352,35.698885648414745],[139.57051560613385,35.69893234327032],[139.55000148520588,35.70675373157911],[139.55066323104228,35.69500997540204],[139.54227109066267,35.696702663916625],[139.54218085259407,35.695290144535484],[139.5365108939505,35.69533683939106],[139.5364206558819,35.69829028900617],[139.53392406931735,35.698967364412006]]]],"type":"MultiPolygon"},"id":"geoshape:13:1975-10-01:6710fdfca7465c507b41","properties":{"administrativeCode":"13203","jurisdictionId":"geoshape:13:1975-10-01:6710fdfca7465c507b41","municipalityName":"武蔵野市","prefectureName":"東京都","snapshotDate":"1975-10-01","sourceDataset":"historical-administrative-areas-beta","sourceProvider":"Geoshape","sourceResourceId":"gci:13203A1968"},"type":"Feature"},{"geometry":{"coordinates":[[[[139.7225065930092,35.712263724536946],[139.71441524619158,35.713174274220655],[139.71211417544234,35.7147618993102],[139.71041469181705,35.7134544433541],[139.70534632029748,35.71369959134587],[139.70456425703628,35.715870902130106],[139.70593286774334,35.718847699173],[139.7045943363925,35.72301521503306],[139.6998117187568,35.723540532158275],[139.69572092631367,35.72174278021864],[139.68666704009766,35.72272337218571],[139.68271160475746,35.723645595583314],[139.6813429940504,35.72704264632639],[139.67734243967587,35.72937738910513],[139.67795906647797,35.730673171347334],[139.67874112973914,35.73442043350721],[139.6807564466045,35.73875138136178],[139.6896148170052,35.7413195984184],[139.69257763359084,35.74363099376936],[139.6945327917438,35.74223014810211],[139.6988642190365,35.74239358009662],[139.6992251713109,35.73972029961496],[139.70098481364857,35.73990707903726],[139.70232334499943,35.73614814316348],[139.708294097205,35.74163478869353],[139.71042973149517,35.74579063083969],[139.71951369706736,35.74504351315049],[139.72001000644465,35.74178654697415],[139.72361952918857,35.73993042646505],[139.727905837447,35.74471664916147],[139.73262829637028,35.74509020800607],[139.7317860743967,35.74331580349423],[139.73554599392162,35.740549133301414],[139.7410505161061,35.74234688524105],[139.7465700779687,35.73984871046779],[139.74954793423242,35.73654504943587],[139.75275138566766,35.735062487771366],[139.74918698195802,35.732879503273246],[139.74461491981572,35.73583295288835],[139.74244920616937,35.733790052956955],[139.74351702331444,35.73289117698714],[139.74085500029082,35.7303579810722],[139.73908031827506,35.7318522164506],[139.7359671049084,35.72935404167734],[139.73738083464977,35.726890888045766],[139.7319665505339,35.72410087042517],[139.72987603527804,35.726283854923295],[139.72647706802752,35.72705432004028],[139.7227472278588,35.72515150467561],[139.72471742568985,35.720003396848476],[139.7183105228194,35.71776204378088],[139.7176036579487,35.71449340389064],[139.7225065930092,35.712263724536946]]]],"type":"MultiPolygon"},"id":"geoshape:13:1975-10-01:6c19abc86225bc768700","properties":{"administrativeCode":"13116","jurisdictionId":"geoshape:13:1975-10-01:6c19abc86225bc768700","municipalityName":"豊島区","prefectureName":"東京都","snapshotDate":"1975-10-01","sourceDataset":"historical-administrative-areas-beta","sourceProvider":"Geoshape","sourceResourceId":"gci:13116A1968"},"type":"Feature"},{"geometry":{"coordinates":[[[[139.7225065930092,35.712263724536946],[139.7176036579487,35.71449340389064],[139.7183105228194,35.71776204378088],[139.72471742568985,35.720003396848476],[139.7227472278588,35.72515150467561],[139.72647706802752,35.72705432004028],[139.72987603527804,35.726283854923295],[139.7319665505339,35.72410087042517],[139.73738083464977,35.726890888045766],[139.7359671049084,35.72935404167734],[139.73908031827506,35.7318522164506],[139.74085500029082,35.7303579810722],[139.74351702331444,35.73289117698714],[139.74244920616937,35.733790052956955],[139.74461491981572,35.73583295288835],[139.74918698195802,35.732879503273246],[139.75275138566766,35.735062487771366],[139.7599403517993,35.73158372103104],[139.76093297055388,35.732202427867406],[139.76278285096015,35.730743213630696],[139.7649184852503,35.72721775203479],[139.76324908098124,35.72187119107147],[139.76867840477522,35.71581253356064],[139.76451241394162,35.71727174779735],[139.76568550883337,35.71358285420693],[139.76762562730823,35.71296414737057],[139.76822721443222,35.71045429888342],[139.76661796887555,35.70870324179936],[139.77123515005215,35.7089950846467],[139.77013725355087,35.705352885911864],[139.7698966187013,35.70336835454994],[139.76639237370406,35.70178072946039],[139.76849792863803,35.70014640951527],[139.76601638175157,35.69964443981784],[139.76129392282826,35.701582276324196],[139.75718809070705,35.70172236089092],[139.74968329133532,35.70304149056091],[139.745863213098,35.70291307970808],[139.74281015844377,35.70813122981857],[139.7358467874836,35.709181864069],[139.7324478202331,35.70739578584327],[139.7318462331091,35.70926358006626],[139.72598075865022,35.709205211496794],[139.7232585769142,35.710419277741735],[139.7225065930092,35.712263724536946]]]],"type":"MultiPolygon"},"id":"geoshape:13:1975-10-01:7693fe28f2d5e6119fe3","properties":{"administrativeCode":"13105","jurisdictionId":"geoshape:13:1975-10-01:7693fe28f2d5e6119fe3","municipalityName":"文京区","prefectureName":"東京都","snapshotDate":"1975-10-01","sourceDataset":"historical-administrative-areas-beta","sourceProvider":"Geoshape","sourceResourceId":"gci:13105A1968"},"type":"Feature"},{"geometry":{"coordinates":[[[[139.67499624989233,35.6638761804475],[139.67281549656786,35.6674016420434],[139.67269517914306,35.672292928164865],[139.6620621267266,35.671440747050625],[139.66174629348652,35.67252640244274],[139.6620470870485,35.67561993662458],[139.66412256262626,35.67634370688599],[139.66795768054166,35.68002092676251],[139.6712964890798,35.68149181471311],[139.6803353356177,35.68979182529154],[139.68398997739592,35.69198648350356],[139.68322295381284,35.688717843613325],[139.68597521490508,35.68788900992687],[139.68498259615052,35.68588113113715],[139.68767469853034,35.68159687813816],[139.6950291011211,35.68665159625414],[139.70209774982794,35.68917311845518],[139.70269933695192,35.68777227278793],[139.70548167740037,35.68813415791864],[139.70740675619712,35.68446861175601],[139.71140731057164,35.68337128265],[139.71479123814407,35.68086143416286],[139.7128962387035,35.67728927771138],[139.7128962387035,35.674615997229715],[139.71485139685646,35.67508294578546],[139.71655088048172,35.67343695212645],[139.71492659524696,35.67299335099849],[139.7138136590676,35.66935115226365],[139.7085648114108,35.6640629598698],[139.7137835797114,35.65975535944302],[139.71497171428126,35.65714044753083],[139.72152901393272,35.65573960186358],[139.72355937047618,35.64670414730985],[139.71919786382728,35.64184788233006],[139.7176337373049,35.64166110290776],[139.71540786494614,35.64261834744705],[139.7086249701232,35.64201131432458],[139.6996462822977,35.64812834040488],[139.69293858586522,35.653883481354484],[139.68732878593406,35.66157645881044],[139.67965855010323,35.66381781187803],[139.67499624989233,35.6638761804475]]]],"type":"MultiPolygon"},"id":"geoshape:13:1975-10-01:77a38496083c8de4bdb2","properties":{"administrativeCode":"13113","jurisdictionId":"geoshape:13:1975-10-01:77a38496083c8de4bdb2","municipalityName":"渋谷区","prefectureName":"東京都","snapshotDate":"1975-10-01","sourceDataset":"historical-administrative-areas-beta","sourceProvider":"Geoshape","sourceResourceId":"gci:13113A1968"},"type":"Feature"},{"geometry":{"coordinates":[[[[139.52999871333333,35.717505222075225],[139.5269155793229,35.71850916147008],[139.5264493493018,35.71728342151124],[139.52291502494836,35.717633632928056],[139.52314062011988,35.71906949973698],[139.52467466728604,35.7194080374399],[139.52332109625706,35.72324868931093],[139.5176812169697,35.727439552598774],[139.51670363789322,35.73057978163618],[139.52016276385612,35.73343984154014],[139.52956256266845,35.7396502573316],[139.531307165328,35.74026896416797],[139.53428502159173,35.742942244649626],[139.5359393861827,35.74239358009662],[139.54427136784992,35.75099710723629],[139.54594077211897,35.74795026791003],[139.54705370829836,35.74155307269628],[139.54622652600287,35.730719866202904],[139.54899382677323,35.7273928577432],[139.54899382677323,35.719337995156536],[139.53816525854145,35.71599931298293],[139.53150268114328,35.71655965124983],[139.52999871333333,35.717505222075225]]]],"type":"MultiPolygon"},"id":"geoshape:13:1975-10-01:79018bed502910e1f02d","properties":{"administrativeCode":"13216","jurisdictionId":"geoshape:13:1975-10-01:79018bed502910e1f02d","municipalityName":"田無市","prefectureName":"東京都","snapshotDate":"1975-10-01","sourceDataset":"historical-administrative-areas-beta","sourceProvider":"Geoshape","sourceResourceId":"gci:13216A1968"},"type":"Feature"},{"geometry":{"coordinates":[[[[139.49677606441114,35.77869883030607],[139.49937792872237,35.7821775970464],[139.5067022519569,35.78277295645498],[139.50846189429458,35.78466409810576],[139.5119059805794,35.785084351805935],[139.51378594034188,35.78835299169617],[139.52028308128092,35.788364665410064],[139.52255407267398,35.7892285202382],[139.52339629464757,35.791843432150394],[139.52551688925962,35.79189012700597],[139.52926176910643,35.79413148007356],[139.53685680654678,35.80394907345817],[139.54168454321677,35.80731110305956],[139.544286407528,35.80663402765373],[139.54718906540126,35.80267663864376],[139.54621148632478,35.799232893045115],[139.5440758520346,35.79650124399399],[139.53981962313242,35.79374624751507],[139.53757871109556,35.79075777675828],[139.54379009815074,35.788189559701664],[139.54379009815074,35.782831325024446],[139.54297795553333,35.77981950683987],[139.53748847302697,35.77687773093865],[139.53431510094794,35.7741927767431],[139.52844962648905,35.77304875278151],[139.5263440715551,35.77161288597259],[139.52305038205128,35.77193974996161],[139.51637276497502,35.76557757588954],[139.50858221171939,35.76205211429364],[139.50479221283825,35.761106543468244],[139.49719717539793,35.762437346852124],[139.50121276945055,35.76562427074511],[139.4992576112976,35.771671254542056],[139.4976784450971,35.772149876811696],[139.49677606441114,35.77869883030607]]]],"type":"MultiPolygon"},"id":"geoshape:13:1975-10-01:7e23a028bf38fcea4ce0","properties":{"administrativeCode":"13221","jurisdictionId":"geoshape:13:1975-10-01:7e23a028bf38fcea4ce0","municipalityName":"清瀬市","prefectureName":"東京都","snapshotDate":"1975-10-01","sourceDataset":"historical-administrative-areas-beta","sourceProvider":"Geoshape","sourceResourceId":"gci:13221A1970"},"type":"Feature"},{"geometry":{"coordinates":[[[[139.16304560737927,35.778243555464215],[139.1667152888356,35.78097520451534],[139.1721295729515,35.782212618188076],[139.1756187782706,35.78486255124195],[139.18192040339437,35.78762922143476],[139.18656766392718,35.78790939056821],[139.19216242418025,35.78919349909652],[139.1955313120746,35.786835408889985],[139.19823845413254,35.7864385026176],[139.2034722621112,35.78023976054004],[139.2083451178155,35.77631739267176],[139.21063114888665,35.773177163634344],[139.21437602873348,35.77407603960416],[139.2179855514774,35.77296703678426],[139.22084309031635,35.774029344748584],[139.2224222565168,35.772511761942404],[139.2274455090021,35.772021465958865],[139.22828773097567,35.77080739971392],[139.23374713412585,35.768612741501904],[139.23812368045287,35.7686244152158],[139.23825903755576,35.76709515869572],[139.24481633720723,35.767398675256956],[139.2494485580619,35.766604862712185],[139.25429133441003,35.76402497194167],[139.25686311936508,35.76070963719586],[139.2558554609324,35.759390507525865],[139.26184125281605,35.75558487679652],[139.26854894924853,35.754452526548825],[139.2693159728316,35.75355365057901],[139.27546720117437,35.75362369286238],[139.27988886653569,35.749351113577276],[139.28076116786545,35.74608247368703],[139.2793023190898,35.742066716107594],[139.28465644449327,35.7405841544431],[139.28364878606058,35.737689073397455],[139.28443084932178,35.731712131883874],[139.2787759303563,35.733299756973416],[139.2699175599556,35.73325306211784],[139.26668402916417,35.73264602899537],[139.26293914931733,35.73233083872024],[139.25823173007214,35.73527261462145],[139.25284752531246,35.736346596299676],[139.2453728052969,35.73666178657481],[139.24404931362415,35.73879807621736],[139.23943213244755,35.739766994470536],[139.2326191582684,35.7388914659285],[139.22610697765123,35.740058837317875],[139.21858713860138,35.74443648002802],[139.21566944105004,35.74441313260023],[139.21237575154623,35.74862734331586],[139.2129171799578,35.75163916150044],[139.2050514283117,35.75381047228467],[139.20432952376288,35.755795003646604],[139.1996521838739,35.75810639899756],[139.18918456791653,35.76225056742983],[139.1814842527295,35.76289262169398],[139.180356276872,35.765799376453515],[139.1808977052836,35.76807575066279],[139.17704754769008,35.77077237857224],[139.16304560737927,35.778243555464215]]]],"type":"MultiPolygon"},"id":"geoshape:13:1975-10-01:811c5a9b471bac911331","properties":{"administrativeCode":"13305","jurisdictionId":"geoshape:13:1975-10-01:811c5a9b471bac911331","municipalityName":"日の出町","parentJurisdictionName":"西多摩郡","prefectureName":"東京都","snapshotDate":"1975-10-01","sourceDataset":"historical-administrative-areas-beta","sourceProvider":"Geoshape","sourceResourceId":"gci:13305A1974"},"type":"Feature"},{"geometry":{"coordinates":[[[[139.76451241394162,35.65618320299154],[139.7594741217782,35.65897322061214],[139.76222638287047,35.66295395704989],[139.76213614480184,35.666876324918185],[139.75801527300254,35.66868575057171],[139.7596395582373,35.6716742213285],[139.7640762632767,35.6731684567069],[139.77000189644798,35.681807004988244],[139.77100955488066,35.684013336914155],[139.76819713507604,35.68844934819377],[139.77770221163502,35.691764682939585],[139.78259010701743,35.69471813255469],[139.78254498798313,35.696574253063794],[139.78890677181928,35.6947064588408],[139.7891474066689,35.691029238964276],[139.79039569995115,35.68928985559411],[139.79236589778222,35.68710687109599],[139.792636611988,35.684375222044864],[139.78908724795647,35.67915707193437],[139.7872824865845,35.67509461949936],[139.78716216915973,35.67228125445097],[139.788861652785,35.66694636720155],[139.7873125659407,35.66682963006261],[139.7873125659407,35.662662114202554],[139.788410462442,35.65683693096959],[139.77258872108112,35.64600372447622],[139.7695206267488,35.64905056380248],[139.77341590337662,35.652669415109536],[139.76813697636362,35.65017124033628],[139.76702404018425,35.655167589882794],[139.7695206267488,35.65405858706289],[139.7686934444533,35.65655676183614],[139.77063356292817,35.65794593378949],[139.7689791983372,35.65933510574285],[139.76451241394162,35.65618320299154]]]],"type":"MultiPolygon"},"id":"geoshape:13:1975-10-01:82b7ddf13103eb77bef9","properties":{"administrativeCode":"13102","jurisdictionId":"geoshape:13:1975-10-01:82b7ddf13103eb77bef9","municipalityName":"中央区","prefectureName":"東京都","snapshotDate":"1975-10-01","sourceDataset":"historical-administrative-areas-beta","sourceProvider":"Geoshape","sourceResourceId":"gci:13102A1968"},"type":"Feature"},{"geometry":{"coordinates":[[[[142.09017303688532,27.721606564289786],[142.0957226781041,27.71966872778343],[142.0965498603996,27.717170553010174],[142.08988728300145,27.720217392336433],[142.09017303688532,27.721606564289786]]],[[[142.10322747747585,27.717170553010174],[142.09988866893772,27.71882822038308],[142.10349819168164,27.71882822038308],[142.10322747747585,27.717170553010174]]],[[[142.12183155928514,27.689106944809684],[142.1246138997336,27.69022762134348],[142.12628330400264,27.686328600902982],[142.12989282674658,27.688278111123232],[142.13238941331113,27.68660877003643],[142.13377306369628,27.689387113943134],[142.13599893605505,27.689667283076584],[142.13682611835054,27.68716910830333],[142.14154857727382,27.684670933530075],[142.14183433115772,27.675495394409616],[142.1423907992474,27.674386391589714],[142.13905199070928,27.671327878549558],[142.13488599987568,27.672168385949906],[142.13156223101564,27.675226898990058],[142.13238941331113,27.67994307940312],[142.12683977209235,27.682161085042924],[142.12655401820845,27.67966291026967],[142.1246138997336,27.679394414850115],[142.1204479089,27.68469428095786],[142.11795132233544,27.684414111824413],[142.1187785046309,27.688032963131462],[142.12183155928514,27.689106944809684]]],[[[142.1201621550161,27.67969793141135],[142.11710910036186,27.680246595964356],[142.1201621550161,27.68274477073761],[142.1201621550161,27.67969793141135]]],[[[142.1523921851837,27.664113523363245],[142.1515499632101,27.660774841189642],[142.1523921851837,27.657996497282937],[142.14989559861914,27.660494672056192],[142.15127924900432,27.660774841189642],[142.15043702703073,27.665502695316597],[142.1523921851837,27.664113523363245]]],[[[142.17683166209568,27.631088586757926],[142.17767388406926,27.628030073717774],[142.17932824866023,27.627189566317426],[142.17932824866023,27.62358238872427],[142.18099765292928,27.62330221959082],[142.17821531248083,27.62025538026456],[142.17404932164723,27.62358238872427],[142.17183848896659,27.62636073263097],[142.16849968042845,27.623022050457372],[142.16711603004327,27.624971560677622],[142.16377722150514,27.63580476717099],[142.1665595619536,27.63386693066463],[142.16849968042845,27.63691376999089],[142.17155273508268,27.634975933484533],[142.17210920317237,27.63191742044438],[142.17683166209568,27.631088586757926]]],[[[142.20655006602064,27.499420767750728],[142.20572288372514,27.497191088397027],[142.2085052241736,27.492194738850518],[142.2085052241736,27.49052539776372],[142.20572288372514,27.49052539776372],[142.20460994754578,27.49275507711742],[142.20516641563546,27.49553342102412],[142.1982180843534,27.49775142666393],[142.19850383823731,27.501078435123635],[142.2032262971606,27.501078435123635],[142.20489570142968,27.503308114477335],[142.20655006602064,27.499420767750728]]],[[[142.20211336098123,27.488856056676916],[142.20155689289155,27.487466884723567],[142.19850383823731,27.48858756125736],[142.20044395671218,27.49052539776372],[142.20211336098123,27.488856056676916]]],[[[140.88027605280053,27.245809333409795],[140.87889240241535,27.243859823189545],[140.87416994349206,27.243579654056095],[140.87221478533908,27.247198505363144],[140.87528287967143,27.24997684926985],[140.87528287967143,27.244420161456443],[140.8766665300566,27.247198505363144],[140.87889240241535,27.24774716991615],[140.88027605280053,27.245809333409795]]],[[[142.19072832465977,27.19500533054435],[142.18794598421132,27.193884654010553],[142.18738951612164,27.196394502497704],[142.18877316650682,27.197503505317606],[142.19128479274946,27.196394502497704],[142.19072832465977,27.19500533054435]]],[[[142.17821531248083,27.170829069070468],[142.17738813018536,27.17277857929072],[142.18128340681318,27.17277857929072],[142.18099765292928,27.17749475970378],[142.17824539183704,27.180004608190927],[142.18129844649127,27.183051447517187],[142.18129844649127,27.185561296004337],[142.1793583280164,27.185561296004337],[142.17768892374735,27.188327966197146],[142.17991479610612,27.188059470777592],[142.18266705719836,27.19110631010385],[142.18239634299255,27.188327966197146],[142.18627657994227,27.185829791423892],[142.1893296345965,27.185829791423892],[142.18905892039072,27.184172124050985],[142.1934956254301,27.184172124050985],[142.1934956254301,27.182222613830735],[142.1896153884804,27.180833441877382],[142.18821669841714,27.17749475970378],[142.1893296345965,27.17416775124407],[142.19238268925073,27.16943989711712],[142.19572149778887,27.170280404517463],[142.193781379314,27.16639305779086],[142.19405209351982,27.163614713884154],[142.19128479274946,27.160276031710552],[142.19266844313464,27.15860669062375],[142.18877316650682,27.154719343897145],[142.18627657994227,27.153330171943793],[142.1860058657365,27.151392335437436],[142.18183987490286,27.151392335437436],[142.18128340681318,27.14861399153073],[142.18239634299255,27.14555547849058],[142.17433507553113,27.14722481957738],[142.17322213935174,27.149162656083735],[142.17433507553113,27.151672504570886],[142.17794459827505,27.150551828037088],[142.17932824866023,27.151392335437436],[142.17821531248083,27.15361034107724],[142.1798847167499,27.155559851297493],[142.17794459827505,27.157777856937297],[142.17460578973692,27.1588868597572],[142.17794459827505,27.160276031710552],[142.17683166209568,27.166941722343864],[142.17821531248083,27.170829069070468]]],[[[142.21989026049505,27.120550383330244],[142.21960450661115,27.11777203942354],[142.22100319667442,27.11611437205063],[142.2259963698035,27.11472520009728],[142.22877871025196,27.11500536923073],[142.22960589254745,27.11277568987703],[142.22739505986678,27.110277515103775],[142.21989026049505,27.112227025324025],[142.21655145195692,27.11110634879023],[142.2134983973027,27.111666687057127],[142.2134983973027,27.109997345970328],[142.21100181073814,27.109448681417323],[142.20655006602064,27.110557684237225],[142.2026698290709,27.109717176836877],[142.1982180843534,27.111386517923677],[142.1943378474037,27.110837853370676],[142.19545078358308,27.113884692696935],[142.19988748862247,27.11777203942354],[142.19933102053278,27.11972154964379],[142.19545078358308,27.120830552463694],[142.19572149778887,27.122219724417043],[142.19182622116105,27.124169234637296],[142.18683304803196,27.124169234637296],[142.18377999337773,27.121671059864042],[142.18155412101896,27.122499893550494],[142.1843364614674,27.125558406590645],[142.18183987490286,27.127776412230453],[142.18099765292928,27.131115094404056],[142.18683304803196,27.134442102863762],[142.18266705719836,27.137500615903917],[142.1848929295571,27.143057303717324],[142.1840507075835,27.144446475670676],[142.18766023032745,27.144446475670676],[142.18738951612164,27.141948300897422],[142.1896153884804,27.141107793497074],[142.18821669841714,27.138889787857266],[142.19266844313464,27.135831274817114],[142.193781379314,27.13361326917731],[142.19710514817405,27.135551105683668],[142.20017324250637,27.135002441130663],[142.19850383823731,27.13166375895706],[142.19933102053278,27.129994417870257],[142.20961816035296,27.13333310004386],[142.2132276830969,27.13361326917731],[142.21127252494392,27.129994417870257],[142.21683720584082,27.1263872402771],[142.2173936739305,27.123889065503846],[142.22016097470083,27.1247178991903],[142.21989026049505,27.120550383330244]]],[[[142.17322213935174,27.129994417870257],[142.17377860744145,27.127776412230453],[142.1704698782595,27.12974926987849],[142.17322213935174,27.129994417870257]]],[[[142.16519095124653,27.117503544003984],[142.16325083277167,27.115834202917185],[142.16046849232322,27.11611437205063],[142.15908484193804,27.113919713838612],[142.15547531919412,27.113919713838612],[142.15518956531022,27.11585755034497],[142.15879908805417,27.116698057745317],[142.15908484193804,27.118916063385125],[142.1568589695793,27.122254745558728],[142.16075424620712,27.12139089073059],[142.1618671823865,27.122499893550494],[142.16519095124653,27.117503544003984]]],[[[142.18099765292928,27.116943205737087],[142.17794459827505,27.11944138051034],[142.17905753445442,27.12000171877724],[142.18099765292928,27.116943205737087]]],[[[142.22497367169274,27.072594766654866],[142.22432696553446,27.07002654959825],[142.2262821236874,27.06336085896494],[142.22377049744478,27.061142853325133],[142.22543990171383,27.05836450941843],[142.2279515279565,27.057524002018084],[142.23100458261072,27.054477162691825],[142.2315610507004,27.05252765247157],[142.22739505986678,27.05113848051822],[142.2221161328538,27.05780417115153],[142.218220856226,27.054196993558374],[142.21543851577755,27.054196993558374],[142.21989026049505,27.05057814225132],[142.21877732431568,27.045861961838263],[142.21628073775113,27.045301623571362],[142.21877732431568,27.04252327966466],[142.22071744279054,27.041974615111656],[142.21906307819958,27.040305274024853],[142.22322906903318,27.038635932938053],[142.22322906903318,27.036966591851254],[142.21683720584082,27.036698096431696],[142.212941929213,27.0372467609847],[142.2132276830969,27.042254784245106],[142.21015958876455,27.041974615111656],[142.2076630022,27.040025104891406],[142.20599359793096,27.041694445978205],[142.20489570142968,27.038916102071504],[142.2040534794561,27.04141427684476],[142.20182760709733,27.041134107711308],[142.19988748862247,27.045033128151807],[142.19185630051726,27.04642230010516],[142.1893597139527,27.045033128151807],[142.18741959547785,27.042254784245106],[142.18241138267067,27.045033128151807],[142.18020054999,27.045301623571362],[142.1796440819003,27.040585443158303],[142.17768892374735,27.04642230010516],[142.18158420037517,27.048920474878415],[142.18325360464422,27.05252765247157],[142.18325360464422,27.05613483006473],[142.18129844649127,27.056975337465076],[142.1807570180797,27.06169151787814],[142.18352431885003,27.062532025278486],[142.1846372550294,27.060862684191683],[142.18797606356753,27.060582515058236],[142.18821669841714,27.06392119723184],[142.18602090541458,27.065578864604745],[142.18627657994227,27.068637377644897],[142.18352431885003,27.068917546778348],[142.1807570180797,27.072524724371505],[142.1757488052725,27.071415721551602],[142.1754780910667,27.07530306827821],[142.17768892374735,27.07641207109811],[142.1804712641958,27.073633727191407],[142.1843364614674,27.074754403725205],[142.18544939764678,27.07641207109811],[142.1946085616095,27.075863406545107],[142.19572149778887,27.073913896324857],[142.199060306327,27.075863406545107],[142.19850383823731,27.07808141218491],[142.20044395671218,27.079470584138264],[142.20072971059605,27.086976782171924],[142.19739090205792,27.085856105638126],[142.19545078358308,27.08891461867828],[142.19739090205792,27.0944479590639],[142.19545078358308,27.096946133837154],[142.19683443396823,27.09916413947696],[142.1946085616095,27.100273142296864],[142.1896153884804,27.0955569618838],[142.1848929295571,27.093058787110547],[142.1860058657365,27.090829107756846],[142.18128340681318,27.088891271250493],[142.1801704706338,27.090829107756846],[142.1754780910667,27.095276792750354],[142.17656094788987,27.098055136657056],[142.17571872591628,27.10139381883066],[142.17683166209568,27.104172162737363],[142.18099765292928,27.106390168377168],[142.1843364614674,27.105561334690716],[142.18710376223774,27.106670337510618],[142.18738951612164,27.104720827290368],[142.1987745524431,27.106390168377168],[142.19933102053278,27.104440658156918],[142.20433923334,27.103611824470466],[142.20460994754578,27.104720827290368],[142.20877593837938,27.10111364969721],[142.21182899303363,27.102222652517113],[142.21127252494392,27.09944430861041],[142.2179501420202,27.091692962584982],[142.21877732431568,27.08863444954483],[142.21683720584082,27.085856105638126],[142.21877732431568,27.08419843826522],[142.2179501420202,27.082809266311866],[142.2226726009435,27.08196875891152],[142.2265528378932,27.077801243051464],[142.2265528378932,27.073913896324857],[142.22497367169274,27.072594766654866]]],[[[142.23711069191918,27.093362303671785],[142.23432835147074,27.096420816711937],[142.23989303236763,27.096420816711937],[142.24238961893218,27.09253346998533],[142.23933656427795,27.091412793451532],[142.23711069191918,27.093362303671785]]],[[[142.16686035551558,27.04614213097171],[142.1715828144389,27.03641792729825],[142.16880047399044,27.036698096431696],[142.1704698782595,27.03281074970509],[142.16908622787435,27.032530580571642],[142.16797329169495,27.038635932938053],[142.1663038874259,27.043363787065008],[142.16686035551558,27.04614213097171]]],[[[142.1657624590143,26.642710252518853],[142.16714610939948,26.63921981206463],[142.1663038874259,26.637281975558274],[142.1704698782595,26.635052296204577],[142.17380868679763,26.632005456878318],[142.17380868679763,26.625328092531113],[142.1757488052725,26.623670425158206],[142.17492162297702,26.615335393438095],[142.176575987568,26.611996711264492],[142.17325221870794,26.61060753931114],[142.1718685683228,26.608389533671335],[142.16852975978466,26.61060753931114],[142.16797329169495,26.61255704953139],[142.1718685683228,26.616444396257997],[142.1701991640537,26.617004734524894],[142.1701991640537,26.622281253204854],[142.16768753781108,26.62311008689131],[142.1699134101698,26.62505959711156],[142.16768753781108,26.625608261664564],[142.1663038874259,26.629227112971613],[142.16296507888777,26.63311445969822],[142.15879908805417,26.632273952297872],[142.157415437669,26.630616284924965],[142.15518956531022,26.631445118611417],[142.15436238301476,26.636721637291377],[142.15463309722054,26.640608984017984],[142.15102357447662,26.63921981206463],[142.15019639218113,26.63644146815793],[142.1479705198224,26.63644146815793],[142.14491746516816,26.645885502697944],[142.1463011155533,26.647274674651296],[142.1426915928094,26.648944015738095],[142.14186441051393,26.652282697911698],[142.13990925236095,26.65367186986505],[142.14186441051393,26.655329537237957],[142.1385256019758,26.656998878324757],[142.1426915928094,26.663384399824622],[142.14242087860362,26.66728342026512],[142.14046572045066,26.668660918504578],[142.13714195159062,26.66672308199822],[142.13491607923186,26.66728342026512],[142.1376984196803,26.67117076699173],[142.13714195159062,26.673668941764983],[142.1385256019758,26.676167116538238],[142.1296371522189,26.682552638038096],[142.12992290610276,26.684782317391797],[142.1240875110001,26.690339005205207],[142.12324528902653,26.695055185618266],[142.12213235284713,26.69588401930472],[142.12130517055166,26.700611873431676],[142.11880858398712,26.70505955842518],[142.11658271162835,26.706997394931534],[142.11602624353867,26.71200541819194],[142.11686846551225,26.715332426651646],[142.11963576628258,26.715332426651646],[142.12103445634585,26.71088474165814],[142.12324528902653,26.710336077105136],[142.12741127986013,26.700331704298225],[142.13297596075702,26.701440707118127],[142.13602901541125,26.698942532344873],[142.13491607923186,26.702561383651926],[142.13574326152735,26.704219051024833],[142.13435961114217,26.709227074285234],[142.13825488777,26.706997394931534],[142.14130794242422,26.708666736018337],[142.14380452898877,26.70644873037853],[142.1463011155533,26.706997394931534],[142.1482562737063,26.70949556970479],[142.1515800425663,26.706997394931534],[142.1524222645399,26.70477938929173],[142.15852837384836,26.703390217338377],[142.157415437669,26.700892042565123],[142.15380591492507,26.702561383651926],[142.14991063829726,26.700051535164775],[142.1474140517327,26.69978303974522],[142.14436099707848,26.69755336039152],[142.14463171128426,26.695335354751716],[142.13963853815517,26.69477501648482],[142.13908207006548,26.691716503444663],[142.14019500624485,26.690058836071756],[142.14019500624485,26.685891320211702],[142.14574464746363,26.68450214825835],[142.15297873262958,26.687829156718056],[142.15879908805417,26.687829156718056],[142.1613107142968,26.69088766975821],[142.1613107142968,26.687000323031604],[142.15964131002775,26.685050812811355],[142.16019777811744,26.681443635218194],[142.15824261996448,26.680054463264845],[142.15574603339994,26.675606778271337],[142.15436238301476,26.675606778271337],[142.15630250148962,26.67089059785828],[142.15574603339994,26.667832084818127],[142.1571447234632,26.665333910044872],[142.1577011915529,26.661166394184814],[142.15991202423353,26.659216883964564],[142.16325083277167,26.659216883964564],[142.1663038874259,26.656998878324757],[142.17296646482404,26.656998878324757],[142.1757488052725,26.657827712011212],[142.1754780910667,26.660606055917917],[142.17824539183704,26.65977722223146],[142.18185491458095,26.660606055917917],[142.18129844649127,26.656170044638305],[142.17853114572094,26.656998878324757],[142.17880185992672,26.655329537237957],[142.17380868679763,26.653940365284605],[142.17213928252858,26.655609706371408],[142.16824400590076,26.655329537237957],[142.16741682360527,26.65367186986505],[142.16797329169495,26.648383677471198],[142.16714610939948,26.645885502697944],[142.16492023704072,26.644227835325037],[142.1657624590143,26.642710252518853]]],[[[142.12186163864135,26.611448046711487],[142.1238017571162,26.61171654213104],[142.12741127986013,26.609218367357787],[142.12936643801308,26.602004012171474],[142.12575691526916,26.596727493491514],[142.12241810673103,26.595886986091166],[142.12186163864135,26.598945499131318],[142.11852283010322,26.596727493491514],[142.1190792981929,26.599494163684323],[142.12103445634585,26.600883335637675],[142.11769564780775,26.605050851497733],[142.11769564780775,26.60756069998488],[142.11992152016649,26.608669702804782],[142.11992152016649,26.611167877578037],[142.12186163864135,26.611448046711487]]],[[[142.15908484193804,26.59033029827776],[142.1571447234632,26.59394914958481],[142.15991202423353,26.59199963936456],[142.15908484193804,26.59033029827776]]],[[[142.1463011155533,26.587551954371055],[142.15130932836053,26.589221295457854],[142.15518956531022,26.589221295457854],[142.15574603339994,26.586723120684603],[142.1532494468354,26.58700328981805],[142.1524222645399,26.584505115044795],[142.1474140517327,26.58533394873125],[142.14409028287267,26.582835773957996],[142.14102218854035,26.583115943091443],[142.1426915928094,26.586723120684603],[142.14518817937395,26.586162782417702],[142.1463011155533,26.587551954371055]]],[[[142.2268536314552,26.573940403970983],[142.22880878960817,26.57172239833118],[142.23268902655786,26.570053057244376],[142.2265829172494,26.567274713337675],[142.22519926686425,26.56755488247112],[142.2224169264158,26.56477653856442],[142.22047680794094,26.56477653856442],[142.21936387176157,26.56755488247112],[142.22214621221,26.56977288811093],[142.22019105405704,26.57147725033941],[142.22214621221,26.57506108050478],[142.22464279877454,26.576450252458134],[142.2268536314552,26.573940403970983]]],[[[142.1482562737063,26.565885541384322],[142.14935417020757,26.563667535744514],[142.15407662913086,26.562278363791165],[142.15491885110444,26.560609022704362],[142.1532494468354,26.558939681617563],[142.15436238301476,26.54922715165799],[142.15130932836053,26.54783797970464],[142.1515800425663,26.54532813121749],[142.1482562737063,26.544779466664487],[142.14658686943721,26.548690160818882],[142.14852698791208,26.5514451572978],[142.1471433375269,26.555332504024406],[142.1482562737063,26.556721675977755],[142.14603040134753,26.55786569993934],[142.1463011155533,26.565056707697867],[142.1482562737063,26.565885541384322]]],[[[142.21018966812076,26.561169360971263],[142.20880601773558,26.55755050966421],[142.20435427301808,26.557001845111206],[142.20018828218448,26.555332504024406],[142.1979774495038,26.555612673157853],[142.19575157714507,26.55396667949884],[142.1949093551715,26.556745023405544],[142.19769169561994,26.561718025524264],[142.20214344033744,26.56477653856442],[142.20546720919745,26.565336876831317],[142.2118590723898,26.564227874011415],[142.21018966812076,26.561169360971263]]],[[[141.2872497421778,25.420997724972224],[141.2819708151648,25.419059888465867],[141.2778048243312,25.41877971933242],[141.27475176967698,25.420997724972224],[141.27196942922853,25.429332756692336],[141.27252589731822,25.43933712949925],[141.2730823654079,25.441555135139055],[141.2791884747164,25.447672161219362],[141.2828130371384,25.449061333172715],[141.28752045638362,25.44739199208591],[141.28974632874235,25.44405330991231],[141.29003208262625,25.441274966005608],[141.2922429153069,25.4390569603658],[141.29197220110112,25.433220103418943],[141.29308513728049,25.426554412785634],[141.28974632874235,25.422106727792126],[141.2872497421778,25.420997724972224]]],[[[141.28391093363967,24.75439364049948],[141.2830837513442,24.75772064895919],[141.28419668752358,24.761888164819243],[141.28586609179266,24.763837675039497],[141.29085926492172,24.774110543265962],[141.29197220110112,24.77827805912602],[141.2917014868953,24.78633292171268],[141.29030279683204,24.79188960952609],[141.28642255988234,24.794387784299346],[141.28446740172936,24.79244994779299],[141.28419668752358,24.795496787119248],[141.28613680599844,24.7968859590726],[141.28918986065267,24.79660578993915],[141.2975218423199,24.801053474932655],[141.30030418276834,24.801613813199552],[141.30419945939616,24.80411198797281],[141.3116892190898,24.81244701969292],[141.31502802762793,24.81272718882637],[141.31892330425575,24.814945194466176],[141.3203069546409,24.81911271032623],[141.32641306394936,24.818552372059333],[141.32725528592294,24.819661374879235],[141.32946611860362,24.816334366419525],[141.33391786332112,24.812995684245923],[141.3386403222444,24.807170501012962],[141.34197913078253,24.80050481037965],[141.34558865352648,24.789671603886283],[141.3447464315529,24.785772583445784],[141.34142266269285,24.781885236719177],[141.3344743314108,24.777449225439565],[141.32169060502608,24.777449225439565],[141.31003485449884,24.769114193719453],[141.30419945939616,24.765495342412404],[141.29419807345985,24.76077916199934],[141.29114501880562,24.756891815272734],[141.28558033790875,24.75272429941268],[141.2830837513442,24.75272429941268],[141.28391093363967,24.75439364049948]]],[[[141.28530962370294,24.813275853379373],[141.28419668752358,24.80550115992616],[141.2830837513442,24.80689033187951],[141.28446740172936,24.813556022512824],[141.28530962370294,24.813275853379373]]],[[[153.98225706579422,24.288892625273746],[153.98225706579422,24.28639445050049],[153.97918897146187,24.285553943100144],[153.9730828621534,24.287771948739948],[153.96669099896104,24.2891611206933],[153.96724746705073,24.2902817972271],[153.97530873451214,24.296947487860407],[153.97863250337218,24.30138349914002],[153.98085837573092,24.301943837406917],[153.98085837573092,24.29638714959351],[153.98225706579422,24.288892625273746]]],[[[141.47252353668776,24.23777343213317],[141.47169635439226,24.232216744319764],[141.46864329973803,24.227220394773255],[141.45919838189144,24.22472222],[141.45530310526362,24.225282558266898],[141.45363370099454,24.226940225639805],[141.45363370099454,24.23694459844672],[141.45530310526362,24.24222111712668],[141.45864191380176,24.24499946103338],[141.46196568266177,24.24499946103338],[141.47252353668776,24.241112114306773],[141.47252353668776,24.23777343213317]]]],"type":"MultiPolygon"},"id":"geoshape:13:1975-10-01:847b560413a2c74d4877","properties":{"administrativeCode":"13421","jurisdictionId":"geoshape:13:1975-10-01:847b560413a2c74d4877","municipalityName":"小笠原村","prefectureName":"東京都","snapshotDate":"1975-10-01","sourceDataset":"historical-administrative-areas-beta","sourceProvider":"Geoshape","sourceResourceId":"gci:13421A1968"},"type":"Feature"},{"geometry":{"coordinates":[[[[139.15472866539017,34.19427233836786],[139.15155529331113,34.19255630242549],[139.14877295286269,34.19672381828554],[139.14627636629814,34.19422564351228],[139.14656212018204,34.18921762025188],[139.14544918400264,34.187279783745524],[139.1434940258497,34.18949778938533],[139.1423961293484,34.18561044265872],[139.14128319316904,34.18699961461208],[139.13627498036186,34.185890611792175],[139.13295121150182,34.18699961461208],[139.13239474341214,34.185330273525274],[139.1290860142302,34.18422127070537],[139.12824379225663,34.18699961461208],[139.12547649148627,34.18671944547863],[139.12492002339658,34.18949778938533],[139.12296486524363,34.18810861743198],[139.1201975644733,34.18921762025188],[139.11935534249972,34.193385136111935],[139.12186696874235,34.19922199305879],[139.129055934874,34.2014399986986],[139.13210898952823,34.2014399986986],[139.1332219257076,34.20505885000565],[139.13239474341214,34.21061553781906],[139.13072533914305,34.21283354345886],[139.13043958525918,34.216440721052024],[139.13377839379731,34.21811006213882],[139.12878522066822,34.21977940322562],[139.1282287525785,34.222837916265775],[139.13183827532245,34.22394691908568],[139.1340491080031,34.22338658081878],[139.13627498036186,34.22505592190558],[139.13683144845155,34.227834265812284],[139.1340791873593,34.234745104437366],[139.13489132997668,34.236998131218854],[139.13683144845155,34.2372783003523],[139.13683144845155,34.240885477945454],[139.14017025698968,34.24338365271871],[139.1434940258497,34.24366382185217],[139.14877295286269,34.23977647512555],[139.15489410184924,34.239496305992105],[139.15906009268286,34.2372783003523],[139.16766278855587,34.233939618178695],[139.17015937512042,34.230892778852436],[139.1712723112998,34.225884755592034],[139.1712723112998,34.22227757799888],[139.17267100136306,34.218390231272274],[139.17543830213341,34.21617222563246],[139.17322746945277,34.21366237714532],[139.17349818365855,34.211444371505515],[139.1759947702231,34.207837193912354],[139.17488183404373,34.2042183426053],[139.1715580651837,34.2053390191391],[139.17015937512042,34.20449851173875],[139.16877572473524,34.20838585846536],[139.16545195587523,34.20810568933191],[139.15739068841378,34.2047786808722],[139.15322469758019,34.20061116501215],[139.15627775223442,34.19755265197199],[139.15472866539017,34.19427233836786]]],[[[139.1910043689666,34.21172454063896],[139.18822202851814,34.210884033238614],[139.18766556042846,34.21227320519196],[139.1910043689666,34.21172454063896]]],[[[139.19294448744142,34.20810568933191],[139.19211730514596,34.205887683692104],[139.1890492108136,34.20838585846536],[139.19183155126206,34.2092263658657],[139.19294448744142,34.20810568933191]]],[[[139.07658249798422,34.18810861743198],[139.07658249798422,34.18561044265872],[139.07491309371517,34.18617078092562],[139.07658249798422,34.18810861743198]]]],"type":"MultiPolygon"},"id":"geoshape:13:1975-10-01:8846f9a7c6c954ac1b31","properties":{"administrativeCode":"13364","jurisdictionId":"geoshape:13:1975-10-01:8846f9a7c6c954ac1b31","municipalityName":"神津島村","prefectureName":"東京都","snapshotDate":"1975-10-01","sourceDataset":"historical-administrative-areas-beta","sourceProvider":"Geoshape","sourceResourceId":"gci:13364A1968"},"type":"Feature"},{"geometry":{"coordinates":[[[[139.2687895840981,35.609359936563855],[139.26880462377622,35.61212660675667],[139.27152680551225,35.613982727265764],[139.2743693046731,35.61413448554639],[139.27791866870461,35.61945769908192],[139.28567914260404,35.6208001761797],[139.28718311041402,35.62206093728022],[139.28934882406037,35.62018146934333],[139.2932741800444,35.62084687103527],[139.29474806849817,35.616924503166985],[139.29354489425018,35.61546528893027],[139.29802671832388,35.61610734319442],[139.30348612147407,35.61517344608293],[139.30762203295149,35.61623575404725],[139.31420941195915,35.61414615926028],[139.31529226878231,35.612908745587546],[139.31748806178487,35.6152318146524],[139.32278202847596,35.61482323466612],[139.32637651154178,35.61575713177761],[139.33737051623265,35.61421620154364],[139.33857369048062,35.61958610993475],[139.33696444492395,35.62256290697765],[139.33840825402152,35.623403414378],[139.34156658642246,35.61974954192927],[139.339987420222,35.61822028540919],[139.34043861056497,35.6146598026716],[139.34899618740369,35.60815754403281],[139.35176348817404,35.608811272010854],[139.3535080908336,35.607352057774136],[139.36143400119212,35.60523911555938],[139.36543455556665,35.609044746288724],[139.37050292708625,35.60614966524309],[139.37063828418914,35.60499396756761],[139.37596233023643,35.60439860815903],[139.3818729237296,35.60227399223037],[139.386610422331,35.598316603220404],[139.38833998531246,35.602402403083204],[139.38751280301696,35.6048305355731],[139.39349859490065,35.608204238888376],[139.39707803828836,35.609920274830756],[139.4009883545943,35.61011872796695],[139.40146962429347,35.60864784001634],[139.40793668587634,35.61204489075941],[139.4101775979132,35.61006035939748],[139.41274938286824,35.612278365037284],[139.41575731848818,35.612161627898345],[139.42053993612387,35.60978019026403],[139.4230666020446,35.60666330865441],[139.42628509315793,35.60544924240946],[139.4282252116328,35.60805248060776],[139.4338650909202,35.605869496109634],[139.43609096327893,35.60658159265715],[139.43816643885668,35.60959341084173],[139.4458366746875,35.6087178822997],[139.44928076097236,35.61177639533986],[139.45287524403818,35.60744544748529],[139.45352195019646,35.604480324156285],[139.45737210778998,35.60721197320741],[139.46379405033855,35.60916148342766],[139.4666666288556,35.608636166302446],[139.46657639078697,35.60658159265715],[139.4702761515995,35.60348805847532],[139.47105821486068,35.60115331569658],[139.47802158582084,35.59897033119845],[139.4804279343168,35.594674404485566],[139.483932179314,35.59505963704406],[139.48345090961482,35.593448664526726],[139.49182801031634,35.58854570469136],[139.4931966210234,35.58919943266942],[139.49445995398378,35.586304351623774],[139.49312142263292,35.584401536259094],[139.49921249226327,35.58096946437435],[139.50545395867465,35.574782396010676],[139.50701808519702,35.575821356547216],[139.50656689485402,35.57171220925663],[139.50059614264845,35.570439774442214],[139.50082173781993,35.56853695907754],[139.4980544370496,35.567894904813386],[139.49617447728716,35.56462626492315],[139.4944449143057,35.5647079809204],[139.49112114544565,35.56143934103016],[139.4892411856832,35.56180122616087],[139.48641372620045,35.56894553906382],[139.48286436216893,35.57138534526761],[139.4837517031768,35.571957357248394],[139.48618813102897,35.57850631074277],[139.48838392403152,35.57847128960109],[139.4898728521634,35.583572702572646],[139.48498495678098,35.584611663109186],[139.48220261633256,35.58171658206354],[139.47600626895547,35.58073599009647],[139.47323896818514,35.576673537661456],[139.47325400786323,35.57384849889918],[139.4696595247974,35.56949420361683],[139.46964448511932,35.56530334032898],[139.46829091409035,35.56329546153926],[139.47047166741478,35.56037703306583],[139.4752242056943,35.55974665251557],[139.47642737994227,35.56256001756396],[139.4796759504118,35.55941978852655],[139.48199206083916,35.555625831511094],[139.48239813214784,35.54741921064381],[139.4803376962482,35.54314663135871],[139.48163110856476,35.539948033751834],[139.4849548774248,35.538056892101054],[139.48671451976244,35.53560541218337],[139.48576702004218,35.53135618032606],[139.48779737658563,35.527877413585735],[139.48653404362526,35.52658163134353],[139.48746650366743,35.52411847771196],[139.48575198036406,35.52234407320012],[139.48633852780995,35.519834224712966],[139.48328547315572,35.519157149307134],[139.4803527359263,35.51473281174141],[139.47699888771007,35.51118400271773],[139.48113479918746,35.505312124629185],[139.48493983774668,35.503969647531406],[139.47669809414808,35.50142477790258],[139.46779460471305,35.502265285302926],[139.46830595376844,35.50588413660998],[139.46484682780553,35.51090383358427],[139.46328270128316,35.51783801963714],[139.4608161940748,35.51937894987111],[139.45434913249193,35.52063971097163],[139.45833464718837,35.52785406615794],[139.45472512444442,35.531344506612164],[139.44807758672437,35.535757170463995],[139.44852877706737,35.53764831211477],[139.4460923492152,35.53955112747945],[139.44461846076146,35.54238783995562],[139.44094877930513,35.54249290338066],[139.43637671716283,35.54663707181293],[139.43347405928958,35.5463218815378],[139.43169937727382,35.54917026772787],[139.4280898545299,35.55125986251484],[139.42757850547451,35.55310430931005],[139.42390882401818,35.55589432693065],[139.4230666020446,35.55966493651832],[139.41622354850927,35.56188294215812],[139.41626866754356,35.56422935865076],[139.4138623190476,35.56605045801818],[139.41204251799755,35.56979772017806],[139.41019263759128,35.57123358698699],[139.4092601775491,35.5754828188443],[139.40294351274724,35.57536608170536],[139.4008229181352,35.57859970045392],[139.39928887096903,35.583514334003176],[139.3948220865734,35.58412136712565],[139.39422049944943,35.58560392879015],[139.3906260163836,35.58554556022068],[139.38861069951824,35.58853403097747],[139.38554260518592,35.58846398869411],[139.38066974948163,35.59047186748383],[139.37907554360305,35.58998157150029],[139.37525546536574,35.59428917192707],[139.3722024107115,35.59418410850203],[139.36155431861692,35.599297195187475],[139.35657618516592,35.59858509863996],[139.35483158250636,35.60019607115729],[139.34998880615828,35.60080310427976],[139.34224337193695,35.60304445734736],[139.3398821424753,35.60525078927327],[139.33786682560992,35.60414178645337],[139.33117416885557,35.60377990132266],[139.3300913120324,35.60292772020842],[139.3202854419114,35.606137991529195],[139.31451020552115,35.60402504931443],[139.30871992945276,35.60395500703107],[139.30766715198578,35.60509903099265],[139.30354628018648,35.604351913303454],[139.29909453546895,35.606196360098664],[139.29658290922632,35.60962843198341],[139.29232668032412,35.61164798448702],[139.2828817624775,35.613153893579316],[139.2792572000555,35.61139116278136],[139.274053471433,35.611017603936766],[139.2687895840981,35.609359936563855]]]],"type":"MultiPolygon"},"id":"geoshape:13:1975-10-01:89318b73ef49661a8427","properties":{"administrativeCode":"13209","jurisdictionId":"geoshape:13:1975-10-01:89318b73ef49661a8427","municipalityName":"町田市","prefectureName":"東京都","snapshotDate":"1975-10-01","sourceDataset":"historical-administrative-areas-beta","sourceProvider":"Geoshape","sourceResourceId":"gci:13209A1968"},"type":"Feature"},{"geometry":{"coordinates":[[[[139.41500533458319,35.64703101129887],[139.41681009595516,35.64905056380248],[139.42141223745364,35.646260546181885],[139.42735291030303,35.64379739255031],[139.42986453654567,35.6471594221517],[139.4324664008569,35.64794156098258],[139.43404556705738,35.65085998945601],[139.4378054865823,35.650031155769554],[139.43839203402817,35.65472398875483],[139.4420165964502,35.65795760750339],[139.45526655285602,35.65432708248244],[139.46788484278164,35.651210200872825],[139.47381047595292,35.64933073293594],[139.47378039659674,35.646797537021],[139.46877218378953,35.6445678576673],[139.46901281863913,35.640166867529366],[139.47155452423797,35.63373465117393],[139.46451595488733,35.62962550388335],[139.46415500261293,35.6245124171979],[139.46247055866576,35.6250610817509],[139.4607259560062,35.62216600070526],[139.45534175124652,35.618196937981395],[139.45317603760017,35.61861719168157],[139.4524541330514,35.61590889005823],[139.44928076097236,35.61177639533986],[139.4458366746875,35.6087178822997],[139.43816643885668,35.60959341084173],[139.43609096327893,35.60658159265715],[139.4338650909202,35.605869496109634],[139.4282252116328,35.60805248060776],[139.42628509315793,35.60544924240946],[139.4230666020446,35.60666330865441],[139.42053993612387,35.60978019026403],[139.41575731848818,35.612161627898345],[139.41274938286824,35.612278365037284],[139.4101775979132,35.61006035939748],[139.40793668587634,35.61204489075941],[139.40146962429347,35.60864784001634],[139.4009883545943,35.61011872796695],[139.39707803828836,35.609920274830756],[139.39349859490065,35.608204238888376],[139.39588990371848,35.61175304791207],[139.3995595851748,35.6133640204294],[139.40470315508492,35.62077682875191],[139.41553172331666,35.62591326286514],[139.42076553129536,35.62894842847751],[139.42244997524253,35.62846980620787],[139.42493152212896,35.630279231861394],[139.43021044914195,35.63220539465385],[139.42679644221334,35.63798388303124],[139.4238336256277,35.63957150812079],[139.42025418223997,35.643085296002795],[139.41771247664113,35.64312031714448],[139.41500533458319,35.64703101129887]]]],"type":"MultiPolygon"},"id":"geoshape:13:1975-10-01:8c793d00b270623111af","properties":{"administrativeCode":"13224","jurisdictionId":"geoshape:13:1975-10-01:8c793d00b270623111af","municipalityName":"多摩市","prefectureName":"東京都","snapshotDate":"1975-10-01","sourceDataset":"historical-administrative-areas-beta","sourceProvider":"Geoshape","sourceResourceId":"gci:13224A1971"},"type":"Feature"},{"geometry":{"coordinates":[[[[139.6245381298679,35.73014785422211],[139.62717007353535,35.73510918262694],[139.6335468970496,35.73528428833535],[139.63641947556664,35.73228414386466],[139.63992372056387,35.72630720235108],[139.643563322664,35.725303262956224],[139.64739844057942,35.725490042378524],[139.6474285199356,35.72675080347904],[139.65961065919635,35.72582858008144],[139.66224260286378,35.72692590918745],[139.66469407039403,35.730976687908566],[139.67039410839382,35.73233083872024],[139.6714468858608,35.733544904965186],[139.67468041665222,35.73305460898165],[139.67795906647797,35.730673171347334],[139.67734243967587,35.72937738910513],[139.67517672602952,35.72370396415278],[139.6757632734754,35.721952907068726],[139.67358252015094,35.71862589860902],[139.67701156675767,35.71943138486768],[139.67910208201354,35.718275687192204],[139.67908704233542,35.715240521579844],[139.68185434310578,35.71315092679286],[139.6803353356177,35.71125978514208],[139.68277176346984,35.710127434894396],[139.6900660073482,35.71148158570607],[139.6943222362504,35.711037984578105],[139.68898315052502,35.707559217837776],[139.68749422239316,35.704010408814085],[139.68841164275725,35.699329249542714],[139.68398997739592,35.69198648350356],[139.6803353356177,35.68979182529154],[139.6712964890798,35.68149181471311],[139.66795768054166,35.68002092676251],[139.66412256262626,35.67634370688599],[139.66257347578198,35.67943724106782],[139.65926474660006,35.6819003946994],[139.65921962756576,35.68668661739582],[139.6614755792807,35.68695511281537],[139.66753656955487,35.69175300922569],[139.66510014170274,35.6954419028161],[139.66115974604062,35.69519675482434],[139.66061831762903,35.69652755820822],[139.66252835674769,35.69923585983156],[139.66108454765012,35.70143051804358],[139.66090407151293,35.70467581050603],[139.658196929455,35.70503769563673],[139.65821196913308,35.70921688521069],[139.65060189201463,35.709333622349625],[139.6428414181152,35.71150493313385],[139.64178864064823,35.7147618993102],[139.63696090397823,35.71650128268036],[139.63217828634254,35.716944883808324],[139.63187749278055,35.71972322771503],[139.62898987458541,35.72100733624334],[139.6243275743745,35.72941241024681],[139.6245381298679,35.73014785422211]]]],"type":"MultiPolygon"},"id":"geoshape:13:1975-10-01:92fd0e30fc264a296e37","properties":{"administrativeCode":"13114","jurisdictionId":"geoshape:13:1975-10-01:92fd0e30fc264a296e37","municipalityName":"中野区","prefectureName":"東京都","snapshotDate":"1975-10-01","sourceDataset":"historical-administrative-areas-beta","sourceProvider":"Geoshape","sourceResourceId":"gci:13114A1968"},"type":"Feature"},{"geometry":{"coordinates":[[[[139.52226831879008,35.687363692801654],[139.52450923082694,35.68793570478245],[139.5269155793229,35.68421179005035],[139.52867522166056,35.68119997186577],[139.52538153215673,35.680896455304534],[139.5265847064047,35.679133724506585],[139.5267501428638,35.674674365799184],[139.52944224524364,35.675608262910686],[139.52944224524364,35.672724855578934],[139.53243514118546,35.66989981681666],[139.5313673240404,35.66769348489075],[139.53440533901653,35.667541726610125],[139.5355934735864,35.66929278369418],[139.53796974272615,35.66768181117685],[139.53744335399267,35.665475479250944],[139.54159430514818,35.66427308671989],[139.54437664559663,35.6666545243542],[139.54194021774447,35.6679619803103],[139.54139878933287,35.66989981681666],[139.54293283649903,35.680464527890464],[139.54542942306358,35.682063826693906],[139.55215215917414,35.680838086735065],[139.55673926099456,35.68272922838585],[139.56086013279386,35.682845965524784],[139.5644546158597,35.67225790702319],[139.5643342984349,35.66903596198852],[139.56613905980686,35.6642497392921],[139.5688462018648,35.6635026216029],[139.5730121926984,35.66414467586706],[139.57549373958486,35.66003552857647],[139.5821412773049,35.66502020440909],[139.57979508752135,35.665533847820406],[139.57830615938948,35.6720477801731],[139.58045683335774,35.670716976789215],[139.58516425260294,35.67128898877001],[139.58887905309356,35.66940952083312],[139.59012734637582,35.66579066952607],[139.5865629426662,35.66395789644476],[139.58975135442336,35.66093440454628],[139.58993183056054,35.65710542638915],[139.5923381790565,35.65543608530235],[139.59307512328337,35.65152539114795],[139.591962187104,35.65136195915344],[139.5920524251726,35.64591033476508],[139.58955583860805,35.64513986964809],[139.58763075981128,35.64616715647074],[139.58557032391164,35.64551342849269],[139.58384076093017,35.64850189924948],[139.58159984889332,35.64719444329339],[139.58086290466645,35.64905056380248],[139.5774940167721,35.649120606085845],[139.57450112083026,35.65074325231707],[139.56674064693084,35.64759134956577],[139.56343191774891,35.641567713196615],[139.56197306897323,35.63259062721235],[139.5550999360817,35.63421327344358],[139.5501970010212,35.63417825230189],[139.54771545413473,35.636688100789044],[139.5359544258608,35.63947811840964],[139.5308860543412,35.64195294575511],[139.52538153215673,35.64264169487484],[139.5208395493706,35.646190503898524],[139.5207944303363,35.65359163850714],[139.5170345108114,35.65530767444952],[139.52321581851038,35.667786874601894],[139.52572744475302,35.66989981681666],[139.5264493493018,35.67238631787602],[139.52428363565545,35.67971741020127],[139.52049363677432,35.681631899279836],[139.52226831879008,35.687363692801654]]]],"type":"MultiPolygon"},"id":"geoshape:13:1975-10-01:9e7231c197a45ab8f48f","properties":{"administrativeCode":"13208","jurisdictionId":"geoshape:13:1975-10-01:9e7231c197a45ab8f48f","municipalityName":"調布市","prefectureName":"東京都","snapshotDate":"1975-10-01","sourceDataset":"historical-administrative-areas-beta","sourceProvider":"Geoshape","sourceResourceId":"gci:13208A1968"},"type":"Feature"},{"geometry":{"coordinates":[[[[139.61959007577312,33.851532098448416],[139.61431114876012,33.852080763001425],[139.61124305442777,33.85318976582133],[139.60264035855477,33.85431044235512],[139.58985663217004,33.85485910690813],[139.58014100011764,33.859026622768184],[139.57875734973248,33.860135625588086],[139.57653147737372,33.865692313401496],[139.5770879454634,33.874587683388505],[139.57653147737372,33.87847503011511],[139.5779151277589,33.882642545975166],[139.58152465050281,33.887638895521675],[139.5909695683494,33.89791176374814],[139.59818861383727,33.8998612739684],[139.60014377199022,33.9009702767883],[139.6054226990032,33.900690107654846],[139.6101451579265,33.89847210201504],[139.61346892678654,33.89486492442188],[139.61792067150404,33.89236674964863],[139.6245832489022,33.88458038248152],[139.62792205744032,33.877634522714764],[139.63180229439004,33.87096883208145],[139.63180229439004,33.868470657308194],[139.62763630355644,33.860976132988434],[139.62183098780994,33.85314307096575],[139.61959007577312,33.851532098448416]]]],"type":"MultiPolygon"},"id":"geoshape:13:1975-10-01:a3db783eeebfa06b06ee","properties":{"administrativeCode":"13382","jurisdictionId":"geoshape:13:1975-10-01:a3db783eeebfa06b06ee","municipalityName":"御蔵島村","prefectureName":"東京都","snapshotDate":"1975-10-01","sourceDataset":"historical-administrative-areas-beta","sourceProvider":"Geoshape","sourceResourceId":"gci:13382A1968"},"type":"Feature"},{"geometry":{"coordinates":[[[[139.28015958074147,34.532249703018664],[139.28488203966478,34.532249703018664],[139.29100318865133,34.52836235629206],[139.2929433071262,34.5236345021651],[139.29016096667775,34.519747155438495],[139.28071604883115,34.51169229285183],[139.27516640761237,34.511143628298825],[139.27127113098456,34.51308146480518],[139.26794736212454,34.517248980665244],[139.26739089403483,34.52224533021175],[139.26877454442,34.5275335226056],[139.2743392253169,34.53196953388522],[139.28015958074147,34.532249703018664]]]],"type":"MultiPolygon"},"id":"geoshape:13:1975-10-01:a8fb1932cc9d79c7d709","properties":{"administrativeCode":"13362","jurisdictionId":"geoshape:13:1975-10-01:a8fb1932cc9d79c7d709","municipalityName":"利島村","prefectureName":"東京都","snapshotDate":"1975-10-01","sourceDataset":"historical-administrative-areas-beta","sourceProvider":"Geoshape","sourceResourceId":"gci:13362A1968"},"type":"Feature"},{"geometry":{"coordinates":[[[[139.29653779019202,35.75454591625998],[139.29008576828727,35.760067582931704],[139.28772453882561,35.760919764045944],[139.27611390733264,35.76162018687957],[139.2693159728316,35.76112989089603],[139.26718033854144,35.76004423550391],[139.26152541957597,35.75983410865383],[139.25686311936508,35.76070963719586],[139.25429133441003,35.76402497194167],[139.2494485580619,35.766604862712185],[139.24481633720723,35.767398675256956],[139.23825903755576,35.76709515869572],[139.23812368045287,35.7686244152158],[139.23374713412585,35.768612741501904],[139.22828773097567,35.77080739971392],[139.2274455090021,35.772021465958865],[139.2224222565168,35.772511761942404],[139.22084309031635,35.774029344748584],[139.2179855514774,35.77296703678426],[139.21437602873348,35.77407603960416],[139.21063114888665,35.773177163634344],[139.2083451178155,35.77631739267176],[139.2034722621112,35.78023976054004],[139.19823845413254,35.7864385026176],[139.1955313120746,35.786835408889985],[139.19216242418025,35.78919349909652],[139.18656766392718,35.78790939056821],[139.18192040339437,35.78762922143476],[139.1756187782706,35.78486255124195],[139.1721295729515,35.782212618188076],[139.1667152888356,35.78097520451534],[139.16304560737927,35.778243555464215],[139.16100021115773,35.77707618407484],[139.1582479500655,35.77767154348342],[139.15781179940058,35.77321218477603],[139.15385636406037,35.77345733276779],[139.14913390513706,35.77883891487279],[139.1483518418759,35.77582709668822],[139.14474231913198,35.77694777322201],[139.1428172403352,35.77637576124122],[139.13934307469418,35.77203313967276],[139.13762855139083,35.77243004594514],[139.13716232136974,35.77804510232802],[139.14048609022976,35.778990673153416],[139.14280220065712,35.781045246798705],[139.1478104134643,35.7819908176241],[139.14647188211342,35.785749753497875],[139.1475697786147,35.78901839338811],[139.14692307245642,35.79303415096755],[139.14981069065155,35.796372833141156],[139.15639806965922,35.79863753363654],[139.1583682674903,35.79827564850583],[139.16480524971695,35.801602656965535],[139.171452787437,35.80347045118853],[139.17315227106226,35.806435574517536],[139.1755435798801,35.806844154503814],[139.17420504852925,35.81283276973129],[139.17739346028637,35.82054909461503],[139.17527286567432,35.827226458962244],[139.17843119807526,35.83058848856363],[139.1769121905872,35.83303996848131],[139.17734834125207,35.83515291069607],[139.1753330243867,35.83606346037978],[139.17199421584857,35.83996248082028],[139.16611370171162,35.84297429900486],[139.1664144952736,35.844351797244315],[139.16266961542678,35.849056303943485],[139.16352687707845,35.85086572959701],[139.16909155797535,35.84999020105498],[139.17435544531023,35.84830918625428],[139.18361988701963,35.843569658413436],[139.18688349716726,35.84286923557981],[139.19243313838604,35.84026599738152],[139.19580202628038,35.84004419681754],[139.1993062712776,35.841246589348586],[139.203141389193,35.841199894493016],[139.20494615056498,35.844666987519446],[139.20745777680762,35.8464180446035],[139.21264646575202,35.846616497739696],[139.21932408282828,35.842519024163],[139.22009110641136,35.841363326487524],[139.22454285112886,35.84049947165939],[139.23004737331334,35.83690396778013],[139.2325289201998,35.83663547236057],[139.2370257839516,35.84014926024258],[139.24095113993562,35.84014926024258],[139.24253030613608,35.83678723064119],[139.2468015747164,35.83689229406623],[139.25224593818848,35.8382464448779],[139.2588032378399,35.83726585291083],[139.2605027214652,35.836005091810314],[139.27188775778666,35.83969398540073],[139.27999414428237,35.839308752842236],[139.28026485848818,35.84068625108169],[139.28494219837717,35.836005091810314],[139.29091295058274,35.837954602030564],[139.29560533014984,35.83384545473997],[139.29631219502053,35.83514123698218],[139.3013805665401,35.834849394134835],[139.30118505072483,35.829771328591065],[139.3025837407881,35.824051208783146],[139.30476449411253,35.82239354141024],[139.311472190545,35.82527694874199],[139.31491627682982,35.82524192760031],[139.316149530434,35.82366597622466],[139.3164954430303,35.819358375797876],[139.31499147522032,35.814350352537474],[139.31801445051835,35.81041631095529],[139.32224060006436,35.799606451889716],[139.3257298053835,35.79521713546568],[139.3303620262382,35.793617836662236],[139.32848206647574,35.79177338986703],[139.3300612326762,35.79061769219155],[139.32625619411698,35.787033862026185],[139.32204508424908,35.789777184791205],[139.32275194911975,35.786310091764776],[139.3205711957953,35.789905595644036],[139.31799941084026,35.78952036308554],[139.3207817512887,35.7882946231267],[139.3206614338639,35.783368315863555],[139.32412055982684,35.78108026794039],[139.3210675051726,35.77721626864157],[139.31843556150514,35.77840698745873],[139.31228433316238,35.77552358012698],[139.30918615947385,35.77571035954928],[139.30801306458207,35.77723961606936],[139.30247846304138,35.778547072025454],[139.29989163840824,35.78116198393764],[139.2975454486247,35.78076507766526],[139.29550005240313,35.77765986976953],[139.2921462041869,35.77536014813247],[139.2930937039072,35.77203313967276],[139.29510902077254,35.76999023974136],[139.29668818697303,35.766044524445284],[139.297440170878,35.7600792566456],[139.29653779019202,35.75454591625998]]]],"type":"MultiPolygon"},"id":"geoshape:13:1975-10-01:ad62cc9dae4e30f1baee","properties":{"administrativeCode":"13205","jurisdictionId":"geoshape:13:1975-10-01:ad62cc9dae4e30f1baee","municipalityName":"青梅市","prefectureName":"東京都","snapshotDate":"1975-10-01","sourceDataset":"historical-administrative-areas-beta","sourceProvider":"Geoshape","sourceResourceId":"gci:13205A1968"},"type":"Feature"},{"geometry":{"coordinates":[[[[139.75801527300254,35.66868575057171],[139.74995400554113,35.670833713928154],[139.74780333157287,35.669619647683206],[139.74315607104006,35.671452420764524],[139.73906527859694,35.67402063782114],[139.7367642078477,35.67887690280092],[139.73383147061827,35.67887690280092],[139.73150032051282,35.68149181471311],[139.73001139238093,35.68537916143972],[139.7316507172938,35.68961671958314],[139.73628293814852,35.692184936639755],[139.745863213098,35.70291307970808],[139.74968329133532,35.70304149056091],[139.75718809070705,35.70172236089092],[139.76129392282826,35.701582276324196],[139.76601638175157,35.69964443981784],[139.76849792863803,35.70014640951527],[139.76639237370406,35.70178072946039],[139.7698966187013,35.70336835454994],[139.77013725355087,35.705352885911864],[139.77303991142412,35.7050960642062],[139.77316022884892,35.70187411917154],[139.78039431401487,35.70033318893757],[139.77997320302808,35.69808016215608],[139.78254498798313,35.696574253063794],[139.78259010701743,35.69471813255469],[139.77770221163502,35.691764682939585],[139.76819713507604,35.68844934819377],[139.77100955488066,35.684013336914155],[139.77000189644798,35.681807004988244],[139.7640762632767,35.6731684567069],[139.7596395582373,35.6716742213285],[139.75801527300254,35.66868575057171]]]],"type":"MultiPolygon"},"id":"geoshape:13:1975-10-01:aeb5cd7313849fa077aa","properties":{"administrativeCode":"13101","jurisdictionId":"geoshape:13:1975-10-01:aeb5cd7313849fa077aa","municipalityName":"千代田区","prefectureName":"東京都","snapshotDate":"1975-10-01","sourceDataset":"historical-administrative-areas-beta","sourceProvider":"Geoshape","sourceResourceId":"gci:13101A1968"},"type":"Feature"},{"geometry":{"coordinates":[[[[139.44076830316794,35.76700176898457],[139.44496437335775,35.766663231281655],[139.44619762696192,35.767947339809965],[139.451341196872,35.76932483804942],[139.45866552010654,35.76986182888853],[139.4612523447397,35.77338729048443],[139.4698400009346,35.77420445045699],[139.47114845292927,35.77339896419832],[139.47949547427461,35.7799362439788],[139.48498495678098,35.780800098806935],[139.4889855111555,35.77925916857297],[139.49038420121877,35.78090516223198],[139.49375308911308,35.779586032561994],[139.4934974145854,35.78169897477676],[139.49597896147185,35.781605585065606],[139.49677606441114,35.77869883030607],[139.4976784450971,35.772149876811696],[139.4992576112976,35.771671254542056],[139.50121276945055,35.76562427074511],[139.49719717539793,35.762437346852124],[139.50479221283825,35.761106543468244],[139.49476074754577,35.75828150470596],[139.4938734065379,35.75382214599857],[139.48730106720834,35.74898922844657],[139.48573694068597,35.74387614176112],[139.48515039324008,35.74088767100433],[139.48728602753025,35.740969387001584],[139.48621821038515,35.73450214950447],[139.47881868876013,35.73522591976588],[139.47713424481296,35.737502293975155],[139.47725456223776,35.73989540532337],[139.4709980561483,35.742755465227326],[139.4663808749717,35.74408626861121],[139.45098024459762,35.73700032427772],[139.45069449071372,35.74199667382423],[139.4513712762282,35.745615525131285],[139.44876941191697,35.74783353077109],[139.44619762696192,35.75565491907988],[139.44415223074037,35.75574830879103],[139.44054270799643,35.76021934121232],[139.44000127958486,35.76374480280822],[139.44076830316794,35.76700176898457]]]],"type":"MultiPolygon"},"id":"geoshape:13:1975-10-01:b0608d145c9b1930b2ee","properties":{"administrativeCode":"13213","jurisdictionId":"geoshape:13:1975-10-01:b0608d145c9b1930b2ee","municipalityName":"東村山市","prefectureName":"東京都","snapshotDate":"1975-10-01","sourceDataset":"historical-administrative-areas-beta","sourceProvider":"Geoshape","sourceResourceId":"gci:13213A1968"},"type":"Feature"},{"geometry":{"coordinates":[[[[139.7777473306693,32.46091260457364],[139.78080038532354,32.45730542698049],[139.77997320302808,32.45369824938733],[139.78108613920745,32.45230907743398],[139.77914602073258,32.44730105417358],[139.7691446347963,32.44286504289396],[139.76718947664335,32.44286504289396],[139.7638657077833,32.44564338680067],[139.7596997169497,32.44591188222022],[139.75442078993672,32.45120007461408],[139.7546915041425,32.454527083073785],[139.75413503605282,32.467029630653954],[139.7546915041425,32.470916977380554],[139.75914324886003,32.47341515215381],[139.76302348580973,32.470916977380554],[139.7694153490021,32.46896746716031],[139.7733106256299,32.46369094848035],[139.7777473306693,32.46091260457364]]],[[[140.3113400699678,30.490751584445444],[140.31410737073813,30.487144406852288],[140.31328018844266,30.481587719038878],[140.31078360187811,30.47603103122547],[140.30855772951935,30.47436169013867],[140.30383527059607,30.47408152100522],[140.29827058969917,30.47269234905187],[140.29577400313462,30.47408152100522],[140.29022436191585,30.478809375132176],[140.28966789382616,30.48074721163853],[140.28632908528803,30.483245386411788],[140.2877277753513,30.487144406852288],[140.2935481307759,30.49352992835215],[140.2979998754934,30.494078592905154],[140.29827058969917,30.49519926943895],[140.30439173868575,30.496028103125404],[140.3066176110445,30.49519926943895],[140.3113400699678,30.490751584445444]]]],"type":"MultiPolygon"},"id":"geoshape:13:1975-10-01:b8143ed1a0ec3b6d9e19","properties":{"administrativeCode":"13402","jurisdictionId":"geoshape:13:1975-10-01:b8143ed1a0ec3b6d9e19","municipalityName":"青ヶ島村","prefectureName":"東京都","snapshotDate":"1975-10-01","sourceDataset":"historical-administrative-areas-beta","sourceProvider":"Geoshape","sourceResourceId":"gci:13402A1968"},"type":"Feature"},{"geometry":{"coordinates":[[[[139.0122878741081,35.738669665364526],[139.0080918039183,35.745615525131285],[139.00517410636695,35.74895420730489],[139.00515906668886,35.75044844268328],[139.00215113106893,35.75012157869426],[138.99882736220889,35.75113719180301],[138.99243549901652,35.75551483451316],[138.98935236500608,35.763487981102564],[138.9843892712332,35.76776056038766],[138.98365232700633,35.772021465958865],[138.98532173127538,35.77441457730708],[138.98641962777666,35.78224763932976],[138.98503597739148,35.78527113122823],[138.98187764499056,35.78708055688176],[138.9795164155289,35.78709223059565],[138.97686943218335,35.789030067102004],[138.97714014638916,35.7923804229895],[138.97178602098566,35.79899941876724],[138.9703121325319,35.80457945400843],[138.97205673519147,35.81369662455943],[138.96977070412032,35.81585626162976],[138.96965038669552,35.82273207911316],[138.970477568991,35.82735486981507],[138.9697556644422,35.83123054282778],[138.96425114225772,35.82938609603258],[138.9621907063581,35.829607896596556],[138.95324209788876,35.83653040893553],[138.9473766234299,35.84291593043539],[138.94854971832166,35.849546599927024],[138.94575233819512,35.85408767463167],[138.94393253714506,35.85481144489309],[138.94286472,35.860158005856405],[138.94653440145632,35.864360542858144],[138.94513571139305,35.86793269930962],[138.94972281321344,35.86925182897961],[138.95498670054832,35.87518207563762],[138.96519864197802,35.877785313835915],[138.96802610146074,35.88220965140163],[138.97247784617826,35.88197617712376],[138.97892986808301,35.88501134273612],[138.985261572563,35.88118236457898],[138.9887507778821,35.881147343437306],[138.99458617298478,35.883260285652064],[138.99587958530137,35.88445100446923],[139.00075244100566,35.88399572962737],[139.00664799482072,35.88962245972414],[139.00679839160173,35.893638217303575],[139.01031767627705,35.897175352613374],[139.01337073093129,35.89826100800549],[139.01839398341656,35.89842444],[139.02410906109446,35.89719870004116],[139.02932782939504,35.892914447042166],[139.03761469202797,35.88909714259892],[139.0403519134421,35.88630712497832],[139.04286353968476,35.8856067021447],[139.04832294283494,35.881205712006775],[139.04984195032299,35.87883594808635],[139.05781297971583,35.87749347098857],[139.06143754213784,35.87371118768701],[139.07007031736705,35.87157489804446],[139.07205555487621,35.87157489804446],[139.077755592876,35.875345507632126],[139.0825382105117,35.87487855907638],[139.08399705928736,35.87343101855356],[139.08923086726605,35.87103790720535],[139.0913213825219,35.86903002841563],[139.0954272146431,35.869426934688015],[139.09908185642135,35.86867981699882],[139.1012475700677,35.865773062239285],[139.10267633948718,35.86657854849795],[139.11443736776113,35.865364482253],[139.11926510443112,35.86429050057478],[139.1291912919769,35.86556293538919],[139.13135700562324,35.8644422588554],[139.13535755999777,35.86538782968079],[139.1389069240293,35.864010331441335],[139.14753969925852,35.862714549199126],[139.15511969702075,35.858570380766864],[139.15939096560106,35.857064471674576],[139.16352687707845,35.85086572959701],[139.16266961542678,35.849056303943485],[139.1664144952736,35.844351797244315],[139.16611370171162,35.84297429900486],[139.17199421584857,35.83996248082028],[139.1753330243867,35.83606346037978],[139.17734834125207,35.83515291069607],[139.1769121905872,35.83303996848131],[139.17843119807526,35.83058848856363],[139.17527286567432,35.827226458962244],[139.17739346028637,35.82054909461503],[139.17420504852925,35.81283276973129],[139.1755435798801,35.806844154503814],[139.17315227106226,35.806435574517536],[139.171452787437,35.80347045118853],[139.16480524971695,35.801602656965535],[139.1583682674903,35.79827564850583],[139.15639806965922,35.79863753363654],[139.14981069065155,35.796372833141156],[139.14692307245642,35.79303415096755],[139.1475697786147,35.78901839338811],[139.14647188211342,35.785749753497875],[139.1478104134643,35.7819908176241],[139.14280220065712,35.781045246798705],[139.14048609022976,35.778990673153416],[139.13716232136974,35.77804510232802],[139.13762855139083,35.77243004594514],[139.13609450422464,35.770258735160915],[139.13075541849926,35.76511062733379],[139.12821371290042,35.766978421556786],[139.12513057888998,35.76759712839315],[139.115023915207,35.77259347793966],[139.11383578063712,35.773854239040176],[139.10753415551338,35.776842709796966],[139.1058497115662,35.77911908400625],[139.10221010946609,35.778371966317046],[139.096615349213,35.775920486399365],[139.09341189777777,35.769966892313576],[139.08846384368297,35.770188692877554],[139.08683955844822,35.771227653414094],[139.08289916278608,35.76989685003021],[139.08007170330336,35.7701069768803],[139.07501837146185,35.77199811853108],[139.0735896020424,35.770025260883045],[139.06649087397935,35.7656476181729],[139.0636182954623,35.76560092331732],[139.06094123276057,35.76410668793893],[139.05660980546784,35.763289527966364],[139.0548802424864,35.76017264635675],[139.0491651648085,35.76005590921781],[139.0457812372361,35.75804803042809],[139.04311921421245,35.75767447158349],[139.04269810322566,35.75510625452688],[139.0396751279276,35.75010990498036],[139.04137461155287,35.74605912625925],[139.03987064374292,35.74450652231138],[139.03445635962703,35.74246362237999],[139.03195977306248,35.74419133203625],[139.02785394094127,35.7442963954613],[139.02681620315238,35.74216010581875],[139.0216726332423,35.740128879601244],[139.0122878741081,35.738669665364526]]]],"type":"MultiPolygon"},"id":"geoshape:13:1975-10-01:b9ad9595ac2711f18882","properties":{"administrativeCode":"13308","jurisdictionId":"geoshape:13:1975-10-01:b9ad9595ac2711f18882","municipalityName":"奥多摩町","parentJurisdictionName":"西多摩郡","prefectureName":"東京都","snapshotDate":"1975-10-01","sourceDataset":"historical-administrative-areas-beta","sourceProvider":"Geoshape","sourceResourceId":"gci:13308A1968"},"type":"Feature"},{"geometry":{"coordinates":[[[[139.42981941751137,35.67082204021426],[139.42240485620823,35.67914539822048],[139.41756207986012,35.68276424952753],[139.42150247552223,35.6885777590466],[139.42470592695747,35.686709964823606],[139.42840568777,35.69112262867543],[139.43121810757464,35.69028212127508],[139.42989461590187,35.69393599372381],[139.43163921856143,35.6969361381945],[139.42751834676213,35.698360331289535],[139.42559326796535,35.701885792885435],[139.42726267223443,35.7036251762556],[139.43031572688867,35.703543460258345],[139.4320001708358,35.70165231860756],[139.44099389833943,35.701325454618534],[139.44161052514153,35.70036821007925],[139.44869421352647,35.700916874632256],[139.45559742577422,35.69474147998248],[139.45940246433344,35.69238338977595],[139.45517631478742,35.69046890069738],[139.45358210890885,35.687667209362886],[139.45292036307248,35.6835580620723],[139.4513562365501,35.68066298102666],[139.4522886965923,35.67850334395632],[139.45072457006992,35.676647223447226],[139.4506644113575,35.67319180413469],[139.45343171212787,35.67166254761461],[139.45079976846043,35.67155748418956],[139.44570131758462,35.67350699440981],[139.44473877818623,35.67179095846744],[139.43172945663002,35.672678160723365],[139.42981941751137,35.67082204021426]]]],"type":"MultiPolygon"},"id":"geoshape:13:1975-10-01:c1737485531d03a28fc0","properties":{"administrativeCode":"13215","jurisdictionId":"geoshape:13:1975-10-01:c1737485531d03a28fc0","municipalityName":"国立市","prefectureName":"東京都","snapshotDate":"1975-10-01","sourceDataset":"historical-administrative-areas-beta","sourceProvider":"Geoshape","sourceResourceId":"gci:13215A1968"},"type":"Feature"},{"geometry":{"coordinates":[[[[139.1714076684027,35.68874119104111],[139.16967810542124,35.69087748068366],[139.1718287793895,35.69264021148161],[139.17259580297258,35.69685442219724],[139.17220477134197,35.70159395003809],[139.16531659877234,35.70624008816779],[139.16521132102562,35.71155162798943],[139.1664445746298,35.71406147647657],[139.165722670081,35.71842744547283],[139.167226637891,35.721766127646426],[139.16558731297812,35.72450945041145],[139.1662340191364,35.729085546257785],[139.16436909905204,35.732634355281476],[139.16587306686202,35.73601973231065],[139.16451949583305,35.73775911568082],[139.16409838484626,35.74133127213229],[139.1565785457964,35.74469330173368],[139.15397668148518,35.75009823126647],[139.14883311157507,35.75430076826821],[139.14072672507936,35.755444792229795],[139.14041089183925,35.75900527496738],[139.14463704138527,35.76020766749843],[139.14720882634032,35.76213383029089],[139.1437045813431,35.76616126158422],[139.13913251920079,35.76800570837943],[139.13609450422464,35.770258735160915],[139.13762855139083,35.77243004594514],[139.13934307469418,35.77203313967276],[139.1428172403352,35.77637576124122],[139.14474231913198,35.77694777322201],[139.1483518418759,35.77582709668822],[139.14913390513706,35.77883891487279],[139.15385636406037,35.77345733276779],[139.15781179940058,35.77321218477603],[139.1582479500655,35.77767154348342],[139.16100021115773,35.77707618407484],[139.16304560737927,35.778243555464215],[139.17704754769008,35.77077237857224],[139.1808977052836,35.76807575066279],[139.180356276872,35.765799376453515],[139.1814842527295,35.76289262169398],[139.18918456791653,35.76225056742983],[139.1996521838739,35.75810639899756],[139.20432952376288,35.755795003646604],[139.2050514283117,35.75381047228467],[139.2129171799578,35.75163916150044],[139.21237575154623,35.74862734331586],[139.21566944105004,35.74441313260023],[139.21858713860138,35.74443648002802],[139.22610697765123,35.740058837317875],[139.2326191582684,35.7388914659285],[139.23943213244755,35.739766994470536],[139.24404931362415,35.73879807621736],[139.2453728052969,35.73666178657481],[139.25284752531246,35.736346596299676],[139.25823173007214,35.73527261462145],[139.26293914931733,35.73233083872024],[139.26668402916417,35.73264602899537],[139.26728561628815,35.73170045816998],[139.2652402200666,35.72443940812809],[139.2606380785681,35.720972315101655],[139.260472642109,35.71776204378088],[139.25681800033078,35.712450503959246],[139.25194514462646,35.712263724536946],[139.24962903419913,35.710489320025104],[139.24651582083249,35.71088622629749],[139.24505697205683,35.713349379929056],[139.24331236939724,35.71247385138703],[139.24039467184593,35.714213234757196],[139.23734161719167,35.71330268507349],[139.23561205421024,35.71484361530746],[139.21887289248528,35.71690986266664],[139.21724860725053,35.71887104660079],[139.21011979983126,35.71361787534862],[139.20669075322454,35.712672304523224],[139.20444984118768,35.70729072241822],[139.20535222187368,35.70320492255542],[139.2048107934621,35.6997261558151],[139.20049440584748,35.699154143834306],[139.20016353292928,35.690130362994466],[139.1994265887024,35.688285916199256],[139.19326032068153,35.68905638131624],[139.19136532124097,35.6878306413574],[139.18688349716726,35.688029094493594],[139.18407107736263,35.68905638131624],[139.18198056210676,35.68806411563528],[139.17879215034964,35.68924316073854],[139.1714076684027,35.68874119104111]]]],"type":"MultiPolygon"},"id":"geoshape:13:1975-10-01:c22df3a7ae1713088f1c","properties":{"administrativeCode":"13306","jurisdictionId":"geoshape:13:1975-10-01:c22df3a7ae1713088f1c","municipalityName":"五日市町","parentJurisdictionName":"西多摩郡","prefectureName":"東京都","snapshotDate":"1975-10-01","sourceDataset":"historical-administrative-areas-beta","sourceProvider":"Geoshape","sourceResourceId":"gci:13306A1968"},"type":"Feature"},{"geometry":{"coordinates":[[[[139.7176337373049,35.64166110290776],[139.71919786382728,35.64184788233006],[139.71683663436562,35.63989837210981],[139.71996488741036,35.63457515857428],[139.7222057994472,35.63597600424153],[139.72599579832834,35.635030433416134],[139.7263266712465,35.6328591226319],[139.73092881274502,35.630267558147494],[139.73133488405372,35.62625180056806],[139.73395178804304,35.62611171600133],[139.73539559714064,35.623204961241804],[139.73778690595847,35.62453576462568],[139.74333654717725,35.62513112403427],[139.7467806334621,35.62323998238348],[139.7503600768498,35.62486262861471],[139.75147301302917,35.62127879844934],[139.75008936264402,35.60738707891582],[139.7503600768498,35.60571773782902],[139.74813420449107,35.60267089850276],[139.7459233718104,35.60267089850276],[139.74702126831167,35.60072138828251],[139.7467505541059,35.5923863565624],[139.74396821365744,35.58932784352224],[139.73587686683982,35.5873666595881],[139.73010163044955,35.5873666595881],[139.72888341652347,35.59023839320595],[139.73029714626483,35.59224627199567],[139.72823671036517,35.59438256163822],[139.72107782358972,35.59428917192707],[139.7191828241492,35.591849365723284],[139.71757357859252,35.596180313577854],[139.71533266655567,35.596915757553155],[139.71443028586967,35.5999976180211],[139.71163290574313,35.60067469342693],[139.70106001203905,35.60141013740224],[139.69820247320013,35.60358144818647],[139.69539005339547,35.60749214234086],[139.69558556921078,35.612103259328876],[139.7039777095904,35.62187415785792],[139.69614203730046,35.62481593375914],[139.70146608334775,35.625889915437355],[139.7040077889466,35.62471087033409],[139.70713604199133,35.625469661737185],[139.71462580168497,35.62904181818866],[139.7144002065135,35.63428331572693],[139.7132271116217,35.63755195561718],[139.7176337373049,35.64166110290776]]],[[[139.7592485266067,35.62794448908265],[139.7592485266067,35.61878062367609],[139.75314241729825,35.61878062367609],[139.75342817118215,35.62403379492825],[139.75754904298145,35.62409216349772],[139.75742872555665,35.62793281536875],[139.7592485266067,35.62794448908265]]],[[[139.7736414985481,35.62025151162669],[139.77036284872239,35.618500454542634],[139.76730979406815,35.622107632135794],[139.76867840477522,35.62646192741815],[139.77134042779886,35.62313491895844],[139.7736414985481,35.62025151162669]]],[[[139.74924714067043,35.58887256868039],[139.7503600768498,35.591557522875945],[139.74841995837494,35.59183769200939],[139.74897642646462,35.60044121914906],[139.75174372723498,35.604608735009116],[139.75285666341435,35.617671620856186],[139.75786487622153,35.617671620856186],[139.76174511317126,35.61461310781603],[139.76341451744034,35.60961675826952],[139.76264749385723,35.60868286115802],[139.77258872108112,35.59544486960255],[139.76679844501277,35.5925614622708],[139.7654147946276,35.594487625063266],[139.76255725578864,35.594604362202205],[139.76255725578864,35.58500856938157],[139.755969876781,35.58492685338432],[139.7560149958153,35.58925780123888],[139.74924714067043,35.58887256868039]]]],"type":"MultiPolygon"},"id":"geoshape:13:1975-10-01:c4df23c7088cd449ebe2","properties":{"administrativeCode":"13109","jurisdictionId":"geoshape:13:1975-10-01:c4df23c7088cd449ebe2","municipalityName":"品川区","prefectureName":"東京都","snapshotDate":"1975-10-01","sourceDataset":"historical-administrative-areas-beta","sourceProvider":"Geoshape","sourceResourceId":"gci:13109A1968"},"type":"Feature"},{"geometry":{"coordinates":[[[[139.48178150534577,34.084399343200225],[139.4801722597891,34.086477264273306],[139.48211237826393,34.08702592882631],[139.48293956055943,34.09119344468637],[139.4885042414563,34.09564112967987],[139.48766201948274,34.09813930445313],[139.4887749556621,34.10035731009293],[139.49155729611056,34.10063747922638],[139.4940538826751,34.10369599226653],[139.4934974145854,34.10591399790634],[139.4893314237518,34.11257968853965],[139.49182801031634,34.11785620721961],[139.4982198735087,34.121475058526656],[139.50155868204683,34.12119488939321],[139.50655185517593,34.12258406134656],[139.51016137791984,34.120366055706754],[139.51267300416248,34.120366055706754],[139.51766617729157,34.12258406134656],[139.52071923194583,34.12480206698637],[139.52544169086912,34.123973233299914],[139.52738180934398,34.12480206698637],[139.53266073635697,34.124533571566815],[139.5359995448951,34.12341289503301],[139.53960906763902,34.123973233299914],[139.54127847190807,34.12230389221311],[139.54655739892107,34.11980571743986],[139.54738458121656,34.1167472043997],[139.5498962074592,34.116467035266254],[139.55571656288376,34.11231119312009],[139.55961183951158,34.11036168289984],[139.56183771187034,34.107863508126584],[139.56460501264067,34.10063747922638],[139.56627441690975,34.092862785773164],[139.56266489416583,34.08980427273301],[139.56322136225552,34.08841510077966],[139.56099548989675,34.08424758491961],[139.5629506480497,34.08008006905955],[139.5637778303452,34.07397471669314],[139.56239417996002,34.068418028879734],[139.55822818912642,34.06425051301967],[139.5548893805883,34.06314151019977],[139.55544584867798,34.06203250737987],[139.55072338975467,34.058413656072815],[139.54571517694748,34.057864991519814],[139.54154918611388,34.05647581956646],[139.53822541725384,34.05313713739286],[139.53405942642024,34.05258847283985],[139.53350295833056,34.04868945239935],[139.5315628398557,34.04647144675955],[139.52849474552335,34.045911108492646],[139.5259981589588,34.048969621532805],[139.52265935042067,34.0484209569798],[139.52238863621488,34.046751615892994],[139.51405665454766,34.0484209569798],[139.50989066371406,34.04814078784635],[139.50877772753466,34.04703178502645],[139.50516820479075,34.04703178502645],[139.50155868204683,34.04508227480619],[139.49683622312352,34.0478606187129],[139.4929409464957,34.0478606187129],[139.49100082802084,34.0506389626196],[139.48489471871238,34.052308303706404],[139.48099944208457,34.0517479654395],[139.48099944208457,34.05619565043301],[139.47877356972583,34.05674431498602],[139.47766063354644,34.059802828026164],[139.47821710163612,34.06507934670613],[139.48128519596847,34.06757752147938],[139.47850285552002,34.07202520647289],[139.4751640469819,34.072865713873234],[139.47349464271284,34.07480355037959],[139.47322392850702,34.077862063419744],[139.4790593236097,34.08064040732645],[139.48178150534577,34.084399343200225]]]],"type":"MultiPolygon"},"id":"geoshape:13:1975-10-01:c5d8ed18e4b1adbd585d","properties":{"administrativeCode":"13381","jurisdictionId":"geoshape:13:1975-10-01:c5d8ed18e4b1adbd585d","municipalityName":"三宅村","prefectureName":"東京都","snapshotDate":"1975-10-01","sourceDataset":"historical-administrative-areas-beta","sourceProvider":"Geoshape","sourceResourceId":"gci:13381A1968"},"type":"Feature"},{"geometry":{"coordinates":[[[[139.25681800033078,35.712450503959246],[139.260472642109,35.71776204378088],[139.2606380785681,35.720972315101655],[139.2652402200666,35.72443940812809],[139.26728561628815,35.73170045816998],[139.26668402916417,35.73264602899537],[139.2699175599556,35.73325306211784],[139.2787759303563,35.733299756973416],[139.28443084932178,35.731712131883874],[139.28364878606058,35.737689073397455],[139.28465644449327,35.7405841544431],[139.2793023190898,35.742066716107594],[139.28076116786545,35.74608247368703],[139.27988886653569,35.749351113577276],[139.27546720117437,35.75362369286238],[139.2693159728316,35.75355365057901],[139.26854894924853,35.754452526548825],[139.26184125281605,35.75558487679652],[139.2558554609324,35.759390507525865],[139.25686311936508,35.76070963719586],[139.26152541957597,35.75983410865383],[139.26718033854144,35.76004423550391],[139.2693159728316,35.76112989089603],[139.27611390733264,35.76162018687957],[139.28772453882561,35.760919764045944],[139.29008576828727,35.760067582931704],[139.29653779019202,35.75454591625998],[139.30259878046618,35.755199644238026],[139.3110510795582,35.75062354839169],[139.31386349936284,35.74712143422357],[139.31670599852367,35.74331580349423],[139.32015008480852,35.73324138840395],[139.32198492553667,35.73272774499262],[139.32873774100344,35.72749792116824],[139.32840686808524,35.72337710016376],[139.32941452651792,35.71962983800388],[139.3293994868398,35.71206527140075],[139.32873774100344,35.71124811142819],[139.32406040111442,35.713349379929056],[139.32267675072927,35.71673475695824],[139.31923266444443,35.71905782602309],[139.3158938559063,35.71424825589888],[139.31359278515706,35.71394473933764],[139.30849433428125,35.715882575844],[139.30556159705182,35.715870902130106],[139.29877870222887,35.717505222075225],[139.30010219390164,35.71206527140075],[139.29584596499944,35.71146991199217],[139.29425175912087,35.71337272735685],[139.28537834904205,35.713349379929056],[139.27680573252525,35.713968086765426],[139.273903074652,35.71500704730197],[139.27221863070483,35.71264895709544],[139.2685339095704,35.709940655472096],[139.2607283166367,35.710489320025104],[139.25681800033078,35.712450503959246]]]],"type":"MultiPolygon"},"id":"geoshape:13:1975-10-01:cb44d944337b72e7a0b0","properties":{"administrativeCode":"13226","jurisdictionId":"geoshape:13:1975-10-01:cb44d944337b72e7a0b0","municipalityName":"秋川市","prefectureName":"東京都","snapshotDate":"1975-10-01","sourceDataset":"historical-administrative-areas-beta","sourceProvider":"Geoshape","sourceResourceId":"gci:13226A1972"},"type":"Feature"},{"geometry":{"coordinates":[[[[139.5866531807348,35.71191351312014],[139.5820209598801,35.71394473933764],[139.57394465274058,35.71943138486768],[139.56564275042956,35.72166106422139],[139.56607890109444,35.727322815459836],[139.56941770963257,35.734151938087656],[139.56732719437673,35.73635827001357],[139.5682446147408,35.73808597966984],[139.5681543766722,35.742755465227326],[139.56675568660893,35.747436624498704],[139.56883116218668,35.74758838277933],[139.5692673128516,35.749993167841424],[139.5677633450416,35.755071233385195],[139.5627852115906,35.761596839451784],[139.57107207422354,35.763347896535834],[139.56998921740038,35.765367449039445],[139.57459135889886,35.766231303867585],[139.57433568437116,35.76819248780173],[139.57689242964813,35.76807575066279],[139.5781557626085,35.77085409456949],[139.5822315153735,35.7712043059863],[139.58397611803306,35.774834831007254],[139.58653286331003,35.77518504242406],[139.58877377534685,35.77852372459766],[139.59370678976356,35.777204594927674],[139.59414294042844,35.77869883030607],[139.59719599508267,35.77836029260315],[139.59694032055498,35.776410782382904],[139.60438496121432,35.77502161042955],[139.59842924868687,35.7721382030978],[139.59863980418027,35.769091363771544],[139.60285091404816,35.77095915799454],[139.6063551590454,35.77094748428065],[139.60874646786323,35.76883454206588],[139.61127313378398,35.77106422141958],[139.61722884631146,35.77035212487206],[139.61772515568873,35.766651557567755],[139.62298904302364,35.76687335813174],[139.62408693952491,35.77125100084188],[139.62470356632699,35.77983118055376],[139.6251848360262,35.777928365189084],[139.6293959458941,35.77687773093865],[139.6293959458941,35.77204481338666],[139.63471999194138,35.76987350260242],[139.63482526968806,35.768799520924205],[139.64051026800976,35.769114711199336],[139.64296173554,35.770924136852855],[139.6479097896348,35.768612741501904],[139.65111324107002,35.7691730797688],[139.66112966668442,35.76867111007137],[139.66901045800864,35.76653482042882],[139.6706949019558,35.76204044057974],[139.67368779789766,35.758409915558794],[139.67319148852036,35.75540977108811],[139.6750263292485,35.75188430949221],[139.67206351266287,35.7452186188589],[139.6758685512221,35.74539372456731],[139.68083164499498,35.74381777319165],[139.67919232008214,35.740187248170706],[139.6807564466045,35.73875138136178],[139.67874112973914,35.73442043350721],[139.67795906647797,35.730673171347334],[139.67468041665222,35.73305460898165],[139.6714468858608,35.733544904965186],[139.67039410839382,35.73233083872024],[139.66469407039403,35.730976687908566],[139.66224260286378,35.72692590918745],[139.65961065919635,35.72582858008144],[139.6474285199356,35.72675080347904],[139.64739844057942,35.725490042378524],[139.643563322664,35.725303262956224],[139.63992372056387,35.72630720235108],[139.63641947556664,35.73228414386466],[139.6335468970496,35.73528428833535],[139.62717007353535,35.73510918262694],[139.6245381298679,35.73014785422211],[139.61539400558328,35.73028793878884],[139.6019485333622,35.72600368578985],[139.59564690823842,35.72154432708245],[139.59336087716727,35.71806556034212],[139.58945056086134,35.72028356598193],[139.5868035775158,35.71975824885671],[139.58498377646575,35.71631450325806],[139.5866531807348,35.71191351312014]]]],"type":"MultiPolygon"},"id":"geoshape:13:1975-10-01:cdc4ff694d86d48e36e5","properties":{"administrativeCode":"13120","jurisdictionId":"geoshape:13:1975-10-01:cdc4ff694d86d48e36e5","municipalityName":"練馬区","prefectureName":"東京都","snapshotDate":"1975-10-01","sourceDataset":"historical-administrative-areas-beta","sourceProvider":"Geoshape","sourceResourceId":"gci:13120A1968"},"type":"Feature"},{"geometry":{"coordinates":[[[[139.65512883512264,35.590145003494804],[139.6570539139194,35.59341364338504],[139.65297816115438,35.595935165586084],[139.65577554128092,35.59647215642519],[139.65974601629924,35.59998594430721],[139.6626035551382,35.59843334035934],[139.66439327683204,35.599670754032076],[139.66967220384504,35.59909874205128],[139.6756579957287,35.591790997153815],[139.68062108950159,35.59486118390787],[139.6802751769053,35.60066301971304],[139.6804105340082,35.60439860815903],[139.68189946214008,35.60574108525681],[139.684757000979,35.605332505270525],[139.684005017074,35.61309552500985],[139.6861256116861,35.611683005628706],[139.69129926095238,35.61092421422561],[139.69539005339547,35.60749214234086],[139.69820247320013,35.60358144818647],[139.70106001203905,35.60141013740224],[139.71163290574313,35.60067469342693],[139.71443028586967,35.5999976180211],[139.71533266655567,35.596915757553155],[139.71757357859252,35.596180313577854],[139.7191828241492,35.591849365723284],[139.72107782358972,35.59428917192707],[139.72823671036517,35.59438256163822],[139.73029714626483,35.59224627199567],[139.72888341652347,35.59023839320595],[139.73010163044955,35.5873666595881],[139.73587686683982,35.5873666595881],[139.74396821365744,35.58932784352224],[139.74757773640135,35.588499009835786],[139.75202948111888,35.578494637028875],[139.74953289455433,35.57627663138907],[139.7503600768498,35.57460729030227],[139.75396959959372,35.57408197317705],[139.75646618615826,35.56852528536365],[139.75008936264402,35.56713611341029],[139.74953289455433,35.566307279723844],[139.75396959959372,35.56157942559689],[139.75842134431124,35.56407760037014],[139.7637002713242,35.56019025364353],[139.77091931681207,35.568805454497095],[139.78535740778776,35.570194626450444],[139.8017506569164,35.54713904151036],[139.80369077539126,35.54546970042356],[139.80841323431457,35.538255345237246],[139.79453161142857,35.53185815002349],[139.7842444716084,35.535196832197094],[139.78174788504384,35.5385238406568],[139.77640879931846,35.534519756791255],[139.76807681765123,35.53934100062936],[139.75648122583638,35.54454747702596],[139.7500743229659,35.54458249816764],[139.7467806334621,35.54382370676455],[139.73959166733044,35.54515451014843],[139.73766658853367,35.544395718745335],[139.73494440679764,35.54122046856625],[139.7307332969297,35.542761398800224],[139.72611611575311,35.54347349534773],[139.71820524507268,35.53830204009282],[139.71074556473525,35.53653930929487],[139.703466360535,35.53658600415044],[139.6994206871262,35.538909073215294],[139.69794679867243,35.54145394284412],[139.69844310804973,35.5453996581402],[139.70406794765898,35.55046604997007],[139.70229326564325,35.55396816413818],[139.69778136221333,35.55612780120852],[139.6896148170052,35.557283498884],[139.67878624877343,35.56299194497802],[139.6759888686469,35.56687929170463],[139.6712513700455,35.57851798445667],[139.66931125157063,35.584716726534225],[139.66440831651013,35.58957299151401],[139.65879851657897,35.58943290694729],[139.65512883512264,35.590145003494804]]],[[[139.74924714067043,35.58887256868039],[139.7560149958153,35.58925780123888],[139.755969876781,35.58492685338432],[139.76255725578864,35.58500856938157],[139.76255725578864,35.594604362202205],[139.7654147946276,35.594487625063266],[139.76679844501277,35.5925614622708],[139.77258872108112,35.59544486960255],[139.77535602185148,35.59183769200939],[139.77564177573535,35.58932784352224],[139.7686934444533,35.58266215288893],[139.77063356292817,35.58127298093558],[139.77591248994116,35.586000835062535],[139.7781383622999,35.58628100419598],[139.78564316167166,35.580747663810364],[139.783131535429,35.5771404862172],[139.76646757209457,35.5771404862172],[139.76646757209457,35.57852965817056],[139.76118864508157,35.5771404862172],[139.7556390038628,35.577105465075526],[139.75396959959372,35.57822614160932],[139.74924714067043,35.58887256868039]]],[[[139.76562535012098,35.56523329804562],[139.75842134431124,35.568245116230194],[139.75702265424798,35.571303629270346],[139.75757912233766,35.57408197317705],[139.7642567394139,35.57464231144395],[139.77341590337662,35.574362142310505],[139.76562535012098,35.56523329804562]]]],"type":"MultiPolygon"},"id":"geoshape:13:1975-10-01:d6f03763282b22641aad","properties":{"administrativeCode":"13111","jurisdictionId":"geoshape:13:1975-10-01:d6f03763282b22641aad","municipalityName":"大田区","prefectureName":"東京都","snapshotDate":"1975-10-01","sourceDataset":"historical-administrative-areas-beta","sourceProvider":"Geoshape","sourceResourceId":"gci:13111A1968"},"type":"Feature"},{"geometry":{"coordinates":[[[[139.76093297055388,35.732202427867406],[139.7599403517993,35.73158372103104],[139.75275138566766,35.735062487771366],[139.74954793423242,35.73654504943587],[139.7465700779687,35.73984871046779],[139.7410505161061,35.74234688524105],[139.73554599392162,35.740549133301414],[139.7317860743967,35.74331580349423],[139.73262829637028,35.74509020800607],[139.727905837447,35.74471664916147],[139.72361952918857,35.73993042646505],[139.72001000644465,35.74178654697415],[139.71951369706736,35.74504351315049],[139.72140869650792,35.74631594796491],[139.7227021088245,35.75322678658999],[139.72043111743145,35.7550595596713],[139.71629520595403,35.76072131090975],[139.71027933471416,35.76501723762264],[139.70632389937396,35.766955074128994],[139.70566215353756,35.77071401000277],[139.70238350371184,35.78108026794039],[139.70214286886224,35.78408041241107],[139.6990747745299,35.782270986757545],[139.69496894240868,35.78262119817436],[139.69126918159617,35.784407276400096],[139.6894644202242,35.78680038774831],[139.69063751511598,35.790570997335976],[139.69684890217115,35.79890602905609],[139.70525608222889,35.79340770981215],[139.70975294598068,35.79194849557544],[139.7175886182706,35.791913474433755],[139.72223587880342,35.7907227556166],[139.72446175116215,35.787279010017954],[139.73386154997445,35.79004568021076],[139.73853888986346,35.78740742087078],[139.73804258048617,35.78021641311226],[139.73787714402707,35.77742639549166],[139.73571143038072,35.77259347793966],[139.7361776604018,35.77062062029162],[139.7457278559951,35.7671301798374],[139.7512774972139,35.76743369639864],[139.75794007461204,35.77017701916366],[139.7600606692241,35.767935666096065],[139.75816566978355,35.764596983922466],[139.74888618839603,35.75981076122604],[139.74834475998446,35.75809472528367],[139.75121733850148,35.75607517278005],[139.75795511429016,35.7548611065351],[139.75757912233766,35.75316841802052],[139.7508864655833,35.75370540885963],[139.7497735294039,35.75012157869426],[139.75470654382062,35.74917600786887],[139.75778967783106,35.74761173020711],[139.75718809070705,35.74546376685067],[139.76031634375178,35.74345588806095],[139.76383562842713,35.74413296346678],[139.76588102464868,35.74162311497963],[139.76816705571983,35.74145968298512],[139.77111483262738,35.73789920024754],[139.76132400218447,35.73381340038474],[139.76093297055388,35.732202427867406]]]],"type":"MultiPolygon"},"id":"geoshape:13:1975-10-01:d7edf1dcb5dd764ed1a4","properties":{"administrativeCode":"13117","jurisdictionId":"geoshape:13:1975-10-01:d7edf1dcb5dd764ed1a4","municipalityName":"北区","prefectureName":"東京都","snapshotDate":"1975-10-01","sourceDataset":"historical-administrative-areas-beta","sourceProvider":"Geoshape","sourceResourceId":"gci:13117A1968"},"type":"Feature"},{"geometry":{"coordinates":[[[[139.59023262412254,35.61843041225927],[139.5827879834632,35.62159398872447],[139.57654651705184,35.62197922128296],[139.57111719325783,35.62440735377285],[139.56770318632923,35.62694054968779],[139.56562771075147,35.62719737139345],[139.56616913916304,35.62945039817494],[139.56197306897323,35.63259062721235],[139.56343191774891,35.641567713196615],[139.56674064693084,35.64759134956577],[139.57450112083026,35.65074325231707],[139.5774940167721,35.649120606085845],[139.58086290466645,35.64905056380248],[139.58159984889332,35.64719444329339],[139.58384076093017,35.64850189924948],[139.58557032391164,35.64551342849269],[139.58763075981128,35.64616715647074],[139.58657798234432,35.64264169487484],[139.58442730837606,35.64114745949644],[139.58766083916748,35.63506545455782],[139.59140571901432,35.63305757576809],[139.5912703619114,35.63104969697838],[139.59400758332555,35.62705728682673],[139.5922930600222,35.62422057435055],[139.59021758444445,35.62453576462568],[139.58933024343656,35.62122042987987],[139.59023262412254,35.61843041225927]]]],"type":"MultiPolygon"},"id":"geoshape:13:1975-10-01:de65c8595ad88f153b7b","properties":{"administrativeCode":"13219","jurisdictionId":"geoshape:13:1975-10-01:de65c8595ad88f153b7b","municipalityName":"狛江市","prefectureName":"東京都","snapshotDate":"1975-10-01","sourceDataset":"historical-administrative-areas-beta","sourceProvider":"Geoshape","sourceResourceId":"gci:13219A1970"},"type":"Feature"},{"geometry":{"coordinates":[[[[139.35466614604726,35.74560385141739],[139.34989856808969,35.74772846734605],[139.35042495682316,35.745136902861645],[139.3533276146964,35.74253366466334],[139.35206428173603,35.741237882421146],[139.34552202176266,35.747074739368],[139.34233361000554,35.74616418968429],[139.34263440356753,35.74984140956081],[139.34301039552003,35.75383381971246],[139.34036341217447,35.753728756287416],[139.33583646906646,35.75929711781472],[139.3347836915995,35.76492384791149],[139.33642301651236,35.766044524445284],[139.33318948572094,35.76760880210704],[139.33364067606394,35.77094748428065],[139.33152008145186,35.77292034192868],[139.32878286003773,35.77133271683914],[139.3210675051726,35.77721626864157],[139.32412055982684,35.78108026794039],[139.3206614338639,35.783368315863555],[139.3207817512887,35.7882946231267],[139.31799941084026,35.78952036308554],[139.3205711957953,35.789905595644036],[139.32275194911975,35.786310091764776],[139.32204508424908,35.789777184791205],[139.32625619411698,35.787033862026185],[139.3300612326762,35.79061769219155],[139.32848206647574,35.79177338986703],[139.3303620262382,35.793617836662236],[139.33278341441223,35.79189012700597],[139.3348739296681,35.79369955265949],[139.3384984920901,35.79459842862931],[139.3433563081163,35.79418984864303],[139.34671015633253,35.79640785428283],[139.35068063135085,35.79327929895932],[139.35492182057496,35.79372290008728],[139.3585764623532,35.79297578239808],[139.35983979531358,35.79162163158641],[139.36991637964036,35.791726695011455],[139.36871320539237,35.79029082820253],[139.36987126060606,35.78760587400697],[139.36782586438449,35.78704553574008],[139.3674949914663,35.78438392897231],[139.37298447397268,35.77964440113146],[139.37551113989343,35.78046156110402],[139.38012832107003,35.778745525161646],[139.3815420508114,35.77449629330433],[139.37901538489066,35.77119263227242],[139.37343566431568,35.76875282606863],[139.37319502946607,35.77134439055303],[139.37090899839492,35.77143778026418],[139.36815673730268,35.77411106074584],[139.3685176895771,35.771052547705686],[139.3673746740415,35.76779558152934],[139.36095273149294,35.761106543468244],[139.35881709720277,35.757931293289154],[139.35901261301808,35.75448754769051],[139.35750864520813,35.75351862943733],[139.3581102323321,35.75076363295841],[139.35654610580974,35.75071693810284],[139.35466614604726,35.74560385141739]]],[[[139.35683185969364,35.74588402055084],[139.35683185969364,35.74588402055084]]]],"type":"MultiPolygon"},"id":"geoshape:13:1975-10-01:e46c0629252cd9b87d75","properties":{"administrativeCode":"13303","jurisdictionId":"geoshape:13:1975-10-01:e46c0629252cd9b87d75","municipalityName":"瑞穂町","parentJurisdictionName":"西多摩郡","prefectureName":"東京都","snapshotDate":"1975-10-01","sourceDataset":"historical-administrative-areas-beta","sourceProvider":"Geoshape","sourceResourceId":"gci:13303A1968"},"type":"Feature"},{"geometry":{"coordinates":[[[[139.5269155793229,35.68421179005035],[139.52487018310134,35.690107015566674],[139.52853986455764,35.690667353833575],[139.53216442697968,35.688776212182795],[139.5313673240404,35.69461306912965],[139.53419478352313,35.694881564549206],[139.53392406931735,35.698967364412006],[139.5364206558819,35.69829028900617],[139.5365108939505,35.69533683939106],[139.54218085259407,35.695290144535484],[139.54227109066267,35.696702663916625],[139.55066323104228,35.69500997540204],[139.55000148520588,35.70675373157911],[139.57051560613385,35.69893234327032],[139.57257604203352,35.698885648414745],[139.57615548542122,35.70146553918526],[139.57973492880896,35.69893234327032],[139.58481834000665,35.697251328469626],[139.58671333944721,35.6939593411516],[139.59405270235985,35.68899801274677],[139.59056349704073,35.687001807670946],[139.59361655169496,35.684130074053094],[139.59417301978465,35.68214554269116],[139.59116508416471,35.68162022556594],[139.58531464938395,35.68204047926612],[139.58812706918857,35.680044274190294],[139.5867734981596,35.677802921122705],[139.5866381410567,35.67397394296556],[139.5824871899012,35.67339025727088],[139.58850306114107,35.67051852365302],[139.58887905309356,35.66940952083312],[139.58516425260294,35.67128898877001],[139.58045683335774,35.670716976789215],[139.57830615938948,35.6720477801731],[139.57979508752135,35.665533847820406],[139.5821412773049,35.66502020440909],[139.57549373958486,35.66003552857647],[139.5730121926984,35.66414467586706],[139.5688462018648,35.6635026216029],[139.56613905980686,35.6642497392921],[139.5643342984349,35.66903596198852],[139.5644546158597,35.67225790702319],[139.56086013279386,35.682845965524784],[139.55673926099456,35.68272922838585],[139.55215215917414,35.680838086735065],[139.54542942306358,35.682063826693906],[139.54293283649903,35.680464527890464],[139.54139878933287,35.66989981681666],[139.54194021774447,35.6679619803103],[139.54437664559663,35.6666545243542],[139.54159430514818,35.66427308671989],[139.53744335399267,35.665475479250944],[139.53796974272615,35.66768181117685],[139.5355934735864,35.66929278369418],[139.53440533901653,35.667541726610125],[139.5313673240404,35.66769348489075],[139.53243514118546,35.66989981681666],[139.52944224524364,35.672724855578934],[139.52944224524364,35.675608262910686],[139.5267501428638,35.674674365799184],[139.5265847064047,35.679133724506585],[139.52538153215673,35.680896455304534],[139.52867522166056,35.68119997186577],[139.5269155793229,35.68421179005035]]]],"type":"MultiPolygon"},"id":"geoshape:13:1975-10-01:ed35263ff1b1af95804b","properties":{"administrativeCode":"13204","jurisdictionId":"geoshape:13:1975-10-01:ed35263ff1b1af95804b","municipalityName":"三鷹市","prefectureName":"東京都","snapshotDate":"1975-10-01","sourceDataset":"historical-administrative-areas-beta","sourceProvider":"Geoshape","sourceResourceId":"gci:13204A1968"},"type":"Feature"},{"geometry":{"coordinates":[[[[139.7503600768498,35.62486262861471],[139.7467806334621,35.62323998238348],[139.74333654717725,35.62513112403427],[139.73778690595847,35.62453576462568],[139.73539559714064,35.623204961241804],[139.73395178804304,35.62611171600133],[139.73133488405372,35.62625180056806],[139.73092881274502,35.630267558147494],[139.7263266712465,35.6328591226319],[139.72599579832834,35.635030433416134],[139.7222057994472,35.63597600424153],[139.71996488741036,35.63457515857428],[139.71683663436562,35.63989837210981],[139.71919786382728,35.64184788233006],[139.72355937047618,35.64670414730985],[139.72152901393272,35.65573960186358],[139.71497171428126,35.65714044753083],[139.7137835797114,35.65975535944302],[139.7085648114108,35.6640629598698],[139.7138136590676,35.66935115226365],[139.71492659524696,35.67299335099849],[139.71655088048172,35.67343695212645],[139.71946857803306,35.67449926009078],[139.71957385577977,35.67830489082013],[139.7267477822333,35.6792854827872],[139.72844726585856,35.68281094438311],[139.73150032051282,35.68149181471311],[139.73383147061827,35.67887690280092],[139.7367642078477,35.67887690280092],[139.73906527859694,35.67402063782114],[139.74315607104006,35.671452420764524],[139.74780333157287,35.669619647683206],[139.74995400554113,35.670833713928154],[139.75801527300254,35.66868575057171],[139.76213614480184,35.666876324918185],[139.76222638287047,35.66295395704989],[139.7594741217782,35.65897322061214],[139.76451241394162,35.65618320299154],[139.7609179308758,35.65182890770919],[139.75897781240093,35.645163217075876],[139.75897781240093,35.637108354489214],[139.7548118215673,35.63877769557602],[139.75230019532466,35.63433001058251],[139.75174372723498,35.6259949788624],[139.7503600768498,35.62486262861471]]],[[[139.78259010701743,35.62961383016945],[139.77134042779886,35.62313491895844],[139.76867840477522,35.62646192741815],[139.77786764809412,35.63128317125625],[139.77508530764567,35.63489034884941],[139.77258872108112,35.63239217407615],[139.77063356292817,35.63294083862916],[139.77676975159284,35.63598767795542],[139.78259010701743,35.62961383016945]]],[[[139.7592485266067,35.62794448908265],[139.75742872555665,35.62793281536875],[139.75754904298145,35.62409216349772],[139.75342817118215,35.62403379492825],[139.75369888538793,35.6310030021228],[139.7550825357731,35.63350117689606],[139.75897781240093,35.63350117689606],[139.7592485266067,35.62794448908265]]]],"type":"MultiPolygon"},"id":"geoshape:13:1975-10-01:f0912690a5a4a449e0a8","properties":{"administrativeCode":"13103","jurisdictionId":"geoshape:13:1975-10-01:f0912690a5a4a449e0a8","municipalityName":"港区","prefectureName":"東京都","snapshotDate":"1975-10-01","sourceDataset":"historical-administrative-areas-beta","sourceProvider":"Geoshape","sourceResourceId":"gci:13103A1968"},"type":"Feature"},{"geometry":{"coordinates":[[[[139.6802751769053,35.60066301971304],[139.68062108950159,35.59486118390787],[139.6756579957287,35.591790997153815],[139.66967220384504,35.59909874205128],[139.66439327683204,35.599670754032076],[139.6626035551382,35.59843334035934],[139.65974601629924,35.59998594430721],[139.65577554128092,35.59647215642519],[139.65297816115438,35.595935165586084],[139.6570539139194,35.59341364338504],[139.65512883512264,35.590145003494804],[139.65043645555554,35.59258480969859],[139.64891744806746,35.59487285762176],[139.63987860152957,35.60012602887393],[139.63729177689643,35.602822656783374],[139.63193765149293,35.60568271668734],[139.63135110404704,35.60714193092405],[139.62474868536128,35.60988525368907],[139.6238613443534,35.61106429879234],[139.61802594925075,35.613877663840725],[139.6155744817205,35.61332899928772],[139.61219055414807,35.61585052148876],[139.60898710271283,35.61648090203902],[139.6047308738106,35.615827174060975],[139.6000685735997,35.61839539111759],[139.59310520263958,35.61756655743114],[139.59023262412254,35.61843041225927],[139.58933024343656,35.62122042987987],[139.59021758444445,35.62453576462568],[139.5922930600222,35.62422057435055],[139.59400758332555,35.62705728682673],[139.5912703619114,35.63104969697838],[139.59140571901432,35.63305757576809],[139.58766083916748,35.63506545455782],[139.58442730837606,35.64114745949644],[139.58657798234432,35.64264169487484],[139.58763075981128,35.64616715647074],[139.58955583860805,35.64513986964809],[139.5920524251726,35.64591033476508],[139.591962187104,35.65136195915344],[139.59307512328337,35.65152539114795],[139.5923381790565,35.65543608530235],[139.58993183056054,35.65710542638915],[139.58975135442336,35.66093440454628],[139.5865629426662,35.66395789644476],[139.59012734637582,35.66579066952607],[139.58887905309356,35.66940952083312],[139.58850306114107,35.67051852365302],[139.5824871899012,35.67339025727088],[139.5866381410567,35.67397394296556],[139.5867734981596,35.677802921122705],[139.58812706918857,35.680044274190294],[139.58531464938395,35.68204047926612],[139.59116508416471,35.68162022556594],[139.59417301978465,35.68214554269116],[139.60325698535686,35.68065130731277],[139.60837047591073,35.67636705431377],[139.60891190432233,35.670355091658514],[139.61584519592628,35.6694562156887],[139.61655206079698,35.67264313958168],[139.61210031607948,35.67462767094361],[139.6103105943856,35.676647223447226],[139.61901856800532,35.67381051097105],[139.62503443924518,35.67013329109453],[139.6250494789233,35.669129351699674],[139.63259939732933,35.66809039116313],[139.6391115779465,35.66584903809554],[139.64127729159284,35.667191515193316],[139.6477293134976,35.66842892886605],[139.65033117780885,35.66989981681666],[139.65511379544455,35.67055354479471],[139.66174629348652,35.67252640244274],[139.6620621267266,35.671440747050625],[139.67269517914306,35.672292928164865],[139.67281549656786,35.6674016420434],[139.67499624989233,35.6638761804475],[139.67949311364413,35.65732722695313],[139.68420053288932,35.65227250883715],[139.68430581063603,35.643762371408634],[139.68608049265177,35.64054042637397],[139.6860955323299,35.63804225160071],[139.68203481924297,35.631131412975634],[139.6795983913908,35.6250727554648],[139.6719883142724,35.6297072198806],[139.66415264198244,35.63190187809262],[139.6614755792807,35.63170342495643],[139.6618064521989,35.627489214240796],[139.66349089614607,35.62670707540992],[139.666498831766,35.618523801970426],[139.66476926878454,35.618278653978656],[139.66263363449437,35.6128036821625],[139.66320514226217,35.60867118744413],[139.66849910895326,35.60651155037379],[139.67325164723275,35.60814587031891],[139.67672581287377,35.608192565174484],[139.67929759782882,35.605519284692825],[139.6802751769053,35.60066301971304]]]],"type":"MultiPolygon"},"id":"geoshape:13:1975-10-01:f396a3a8f06abfb0a587","properties":{"administrativeCode":"13112","jurisdictionId":"geoshape:13:1975-10-01:f396a3a8f06abfb0a587","municipalityName":"世田谷区","prefectureName":"東京都","snapshotDate":"1975-10-01","sourceDataset":"historical-administrative-areas-beta","sourceProvider":"Geoshape","sourceResourceId":"gci:13112A1968"},"type":"Feature"},{"geometry":{"coordinates":[[[[139.13609450422464,35.770258735160915],[139.13913251920079,35.76800570837943],[139.1437045813431,35.76616126158422],[139.14720882634032,35.76213383029089],[139.14463704138527,35.76020766749843],[139.14041089183925,35.75900527496738],[139.14072672507936,35.755444792229795],[139.14883311157507,35.75430076826821],[139.15397668148518,35.75009823126647],[139.1565785457964,35.74469330173368],[139.16409838484626,35.74133127213229],[139.16451949583305,35.73775911568082],[139.16587306686202,35.73601973231065],[139.16436909905204,35.732634355281476],[139.1662340191364,35.729085546257785],[139.16558731297812,35.72450945041145],[139.167226637891,35.721766127646426],[139.165722670081,35.71842744547283],[139.1664445746298,35.71406147647657],[139.16521132102562,35.71155162798943],[139.16531659877234,35.70624008816779],[139.17220477134197,35.70159395003809],[139.17259580297258,35.69685442219724],[139.1718287793895,35.69264021148161],[139.16967810542124,35.69087748068366],[139.1714076684027,35.68874119104111],[139.16997889898323,35.68005594790419],[139.1659783446087,35.675106293213254],[139.16477517036074,35.67044848136966],[139.1616017982817,35.66790361174083],[139.15360068953268,35.666024143803945],[139.14716370730602,35.666817956348716],[139.1428924387257,35.66935115226365],[139.1389219637074,35.670541871080815],[139.13693672619823,35.672304601878764],[139.1335076795915,35.67289996128734],[139.13135700562324,35.67198941160363],[139.12684510219336,35.67685735029731],[139.1193403028216,35.68051122274604],[139.11633236720166,35.683884926061324],[139.11376058224664,35.68434020090318],[139.10825606006216,35.68974513043597],[139.1056241163947,35.691017565250384],[139.0970364601998,35.69223163149533],[139.092238802886,35.69057396412242],[139.08438809091797,35.69307213889568],[139.082282535984,35.69538353424663],[139.07653737894992,35.69490491197699],[139.0721006739105,35.69540688167442],[139.07059670610056,35.69762488731423],[139.06485154906647,35.69815020443944],[139.06271591477633,35.700730095209956],[139.05202270364745,35.70490928478391],[139.05068417229657,35.707372438415476],[139.04666857824398,35.70948538063024],[139.04406671393272,35.70945035948856],[139.03871258852925,35.711283132569875],[139.0347721928671,35.7149603524464],[139.02973390070372,35.716407892969215],[139.02483096564325,35.71971155400114],[139.022078704551,35.72265332990235],[139.0206800144877,35.7275796371655],[139.01792775339547,35.731221835900335],[139.01491981777554,35.73334645182899],[139.0122878741081,35.738669665364526],[139.0216726332423,35.740128879601244],[139.02681620315238,35.74216010581875],[139.02785394094127,35.7442963954613],[139.03195977306248,35.74419133203625],[139.03445635962703,35.74246362237999],[139.03987064374292,35.74450652231138],[139.04137461155287,35.74605912625925],[139.0396751279276,35.75010990498036],[139.04269810322566,35.75510625452688],[139.04311921421245,35.75767447158349],[139.0457812372361,35.75804803042809],[139.0491651648085,35.76005590921781],[139.0548802424864,35.76017264635675],[139.05660980546784,35.763289527966364],[139.06094123276057,35.76410668793893],[139.0636182954623,35.76560092331732],[139.06649087397935,35.7656476181729],[139.0735896020424,35.770025260883045],[139.07501837146185,35.77199811853108],[139.08007170330336,35.7701069768803],[139.08289916278608,35.76989685003021],[139.08683955844822,35.771227653414094],[139.08846384368297,35.770188692877554],[139.09341189777777,35.769966892313576],[139.096615349213,35.775920486399365],[139.10221010946609,35.778371966317046],[139.1058497115662,35.77911908400625],[139.10753415551338,35.776842709796966],[139.11383578063712,35.773854239040176],[139.115023915207,35.77259347793966],[139.12513057888998,35.76759712839315],[139.12821371290042,35.766978421556786],[139.13075541849926,35.76511062733379],[139.13609450422464,35.770258735160915]]]],"type":"MultiPolygon"},"id":"geoshape:13:1975-10-01:f592fb167fa6f12f410b","properties":{"administrativeCode":"13307","jurisdictionId":"geoshape:13:1975-10-01:f592fb167fa6f12f410b","municipalityName":"檜原村","parentJurisdictionName":"西多摩郡","prefectureName":"東京都","snapshotDate":"1975-10-01","sourceDataset":"historical-administrative-areas-beta","sourceProvider":"Geoshape","sourceResourceId":"gci:13307A1968"},"type":"Feature"},{"geometry":{"coordinates":[[[[139.52999871333333,35.717505222075225],[139.53150268114328,35.71655965124983],[139.53816525854145,35.71599931298293],[139.54899382677323,35.719337995156536],[139.54899382677323,35.7273928577432],[139.54622652600287,35.730719866202904],[139.54705370829836,35.74155307269628],[139.54594077211897,35.74795026791003],[139.54427136784992,35.75099710723629],[139.5359393861827,35.74239358009662],[139.53428502159173,35.742942244649626],[139.531307165328,35.74026896416797],[139.52717125385058,35.74365434119714],[139.52841954713287,35.74472832287536],[139.53351799800865,35.74490342858377],[139.54458720109,35.75475604311006],[139.54715898604505,35.75337854487061],[139.55204688142746,35.75595843564112],[139.55523529318458,35.755736635077135],[139.5553856899656,35.757744513866854],[139.55777699878342,35.759577286948165],[139.56183771187034,35.75960063437596],[139.5627852115906,35.761596839451784],[139.5677633450416,35.755071233385195],[139.5692673128516,35.749993167841424],[139.56883116218668,35.74758838277933],[139.56675568660893,35.747436624498704],[139.5681543766722,35.742755465227326],[139.5682446147408,35.73808597966984],[139.56732719437673,35.73635827001357],[139.56941770963257,35.734151938087656],[139.56607890109444,35.727322815459836],[139.56564275042956,35.72166106422139],[139.55761156232433,35.721824496215895],[139.55457354734818,35.72077386196546],[139.5493998980819,35.71692153638054],[139.53735311592408,35.71131815371155],[139.52941216588744,35.71278904166216],[139.52999871333333,35.717505222075225]]]],"type":"MultiPolygon"},"id":"geoshape:13:1975-10-01:fe63f1ad6ea06104cf58","properties":{"administrativeCode":"13217","jurisdictionId":"geoshape:13:1975-10-01:fe63f1ad6ea06104cf58","municipalityName":"保谷市","prefectureName":"東京都","snapshotDate":"1975-10-01","sourceDataset":"historical-administrative-areas-beta","sourceProvider":"Geoshape","sourceResourceId":"gci:13217A1968"},"type":"Feature"},{"geometry":{"coordinates":[[[[139.59417301978465,35.68214554269116],[139.59361655169496,35.684130074053094],[139.59056349704073,35.687001807670946],[139.59405270235985,35.68899801274677],[139.58671333944721,35.6939593411516],[139.58827746596958,35.69561700852451],[139.59024766380062,35.69482319597974],[139.59546643210123,35.70543460190912],[139.5866531807348,35.71191351312014],[139.58498377646575,35.71631450325806],[139.5868035775158,35.71975824885671],[139.58945056086134,35.72028356598193],[139.59336087716727,35.71806556034212],[139.59564690823842,35.72154432708245],[139.6019485333622,35.72600368578985],[139.61539400558328,35.73028793878884],[139.6245381298679,35.73014785422211],[139.6243275743745,35.72941241024681],[139.62898987458541,35.72100733624334],[139.63187749278055,35.71972322771503],[139.63217828634254,35.716944883808324],[139.63696090397823,35.71650128268036],[139.64178864064823,35.7147618993102],[139.6428414181152,35.71150493313385],[139.65060189201463,35.709333622349625],[139.65821196913308,35.70921688521069],[139.658196929455,35.70503769563673],[139.66090407151293,35.70467581050603],[139.66108454765012,35.70143051804358],[139.66252835674769,35.69923585983156],[139.66061831762903,35.69652755820822],[139.66115974604062,35.69519675482434],[139.66510014170274,35.6954419028161],[139.66753656955487,35.69175300922569],[139.6614755792807,35.68695511281537],[139.65921962756576,35.68668661739582],[139.65926474660006,35.6819003946994],[139.66257347578198,35.67943724106782],[139.66412256262626,35.67634370688599],[139.6620470870485,35.67561993662458],[139.66174629348652,35.67252640244274],[139.65511379544455,35.67055354479471],[139.65033117780885,35.66989981681666],[139.6477293134976,35.66842892886605],[139.64127729159284,35.667191515193316],[139.6391115779465,35.66584903809554],[139.63259939732933,35.66809039116313],[139.6250494789233,35.669129351699674],[139.62503443924518,35.67013329109453],[139.61901856800532,35.67381051097105],[139.6103105943856,35.676647223447226],[139.61210031607948,35.67462767094361],[139.61655206079698,35.67264313958168],[139.61584519592628,35.6694562156887],[139.60891190432233,35.670355091658514],[139.60837047591073,35.67636705431377],[139.60325698535686,35.68065130731277],[139.59417301978465,35.68214554269116]]]],"type":"MultiPolygon"},"id":"geoshape:13:1975-10-01:ff47034e20cd13eaf3c9","properties":{"administrativeCode":"13115","jurisdictionId":"geoshape:13:1975-10-01:ff47034e20cd13eaf3c9","municipalityName":"杉並区","prefectureName":"東京都","snapshotDate":"1975-10-01","sourceDataset":"historical-administrative-areas-beta","sourceProvider":"Geoshape","sourceResourceId":"gci:13115A1968"},"type":"Feature"}],"type":"FeatureCollection"}
