{"features":[{"geometry":{"coordinates":[[[[139.67499651626193,35.66387574928799],[139.67992953058678,35.66377068586691],[139.68732905207406,35.66157602773761],[139.6929388519008,35.65388305057161],[139.6996465482084,35.64812790983893],[139.70862523586672,35.64201088398918],[139.7154081305634,35.64261791708877],[139.71763400288071,35.64166067258557],[139.71322737727954,35.637551525449865],[139.7144004721495,35.63428288568282],[139.71462606731677,35.6290413883421],[139.70713630776257,35.62546923202527],[139.7040080547761,35.62471044065078],[139.70146634922457,35.62590115942306],[139.6961423032764,35.62481550407186],[139.70397797542046,35.62187372828153],[139.69558583519708,35.61210283012077],[139.6953903193854,35.60749171330655],[139.69129952701846,35.61092378506194],[139.6861258778485,35.611682576436436],[139.68400528327592,35.613095095764336],[139.6847572671669,35.605332076317616],[139.68189972838115,35.605740656288496],[139.680410800277,35.604398179241315],[139.68092214932287,35.60065091722267],[139.68092214932287,35.60065091722267],[139.68027544317664,35.600662590936125],[139.67929786411835,35.60557722430014],[139.6772524679349,35.607935314417794],[139.67340231041305,35.60818046240032],[139.66849937544382,35.60651112137644],[139.6632054088513,35.60867075836538],[139.66263390109415,35.61280325292799],[139.66476953534453,35.61827822453778],[139.6664990982938,35.61852337252031],[139.66349116272988,35.62670664565137],[139.66180671881406,35.627488784452765],[139.66147584590203,35.631702995009555],[139.66415290855394,35.631901448138265],[139.67198858069798,35.62970679000897],[139.67959865767475,35.625072325767846],[139.68203508548154,35.63113098305032],[139.68609579849286,35.638041821414916],[139.68608075881502,35.64053999609401],[139.6843060768323,35.64376194100724],[139.68420079908756,35.652272078115],[139.67949337993002,35.65732679604045],[139.67499651626193,35.66387574928799]]]],"type":"MultiPolygon"},"id":"geoshape:13:2000-10-01:01e489ae5afcbf9e723d","properties":{"administrativeCode":"13110","jurisdictionId":"geoshape:13:2000-10-01:01e489ae5afcbf9e723d","municipalityName":"目黒区","prefectureName":"東京都","snapshotDate":"2000-10-01","sourceDataset":"historical-administrative-areas-beta","sourceProvider":"Geoshape","sourceResourceId":"gci:13110A1968"},"type":"Feature"},{"geometry":{"coordinates":[[[[139.46415527290787,35.62451198752207],[139.46451622517554,35.62962507401479],[139.47155479439513,35.6337342211505],[139.4690130888436,35.640166437263495],[139.4687724539985,35.64456742723554],[139.47378066671246,35.646797106505204],[139.4738107460681,35.64933030232466],[139.47399122220193,35.65074282165256],[139.479240069761,35.65198023527866],[139.48645911511446,35.65265731065897],[139.49945339675065,35.651443244459784],[139.50131831680028,35.64919021776321],[139.50679275952666,35.65088290621401],[139.51228224193082,35.651163075336896],[139.5168392643102,35.64930695489775],[139.52082477893242,35.64619007340561],[139.52538180131177,35.64264126451568],[139.52338152416175,35.638823960216314],[139.5210353344219,35.63777332600549],[139.5232612067392,35.6321699435477],[139.5174558911008,35.63066403451217],[139.5161474391305,35.62570270629435],[139.5104022822034,35.623344616176695],[139.5092893460447,35.62410340755119],[139.50340883201721,35.62286599392509],[139.49939323803937,35.62040284038636],[139.49802462735778,35.61842998281268],[139.494670779204,35.617285958894215],[139.49564835826226,35.61251141009165],[139.5000249045078,35.60728158646438],[139.4975734370232,35.60486512777946],[139.49363304143444,35.605822372282674],[139.48928657454454,35.604409852954774],[139.48805332096333,35.60751506073346],[139.4835113382618,35.60862406351156],[139.48127042626666,35.61005993026637],[139.4799318949407,35.61303672719706],[139.47672844356512,35.614274140823156],[139.47623213419706,35.61888525763737],[139.46785503365152,35.620519577520895],[139.46415527290787,35.62451198752207]]]],"type":"MultiPolygon"},"id":"geoshape:13:2000-10-01:090241635d9ca3433e75","properties":{"administrativeCode":"13225","jurisdictionId":"geoshape:13:2000-10-01:090241635d9ca3433e75","municipalityName":"稲城市","prefectureName":"東京都","snapshotDate":"2000-10-01","sourceDataset":"historical-administrative-areas-beta","sourceProvider":"Geoshape","sourceResourceId":"gci:13225A1971"},"type":"Feature"},{"geometry":{"coordinates":[[[[139.84674963696264,35.79651248154908],[139.85356261101495,35.7915628270447],[139.85648030851198,35.79095579394511],[139.85989431537703,35.79533343649025],[139.86387982999926,35.7948431405252],[139.87076800244068,35.79731796777739],[139.87473847738508,35.79653582897599],[139.8766033974347,35.793827527454724],[139.87324954928093,35.79039545569933],[139.87118911341963,35.78663651996724],[139.8745429615734,35.78178025517049],[139.87725010358096,35.781161548357446],[139.88723644965322,35.78402160815361],[139.89377870950477,35.78274917338715],[139.89454573307358,35.78032104098878],[139.8934177572371,35.77831316227474],[139.88284486372987,35.77353861347217],[139.88075434851294,35.771670819319574],[139.87946093622045,35.76752665104351],[139.88266438759604,35.7620049845799],[139.88320581599754,35.75861960767833],[139.8899736710164,35.75076319852398],[139.88075434851294,35.749735911740046],[139.88504065669156,35.74556839603707],[139.88185224499378,35.74435432983789],[139.88049867399002,35.740280203842545],[139.877580976493,35.74092225808249],[139.87654323872343,35.737034911502406],[139.8729337160467,35.73737344919257],[139.87218173215572,35.73004235714363],[139.87027169307262,35.72875824866372],[139.87054240727338,35.72470747009529],[139.86873764593503,35.7237969204459],[139.8662711387726,35.718532075678276],[139.8685571698012,35.714586360530916],[139.86660201168462,35.71290534579359],[139.86224050511692,35.71283530351286],[139.8562697530225,35.714457949682924],[139.85135177837546,35.710850772225726],[139.84214749554982,35.719314214479674],[139.82961944392605,35.73132646562354],[139.82381412828764,35.73771198688272],[139.8203550023891,35.74343210647504],[139.81791857458234,35.748008202148895],[139.8134668299477,35.754475439402256],[139.8135420283368,35.75967024188916],[139.81973837559852,35.76045238069056],[139.82024972464438,35.755981348437786],[139.82354341408688,35.75586461130325],[139.82437059636698,35.76178318402428],[139.8262355164166,35.76168979431665],[139.82542337381435,35.75912157735684],[139.82754396838692,35.75734717291187],[139.83100309428545,35.75907488250302],[139.8308978165407,35.76227347998934],[139.8323416256114,35.763837757592135],[139.8374701557479,35.76318402963873],[139.83766567155956,35.765763920312],[139.8416812655374,35.766440995692314],[139.8457870975822,35.76951118233064],[139.85129161966418,35.76988474116116],[139.85217896065555,35.765752246598545],[139.8565705465789,35.76442144326482],[139.85879641889622,35.76791188358748],[139.85775868112665,35.77083031195091],[139.84966733445967,35.77967898674882],[139.8452607088585,35.78771050160498],[139.84431320915587,35.79118926821418],[139.8446440820679,35.794738077104114],[139.84674963696264,35.79651248154908]]]],"type":"MultiPolygon"},"id":"geoshape:13:2000-10-01:106e177d9f7f5824f725","properties":{"administrativeCode":"13122","jurisdictionId":"geoshape:13:2000-10-01:106e177d9f7f5824f725","municipalityName":"葛飾区","prefectureName":"東京都","snapshotDate":"2000-10-01","sourceDataset":"historical-administrative-areas-beta","sourceProvider":"Geoshape","sourceResourceId":"gci:13122A1968"},"type":"Feature"},{"geometry":{"coordinates":[[[[139.7888619170347,35.666945935926314],[139.7871624334411,35.672280822974656],[139.78728275086365,35.675094187917004],[139.789087512202,35.6791566401989],[139.79263687616745,35.684374790112706],[139.7923661619667,35.68710643906088],[139.79039596417232,35.68928942347672],[139.79347909812535,35.690818679939156],[139.7967276685344,35.68854230581569],[139.7991640963412,35.68972135087451],[139.80048758798932,35.688297157833155],[139.80480397552355,35.688507284675325],[139.80499949133522,35.686779575084174],[139.80946627564768,35.686989701926336],[139.8118726240988,35.68855397952914],[139.8114665527977,35.69190433529035],[139.8133765918808,35.6926748003783],[139.81969325656505,35.693036685495365],[139.81868559815112,35.70800238614302],[139.83067222137342,35.703006036784835],[139.8353946802088,35.70301771049829],[139.84380186010998,35.69953894388908],[139.8476971366653,35.694962848215226],[139.84757681924273,35.688098704704444],[139.84551638338144,35.68129292976093],[139.848223525389,35.67913329277199],[139.84688499406303,35.67384510057746],[139.84502007401338,35.649318628611205],[139.84064352776787,35.64933030232466],[139.8373047192919,35.65155998159432],[139.8395305916092,35.65572749729729],[139.83231154625577,35.655167159051516],[139.83202579237718,35.65655633095251],[139.80869925207887,35.6543383253963],[139.80758631592022,35.655447328174404],[139.7967427082122,35.648501468669444],[139.7939754074934,35.65127981247143],[139.79286247133473,35.65017080969333],[139.79424612169416,35.64739246589134],[139.77980803098725,35.63960609901772],[139.77646922251128,35.64211594741026],[139.79230600325542,35.652668984372426],[139.790922352896,35.6543383253963],[139.78980941673734,35.660723846655486],[139.7931331855355,35.66294185221169],[139.7956448117314,35.66239318767936],[139.78952366285878,35.66738953703755],[139.7888619170347,35.666945935926314]]],[[[139.83980130580997,35.63378091600431],[139.821197224347,35.63183140585754],[139.821197224347,35.633220577758536],[139.83340944273658,35.634609749659525],[139.83452237889526,35.64377361472069],[139.82146793854778,35.64294478106548],[139.8206407562677,35.64183577828737],[139.80785703012097,35.64072677550927],[139.80841349820028,35.64628346311324],[139.80647337976154,35.648221299546556],[139.80591691168223,35.65238881524953],[139.80702984784088,35.652949153495314],[139.81647476551163,35.654058156273415],[139.81730194779172,35.64794113042367],[139.82175369242634,35.648501468669444],[139.821197224347,35.65321764890474],[139.82536321510307,35.65460682080574],[139.8259196831824,35.65127981247143],[139.83340944273658,35.65210864612664],[139.8359210689325,35.65127981247143],[139.84119999584718,35.64794113042367],[139.83980130580997,35.63378091600431]]],[[[139.80202163512692,35.62599454913069],[139.7984121124502,35.621838707141166],[139.79203528905467,35.62961340030134],[139.7870270763407,35.62711522562224],[139.78368826786473,35.63044223395655],[139.7786950948286,35.63738809346151],[139.78119168134668,35.63849709623962],[139.78341755366398,35.63599892156052],[139.7970284620908,35.64350511931126],[139.79758493017013,35.64766096130078],[139.80480397552355,35.651828477003754],[139.8067440939623,35.636827755215734],[139.80008151668818,35.63599892156052],[139.79785564437088,35.63738809346151],[139.7970284620908,35.63517008790531],[139.79869786632878,35.63378091600431],[139.80202163512692,35.62599454913069]]],[[[139.83286801433508,35.640166437263495],[139.83258226045652,35.63821692711672],[139.82507746122448,35.63738809346151],[139.82536321510307,35.63432958053664],[139.82091147046845,35.6340610851272],[139.8203550023891,35.639057434485395],[139.822866628585,35.642384442819704],[139.8259196831824,35.64266461194259],[139.82452099314517,35.63960609901772],[139.83286801433508,35.640166437263495]]],[[[139.84008705968853,35.63183140585754],[139.83841765545054,35.614052340267534],[139.83536460085315,35.61239467295711],[139.83091285621853,35.618219855970516],[139.83313872853583,35.619609027871505],[139.83146932429784,35.62127836889539],[139.8275890874204,35.61988919699439],[139.82619039738316,35.63044223395655],[139.84008705968853,35.63183140585754]]],[[[139.7736417630812,35.62025108211146],[139.7713406923748,35.623134489334525],[139.7825903713839,35.62961340030134],[139.78453048982263,35.626554887376464],[139.780078745188,35.62377654357448],[139.78147743522524,35.622947709919266],[139.79257671745617,35.609336160032235],[139.78675636213995,35.60211013140439],[139.7734161679139,35.618500025093404],[139.7736417630812,35.62025108211146]]],[[[139.79785564437088,35.61767119143819],[139.79424612169416,35.613772171144646],[139.78508695790197,35.62488554635259],[139.78980941673734,35.62738372103168],[139.79647199401145,35.61878019421629],[139.79785564437088,35.61767119143819]]],[[[139.81035361663902,35.61294333748943],[139.81703123359097,35.60961632915513],[139.81674547971238,35.608227157254134],[139.8039767932435,35.60154979315861],[139.8045332613228,35.6007209595034],[139.79147882097533,35.59377509999844],[139.79036588481668,35.595444441022316],[139.79869786632878,35.60655781623025],[139.81035361663902,35.61294333748943]]],[[[139.82674686546247,35.59683361292331],[139.81313595703566,35.58933908888603],[139.80564619748148,35.59933178760241],[139.82008428818835,35.60710648076258],[139.82674686546247,35.59683361292331]]]],"type":"MultiPolygon"},"id":"geoshape:13:2000-10-01:12475adf718aac94716d","properties":{"administrativeCode":"13108","jurisdictionId":"geoshape:13:2000-10-01:12475adf718aac94716d","municipalityName":"江東区","prefectureName":"東京都","snapshotDate":"2000-10-01","sourceDataset":"historical-administrative-areas-beta","sourceProvider":"Geoshape","sourceResourceId":"gci:13108A1968"},"type":"Feature"},{"geometry":{"coordinates":[[[[139.15472894144582,34.1942719626],[139.15155556942585,34.19255592672231],[139.14877322902922,34.19672344242528],[139.14627664251117,34.194225267746184],[139.14656239638973,34.189217244674545],[139.14544946023108,34.187279408241224],[139.1434943021145,34.18949741379743],[139.1423964056337,34.18561006721735],[139.141283469475,34.186999239118336],[139.13627525676108,34.185890236340235],[139.1329514879629,34.186999239118336],[139.1323950198836,34.18532989809446],[139.12908629076327,34.18422089531635],[139.12824406880537,34.186999239118336],[139.12547676808654,34.18671906999545],[139.1249203000072,34.18949741379743],[139.12296514189066,34.188108241896444],[139.12019784117183,34.189217244674545],[139.11935561921393,34.19338476037752],[139.12186724540982,34.19922161710437],[139.12905621140763,34.20143962266058],[139.13210926600502,34.20143962266058],[139.13322220216367,34.20505847383123],[139.1323950198836,34.2106151614352],[139.13072561564562,34.2128331669914],[139.13043986176703,34.2164403444486],[139.133778670243,34.218109685472484],[139.12877045752904,34.21977902649637],[139.12822902912754,34.222837539421235],[139.13183855180426,34.22394654219934],[139.13404938444376,34.22338620395356],[139.13627525676108,34.225055544977444],[139.1368317248404,34.22783388877943],[139.1340794637994,34.234744727144026],[139.13489160640165,34.23699775384059],[139.1368317248404,34.23727792296348],[139.1368317248404,34.24088510042068],[139.14017053331636,34.243383275099774],[139.1434943021145,34.24366344422266],[139.14877322902922,34.239776097642576],[139.15489437790183,34.23949592851969],[139.1590603686579,34.23727792296348],[139.16766306437074,34.23393924091572],[139.1701596508888,34.230892401704295],[139.17127258704747,34.22588437863266],[139.17127258704747,34.22227720117546],[139.17267127708467,34.21838985459537],[139.1754385778035,34.21617184903917],[139.173227745164,34.21366200064662],[139.17349845936477,34.21144399509041],[139.17599504588284,34.207836817633215],[139.1748821097242,34.204217966462565],[139.17155834092603,34.20533864295412],[139.1701596508888,34.20449813558545],[139.1687760005294,34.20838548216554],[139.16543719205342,34.20810531304265],[139.1573909644199,34.20477830470834],[139.15322497366384,34.20061078900537],[139.15627802826123,34.19755227608049],[139.15472894144582,34.1942719626]]],[[[139.1910046443469,34.2117241642133],[139.18822230395023,34.210883656844636],[139.18766583587092,34.212272828745625],[139.1910046443469,34.2117241642133]]],[[[139.1929447627856,34.20810531304265],[139.19211758050554,34.20588730748645],[139.18904948623032,34.20838548216554],[139.19183182662695,34.209225989534204],[139.1929447627856,34.20810531304265]]],[[[139.07658277549476,34.188108241896444],[139.07658277549476,34.18561006721735],[139.07491337125677,34.18617040546312],[139.07658277549476,34.188108241896444]]]],"type":"MultiPolygon"},"id":"geoshape:13:2000-10-01:17a5af00a2462342efe9","properties":{"administrativeCode":"13364","jurisdictionId":"geoshape:13:2000-10-01:17a5af00a2462342efe9","municipalityName":"神津島村","prefectureName":"東京都","snapshotDate":"2000-10-01","sourceDataset":"historical-administrative-areas-beta","sourceProvider":"Geoshape","sourceResourceId":"gci:13364A1968"},"type":"Feature"},{"geometry":{"coordinates":[[[[139.68027544317664,35.600662590936125],[139.68062135576648,35.59486075534963],[139.675658262086,35.5917905687113],[139.66967247031377,35.59909831333333],[139.66439354339906,35.599670325292564],[139.6626790201276,35.59840956423956],[139.65974628295277,35.599985515555815],[139.65577580800837,35.59647172780625],[139.65297842793393,35.595934736987374],[139.65705418062305,35.59341321488137],[139.65512910186214,35.59014457511434],[139.65043672238238,35.59258438122616],[139.64891771492262,35.59487242906309],[139.63987886855298,35.60012560011726],[139.63700629008943,35.60305570219414],[139.6319379186642,35.60568228772122],[139.63135137122921,35.60714150190294],[139.62474895266638,35.60988482456456],[139.62396688941976,35.610947132488846],[139.618026216681,35.613877234565734],[139.61557474919638,35.61332857003341],[139.61219082168697,35.61585009213941],[139.60898737031135,35.61648047266591],[139.6047311414884,35.6158267447125],[139.6000688413643,35.61839496167232],[139.59310547053377,35.6175661280171],[139.59023289207022,35.61842998281268],[139.58933051140104,35.62126669518193],[139.5902178523924,35.62453533494897],[139.59229332793151,35.62426683953954],[139.59400785120297,35.627056857054974],[139.59127062983978,35.63104926705614],[139.59140598694015,35.63305714577018],[139.58766110716306,35.63506502448422],[139.58442757643184,35.641147029193604],[139.58704448037244,35.64314323419419],[139.58763102780742,35.6461667259787],[139.58955610656832,35.64513943919478],[139.5920526930864,35.64590990428272],[139.59196245501948,35.65136152846561],[139.59307539117813,35.651524960453955],[139.592338446965,35.65543565446095],[139.58993209851383,35.65711666919829],[139.58904475752246,35.66236984025246],[139.58656321068221,35.66395746528217],[139.5901276143255,35.66579023829439],[139.58887932106646,35.66940908946505],[139.58850332912095,35.67051809224315],[139.5824874579931,35.673389825752764],[139.58663840907133,35.67397351142545],[139.5867737661717,35.677802489438264],[139.58812733717548,35.680043842421384],[139.58531491742318,35.682040047421964],[139.59116535209503,35.68161979373763],[139.59417328765898,35.68214511084305],[139.60325725306205,35.680650875520975],[139.60837074352077,35.67636662268346],[139.60891217192227,35.6703546602548],[139.616191375987,35.6698993854301],[139.61655232825467,35.67264270809173],[139.61210058362005,35.67462723937886],[139.6103108619595,35.67664679180635],[139.61901883541708,35.67382175315055],[139.62503470654497,35.67013285969918],[139.62504974622277,35.66912892034216],[139.63258462481045,35.66808995984478],[139.63911184498417,35.665848606861665],[139.64127755859022,35.66719108390884],[139.64772958037486,35.66842849753493],[139.65033144463766,35.6698993854301],[139.6551140621843,35.67055311338351],[139.66174656010278,35.67252597095719],[139.662062393337,35.67144031560599],[139.67269544555552,35.672292496688115],[139.67281576297808,35.66740121075101],[139.67499651626193,35.66387574928799],[139.67949337993002,35.65732679604045],[139.68420079908756,35.652272078115],[139.6843060768323,35.64376194100724],[139.68608075881502,35.64053999609401],[139.68609579849286,35.638041821414916],[139.68203508548154,35.63113098305032],[139.67959865767475,35.625072325767846],[139.67198858069798,35.62970679000897],[139.66415290855394,35.631901448138265],[139.66147584590203,35.631702995009555],[139.66180671881406,35.627488784452765],[139.66349116272988,35.62670664565137],[139.6664990982938,35.61852337252031],[139.66476953534453,35.61827822453778],[139.66263390109415,35.61280325292799],[139.6632054088513,35.60867075836538],[139.66849937544382,35.60651112137644],[139.67340231041305,35.60818046240032],[139.6772524679349,35.607935314417794],[139.67929786411835,35.60557722430014],[139.68027544317664,35.600662590936125]]]],"type":"MultiPolygon"},"id":"geoshape:13:2000-10-01:1f231c5e4e4cd7b49f2d","properties":{"administrativeCode":"13112","jurisdictionId":"geoshape:13:2000-10-01:1f231c5e4e4cd7b49f2d","municipalityName":"世田谷区","prefectureName":"東京都","snapshotDate":"2000-10-01","sourceDataset":"historical-administrative-areas-beta","sourceProvider":"Geoshape","sourceResourceId":"gci:13112A1968"},"type":"Feature"},{"geometry":{"coordinates":[[[[139.58763102780742,35.6461667259787],[139.58704448037244,35.64314323419419],[139.58442757643184,35.641147029193604],[139.58766110716306,35.63506502448422],[139.59140598694015,35.63305714577018],[139.59127062983978,35.63104926705614],[139.59400785120297,35.627056857054974],[139.59229332793151,35.62426683953954],[139.5902178523924,35.62453533494897],[139.58933051140104,35.62126669518193],[139.59023289207022,35.61842998281268],[139.58638273454838,35.62044953524017],[139.5800359905085,35.622025486556424],[139.57734388817875,35.621815359714255],[139.5711174615614,35.62440692410098],[139.56770345469636,35.626940119920434],[139.56562797915723,35.62719694161642],[139.56616940755873,35.62944996831298],[139.56197333744706,35.632590197232034],[139.56343218619557,35.64156728287794],[139.56674091531588,35.647590919020054],[139.574320912937,35.65074282165256],[139.57719349140055,35.64933030232466],[139.58086317278855,35.64905013320177],[139.58160011700173,35.64719401276263],[139.58384102899686,35.648501468669444],[139.58557059194612,35.645512998025296],[139.58763102780742,35.6461667259787]]]],"type":"MultiPolygon"},"id":"geoshape:13:2000-10-01:2127abd86ef11154705c","properties":{"administrativeCode":"13219","jurisdictionId":"geoshape:13:2000-10-01:2127abd86ef11154705c","municipalityName":"狛江市","prefectureName":"東京都","snapshotDate":"2000-10-01","sourceDataset":"historical-administrative-areas-beta","sourceProvider":"Geoshape","sourceResourceId":"gci:13219A1970"},"type":"Feature"},{"geometry":{"coordinates":[[[[139.52644961843697,35.717282988338724],[139.5269158484494,35.718508728251365],[139.52999898240242,35.717504788894345],[139.52941243496744,35.71278860865905],[139.53735338485623,35.71131772076388],[139.5494001667898,35.716921103221665],[139.55457381595977,35.72077342866139],[139.55722079925604,35.721730673164586],[139.56564301883506,35.72166063088387],[139.57394492099152,35.71943095161421],[139.58202122798068,35.71394430629096],[139.58665344874913,35.71191308015002],[139.59546669995146,35.70543416918321],[139.59024793174805,35.69482276365378],[139.58827773395367,35.69561657616863],[139.5867136074604,35.69395890885821],[139.58481860805514,35.697250896052154],[139.5797351969521,35.69893191078949],[139.576155753631,35.70146510660894],[139.57257631030993,35.698885215935675],[139.57051587444863,35.69893191078949],[139.5500017539026,35.70675329880348],[139.55066349972665,35.69500954306904],[139.54227135950327,35.69670223151983],[139.54218112143636,35.69528971219193],[139.53651116289834,35.695336407045744],[139.53642092483142,35.698289856549536],[139.53392433831334,35.698978605643305],[139.53219477536408,35.702912647077206],[139.53254068795394,35.70911138892113],[139.5271564832945,35.70990520143598],[139.52738207846178,35.71281195608596],[139.52521636485577,35.71305710406848],[139.52644961843697,35.717282988338724]]]],"type":"MultiPolygon"},"id":"geoshape:13:2000-10-01:33cb7991d53f8202c7f9","properties":{"administrativeCode":"13203","jurisdictionId":"geoshape:13:2000-10-01:33cb7991d53f8202c7f9","municipalityName":"武蔵野市","prefectureName":"東京都","snapshotDate":"2000-10-01","sourceDataset":"historical-administrative-areas-beta","sourceProvider":"Geoshape","sourceResourceId":"gci:13203A1968"},"type":"Feature"},{"geometry":{"coordinates":[[[[139.73150058583045,35.68149138288964],[139.72844753123306,35.68281051250991],[139.72674804763943,35.67928505104689],[139.71957412131945,35.678304459116774],[139.7194688435747,35.674498828530865],[139.7165511460777,35.67343652060658],[139.71485166248408,35.67508251420355],[139.7128965043675,35.674615565665405],[139.7128965043675,35.6772888460463],[139.7147915037728,35.68086100236314],[139.71140757626335,35.683370850755686],[139.70740702196332,35.684468179820335],[139.70548194320241,35.68813372584481],[139.70269960280578,35.687771840727734],[139.702098015693,35.68917268634218],[139.69502936711774,35.68665116423618],[139.68767496466393,35.68159644631072],[139.68498286233418,35.685880699148235],[139.6859754810703,35.687888577862275],[139.6832232200293,35.68871741151749],[139.6839902435981,35.69198605128453],[139.68841190887707,35.69932881704692],[139.6874944885301,35.704009976141855],[139.6888781388895,35.70750041646451],[139.6943225022602,35.71103755164099],[139.69006627343725,35.71148115275223],[139.6827720296947,35.7101270019916],[139.68033560188792,35.711259352196606],[139.68183956966988,35.71315049377611],[139.67908730862888,35.71524008848432],[139.6791023483067,35.71827525398229],[139.67701183308975,35.71943095161421],[139.6735827865469,35.718625465385905],[139.67576353983074,35.72195247372021],[139.67517699239576,35.72370353073827],[139.6773427060018,35.72937695547677],[139.68134326030184,35.72704221278603],[139.6827118709834,35.723645162170996],[139.68662218721653,35.722722938808154],[139.69572119229744,35.721742346878045],[139.6998119846644,35.72355177246337],[139.70459460221105,35.7230147816445],[139.705933133537,35.71884726594152],[139.7045645228554,35.715870469010824],[139.70534658610202,35.71369915830844],[139.71041495752726,35.713454010325904],[139.7121144411209,35.71476146623272],[139.7144155118273,35.713173841203016],[139.72250685849428,35.712263291553626],[139.72325884238526,35.71041884482794],[139.72598102407065,35.70920477862876],[139.7318464984203,35.709263147196026],[139.73241800617745,35.70741870047034],[139.73584705272035,35.70918143120185],[139.74281042355085,35.708130796991014],[139.74586347814824,35.702912647077206],[139.73628320337713,35.69218450441324],[139.73165098260864,35.689616287453426],[139.73001165772632,35.685378729469726],[139.73150058583045,35.68149138288964]]]],"type":"MultiPolygon"},"id":"geoshape:13:2000-10-01:383f9d18387765de215b","properties":{"administrativeCode":"13104","jurisdictionId":"geoshape:13:2000-10-01:383f9d18387765de215b","municipalityName":"新宿区","prefectureName":"東京都","snapshotDate":"2000-10-01","sourceDataset":"historical-administrative-areas-beta","sourceProvider":"Geoshape","sourceResourceId":"gci:13104A1968"},"type":"Feature"},{"geometry":{"coordinates":[[[[139.41500560579317,35.64703058077428],[139.4106140198698,35.64491763863916],[139.4064029100803,35.64525617632931],[139.4047034264867,35.643680225013064],[139.3993643408607,35.641193724047426],[139.39163394646138,35.63980455214643],[139.38984422480084,35.64115870290706],[139.3820235923346,35.64131046118196],[139.37808319674585,35.639325929894824],[139.37718081607667,35.64101861834561],[139.37856446643607,35.644100478697396],[139.37638371315222,35.64540793460421],[139.37050319912473,35.64376194100724],[139.3654348276995,35.646400200247776],[139.35922344075996,35.65282074264732],[139.35740363974378,35.655377285893685],[139.35946407560508,35.65711666919829],[139.35740363974378,35.66012848726935],[139.3608477259645,35.66001175013481],[139.37242827788566,35.665755217154036],[139.3704731197691,35.668556908382925],[139.37241323820783,35.6723975601092],[139.3764438718635,35.676319927829645],[139.37671458606425,35.67838617511095],[139.37513541989318,35.68158477259727],[139.37519557860446,35.685787309440606],[139.3780531173902,35.687678451020105],[139.37964732323908,35.68675622765726],[139.37626339572967,35.69163583988092],[139.38509168660983,35.6912856284773],[139.39513819139336,35.689184360055634],[139.4125240589529,35.683580977597856],[139.4175623510225,35.682763817656095],[139.42240512728043,35.679144966485445],[139.42981968844555,35.67082160879295],[139.44091897067645,35.65997672899445],[139.4420168671573,35.65795717656695],[139.43833214609148,35.65458347337883],[139.43770047962306,35.650042398845336],[139.43404583791286,35.6508595587871],[139.4324666717418,35.64794113042367],[139.429864807479,35.64715899162227],[139.42714262579364,35.64372691986688],[139.42141250854434,35.64626011568633],[139.41681036713152,35.64905013320177],[139.41500560579317,35.64703058077428]]]],"type":"MultiPolygon"},"id":"geoshape:13:2000-10-01:3b56294d6c6e0cfc1137","properties":{"administrativeCode":"13212","jurisdictionId":"geoshape:13:2000-10-01:3b56294d6c6e0cfc1137","municipalityName":"日野市","prefectureName":"東京都","snapshotDate":"2000-10-01","sourceDataset":"historical-administrative-areas-beta","sourceProvider":"Geoshape","sourceResourceId":"gci:13212A1968"},"type":"Feature"},{"geometry":{"coordinates":[[[[139.53130743437274,35.740268530129086],[139.52956283174564,35.73964982331604],[139.52016303310833,35.73343940775867],[139.52111053281098,35.738949400508815],[139.51510970136093,35.73911283249717],[139.51262815452068,35.73798048229216],[139.50817640988606,35.73838906226304],[139.50856744150937,35.741272469486105],[139.50673260081538,35.74201958714714],[139.5056046249789,35.73205023585767],[139.50443153010897,35.73220199413257],[139.50471728398753,35.74102732150358],[139.50378482396272,35.74284842080236],[139.4980998257469,35.74586023887342],[139.49815998445817,35.74434265612443],[139.49097101846036,35.741459248901364],[139.4894068919671,35.74489132065676],[139.4857372105791,35.743875707586284],[139.48730133707235,35.74898879407901],[139.49387367627955,35.75382171144885],[139.49476101727092,35.75828106998817],[139.50479248237664,35.761106108643965],[139.5085824811872,35.76205167943372],[139.51637303429777,35.76557714089674],[139.52138124701173,35.767573345897326],[139.5302997759588,35.76834381098527],[139.54783604029654,35.77398221458341],[139.5470238976943,35.76800527329511],[139.54762548480707,35.76617250028288],[139.54697877866084,35.760300622415656],[139.5445874698875,35.754755608525144],[139.53351826701223,35.744902994370214],[139.52841981623135,35.74472788866841],[139.5271715229723,35.74365390703066],[139.53130743437274,35.740268530129086]]]],"type":"MultiPolygon"},"id":"geoshape:13:2000-10-01:3cc287f5e5a9ceea0487","properties":{"administrativeCode":"13222","jurisdictionId":"geoshape:13:2000-10-01:3cc287f5e5a9ceea0487","municipalityName":"東久留米市","prefectureName":"東京都","snapshotDate":"2000-10-01","sourceDataset":"historical-administrative-areas-beta","sourceProvider":"Geoshape","sourceResourceId":"gci:13222A1970"},"type":"Feature"},{"geometry":{"coordinates":[[[[139.5222685880031,35.68736326075686],[139.51826803370307,35.69125060733695],[139.51526009813912,35.690001519997395],[139.51456827295942,35.686090825990405],[139.50518351399995,35.686978028212884],[139.50303284007174,35.684678306662505],[139.50112280098864,35.68457324324142],[139.50294260200482,35.687269871049224],[139.4998895474074,35.687176481341595],[139.49870141285967,35.68563555116571],[139.49543780277278,35.68689631221871],[139.49578371536265,35.68864736923677],[139.48903090002162,35.6909587645006],[139.48781268611822,35.69197437757107],[139.48958736810093,35.695453144180284],[139.49143724847275,35.70025104040976],[139.48445883796444,35.70225891912379],[139.4874216544949,35.70646145596713],[139.48572217090128,35.70837594497354],[139.49161772460658,35.70807242842375],[139.49232458946412,35.70996357000325],[139.49539268373934,35.709636706026544],[139.4959040327852,35.713162167489564],[139.50058137258713,35.7123216601209],[139.5078154576184,35.71221659669982],[139.5085824811872,35.71636076497588],[139.5147637887711,35.717212946058005],[139.52314088931664,35.71906906649714],[139.52291529414936,35.71763319974234],[139.52644961843697,35.717282988338724],[139.52521636485577,35.71305710406848],[139.52738207846178,35.71281195608596],[139.5271564832945,35.70990520143598],[139.53254068795394,35.70911138892113],[139.53219477536408,35.702912647077206],[139.53392433831334,35.698978605643305],[139.5341950525141,35.69488113222105],[139.531367593084,35.69461263681161],[139.53216469600844,35.688775780084754],[139.5285401336539,35.69066692166426],[139.5248704522659,35.69010658341848],[139.5269158484494,35.68421135812436],[139.52362215900686,35.68814539955826],[139.5222685880031,35.68736326075686]]]],"type":"MultiPolygon"},"id":"geoshape:13:2000-10-01:4bdc65e2a036e281f15c","properties":{"administrativeCode":"13210","jurisdictionId":"geoshape:13:2000-10-01:4bdc65e2a036e281f15c","municipalityName":"小金井市","prefectureName":"東京都","snapshotDate":"2000-10-01","sourceDataset":"historical-administrative-areas-beta","sourceProvider":"Geoshape","sourceResourceId":"gci:13210A1968"},"type":"Feature"},{"geometry":{"coordinates":[[[[139.6779593327924,35.73068441138359],[139.67874139603902,35.734419999688775],[139.68075671286687,35.738750947380105],[139.68961508310267,35.74131916433992],[139.69257789963314,35.74363055960376],[139.69453305774968,35.74222971398931],[139.69886448496175,35.742393145977665],[139.69922543722942,35.73971986559676],[139.70098507953432,35.73990664501202],[139.70232361086028,35.736147709279926],[139.7082943629547,35.74163435460317],[139.7104299972051,35.745790196592694],[139.71951396260818,35.74504307893166],[139.72001027197624,35.741786112878074],[139.72361979465293,35.73992999243893],[139.72790610283155,35.74471621495495],[139.73262856166693,35.74508977378547],[139.73178633970903,35.74331536934051],[139.73554625916395,35.740548699251974],[139.74105078124595,35.74234645112385],[139.74657034300577,35.739848276444754],[139.74954819921408,35.736544615537355],[139.75275165058966,35.73506205392873],[139.7491872469464,35.73287906951289],[139.74461518488923,35.735832519016675],[139.74244947128318,35.73378961916228],[139.74351728840838,35.73289074322634],[139.7408552654343,35.73035754740688],[139.73908058345157,35.73185178272896],[139.7359673701429,35.72935360804986],[139.73738109985794,35.72690212822459],[139.73196681584287,35.7241004369957],[139.72987630062593,35.72628342141154],[139.72647733343868,35.72705388649948],[139.7227474933394,35.725151071206525],[139.72471769113378,35.720014637286894],[139.7183107883826,35.71776161059033],[139.71760392352508,35.71449297082329],[139.72250685849428,35.712263291553626],[139.7144155118273,35.713173841203016],[139.7121144411209,35.71476146623272],[139.71041495752726,35.713454010325904],[139.70534658610202,35.71369915830844],[139.7045645228554,35.715870469010824],[139.705933133537,35.71884726594152],[139.70459460221105,35.7230147816445],[139.6998119846644,35.72355177246337],[139.69572119229744,35.721742346878045],[139.68662218721653,35.722722938808154],[139.6827118709834,35.723645162170996],[139.68134326030184,35.72704221278603],[139.6773427060018,35.72937695547677],[139.6779593327924,35.73068441138359]]]],"type":"MultiPolygon"},"id":"geoshape:13:2000-10-01:4ffd730c86525cfb578c","properties":{"administrativeCode":"13116","jurisdictionId":"geoshape:13:2000-10-01:4ffd730c86525cfb578c","municipalityName":"豊島区","prefectureName":"東京都","snapshotDate":"2000-10-01","sourceDataset":"historical-administrative-areas-beta","sourceProvider":"Geoshape","sourceResourceId":"gci:13116A1968"},"type":"Feature"},{"geometry":{"coordinates":[[[[139.32939975964356,35.712064838424915],[139.32873801381947,35.711247678483154],[139.32451186435216,35.71296371436085],[139.32267702365814,35.7167343238064],[139.31923293743745,35.71905739278369],[139.31589412896147,35.71424782284076],[139.31359305825507,35.713955980004414],[139.3084946074742,35.71588214272428],[139.3049753228644,35.71157454245986],[139.30350143443806,35.713594094887355],[139.30135076050985,35.711772995588575],[139.29584623842786,35.711469479038776],[139.29425203257895,35.713372294331734],[139.28537862266535,35.71334894690482],[139.27680600630814,35.71396765371787],[139.27390334848894,35.715006614215255],[139.27221890457312,35.7126485240976],[139.2685341835073,35.70994022257634],[139.26071355104108,35.71048888710867],[139.25817184548956,35.71220492298636],[139.2519454188722,35.712263291553626],[139.24962930848798,35.71048888710867],[139.24579419064395,35.71139943675806],[139.2450572464308,35.713360620618275],[139.2433126438037,35.712473418395795],[139.2403949463067,35.7142128017004],[139.2373418917093,35.71330225205101],[139.23561232876003,35.7148431822269],[139.21887316734674,35.716909429508206],[139.2172488821422,35.71887061336843],[139.2101200748557,35.71361744231426],[139.20691662348008,35.712765261232136],[139.20445011631767,35.70729028962235],[139.20535249698685,35.703204489913546],[139.20481106858534,35.69972572330434],[139.20049468105108,35.699153711345105],[139.20016380813905,35.69012993084539],[139.1994268639259,35.6882854841197],[139.19326059601983,35.68905594920765],[139.19136559661456,35.68783020929501],[139.18688377262427,35.68802866242372],[139.184071352872,35.68905594920765],[139.18198083765506,35.68806368356408],[139.1787924259573,35.68924272862291],[139.17140794414783,35.6887407589444],[139.16967838119857,35.69087704850642],[139.17182905512678,35.692639779237936],[139.1725960786956,35.696853989794725],[139.17220504707228,35.701593517456935],[139.16531687463086,35.706239655411515],[139.16521159688614,35.71155119503295],[139.16644485046734,35.7140610434255],[139.165722945932,35.71842701225719],[139.16722691371396,35.72176569430495],[139.1655875888316,35.72450901696658],[139.16623429497787,35.729096786353885],[139.1643693749282,35.73263392153036],[139.1658733427102,35.736019298431934],[139.16409866072746,35.74133083805337],[139.15657882181765,35.744692867528045],[139.15397695755482,35.75009779685711],[139.1488333877405,35.75430033370045],[139.1407270013957,35.75544435761891],[139.14041116816148,35.75901651393575],[139.14463731762882,35.76020723270803],[139.14720910253598,35.762133395427895],[139.14370485760398,35.766160826569426],[139.13877184327913,35.76820372642382],[139.13609478062725,35.77025829999168],[139.13762882776484,35.77242961069407],[139.13929823200283,35.772009357009736],[139.14281751661264,35.77637532584142],[139.14474259537354,35.77694733780066],[139.1481415625608,35.77523130192296],[139.1491341812969,35.778838479380155],[139.15385664013226,35.773456897478],[139.15781207539885,35.77321174949547],[139.1582482260556,35.77767110803479],[139.16100048709663,35.77707574864865],[139.1630458832801,35.778243119994016],[139.1770478233302,35.77077194338364],[139.18089798085205,35.768075315575835],[139.18035655245055,35.76579894145236],[139.18148452828703,35.76289218680238],[139.1891848433307,35.76225013256243],[139.1996524590932,35.75810596428636],[139.20432979889512,35.75579456902253],[139.20505170343046,35.75381003773539],[139.21291745493014,35.751638727033004],[139.21237602652863,35.748626908961946],[139.21566971597116,35.74441269840516],[139.21858741346816,35.74443604583206],[139.226107252378,35.74005840328692],[139.23261943287392,35.73889103194155],[139.23943240692623,35.739766560450576],[139.24404958801688,35.73879764223392],[139.245373079665,35.73666135267189],[139.2528477995414,35.73634616240864],[139.25823200420083,35.7352721807709],[139.2629394233584,35.73233040498056],[139.2699178338667,35.73325262834341],[139.2787762041025,35.73329932319722],[139.2844311229627,35.731711698167516],[139.28364905971608,35.73768863945582],[139.28465671813,35.74058372039234],[139.2793025928262,35.74206628200096],[139.28076144157473,35.74608203942904],[139.27988914026116,35.74935067919608],[139.27546747498218,35.75362325832013],[139.26931624675393,35.753553216039414],[139.26854922318515,35.75445209197535],[139.26184152687756,35.755584442180364],[139.2558557351053,35.75939007276627],[139.25686339351924,35.760709202386536],[139.26152569364334,35.75983367387751],[139.26718061250355,35.76004380071968],[139.26931624675393,35.761129456070876],[139.27420414204533,35.760895981801795],[139.2763247366179,35.76168979431665],[139.28772481240523,35.760919329228706],[139.29008604182292,35.76007882186004],[139.29653806360756,35.75454548168298],[139.3025990537689,35.75519920963639],[139.31105135270354,35.750634787675985],[139.31386377245582,35.747120999926416],[139.31670627156373,35.74331536934051],[139.32015035778446,35.73324095462995],[139.32198519847844,35.73272731123799],[139.32873801381947,35.72749748761073],[139.32840714090744,35.72337666676157],[139.32941479932137,35.719629404742925],[139.32939975964356,35.712064838424915]]]],"type":"MultiPolygon"},"id":"geoshape:13:2000-10-01:5089f39e2b1dc6a9adb2","properties":{"administrativeCode":"13228","jurisdictionId":"geoshape:13:2000-10-01:5089f39e2b1dc6a9adb2","municipalityName":"あきる野市","prefectureName":"東京都","snapshotDate":"2000-10-01","sourceDataset":"historical-administrative-areas-beta","sourceProvider":"Geoshape","sourceResourceId":"gci:13228A1995"},"type":"Feature"},{"geometry":{"coordinates":[[[[139.65512910186214,35.59014457511434],[139.65705418062305,35.59341321488137],[139.65297842793393,35.595934736987374],[139.65577580800837,35.59647172780625],[139.65974628295277,35.599985515555815],[139.6626790201276,35.59840956423956],[139.66439354339906,35.599670325292564],[139.66967247031377,35.59909831333333],[139.675658262086,35.5917905687113],[139.68062135576648,35.59486075534963],[139.68027544317664,35.600662590936125],[139.68092214932287,35.60065091722267],[139.68092214932287,35.60065091722267],[139.680410800277,35.604398179241315],[139.68189972838115,35.605740656288496],[139.6847572671669,35.605332076317616],[139.68400528327592,35.613095095764336],[139.6861258778485,35.611682576436436],[139.69129952701846,35.61092378506194],[139.6953903193854,35.60749171330655],[139.69820273913768,35.603581019299554],[139.70106027792343,35.60140970859717],[139.71163317143066,35.600674264649584],[139.71443055150513,35.59999718926927],[139.7153329321743,35.59691532891749],[139.71757384416944,35.5961798849699],[139.71918308969614,35.59184893727858],[139.7210780891014,35.5942887433904],[139.72823697574358,35.59438213309803],[139.73055308612783,35.59215245382837],[139.72892880092328,35.58883711920752],[139.73010189579324,35.587366231312345],[139.73587713207598,35.587366231312345],[139.74395343906514,35.58938578373984],[139.7475780014197,35.58849858151736],[139.75202974605432,35.57849420908752],[139.74953315953624,35.57627620353132],[139.75036034181633,35.57460686250744],[139.75396986449306,35.574081545402024],[139.75646645101114,35.56852485779805],[139.75008962761558,35.567135685897064],[139.74953315953624,35.56630685224185],[139.75396986449306,35.56157899829309],[139.75842160912768,35.56408884668564],[139.7637005360424,35.560189826392104],[139.77091958139584,35.56880502692094],[139.78535767210272,35.57019419882194],[139.80175092092617,35.54713861475085],[139.8036910393649,35.54546927372697],[139.80841349820028,35.53825491881258],[139.79453187557272,35.53185772383994],[139.78424473594407,35.5351964058877],[139.781748149426,35.53852341422201],[139.7764090638,35.534519330507386],[139.7680770822879,35.539340574163774],[139.75648149068894,35.54455872407758],[139.75007458793775,35.54458207150449],[139.74678089849525,35.54382328013],[139.73959193249743,35.54515408346372],[139.73766685373653,35.54439529208923],[139.73494467205117,35.54122004202982],[139.73073356226166,35.54276097220571],[139.726116381171,35.543473068726385],[139.71820551063786,35.53830161366639],[139.7107458304393,35.53653888293488],[139.70346662637456,35.5365855777887],[139.69942095304108,35.53890864676598],[139.69794706461477,35.541453516298894],[139.6984433739828,35.54539923144625],[139.70406821348737,35.55046562308516],[139.70307559475125,35.55332568288132],[139.69778162815874,35.55612737411021],[139.68961508310267,35.55728307174213],[139.6787865150725,35.56299151762099],[139.67598913499802,35.56687886420108],[139.67125163648484,35.578517556514434],[139.6693115180461,35.58471629835836],[139.66440858307686,35.5895725631551],[139.65879878325015,35.58943247859366],[139.65512910186214,35.59014457511434]]],[[[139.77255890627816,35.59546778844923],[139.77535628635263,35.591837263565125],[139.77564204023122,35.58933908888603],[139.76869370907852,35.582661724790505],[139.77063382751726,35.58127255288951],[139.77591275443197,35.58600040683827],[139.77813862674927,35.586280575961155],[139.7856434259813,35.580747235784095],[139.78313179978542,35.5771400583269],[139.7664678367612,35.5771400583269],[139.7664678367612,35.578529230227886],[139.7611889098465,35.5771400583269],[139.75563926873104,35.577116710899986],[139.75396986449306,35.578225713678094],[139.74924740565768,35.588872140347874],[139.75601526067652,35.58925737289185],[139.75597014164308,35.58492642520052],[139.7625575205281,35.5850081411947],[139.7625575205281,35.59460393365365],[139.76541505931382,35.59448719651911],[139.76679870967325,35.59256103379925],[139.77255890627816,35.59546778844923]]],[[[139.75757938716978,35.574081545402024],[139.7642570041217,35.5746418836478],[139.7734161679139,35.57436171452491],[139.76535490060255,35.564917680340855],[139.75842160912768,35.568244688675165],[139.75702291909045,35.57130320160004],[139.75757938716978,35.574081545402024]]]],"type":"MultiPolygon"},"id":"geoshape:13:2000-10-01:51b35af5a0f8ea4412aa","properties":{"administrativeCode":"13111","jurisdictionId":"geoshape:13:2000-10-01:51b35af5a0f8ea4412aa","municipalityName":"大田区","prefectureName":"東京都","snapshotDate":"2000-10-01","sourceDataset":"historical-administrative-areas-beta","sourceProvider":"Geoshape","sourceResourceId":"gci:13111A1968"},"type":"Feature"},{"geometry":{"coordinates":[[[[139.8353946802088,35.70301771049829],[139.8344020614727,35.7049555469316],[139.83948547257575,35.70981181172835],[139.8393049964419,35.71087411965264],[139.83361999822606,35.71401434857169],[139.83315376821366,35.71575373187629],[139.8354849182757,35.71786667401141],[139.83904932191896,35.717119556350376],[139.84214749554982,35.719314214479674],[139.85135177837546,35.710850772225726],[139.8562697530225,35.714457949682924],[139.86224050511692,35.71283530351286],[139.86660201168462,35.71290534579359],[139.8685571698012,35.714586360530916],[139.8662711387726,35.718532075678276],[139.86873764593503,35.7237969204459],[139.87054240727338,35.72470747009529],[139.87027169307262,35.72875824866372],[139.87218173215572,35.73004235714363],[139.8729337160467,35.73737344919257],[139.87654323872343,35.737034911502406],[139.877580976493,35.74092225808249],[139.88049867399002,35.740280203842545],[139.88185224499378,35.74435432983789],[139.88504065669156,35.74556839603707],[139.88075434851294,35.749735911740046],[139.8899736710164,35.75076319852398],[139.8928763288356,35.74807824442962],[139.89665128796833,35.746700746242084],[139.8994486680428,35.74438935097825],[139.90096767550259,35.74005840328692],[139.90087743743567,35.737455165186745],[139.897929660583,35.73187513015587],[139.89720775604766,35.726750369949684],[139.89865156511834,35.723446709042285],[139.90397561106653,35.71959438360256],[139.90811152246692,35.713862590296785],[139.9134355684151,35.71051223453557],[139.9162028691339,35.70800238614302],[139.91872953500763,35.69770617087685],[139.91384163971622,35.690935417073696],[139.90863791119062,35.68550714031772],[139.90378009525486,35.68311402905971],[139.8935531143375,35.6820050262816],[139.88794331451075,35.67999714756756],[139.88642430705096,35.67856128081276],[139.88564224380434,35.672070696132494],[139.88723644965322,35.668790382652],[139.8873868464314,35.656171098408535],[139.88690557674119,35.65373129229671],[139.88341637148702,35.64544295574457],[139.88147625304828,35.64516278662168],[139.87258780345687,35.641555609164485],[139.8706326453403,35.638777265362506],[139.86508300422483,35.63821692711672],[139.86036054538945,35.63849709623962],[139.84953197735928,35.64266461194259],[139.84980269156003,35.64905013320177],[139.84502007401338,35.649318628611205],[139.84688499406303,35.67384510057746],[139.848223525389,35.67913329277199],[139.84551638338144,35.68129292976093],[139.84757681924273,35.688098704704444],[139.8476971366653,35.694962848215226],[139.84380186010998,35.69953894388908],[139.8353946802088,35.70301771049829]]],[[[139.85592384043264,35.63821692711672],[139.8592476092308,35.6365592598063],[139.8525850319567,35.63794843170729],[139.85035915963937,35.63738809346151],[139.85147209579802,35.640166437263495],[139.85592384043264,35.63821692711672]]],[[[139.86730887654215,35.6354502570282],[139.86369935386543,35.634609749659525],[139.86036054538945,35.63599892156052],[139.86285713190753,35.63710792433862],[139.86730887654215,35.6354502570282]]]],"type":"MultiPolygon"},"id":"geoshape:13:2000-10-01:521e606776452fdf0ae6","properties":{"administrativeCode":"13123","jurisdictionId":"geoshape:13:2000-10-01:521e606776452fdf0ae6","municipalityName":"江戸川区","prefectureName":"東京都","snapshotDate":"2000-10-01","sourceDataset":"historical-administrative-areas-beta","sourceProvider":"Geoshape","sourceResourceId":"gci:13123A1968"},"type":"Feature"},{"geometry":{"coordinates":[[[[139.52314088931664,35.71906906649714],[139.5147637887711,35.717212946058005],[139.5085824811872,35.71636076497588],[139.5078154576184,35.71221659669982],[139.50058137258713,35.7123216601209],[139.4959040327852,35.713162167489564],[139.49539268373934,35.709636706026544],[139.49232458946412,35.70996357000325],[139.49161772460658,35.70807242842375],[139.48572217090128,35.70837594497354],[139.4802326884971,35.714364559975294],[139.47848808587003,35.70870280895025],[139.47193078634064,35.71102587792754],[139.47202102440755,35.71538017304577],[139.4586657905037,35.71789002143832],[139.45788372725707,35.72080844980175],[139.44612269920208,35.72287469708306],[139.43562500408393,35.724754164949104],[139.43357960790047,35.727088907639846],[139.42311199213796,35.730100725710905],[139.4264357609361,35.73017076799162],[139.42869171260907,35.73006570457054],[139.44246805749188,35.736357836122096],[139.44612269920208,35.7349686642211],[139.45098051513781,35.73699989036205],[139.46638114522517,35.74408583442845],[139.47099832631582,35.74275503109473],[139.4772548322888,35.73990664501202],[139.47713451486624,35.73750186004056],[139.47881895878206,35.735225485917084],[139.48621848026934,35.73450171568295],[139.48728629739452,35.74096895293631],[139.48515066314414,35.740887236942136],[139.4857372105791,35.743875707586284],[139.4894068919671,35.74489132065676],[139.49097101846036,35.741459248901364],[139.49815998445817,35.74434265612443],[139.4980998257469,35.74586023887342],[139.50378482396272,35.74284842080236],[139.50471728398753,35.74102732150358],[139.50443153010897,35.73220199413257],[139.5056046249789,35.73205023585767],[139.50673260081538,35.74201958714714],[139.50856744150937,35.741272469486105],[139.50817640988606,35.73838906226304],[139.51262815452068,35.73798048229216],[139.51510970136093,35.73911283249717],[139.52111053281098,35.738949400508815],[139.52016303310833,35.73343940775867],[139.51670390720983,35.730579347962504],[139.5176814862681,35.72745079275691],[139.52332136545047,35.723248255913575],[139.52467493645426,35.7194076041873],[139.52314088931664,35.71906906649714]]]],"type":"MultiPolygon"},"id":"geoshape:13:2000-10-01:59daf417f3656aad0dd7","properties":{"administrativeCode":"13211","jurisdictionId":"geoshape:13:2000-10-01:59daf417f3656aad0dd7","municipalityName":"小平市","prefectureName":"東京都","snapshotDate":"2000-10-01","sourceDataset":"historical-administrative-areas-beta","sourceProvider":"Geoshape","sourceResourceId":"gci:13211A1968"},"type":"Feature"},{"geometry":{"coordinates":[[[[139.738042845682,35.78021597756769],[139.7425246696723,35.781663518035955],[139.7462845891272,35.783893197305616],[139.74670570010616,35.786811625669046],[139.7500294689043,35.78593609716002],[139.7549925625848,35.786893341663216],[139.75559414969757,35.79003357058227],[139.7599706959431,35.79434117084669],[139.76076779886756,35.79741135748502],[139.75529335614118,35.80317817193115],[139.75064609569492,35.80666861225381],[139.75190942863176,35.81094119137787],[139.75520311807426,35.8107310645357],[139.7612641082356,35.81289070152464],[139.7657760115815,35.8157507613208],[139.76621216223828,35.81747847091195],[139.77085942268457,35.81738508120432],[139.77744680156957,35.810661022254976],[139.78149247490308,35.80714723450541],[139.78791441733208,35.80669195968072],[139.79242632067798,35.80529111406627],[139.79883322342914,35.80618999000221],[139.80229234932767,35.808548080119856],[139.81328635381385,35.80832627956424],[139.8196481375316,35.811781698746536],[139.8210468275688,35.81507368594048],[139.82492706444629,35.81191010959453],[139.82074603401242,35.8055362620488],[139.8196481375316,35.799582668187405],[139.82047531981166,35.79753976833301],[139.82604000060496,35.79336057891658],[139.83276273659035,35.79568364789387],[139.83689864799075,35.80045819669643],[139.83951555193138,35.800703344678965],[139.84386201882128,35.799489278479776],[139.84674963696264,35.79651248154908],[139.8446440820679,35.794738077104114],[139.84431320915587,35.79118926821418],[139.8452607088585,35.78771050160498],[139.84966733445967,35.77967898674882],[139.85775868112665,35.77083031195091],[139.85879641889622,35.76791188358748],[139.8565705465789,35.76442144326482],[139.85217896065555,35.765752246598545],[139.85129161966418,35.76988474116116],[139.8457870975822,35.76951118233064],[139.8416812655374,35.766440995692314],[139.83766567155956,35.765763920312],[139.8374701557479,35.76318402963873],[139.8323416256114,35.763837757592135],[139.8308978165407,35.76227347998934],[139.83100309428545,35.75907488250302],[139.82754396838692,35.75734717291187],[139.82542337381435,35.75912157735684],[139.8262355164166,35.76168979431665],[139.82437059636698,35.76178318402428],[139.82354341408688,35.75586461130325],[139.82024972464438,35.755981348437786],[139.81973837559852,35.76045238069056],[139.8135420283368,35.75967024188916],[139.8134668299477,35.754475439402256],[139.81791857458234,35.748008202148895],[139.8203550023891,35.74343210647504],[139.81724178908044,35.742089629427866],[139.81448952803945,35.73880931594737],[139.81303067929093,35.74073547866723],[139.80910532337998,35.740863889515225],[139.80244274610587,35.738634210245564],[139.79480258977347,35.73982492901784],[139.79242632067798,35.740770499807596],[139.7889371154238,35.744401024691705],[139.78868144090086,35.74702761021879],[139.7912231464524,35.74998105972258],[139.7887867186456,35.75250258182858],[139.78247005396133,35.75414857542555],[139.77164148593118,35.75361158460668],[139.75795537911526,35.75486067194623],[139.75121760345206,35.756074738145415],[139.7483450249885,35.758094290572906],[139.74888645339,35.759810326450605],[139.75816593460473,35.76459654896662],[139.76006093401003,35.76793523101439],[139.75794033943745,35.770176583997504],[139.75127776216334,35.76743326133588],[139.74572812104788,35.76712974478608],[139.73617792563238,35.77062018510874],[139.73571169561995,35.772593042682416],[139.737877409226,35.777425960052256],[139.738042845682,35.78021597756769]]]],"type":"MultiPolygon"},"id":"geoshape:13:2000-10-01:61a96d85f52e327794b3","properties":{"administrativeCode":"13121","jurisdictionId":"geoshape:13:2000-10-01:61a96d85f52e327794b3","municipalityName":"足立区","prefectureName":"東京都","snapshotDate":"2000-10-01","sourceDataset":"historical-administrative-areas-beta","sourceProvider":"Geoshape","sourceResourceId":"gci:13121A1968"},"type":"Feature"},{"geometry":{"coordinates":[[[[139.39167906549483,35.76335913534054],[139.39871763471444,35.764736633528074],[139.40028176120768,35.76774845159913],[139.404342474219,35.76910260235976],[139.40950108371115,35.76869402238888],[139.4158929467845,35.76627756370396],[139.4195626281725,35.76590400487344],[139.4222096114688,35.7678068201664],[139.42762389548386,35.766440995692314],[139.43640706733055,35.76721146078026],[139.43962555838397,35.76916097092703],[139.44076857389825,35.76700133393809],[139.44000155032947,35.763744367884506],[139.44054297873097,35.760218906421485],[139.4441525014077,35.75574787416871],[139.44619789759116,35.75565448446108],[139.44875464282052,35.747833096447096],[139.45137154676115,35.74561509089089],[139.45069476125926,35.74199623972024],[139.45098051513781,35.73699989036205],[139.44612269920208,35.7349686642211],[139.44246805749188,35.736357836122096],[139.42869171260907,35.73006570457054],[139.4264357609361,35.73017076799162],[139.42580409446768,35.73104629650065],[139.41622381969654,35.73208525699803],[139.4144190583582,35.733030827787786],[139.41356179672246,35.736427878402814],[139.41120056730477,35.73725671205803],[139.41243382088598,35.73903111650299],[139.41100505149313,35.74089891065559],[139.41062905954763,35.74776305416637],[139.40744064784985,35.748626908961946],[139.40726017171602,35.75223408641914],[139.40959132177807,35.756891898087176],[139.40753088591677,35.76084928694799],[139.40513957714344,35.762040005720266],[139.40259787159192,35.76108276121706],[139.40053743573063,35.76195828972609],[139.39167906549483,35.76335913534054]]]],"type":"MultiPolygon"},"id":"geoshape:13:2000-10-01:640a880b77e7907d5f64","properties":{"administrativeCode":"13220","jurisdictionId":"geoshape:13:2000-10-01:640a880b77e7907d5f64","municipalityName":"東大和市","prefectureName":"東京都","snapshotDate":"2000-10-01","sourceDataset":"historical-administrative-areas-beta","sourceProvider":"Geoshape","sourceResourceId":"gci:13220A1970"},"type":"Feature"},{"geometry":{"coordinates":[[[[139.58887932106646,35.66940908946505],[139.58516452064498,35.671288557331096],[139.58045710148744,35.67071654537186],[139.57830642755923,35.67204734870559],[139.57979535566338,35.665533416598414],[139.58214154540323,35.665031446919905],[139.57549400780695,35.66004677127517],[139.57301246096668,35.664144244697425],[139.56884647021064,35.663502190457464],[139.5661393282031,35.66424930811851],[139.56433456686474,35.66903553063453],[139.5644548842873,35.67225747554775],[139.56086040128838,35.68284553365027],[139.5567395295658,35.68272879651573],[139.5521524278308,35.680837654936234],[139.5454296918454,35.682063394848875],[139.54293310532734,35.680464096105716],[139.54139905818974,35.6698993854301],[139.54194048659124,35.667961548996786],[139.5444220334315,35.66660739823615],[139.54159457400138,35.66427265554542],[139.53744362292315,35.66547504803115],[139.53797001164685,35.6676813798739],[139.53557870287352,35.66929235233051],[139.53440560800357,35.66754129531245],[139.531367593084,35.6677047273008],[139.5324354102092,35.6698993854301],[139.52944251432308,35.6727244240859],[139.52944251432308,35.675607831308966],[139.52675041199336,35.674685607946124],[139.52658497553736,35.67913329277199],[139.52538180131177,35.6808960235035],[139.5286754907543,35.6811995400533],[139.5269158484494,35.68421135812436],[139.5248704522659,35.69010658341848],[139.5285401336539,35.69066692166426],[139.53216469600844,35.688775780084754],[139.531367593084,35.69461263681161],[139.5341950525141,35.69488113222105],[139.53392433831334,35.698978605643305],[139.53642092483142,35.698289856549536],[139.53651116289834,35.695336407045744],[139.54218112143636,35.69528971219193],[139.54227135950327,35.69670223151983],[139.55066349972665,35.69500954306904],[139.5500017539026,35.70675329880348],[139.57051587444863,35.69893191078949],[139.57257631030993,35.698885215935675],[139.576155753631,35.70146510660894],[139.5797351969521,35.69893191078949],[139.58481860805514,35.697250896052154],[139.5867136074604,35.69395890885821],[139.59405297023642,35.688997580640375],[139.59056376498225,35.687001375639795],[139.59360177990183,35.68412964213018],[139.59417328765898,35.68214511084305],[139.59116535209503,35.68161979373763],[139.58531491742318,35.682040047421964],[139.58812733717548,35.680043842421384],[139.5867737661717,35.677802489438264],[139.58663840907133,35.67397351142545],[139.5824874579931,35.673389825752764],[139.58850332912095,35.67051809224315],[139.58887932106646,35.66940908946505]]]],"type":"MultiPolygon"},"id":"geoshape:13:2000-10-01:65e51a3bc4cb41f19479","properties":{"administrativeCode":"13204","jurisdictionId":"geoshape:13:2000-10-01:65e51a3bc4cb41f19479","municipalityName":"三鷹市","prefectureName":"東京都","snapshotDate":"2000-10-01","sourceDataset":"historical-administrative-areas-beta","sourceProvider":"Geoshape","sourceResourceId":"gci:13204A1968"},"type":"Feature"},{"geometry":{"coordinates":[[[[139.52314088931664,35.71906906649714],[139.52467493645426,35.7194076041873],[139.52332136545047,35.723248255913575],[139.5176814862681,35.72745079275691],[139.51670390720983,35.730579347962504],[139.52016303310833,35.73343940775867],[139.52956283174564,35.73964982331604],[139.53130743437274,35.740268530129086],[139.534285290581,35.74294181050999],[139.5359396551412,35.742393145977665],[139.5442716366533,35.75099667279305],[139.54594104089128,35.74794983358163],[139.54705397704993,35.741552638608994],[139.54622679476984,35.73071943252395],[139.54899409548867,35.727392424189645],[139.54899409548867,35.71933756190658],[139.5381655274585,35.715998879858816],[139.53150295018438,35.71655921810459],[139.52999898240242,35.717504788894345],[139.5269158484494,35.718508728251365],[139.52644961843697,35.717282988338724],[139.52291529414936,35.71763319974234],[139.52314088931664,35.71906906649714]]]],"type":"MultiPolygon"},"id":"geoshape:13:2000-10-01:69a36053d32762afd695","properties":{"administrativeCode":"13216","jurisdictionId":"geoshape:13:2000-10-01:69a36053d32762afd695","municipalityName":"田無市","prefectureName":"東京都","snapshotDate":"2000-10-01","sourceDataset":"historical-administrative-areas-beta","sourceProvider":"Geoshape","sourceResourceId":"gci:13216A1968"},"type":"Feature"},{"geometry":{"coordinates":[[[[139.58665344874913,35.71191308015002],[139.58202122798068,35.71394430629096],[139.57394492099152,35.71943095161421],[139.56564301883506,35.72166063088387],[139.5659889314249,35.72704221278603],[139.5694179779678,35.73415150427934],[139.56732746275085,35.736357836122096],[139.56824488309786,35.73808554571325],[139.56815464503094,35.74275503109473],[139.5667559549937,35.74743619018967],[139.5688314305328,35.74758794846457],[139.5692675811896,35.74999273343603],[139.56776361340764,35.755070798788395],[139.5627854800493,35.76159640460902],[139.57107234252794,35.76334746162708],[139.56998948572493,35.765367014054576],[139.57459162713775,35.766230868850144],[139.57433595261483,35.76819205271037],[139.57689269784416,35.768075315575835],[139.57815603078103,35.77085365937782],[139.58223178347015,35.77120387078143],[139.58397638609725,35.774834395665536],[139.58653313132658,35.77518460706914],[139.5887740433217,35.778523289116904],[139.59370705764658,35.777204159496634],[139.59414320830334,35.77869839481871],[139.59719626290072,35.77837153084201],[139.5969405883778,35.776410346981784],[139.60438522889854,35.775021175080795],[139.59842951648196,35.77213776785773],[139.59864007197143,35.76909092864631],[139.60316701499514,35.77086533309127],[139.60635542669291,35.77094704908545],[139.60874673546624,35.76883410695032],[139.61127340133996,35.77106378621998],[139.61722911375654,35.77035168969931],[139.6177254231246,35.76665112253448],[139.62298931036148,35.766872923090105],[139.62407216716448,35.77125056563524],[139.62559117462428,35.773013296366756],[139.624282722654,35.77413397285831],[139.62470383363294,35.77983074502372],[139.62518510332316,35.777939603444224],[139.62939621311267,35.77687729551993],[139.62939621311267,35.7720443781501],[139.63472025906083,35.769873067447705],[139.63482553680558,35.76879908580996],[139.6405105350214,35.76911427607321],[139.642962002506,35.77092370165854],[139.6479100565087,35.7686123063947],[139.65111350788428,35.769172644640484],[139.6611299333122,35.768670674961974],[139.6690107244897,35.76653438539994],[139.6706951684055,35.762040005720266],[139.6736880642916,35.75840948083616],[139.67319175492358,35.75540933647855],[139.67502659561757,35.75188387501554],[139.6720637790871,35.74521818463346],[139.67586881757546,35.74539329033527],[139.68083191125595,35.74381733901902],[139.67919258637363,35.740186814134915],[139.68075671286687,35.738750947380105],[139.67874139603902,35.734419999688775],[139.6779593327924,35.73068441138359],[139.6746806830277,35.73305417521469],[139.67144715229648,35.73354447117975],[139.66816850253178,35.731396507904265],[139.66469433695545,35.73097625421993],[139.66224286947084,35.72692547565149],[139.6596109258524,35.72582814658684],[139.64742878681847,35.726750369949684],[139.64739870746283,35.72548960889669],[139.6435635896188,35.72530282948143],[139.63992398758643,35.72630676883845],[139.63641974265445,35.73228371012675],[139.6335471641909,35.73528385448435],[139.62717034079535,35.735108748782544],[139.6245383971769,35.73014742056472],[139.61539427306255,35.730287505126164],[139.60194880109177,35.72600325228865],[139.5956471760853,35.72154389374933],[139.59336114505672,35.71806512714012],[139.5894508288236,35.72028313269633],[139.58680384552733,35.71975781559091],[139.58498404451115,35.71631407012207],[139.58665344874913,35.71191308015002]]]],"type":"MultiPolygon"},"id":"geoshape:13:2000-10-01:6df5cf66664c88b2b62d","properties":{"administrativeCode":"13120","jurisdictionId":"geoshape:13:2000-10-01:6df5cf66664c88b2b62d","municipalityName":"練馬区","prefectureName":"東京都","snapshotDate":"2000-10-01","sourceDataset":"historical-administrative-areas-beta","sourceProvider":"Geoshape","sourceResourceId":"gci:13120A1968"},"type":"Feature"},{"geometry":{"coordinates":[[[[139.35535824356032,35.72530282948143],[139.35334292673247,35.72796443614887],[139.3529067760757,35.7360543195723],[139.35899784559268,35.73732675433875],[139.35987014690622,35.73957978103532],[139.36546490705513,35.739066137643356],[139.36945042167736,35.73589088758395],[139.37027760395745,35.737361775479116],[139.3779628793233,35.73509707506909],[139.37847422836916,35.733509450039385],[139.38116633069887,35.73486360080002],[139.38349748076092,35.733030827787786],[139.3838584330286,35.735517328753424],[139.39113763709332,35.73339271290485],[139.38728747957148,35.737046585215865],[139.38482097240907,35.73787541887108],[139.38411410755154,35.74340875904814],[139.3880695428181,35.73938132790661],[139.3953036278494,35.73349777632593],[139.39826644437986,35.73493364308074],[139.40040207863024,35.73356781860666],[139.40262795094756,35.734221546560065],[139.40864382207545,35.7337079031681],[139.4094710043555,35.73263392153036],[139.4144190583582,35.733030827787786],[139.41622381969654,35.73208525699803],[139.42580409446768,35.73104629650065],[139.4264357609361,35.73017076799162],[139.42311199213796,35.730100725710905],[139.43357960790047,35.727088907639846],[139.43562500408393,35.724754164949104],[139.44612269920208,35.72287469708306],[139.44388178720695,35.71173797444821],[139.44161079585618,35.71582377415701],[139.43654242443094,35.714773139946175],[139.43333897305536,35.718403664830284],[139.42825556195228,35.7173647043329],[139.43562500408393,35.703729807018966],[139.43031599781358,35.70354302760371],[139.4272629432162,35.703624743597885],[139.4255935389782,35.701885360293275],[139.42751861773914,35.698359898830255],[139.43163948946173,35.6969357057889],[139.42989488683463,35.6939355614313],[139.43121837848278,35.69028168912028],[139.42840595873048,35.691122196488955],[139.42470619798684,35.68670953280345],[139.42150274661125,35.68857732695604],[139.4175623510225,35.682763817656095],[139.4125240589529,35.683580977597856],[139.39513819139336,35.689184360055634],[139.38509168660983,35.6912856284773],[139.388580891864,35.69306003292227],[139.39025029610195,35.69883852108186],[139.3929423984317,35.699071995350934],[139.3932582316659,35.7027608888023],[139.3984469205137,35.71164458474058],[139.3956946594727,35.712881998366676],[139.3945666836362,35.71163291102713],[139.3910323593486,35.71533347819196],[139.3889869631651,35.714387907402205],[139.38709196375984,35.71667595523913],[139.3888365663869,35.717901695151774],[139.38549775791094,35.72045823839814],[139.38206871136805,35.720236437842516],[139.37931645032705,35.721718999451134],[139.3817829574895,35.72311984506558],[139.38008347389587,35.72559467231777],[139.37770720480034,35.72421717413023],[139.37635363379658,35.725454587756325],[139.37005200879014,35.72450901696658],[139.37027760395745,35.725839820300294],[139.36540474834385,35.72502266035854],[139.36187042405624,35.726295095124996],[139.36247201116902,35.72417047927642],[139.35535824356032,35.72530282948143]]]],"type":"MultiPolygon"},"id":"geoshape:13:2000-10-01:711a03165360fea32923","properties":{"administrativeCode":"13202","jurisdictionId":"geoshape:13:2000-10-01:711a03165360fea32923","municipalityName":"立川市","prefectureName":"東京都","snapshotDate":"2000-10-01","sourceDataset":"historical-administrative-areas-beta","sourceProvider":"Geoshape","sourceResourceId":"gci:13202A1968"},"type":"Feature"},{"geometry":{"coordinates":[[[[139.76452771832248,35.65619444583544],[139.75947438657505,35.65897278963743],[139.76222664761605,35.66295352592515],[139.76213640954913,35.66687589364559],[139.75801553782654,35.66868531923092],[139.75963982303108,35.67168546358852],[139.76407652798787,35.67316802519714],[139.77000216104884,35.68180657315289],[139.77100981946276,35.68401290499564],[139.76819739971046,35.68844891610806],[139.77770247609251,35.69176425072891],[139.7825903713839,35.6947177002327],[139.78254525235045,35.69657382067184],[139.78890703606817,35.69470602651924],[139.78914767091328,35.691028806781325],[139.79039596417232,35.68928942347672],[139.7923661619667,35.68710643906088],[139.79263687616745,35.684374790112706],[139.789087512202,35.6791566401989],[139.78728275086365,35.675094187917004],[139.7871624334411,35.672280822974656],[139.7888619170347,35.666945935926314],[139.7873128302193,35.666829198791774],[139.7873128302193,35.6626616830888],[139.7884107267001,35.6568365000754],[139.7725889856338,35.646003293990354],[139.7695208913586,35.64905013320177],[139.7734161679139,35.652668984372426],[139.76813724099918,35.65017080969333],[139.76702430484053,35.655167159051516],[139.7695208913586,35.654058156273415],[139.76869370907852,35.65655633095251],[139.77063382751726,35.6579455028535],[139.7689794629571,35.65933467475449],[139.76452771832248,35.65619444583544]]]],"type":"MultiPolygon"},"id":"geoshape:13:2000-10-01:722922366861213fd179","properties":{"administrativeCode":"13102","jurisdictionId":"geoshape:13:2000-10-01:722922366861213fd179","municipalityName":"中央区","prefectureName":"東京都","snapshotDate":"2000-10-01","sourceDataset":"historical-administrative-areas-beta","sourceProvider":"Geoshape","sourceResourceId":"gci:13102A1968"},"type":"Feature"},{"geometry":{"coordinates":[[[[139.50479248237664,35.761106108643965],[139.4971974450777,35.76243691197769],[139.50121303905556,35.76562383575055],[139.49925788093898,35.771670819319574],[139.49767871476791,35.77214944157118],[139.49677633409874,35.77869839481871],[139.49937819836154,35.78217716142792],[139.50670252145974,35.782772520814056],[139.50846216376465,35.78466366239356],[139.51190624998534,35.785083916077895],[139.5137862097128,35.78835255584494],[139.5202833505309,35.78836422955839],[139.5225543418817,35.789228084353965],[139.52339656383958,35.791842996167595],[139.52551715841216,35.79188969102141],[139.52926203818924,35.79413104400452],[139.5368570754882,35.8039486370191],[139.5416848120683,35.80731066649376],[139.5442866763311,35.80663359111345],[139.54718933415032,35.80267620225264],[139.54621175509203,35.7992324567838],[139.54407612084162,35.79650080783563],[139.53981989201867,35.79374581146055],[139.53757898002354,35.7907573408164],[139.54379036696307,35.78818912385658],[139.54379036696307,35.78283088938133],[139.5429782243608,35.77981907131027],[139.53748874195662,35.77687729551993],[139.53431536993665,35.774192341425575],[139.52843485590915,35.77304831750712],[139.52634434069222,35.77161245075231],[139.52305065124972,35.77193931472901],[139.51637303429777,35.76557714089674],[139.5085824811872,35.76205167943372],[139.50479248237664,35.761106108643965]]]],"type":"MultiPolygon"},"id":"geoshape:13:2000-10-01:747d78966f27abf6694e","properties":{"administrativeCode":"13221","jurisdictionId":"geoshape:13:2000-10-01:747d78966f27abf6694e","municipalityName":"清瀬市","prefectureName":"東京都","snapshotDate":"2000-10-01","sourceDataset":"historical-administrative-areas-beta","sourceProvider":"Geoshape","sourceResourceId":"gci:13221A1970"},"type":"Feature"},{"geometry":{"coordinates":[[[[139.35466641838062,35.745603417177435],[139.35654637810808,35.75071650367016],[139.3581105046013,35.75076319852398],[139.35750891748853,35.75351819489905],[139.3590128852705,35.75448711311571],[139.35881736945885,35.75793085858456],[139.36095300370923,35.761106108643965],[139.36737494613823,35.76779514645294],[139.36851796165254,35.77105211250653],[139.36815700938487,35.774110625431405],[139.37090927042587,35.7714373450505],[139.37319530145444,35.77134395534287],[139.37343593629956,35.76875239095615],[139.37901565677066,35.771192197067975],[139.38021883099626,35.766370953411595],[139.38483601208688,35.76521525577967],[139.3917392242061,35.767363219055156],[139.3904909309471,35.76377938902487],[139.39167906549483,35.76335913534054],[139.40053743573063,35.76195828972609],[139.40259787159192,35.76108276121706],[139.40513957714344,35.762040005720266],[139.40753088591677,35.76084928694799],[139.40959132177807,35.756891898087176],[139.40726017171602,35.75223408641914],[139.40744064784985,35.748626908961946],[139.41062905954763,35.74776305416637],[139.41100505149313,35.74089891065559],[139.41243382088598,35.73903111650299],[139.41120056730477,35.73725671205803],[139.41356179672246,35.736427878402814],[139.4144190583582,35.733030827787786],[139.4094710043555,35.73263392153036],[139.40864382207545,35.7337079031681],[139.40262795094756,35.734221546560065],[139.40040207863024,35.73356781860666],[139.39826644437986,35.73493364308074],[139.3953036278494,35.73349777632593],[139.3880695428181,35.73938132790661],[139.38411410755154,35.74340875904814],[139.38482097240907,35.73787541887108],[139.38728747957148,35.737046585215865],[139.39113763709332,35.73339271290485],[139.3838584330286,35.735517328753424],[139.38349748076092,35.733030827787786],[139.38116633069887,35.73486360080002],[139.37847422836916,35.733509450039385],[139.3779628793233,35.73509707506909],[139.37027760395745,35.737361775479116],[139.36945042167736,35.73589088758395],[139.36546490705513,35.739066137643356],[139.35987014690622,35.73957978103532],[139.35490705322573,35.74276670480818],[139.35466641838062,35.745603417177435]],[[139.3566516558528,35.74556839603707],[139.3566516558528,35.74556839603707]]]],"type":"MultiPolygon"},"id":"geoshape:13:2000-10-01:7dd8478c90d01a42aea2","properties":{"administrativeCode":"13223","jurisdictionId":"geoshape:13:2000-10-01:7dd8478c90d01a42aea2","municipalityName":"武蔵村山市","prefectureName":"東京都","snapshotDate":"2000-10-01","sourceDataset":"historical-administrative-areas-beta","sourceProvider":"Geoshape","sourceResourceId":"gci:13223A1970"},"type":"Feature"},{"geometry":{"coordinates":[[[[139.52082477893242,35.64619007340561],[139.52079469957678,35.65359120773527],[139.51703478012186,35.65530724361296],[139.52321608770575,35.66778644329498],[139.52572771390163,35.6698993854301],[139.52644961843697,35.672385886395745],[139.5243290238644,35.67969363101777],[139.5204939060204,35.68163146745108],[139.5222685880031,35.68736326075686],[139.52362215900686,35.68814539955826],[139.5269158484494,35.68421135812436],[139.5286754907543,35.6811995400533],[139.52538180131177,35.6808960235035],[139.52658497553736,35.67913329277199],[139.52675041199336,35.674685607946124],[139.52944251432308,35.675607831308966],[139.52944251432308,35.6727244240859],[139.5324354102092,35.6698993854301],[139.531367593084,35.6677047273008],[139.53440560800357,35.66754129531245],[139.53557870287352,35.66929235233051],[139.53797001164685,35.6676813798739],[139.53744362292315,35.66547504803115],[139.54159457400138,35.66427265554542],[139.5444220334315,35.66660739823615],[139.54194048659124,35.667961548996786],[139.54139905818974,35.6698993854301],[139.54293310532734,35.680464096105716],[139.5454296918454,35.682063394848875],[139.5521524278308,35.680837654936234],[139.5567395295658,35.68272879651573],[139.56086040128838,35.68284553365027],[139.5644548842873,35.67225747554775],[139.56433456686474,35.66903553063453],[139.5661393282031,35.66424930811851],[139.56884647021064,35.663502190457464],[139.57301246096668,35.664144244697425],[139.57549400780695,35.66004677127517],[139.58214154540323,35.665031446919905],[139.57979535566338,35.665533416598414],[139.57830642755923,35.67204734870559],[139.58045710148744,35.67071654537186],[139.58516452064498,35.671288557331096],[139.58887932106646,35.66940908946505],[139.5901276143255,35.66579023829439],[139.58656321068221,35.66395746528217],[139.58904475752246,35.66236984025246],[139.58993209851383,35.65711666919829],[139.592338446965,35.65543565446095],[139.59307539117813,35.651524960453955],[139.59196245501948,35.65136152846561],[139.5920526930864,35.64590990428272],[139.58955610656832,35.64513943919478],[139.58763102780742,35.6461667259787],[139.58557059194612,35.645512998025296],[139.58384102899686,35.648501468669444],[139.58160011700173,35.64719401276263],[139.58086317278855,35.64905013320177],[139.57719349140055,35.64933030232466],[139.574320912937,35.65074282165256],[139.56674091531588,35.647590919020054],[139.56343218619557,35.64156728287794],[139.56197333744706,35.632590197232034],[139.55510020468347,35.6342128434021],[139.55019726971423,35.63417782226174],[139.54752020706235,35.63680440778882],[139.535954694819,35.63947768816973],[139.5308863233938,35.64195251542191],[139.52538180131177,35.64264126451568],[139.52082477893242,35.64619007340561]]]],"type":"MultiPolygon"},"id":"geoshape:13:2000-10-01:7e8004ed6093562eaee4","properties":{"administrativeCode":"13208","jurisdictionId":"geoshape:13:2000-10-01:7e8004ed6093562eaee4","municipalityName":"調布市","prefectureName":"東京都","snapshotDate":"2000-10-01","sourceDataset":"historical-administrative-areas-beta","sourceProvider":"Geoshape","sourceResourceId":"gci:13208A1968"},"type":"Feature"},{"geometry":{"coordinates":[[[[139.77774759512596,32.460912294138815],[139.7805299355226,32.45730511668162],[139.77997346744328,32.45369793922442],[139.78108640360193,32.45230876732343],[139.7791462851632,32.447300744251784],[139.7691448994131,32.44286473313937],[139.76718974129656,32.44286473313937],[139.7638659724984,32.44564307694135],[139.75969998174236,32.445911572350795],[139.75442105482765,32.45119976454532],[139.7546917690284,32.45452677287963],[139.75413530094906,32.467029319988555],[139.7546917690284,32.47091666656864],[139.75914351366302,32.47341484124774],[139.7630237505405,32.47091666656864],[139.76941561361386,32.468967156421876],[139.77331089016917,32.4636906379408],[139.77774759512596,32.460912294138815]]],[[[140.31134032449032,30.490751348269047],[140.31410762520915,30.48714417081185],[140.31328044292906,30.481587483207882],[140.31078385641098,30.476030795603915],[140.30855798409368,30.474361454580034],[140.3038355252583,30.474081285457146],[140.298270844465,30.472692113556153],[140.29577425794696,30.474081285457146],[140.2902246168315,30.478809139405897],[140.28966814875216,30.480746975839214],[140.28632934027618,30.483245150518307],[140.28772803031342,30.48714417081185],[140.29354838562963,30.493529692071032],[140.29800013026426,30.494078356603357],[140.298270844465,30.495199033094913],[140.30439199333762,30.496027866750126],[140.30661786565494,30.495199033094913],[140.31134032449032,30.490751348269047]]]],"type":"MultiPolygon"},"id":"geoshape:13:2000-10-01:7fd614eee4056af58421","properties":{"administrativeCode":"13402","jurisdictionId":"geoshape:13:2000-10-01:7fd614eee4056af58421","municipalityName":"青ヶ島村","prefectureName":"東京都","snapshotDate":"2000-10-01","sourceDataset":"historical-administrative-areas-beta","sourceProvider":"Geoshape","sourceResourceId":"gci:13402A1968"},"type":"Feature"},{"geometry":{"coordinates":[[[[139.8038263964653,33.13117022579722],[139.80489421359047,33.129442516206076],[139.8068343320292,33.13055151898418],[139.80988738662663,33.13000285445185],[139.81100032278528,33.128333513427975],[139.81405337738266,33.12805334430508],[139.8162792497,33.12555516962599],[139.81794865393798,33.11971831289913],[139.82044524045602,33.12027865114491],[139.82572416737074,33.11778047646581],[139.83071734040686,33.117220138220034],[139.83655273540091,33.118060645588706],[139.84238813039494,33.11639130456482],[139.84544118499232,33.11639130456482],[139.84933646154764,33.11055444783797],[139.85072011190704,33.105838267602664],[139.85738268918115,33.098612238974816],[139.85517185654166,33.09583389517283],[139.85432963458376,33.09138621034697],[139.85933784729772,33.08380997031551],[139.85766844305974,33.07972417060671],[139.85461538846235,33.07749449133705],[139.84905070766905,33.07777466045994],[139.84544118499232,33.075556654903735],[139.84267388427352,33.07610531943606],[139.8387786077182,33.07499631665796],[139.8396057899983,33.07333864934753],[139.83795142543815,33.069999967299765],[139.8334996808035,33.066661285252],[139.83488333116293,33.06250544326248],[139.83377039500428,33.05916676121472],[139.83405614888284,33.05417041185653],[139.83710920348022,33.050551560685875],[139.83267249852344,33.0452750422048],[139.82877722196812,33.04861372425256],[139.82100170853536,33.05666858653562],[139.8176629000594,33.05888659209183],[139.81322619510257,33.05944693033761],[139.81017314050519,33.058337927559506],[139.8054506816698,33.05999559486993],[139.80516492779122,33.061945105016704],[139.8009989370352,33.06361444604058],[139.79600576399906,33.06222527413959],[139.79377989168174,33.065272113351014],[139.79072683708435,33.06583245159679],[139.784334974011,33.06917113364455],[139.77961251517561,33.07527648578085],[139.78043969745568,33.078883663238045],[139.77932676129703,33.08695019923456],[139.77988322937637,33.08860786654498],[139.77794311093763,33.09639423341861],[139.77489005634024,33.098892408097704],[139.77266418402291,33.097503236196715],[139.7690546613462,33.09944107263003],[139.76711454290745,33.10167075189969],[139.7651593847909,33.10111041365391],[139.7584968075168,33.102219416432014],[139.75321788060208,33.105838267602664],[139.75183423024265,33.11000578330564],[139.75127776216334,33.11500213266383],[139.74766823948661,33.11888947924392],[139.74432943101064,33.12110748480012],[139.743216494852,33.12583533874888],[139.73989272605382,33.130831688107065],[139.73822332181587,33.14166489419211],[139.73849403601662,33.1455522407722],[139.74071990833392,33.1466612435503],[139.74350224873055,33.15333860764582],[139.74572812104788,33.15555661320203],[139.7521049444434,33.15777461875824],[139.7546165706393,33.15749444963535],[139.758226093316,33.15944395978212],[139.7682274790661,33.15777461875824],[139.77239346982216,33.15888362153634],[139.78377850593165,33.14861075369707],[139.78767378248696,33.14694141267319],[139.78905743284636,33.14527207164931],[139.79600576399906,33.142225232437895],[139.7979458824378,33.13361003190905],[139.8038263964653,33.13117022579722]]],[[[139.67544770659651,33.13278119825384],[139.67683135695592,33.136388375711036],[139.67905722927324,33.13417037015483],[139.68266675194997,33.136388375711036],[139.68738921078534,33.13582803746526],[139.68738921078534,33.13389020103194],[139.69211166962072,33.129722685328964],[139.69600694617603,33.12861368255086],[139.69877424689483,33.12360565947922],[139.69933071497417,33.119449817489695],[139.7007294050114,33.11750030734292],[139.69794706461477,33.11667147368771],[139.69433754193804,33.11750030734292],[139.688502146944,33.11611113544193],[139.6846068703887,33.11750030734292],[139.68044087963264,33.12555516962599],[139.67516195271796,33.130831688107065],[139.67544770659651,33.13278119825384]]]],"type":"MultiPolygon"},"id":"geoshape:13:2000-10-01:812c6f9381f3a3c7acf3","properties":{"administrativeCode":"13401","jurisdictionId":"geoshape:13:2000-10-01:812c6f9381f3a3c7acf3","municipalityName":"八丈町","prefectureName":"東京都","snapshotDate":"2000-10-01","sourceDataset":"historical-administrative-areas-beta","sourceProvider":"Geoshape","sourceResourceId":"gci:13401A1968"},"type":"Feature"},{"geometry":{"coordinates":[[[[139.78254525235045,35.69657382067184],[139.77997346744328,35.698079729707366],[139.78039457842223,35.70033275640394],[139.77316049339098,35.70187368657982],[139.77304017596842,35.70509563149305],[139.7701375181492,35.70535245318903],[139.77123541463004,35.70899465178659],[139.76661823353942,35.70870280895025],[139.7682274790661,35.710453865968304],[139.76762589195332,35.71296371436085],[139.76567073383677,35.713582421173896],[139.76451267864465,35.71727131462527],[139.7686786694007,35.71581210044356],[139.7632493457078,35.72187075772604],[139.7649187499458,35.72721731848784],[139.76278311569538,35.73074277995086],[139.76473827381196,35.73014742056472],[139.76604672578225,35.72753250875108],[139.76976152620372,35.72812786813722],[139.77673993671206,35.72494094436436],[139.7814473558696,35.72461408038766],[139.78445529143355,35.72785937272779],[139.7894635041475,35.72874657495027],[139.79120810677458,35.73122140220246],[139.79505826429642,35.72896837550589],[139.80142004801414,35.72924854462878],[139.8097069104928,35.72813954185068],[139.80842853787811,35.72037652240396],[139.8058868323266,35.716605912958414],[139.79701342241296,35.70776891187395],[139.79254663810053,35.6997607444447],[139.78890703606817,35.69470602651924],[139.78254525235045,35.69657382067184]]]],"type":"MultiPolygon"},"id":"geoshape:13:2000-10-01:846d4358f17f4a66930d","properties":{"administrativeCode":"13106","jurisdictionId":"geoshape:13:2000-10-01:846d4358f17f4a66930d","municipalityName":"台東区","prefectureName":"東京都","snapshotDate":"2000-10-01","sourceDataset":"historical-administrative-areas-beta","sourceProvider":"Geoshape","sourceResourceId":"gci:13106A1968"},"type":"Feature"},{"geometry":{"coordinates":[[[[139.4857372105791,35.743875707586284],[139.48515066314414,35.740887236942136],[139.48728629739452,35.74096895293631],[139.48621848026934,35.73450171568295],[139.47881895878206,35.735225485917084],[139.47713451486624,35.73750186004056],[139.4772548322888,35.73990664501202],[139.47099832631582,35.74275503109473],[139.46638114522517,35.74408583442845],[139.45098051513781,35.73699989036205],[139.45069476125926,35.74199623972024],[139.45137154676115,35.74561509089089],[139.44875464282052,35.747833096447096],[139.44619789759116,35.75565448446108],[139.4441525014077,35.75574787416871],[139.44054297873097,35.760218906421485],[139.44000155032947,35.763744367884506],[139.44076857389825,35.76700133393809],[139.44496464400996,35.766662796247935],[139.44619789759116,35.76794690472784],[139.4513414674055,35.76932440291538],[139.4586657905037,35.76986139373425],[139.46125261508865,35.77338685519727],[139.4698402711237,35.774204015139034],[139.47114872309402,35.773398528910725],[139.47949574428392,35.779935808444804],[139.4849852266881,35.78079966324038],[139.48866994775395,35.77938714391248],[139.49038447102538,35.78090472666146],[139.493753358857,35.77958559704119],[139.49349768433405,35.78169853917632],[139.4959792311743,35.78160514946869],[139.49677633409874,35.77869839481871],[139.49767871476791,35.77214944157118],[139.49925788093898,35.771670819319574],[139.50121303905556,35.76562383575055],[139.4971974450777,35.76243691197769],[139.50479248237664,35.761106108643965],[139.49476101727092,35.75828106998817],[139.49387367627955,35.75382171144885],[139.48730133707235,35.74898879407901],[139.4857372105791,35.743875707586284]]]],"type":"MultiPolygon"},"id":"geoshape:13:2000-10-01:8964e723ffef7a68efb3","properties":{"administrativeCode":"13213","jurisdictionId":"geoshape:13:2000-10-01:8964e723ffef7a68efb3","municipalityName":"東村山市","prefectureName":"東京都","snapshotDate":"2000-10-01","sourceDataset":"historical-administrative-areas-beta","sourceProvider":"Geoshape","sourceResourceId":"gci:13213A1968"},"type":"Feature"},{"geometry":{"coordinates":[[[[139.4420168671573,35.65795717656695],[139.44091897067645,35.65997672899445],[139.42981968844555,35.67082160879295],[139.43172972752865,35.672677729232085],[139.44066329615353,35.67064650309114],[139.44066329615353,35.67175550586924],[139.44473904884265,35.671790527009605],[139.44570158822313,35.6735065628873],[139.45080003900398,35.67155705274053],[139.45343198262245,35.67166211616161],[139.45066468190362,35.673191372624046],[139.4507248406149,35.67664679180635],[139.45228896710813,35.67850291224549],[139.45135650708332,35.68066254923443],[139.45292063357655,35.683557630170945],[139.45358237940064,35.68766677730665],[139.45517658524952,35.69046846853554],[139.45940273471683,35.69238295754195],[139.46024495667476,35.69985413415233],[139.4629671383601,35.699877481579236],[139.46376424128457,35.69542979675337],[139.46681729588195,35.695336407045744],[139.4677647955846,35.69254638953031],[139.46635106586953,35.69056185824317],[139.4637943206402,35.689803066868684],[139.46653154200337,35.6884372423946],[139.47737514971135,35.68933611833054],[139.47821737166927,35.69037507882791],[139.48645911511446,35.69216115698633],[139.48958736810093,35.695453144180284],[139.48781268611822,35.69197437757107],[139.48903090002162,35.6909587645006],[139.49578371536265,35.68864736923677],[139.49543780277278,35.68689631221871],[139.49870141285967,35.68563555116571],[139.4998895474074,35.687176481341595],[139.50294260200482,35.687269871049224],[139.50112280098864,35.68457324324142],[139.50303284007174,35.684678306662505],[139.50518351399995,35.686978028212884],[139.51456827295942,35.686090825990405],[139.51526009813912,35.690001519997395],[139.51826803370307,35.69125060733695],[139.5222685880031,35.68736326075686],[139.5204939060204,35.68163146745108],[139.5243290238644,35.67969363101777],[139.52644961843697,35.672385886395745],[139.52572771390163,35.6698993854301],[139.52321608770575,35.66778644329498],[139.51703478012186,35.65530724361296],[139.52079469957678,35.65359120773527],[139.52082477893242,35.64619007340561],[139.5168392643102,35.64930695489775],[139.51228224193082,35.651163075336896],[139.50679275952666,35.65088290621401],[139.50131831680028,35.64919021776321],[139.49945339675065,35.651443244459784],[139.48645911511446,35.65265731065897],[139.479240069761,35.65198023527866],[139.47399122220193,35.65074282165256],[139.4738107460681,35.64933030232466],[139.46788511300716,35.651209770190704],[139.45526682331644,35.65432665168285],[139.4420168671573,35.65795717656695]]]],"type":"MultiPolygon"},"id":"geoshape:13:2000-10-01:8b27569ec3c00b42f9ae","properties":{"administrativeCode":"13206","jurisdictionId":"geoshape:13:2000-10-01:8b27569ec3c00b42f9ae","municipalityName":"府中市","prefectureName":"東京都","snapshotDate":"2000-10-01","sourceDataset":"historical-administrative-areas-beta","sourceProvider":"Geoshape","sourceResourceId":"gci:13206A1968"},"type":"Feature"},{"geometry":{"coordinates":[[[[139.43031599781358,35.70354302760371],[139.43562500408393,35.703729807018966],[139.42825556195228,35.7173647043329],[139.43333897305536,35.718403664830284],[139.43654242443094,35.714773139946175],[139.44161079585618,35.71582377415701],[139.44388178720695,35.71173797444821],[139.44612269920208,35.72287469708306],[139.45788372725707,35.72080844980175],[139.4586657905037,35.71789002143832],[139.47202102440755,35.71538017304577],[139.47193078634064,35.71102587792754],[139.47848808587003,35.70870280895025],[139.4802326884971,35.714364559975294],[139.48572217090128,35.70837594497354],[139.4874216544949,35.70646145596713],[139.48445883796444,35.70225891912379],[139.49143724847275,35.70025104040976],[139.48958736810093,35.695453144180284],[139.48645911511446,35.69216115698633],[139.47821737166927,35.69037507882791],[139.47737514971135,35.68933611833054],[139.46653154200337,35.6884372423946],[139.4637943206402,35.689803066868684],[139.46635106586953,35.69056185824317],[139.4677647955846,35.69254638953031],[139.46681729588195,35.695336407045744],[139.46376424128457,35.69542979675337],[139.4629671383601,35.699877481579236],[139.46024495667476,35.69985413415233],[139.45940273471683,35.69238295754195],[139.45559769622847,35.694741047659605],[139.44869448410924,35.70091644207662],[139.44161079585618,35.700367777544294],[139.44099416906556,35.7013250220475],[139.4320004417294,35.7016518860242],[139.43031599781358,35.70354302760371]]]],"type":"MultiPolygon"},"id":"geoshape:13:2000-10-01:8d1fa24dfec967e1ba87","properties":{"administrativeCode":"13214","jurisdictionId":"geoshape:13:2000-10-01:8d1fa24dfec967e1ba87","municipalityName":"国分寺市","prefectureName":"東京都","snapshotDate":"2000-10-01","sourceDataset":"historical-administrative-areas-beta","sourceProvider":"Geoshape","sourceResourceId":"gci:13214A1968"},"type":"Feature"},{"geometry":{"coordinates":[[[[139.53130743437274,35.740268530129086],[139.5271715229723,35.74365390703066],[139.52841981623135,35.74472788866841],[139.53351826701223,35.744902994370214],[139.5445874698875,35.754755608525144],[139.54715925479468,35.75338978405106],[139.55204715008605,35.755969674724334],[139.55523556178383,35.75573620045526],[139.55538595856203,35.7577440791693],[139.55777726733535,35.75958852589498],[139.56183798034667,35.759600199608435],[139.5627854800493,35.76159640460902],[139.56776361340764,35.755070798788395],[139.5692675811896,35.74999273343603],[139.5688314305328,35.74758794846457],[139.5667559549937,35.74743619018967],[139.56815464503094,35.74275503109473],[139.56824488309786,35.73808554571325],[139.56732746275085,35.736357836122096],[139.5694179779678,35.73415150427934],[139.5659889314249,35.72704221278603],[139.56564301883506,35.72166063088387],[139.55722079925604,35.721730673164586],[139.55457381595977,35.72077342866139],[139.5494001667898,35.716921103221665],[139.53735338485623,35.71131772076388],[139.52941243496744,35.71278860865905],[139.52999898240242,35.717504788894345],[139.53150295018438,35.71655921810459],[139.5381655274585,35.715998879858816],[139.54899409548867,35.71933756190658],[139.54899409548867,35.727392424189645],[139.54622679476984,35.73071943252395],[139.54705397704993,35.741552638608994],[139.54594104089128,35.74794983358163],[139.5442716366533,35.75099667279305],[139.5359396551412,35.742393145977665],[139.534285290581,35.74294181050999],[139.53130743437274,35.740268530129086]]]],"type":"MultiPolygon"},"id":"geoshape:13:2000-10-01:8d595b9f777c77d4a870","properties":{"administrativeCode":"13217","jurisdictionId":"geoshape:13:2000-10-01:8d595b9f777c77d4a870","municipalityName":"保谷市","prefectureName":"東京都","snapshotDate":"2000-10-01","sourceDataset":"historical-administrative-areas-beta","sourceProvider":"Geoshape","sourceResourceId":"gci:13217A1968"},"type":"Feature"},{"geometry":{"coordinates":[[[[139.68075671286687,35.738750947380105],[139.67919258637363,35.740186814134915],[139.68083191125595,35.74381733901902],[139.67586881757546,35.74539329033527],[139.6720637790871,35.74521818463346],[139.67502659561757,35.75188387501554],[139.67319175492358,35.75540933647855],[139.6736880642916,35.75840948083616],[139.6706951684055,35.762040005720266],[139.6690107244897,35.76653438539994],[139.6611299333122,35.768670674961974],[139.65111350788428,35.769172644640484],[139.6479100565087,35.7686123063947],[139.642962002506,35.77092370165854],[139.6405105350214,35.76911427607321],[139.63482553680558,35.76879908580996],[139.63472025906083,35.769873067447705],[139.62939621311267,35.7720443781501],[139.62939621311267,35.77687729551993],[139.62518510332316,35.777939603444224],[139.62470383363294,35.77983074502372],[139.62906534020064,35.7857376440313],[139.63168224414125,35.78633300341744],[139.6315619267187,35.788200797570035],[139.63422394969277,35.790337087132066],[139.6375326788131,35.79085073052403],[139.63941263854056,35.792846935524615],[139.64085644761127,35.79794834830388],[139.64786493747522,35.797469726052284],[139.6533544198794,35.80022472242736],[139.6577760851584,35.80050489155025],[139.6697627083807,35.80023639614082],[139.67841052312698,35.79882387681292],[139.68660714753872,35.80063330239824],[139.69059266216092,35.800808408100046],[139.69684916813392,35.79890559280709],[139.6906377811944,35.79057056140114],[139.68946468632447,35.78679995195559],[139.69126944766282,35.78440684069758],[139.69496920840646,35.78262076253916],[139.69907504045122,35.78227055113555],[139.70214313472644,35.784079976720875],[139.70238376957155,35.78107983236327],[139.70566241933625,35.77071357481637],[139.7063241651603,35.766954639084275],[139.71316721856826,35.76326574563291],[139.71629547155476,35.760720876099995],[139.72058177973338,35.75488401937314],[139.72270237430595,35.75322635206271],[139.72140896201344,35.74631551369811],[139.71951396260818,35.74504307893166],[139.7104299972051,35.745790196592694],[139.7082943629547,35.74163435460317],[139.70232361086028,35.736147709279926],[139.70098507953432,35.73990664501202],[139.69922543722942,35.73971986559676],[139.69886448496175,35.742393145977665],[139.69453305774968,35.74222971398931],[139.69257789963314,35.74363055960376],[139.68961508310267,35.74131916433992],[139.68075671286687,35.738750947380105]]]],"type":"MultiPolygon"},"id":"geoshape:13:2000-10-01:92c3a2c7931405bd646a","properties":{"administrativeCode":"13119","jurisdictionId":"geoshape:13:2000-10-01:92c3a2c7931405bd646a","municipalityName":"板橋区","prefectureName":"東京都","snapshotDate":"2000-10-01","sourceDataset":"historical-administrative-areas-beta","sourceProvider":"Geoshape","sourceResourceId":"gci:13119A1968"},"type":"Feature"},{"geometry":{"coordinates":[[[[139.49683649281002,34.04786024846353],[139.49294121625474,34.04786024846353],[139.491001097816,34.050638592265514],[139.4848949886212,34.05230793328939],[139.4809997120659,34.051747595043615],[139.4809997120659,34.05619527986948],[139.47877383974858,34.056755618115254],[139.47766090358994,34.059802457326676],[139.47821737166927,34.06507897580775],[139.48127042626666,34.0675888242003],[139.47850312554783,34.07202483531272],[139.47516431707186,34.07286534268138],[139.47349491283387,34.074803179114696],[139.47322419863312,34.07786169203957],[139.47905959362717,34.080640035841554],[139.48211264822456,34.08341837964354],[139.48127042626666,34.08591655432263],[139.48293983050465,34.09119307280371],[139.48850451129792,34.095640757629575],[139.48766228934002,34.09813893230867],[139.48877522549867,34.10035693786487],[139.4915575658953,34.10063710698776],[139.49405415241338,34.10369561991264],[139.49349768433405,34.105913625468844],[139.489331693578,34.112579315850915],[139.49182828009606,34.11785583433199],[139.49822014316945,34.12147468550265],[139.5015589516454,34.12119451637975],[139.50655212468155,34.12258368828075],[139.51016164735825,34.12036568272454],[139.51267327355416,34.12036568272454],[139.51766644659028,34.12258368828075],[139.52071950118767,34.12480169383695],[139.52544196002304,34.12397286018174],[139.52738207846178,34.12480169383695],[139.5326610053765,34.124533198427514],[139.53599981385247,34.12341252193596],[139.5396093365292,34.12397286018174],[139.54127874076718,34.12230351915785],[139.54655766768187,34.11980534447876],[139.54738484996196,34.11674683155389],[139.54988143648004,34.116466662431],[139.55571683147406,34.11231082044148],[139.55961210802937,34.11036131029471],[139.56183798034667,34.10786313561562],[139.5646052810655,34.10063710698776],[139.56627468530348,34.09286241382759],[139.56266516262676,34.08980390090272],[139.5632216307061,34.08841472900173],[139.56099575838877,34.08424721329875],[139.56295091650532,34.08007969759578],[139.5637780987854,34.07397434545948],[139.562394448426,34.06841765785552],[139.55822845766994,34.06425014215254],[139.55488964919397,34.06314113937444],[139.5554461172733,34.062032136596336],[139.55072365843793,34.05841328542569],[139.54571544572397,34.057864620893355],[139.54154945496794,34.056475448992366],[139.53822568616977,34.053136766944604],[139.53405969541373,34.05258810241228],[139.5335032273344,34.04868908211874],[139.53154806921785,34.04647107656253],[139.52849501462043,34.04592241203021],[139.52599842810238,34.04896925124163],[139.5226596196264,34.048420586709305],[139.52238890542566,34.04675124568543],[139.51405692391356,34.048420586709305],[139.5098909331575,34.04814041758642],[139.50877799699884,34.047031414808316],[139.50516847432212,34.047031414808316],[139.5015589516454,34.045081904661544],[139.49683649281002,34.04786024846353]]]],"type":"MultiPolygon"},"id":"geoshape:13:2000-10-01:92dc6d8dd1c82c6e0bdd","properties":{"administrativeCode":"13381","jurisdictionId":"geoshape:13:2000-10-01:92dc6d8dd1c82c6e0bdd","municipalityName":"三宅村","prefectureName":"東京都","snapshotDate":"2000-10-01","sourceDataset":"historical-administrative-areas-beta","sourceProvider":"Geoshape","sourceResourceId":"gci:13381A1968"},"type":"Feature"},{"geometry":{"coordinates":[[[[139.7165511460777,35.67343652060658],[139.7194688435747,35.674498828530865],[139.71957412131945,35.678304459116774],[139.72674804763943,35.67928505104689],[139.72844753123306,35.68281051250991],[139.73150058583045,35.68149138288964],[139.7338317358925,35.67887647107601],[139.73677951274516,35.67887647107601],[139.73905050409593,35.674020206279266],[139.74320145517416,35.67142864189254],[139.74780359658698,35.66961921630721],[139.7499542705152,35.6708332825064],[139.75801553782654,35.66868531923092],[139.76213640954913,35.66687589364559],[139.76222664761605,35.66295352592515],[139.75947438657505,35.65897278963743],[139.76452771832248,35.65619444583544],[139.76091819564576,35.651828477003754],[139.75897807720702,35.64516278662168],[139.75897807720702,35.63710792433862],[139.75481208645095,35.638777265362506],[139.75230046025507,35.63432958053664],[139.75174399217573,35.62599454913069],[139.75036034181633,35.624862198925676],[139.74676585881744,35.62323955275561],[139.74333681227455,35.62513069433511],[139.73778717115908,35.62453533494897],[139.73539586238576,35.62320453161525],[139.73395205331505,35.62611128626522],[139.7313201096966,35.626263044540124],[139.7309290780733,35.630267128254744],[139.72632693666048,35.63285869264147],[139.72599606374845,35.63503000334386],[139.7222060649379,35.63597557413361],[139.71996515294276,35.63457472851917],[139.71782951869238,35.635041677057316],[139.71689705866754,35.639956310421326],[139.71919812937395,35.64184745200083],[139.72355963594165,35.646703716797575],[139.721529279436,35.65573917101075],[139.71497197990664,35.65714001662519],[139.71378384535888,35.65975492843883],[139.70856507715544,35.66406252870325],[139.71381392471451,35.66935072089778],[139.71492686087316,35.672992919495336],[139.7165511460777,35.67343652060658]]],[[[139.76870874875635,35.62647317138229],[139.77786791254852,35.63128274132522],[139.77508557215188,35.63488991878242],[139.7725889856338,35.63239174410332],[139.77063382751726,35.63294040863565],[139.77675497638987,35.63599892156052],[139.7825903713839,35.62961340030134],[139.7713406923748,35.623134489334525],[139.76870874875635,35.62647317138229]]],[[[139.75924879140777,35.627990754131275],[139.7574289903916,35.627932385564],[139.75754930781414,35.62409173383773],[139.75342843609155,35.624045038983915],[139.7536991502923,35.631002572202334],[139.7550828006517,35.633500746881424],[139.75897807720702,35.633500746881424],[139.75924879140777,35.627990754131275]]]],"type":"MultiPolygon"},"id":"geoshape:13:2000-10-01:93b29619f924c3be13e8","properties":{"administrativeCode":"13103","jurisdictionId":"geoshape:13:2000-10-01:93b29619f924c3be13e8","municipalityName":"港区","prefectureName":"東京都","snapshotDate":"2000-10-01","sourceDataset":"historical-administrative-areas-beta","sourceProvider":"Geoshape","sourceResourceId":"gci:13103A1968"},"type":"Feature"},{"geometry":{"coordinates":[[[[139.2801598544619,34.532249314511915],[139.28488231329732,34.532249314511915],[139.29100346216993,34.52836196793183],[139.29294358060866,34.52363411398307],[139.290161240212,34.519746767402985],[139.28071632254125,34.511691905119925],[139.2751666814258,34.5111432405876],[139.2712714048705,34.513081077020914],[139.26794763607234,34.51724859272389],[139.26739116799303,34.52224494208208],[139.26877481835243,34.52753313427661],[139.2743394991457,34.53196914538903],[139.2801598544619,34.532249314511915]]]],"type":"MultiPolygon"},"id":"geoshape:13:2000-10-01:96bfeb252676beb1f84a","properties":{"administrativeCode":"13362","jurisdictionId":"geoshape:13:2000-10-01:96bfeb252676beb1f84a","municipalityName":"利島村","prefectureName":"東京都","snapshotDate":"2000-10-01","sourceDataset":"historical-administrative-areas-beta","sourceProvider":"Geoshape","sourceResourceId":"gci:13362A1968"},"type":"Feature"},{"geometry":{"coordinates":[[[[139.74395343906514,35.58938578373984],[139.73587713207598,35.587366231312345],[139.73010189579324,35.587366231312345],[139.72892880092328,35.58883711920752],[139.73055308612783,35.59215245382837],[139.72823697574358,35.59438213309803],[139.7210780891014,35.5942887433904],[139.71918308969614,35.59184893727858],[139.71757384416944,35.5961798849699],[139.7153329321743,35.59691532891749],[139.71443055150513,35.59999718926927],[139.71163317143066,35.600674264649584],[139.70106027792343,35.60140970859717],[139.69820273913768,35.603581019299554],[139.6953903193854,35.60749171330655],[139.69558583519708,35.61210283012077],[139.70397797542046,35.62187372828153],[139.6961423032764,35.62481550407186],[139.70146634922457,35.62590115942306],[139.7040080547761,35.62471044065078],[139.70713630776257,35.62546923202527],[139.71462606731677,35.6290413883421],[139.7144004721495,35.63428288568282],[139.71322737727954,35.637551525449865],[139.71763400288071,35.64166067258557],[139.71919812937395,35.64184745200083],[139.71689705866754,35.639956310421326],[139.71782951869238,35.635041677057316],[139.71996515294276,35.63457472851917],[139.7222060649379,35.63597557413361],[139.72599606374845,35.63503000334386],[139.72632693666048,35.63285869264147],[139.7309290780733,35.630267128254744],[139.7313201096966,35.626263044540124],[139.73395205331505,35.62611128626522],[139.73539586238576,35.62320453161525],[139.73778717115908,35.62453533494897],[139.74333681227455,35.62513069433511],[139.74676585881744,35.62323955275561],[139.75036034181633,35.624862198925676],[139.75147327797498,35.62127836889539],[139.75008962761558,35.60738664988547],[139.75036034181633,35.605717308861585],[139.748134469499,35.602670469650164],[139.74592363685952,35.602670469650164],[139.74702153334036,35.6007209595034],[139.7467508191396,35.59238592809744],[139.74395343906514,35.58938578373984]]],[[[139.75342843609155,35.624045038983915],[139.75754930781414,35.62409173383773],[139.7574289903916,35.627932385564],[139.75924879140777,35.627990754131275],[139.75924879140777,35.61878019421629],[139.75314268221297,35.61878019421629],[139.75342843609155,35.624045038983915]]],[[[139.7713406923748,35.623134489334525],[139.7736417630812,35.62025108211146],[139.7703631133165,35.618500025093404],[139.76731005871912,35.6221072025506],[139.76870874875635,35.62647317138229],[139.7713406923748,35.623134489334525]]],[[[139.77255890627816,35.59546778844923],[139.76679870967325,35.59256103379925],[139.76541505931382,35.59448719651911],[139.7625575205281,35.59460393365365],[139.7625575205281,35.5850081411947],[139.75597014164308,35.58492642520052],[139.75601526067652,35.58925737289185],[139.74924740565768,35.588872140347874],[139.75036034181633,35.59155709444223],[139.7484202233776,35.591837263565125],[139.74897669145693,35.60044079038051],[139.75174399217573,35.604608306083485],[139.7528569283344,35.61767119143819],[139.75786514104834,35.61767119143819],[139.76174537792582,35.61461267851332],[139.7634147821638,35.60961632915513],[139.76258759988374,35.60877582178646],[139.77255890627816,35.59546778844923]]]],"type":"MultiPolygon"},"id":"geoshape:13:2000-10-01:98853589c768ead206ec","properties":{"administrativeCode":"13109","jurisdictionId":"geoshape:13:2000-10-01:98853589c768ead206ec","municipalityName":"品川区","prefectureName":"東京都","snapshotDate":"2000-10-01","sourceDataset":"historical-administrative-areas-beta","sourceProvider":"Geoshape","sourceResourceId":"gci:13109A1968"},"type":"Feature"},{"geometry":{"coordinates":[[[[139.37626339572967,35.69163583988092],[139.36752534291642,35.69218450441324],[139.36332927280475,35.69374878201604],[139.35522288645993,35.69322346491062],[139.3464848336467,35.69197437757107],[139.3403787244519,35.69365539230841],[139.33603225756204,35.69610687213369],[139.33559610690526,35.699060321637475],[139.33681432080866,35.70151180146276],[139.33299424264246,35.705118978919955],[139.33153539389394,35.70969507459381],[139.3325881713413,35.712881998366676],[139.33887475666995,35.715952185005],[139.33887475666995,35.71964107845638],[139.34307082678163,35.72156724117624],[139.3526811809084,35.72217427427583],[139.3531173315652,35.72501098664509],[139.35535824356032,35.72530282948143],[139.36247201116902,35.72417047927642],[139.36187042405624,35.726295095124996],[139.36540474834385,35.72502266035854],[139.37027760395745,35.725839820300294],[139.37005200879014,35.72450901696658],[139.37635363379658,35.725454587756325],[139.37770720480034,35.72421717413023],[139.38008347389587,35.72559467231777],[139.3817829574895,35.72311984506558],[139.37931645032705,35.721718999451134],[139.38206871136805,35.720236437842516],[139.38549775791094,35.72045823839814],[139.3888365663869,35.717901695151774],[139.38709196375984,35.71667595523913],[139.3889869631651,35.714387907402205],[139.3910323593486,35.71533347819196],[139.3945666836362,35.71163291102713],[139.3956946594727,35.712881998366676],[139.3984469205137,35.71164458474058],[139.3932582316659,35.7027608888023],[139.3929423984317,35.699071995350934],[139.39025029610195,35.69883852108186],[139.388580891864,35.69306003292227],[139.38509168660983,35.6912856284773],[139.37626339572967,35.69163583988092]]]],"type":"MultiPolygon"},"id":"geoshape:13:2000-10-01:99c38bd1af26faf5142a","properties":{"administrativeCode":"13207","jurisdictionId":"geoshape:13:2000-10-01:99c38bd1af26faf5142a","municipalityName":"昭島市","prefectureName":"東京都","snapshotDate":"2000-10-01","sourceDataset":"historical-administrative-areas-beta","sourceProvider":"Geoshape","sourceResourceId":"gci:13207A1968"},"type":"Feature"},{"geometry":{"coordinates":[[[[139.32106777813144,35.77721583321009],[139.32412083272885,35.78107983236327],[139.32066170683032,35.783367880200196],[139.32078202425288,35.788294187277664],[139.31799968385624,35.789519927190305],[139.3205714687634,35.789905159734275],[139.32275222204726,35.786309655990536],[139.32204535718972,35.78977674888628],[139.32625646697923,35.78703342622467],[139.33006150546763,35.790617256254954],[139.32848233929656,35.79177295388687],[139.33036229902402,35.79361740061256],[139.33278368715298,35.79188969102141],[139.33487420236992,35.79369911660673],[139.33849876472445,35.79459799254267],[139.3433565806602,35.79418941257179],[139.346710428814,35.796407418128],[139.3506809037584,35.7932788629224],[139.35490705322573,35.79372246403364],[139.35857673461373,35.7929753463726],[139.35984006755058,35.791621195611974],[139.36991665168975,35.791726259033055],[139.36871347746418,35.79029039227825],[139.3698715326563,35.787605438183896],[139.36782613647281,35.78704509993812],[139.36749526356078,35.78438349327067],[139.37298474596497,35.779643965608464],[139.3755114118387,35.780461125550225],[139.38012859292934,35.778745089672526],[139.38154232264438,35.774495857975374],[139.37901565677066,35.771192197067975],[139.37343593629956,35.76875239095615],[139.37319530145444,35.77134395534287],[139.37090927042587,35.7714373450505],[139.36815700938487,35.774110625431405],[139.36851796165254,35.77105211250653],[139.36737494613823,35.76779514645294],[139.36095300370923,35.761106108643965],[139.35881736945885,35.75793085858456],[139.3590128852705,35.75448711311571],[139.35750891748853,35.75351819489905],[139.3581105046013,35.75076319852398],[139.35654637810808,35.75071650367016],[139.35466641838062,35.745603417177435],[139.34989884051177,35.74772803302601],[139.35042522923547,35.74513646863929],[139.35332788705466,35.74253323053911],[139.35206455411782,35.74123744834574],[139.34552229426623,35.7470743050726],[139.34233388256848,35.74616375542321],[139.34263467612487,35.749840975161135],[139.34301066807035,35.7538333851623],[139.3403636847741,35.75372832174122],[139.33583674175037,35.759296683058636],[139.334783964303,35.76492341294333],[139.33642328918535,35.766044089434885],[139.3331897584541,35.76760836703768],[139.3336409487887,35.77094704908545],[139.33152035421614,35.772919906659126],[139.32878313285295,35.77133228162942],[139.32106777813144,35.77721583321009]]],[[[139.3566516558528,35.74556839603707],[139.3566516558528,35.74556839603707]]]],"type":"MultiPolygon"},"id":"geoshape:13:2000-10-01:9afcdfe2e50257471e64","properties":{"administrativeCode":"13303","jurisdictionId":"geoshape:13:2000-10-01:9afcdfe2e50257471e64","municipalityName":"瑞穂町","parentJurisdictionName":"西多摩郡","prefectureName":"東京都","snapshotDate":"2000-10-01","sourceDataset":"historical-administrative-areas-beta","sourceProvider":"Geoshape","sourceResourceId":"gci:13303A1968"},"type":"Feature"},{"geometry":{"coordinates":[[[[139.1616020742094,35.66790318042952],[139.15360096560934,35.66602371256347],[139.1471639835025,35.66681752507832],[139.14289271500172,35.66935072089778],[139.13892224005733,35.67054143967006],[139.13693700258514,35.67230417040157],[139.13350795604225,35.672899529787706],[139.13135728211404,35.671988980138316],[139.12852982268393,35.67556113645516],[139.1193405795361,35.68051079095953],[139.11633264397219,35.68388449414765],[139.11376085906502,35.68433976897235],[139.10815105923828,35.689826414295595],[139.10562439336456,35.691017133067874],[139.09703673732952,35.692231199267056],[139.09223908010506,35.69057353195663],[139.0843282095719,35.69311840148954],[139.08228281338842,35.69538310189956],[139.0765376564613,35.69490447964796],[139.0721009515045,35.69540644932647],[139.07068722178946,35.69758943374231],[139.0648518267954,35.69814977198809],[139.06271619254503,35.70072966266136],[139.05202298161524,35.70490885207779],[139.05068445028928,35.70737200561652],[139.04666885631144,35.70948494775165],[139.04388651591478,35.70946160032474],[139.03871286674482,35.71128269962352],[139.03477247115606,35.71495991936143],[139.02898219519548,35.71676934494676],[139.02484628379509,35.71969944702364],[139.0219737053315,35.72287469708306],[139.02068029303902,35.727579203604904],[139.01792803199803,35.73122140220246],[139.01492009643408,35.73334601805104],[139.01228815281564,35.73866923138593],[139.0216729117751,35.74012844556764],[139.02681648158946,35.74215967170859],[139.02818509227103,35.74451776182624],[139.0319600514038,35.744190897849535],[139.03445663792186,35.742463188258384],[139.03987092193694,35.744506088112786],[139.0413748897189,35.74605869200213],[139.03967540612527,35.750109470570564],[139.04269838136705,35.75510581992876],[139.043119492346,35.757674036888574],[139.04578151532007,35.75804759571909],[139.0491654428295,35.76005547443313],[139.05488052040099,35.76017221156767],[139.05661008335022,35.76328909305981],[139.06094151056232,35.76410625300157],[139.0636185732142,35.76560048832364],[139.06649115167775,35.765647183177464],[139.07358987960865,35.7700248257226],[139.07501864900152,35.77199768329628],[139.08007198074893,35.77010654171678],[139.08289944017903,35.76989641487461],[139.0867796770565,35.77125056563524],[139.0884641209723,35.770188257710956],[139.093412174975,35.769966457155334],[139.09661562635057,35.775920051016726],[139.1022103864995,35.77837153084201],[139.10584998853187,35.779118648503044],[139.10753443244766,35.776842274379575],[139.1138360574541,35.77385380373542],[139.11502419200187,35.772593042682416],[139.12513085549668,35.76759669332423],[139.12821398944973,35.766977986511186],[139.13066545693434,35.76511019235859],[139.13283117054036,35.7664176482654],[139.13609478062725,35.77025829999168],[139.13877184327913,35.76820372642382],[139.14370485760398,35.766160826569426],[139.14720910253598,35.762133395427895],[139.14463731762882,35.76020723270803],[139.14041116816148,35.75901651393575],[139.1407270013957,35.75544435761891],[139.1488333877405,35.75430033370045],[139.15397695755482,35.75009779685711],[139.15657882181765,35.744692867528045],[139.16409866072746,35.74133083805337],[139.1658733427102,35.736019298431934],[139.1643693749282,35.73263392153036],[139.16623429497787,35.729096786353885],[139.1655875888316,35.72450901696658],[139.16722691371396,35.72176569430495],[139.165722945932,35.71842701225719],[139.16644485046734,35.7140610434255],[139.16521159688614,35.71155119503295],[139.16531687463086,35.706239655411515],[139.17220504707228,35.701593517456935],[139.1725960786956,35.696853989794725],[139.17182905512678,35.692639779237936],[139.16967838119857,35.69087704850642],[139.17140794414783,35.6887407589444],[139.16997917475496,35.680055516134836],[139.16608389819967,35.67532766218608],[139.16477544622936,35.67044804996243],[139.1616020742094,35.66790318042952]]]],"type":"MultiPolygon"},"id":"geoshape:13:2000-10-01:9b3e1f67cc7239aecf6f","properties":{"administrativeCode":"13307","jurisdictionId":"geoshape:13:2000-10-01:9b3e1f67cc7239aecf6f","municipalityName":"檜原村","parentJurisdictionName":"西多摩郡","prefectureName":"東京都","snapshotDate":"2000-10-01","sourceDataset":"historical-administrative-areas-beta","sourceProvider":"Geoshape","sourceResourceId":"gci:13307A1968"},"type":"Feature"},{"geometry":{"coordinates":[[[[139.26878985803026,35.609359507459146],[139.26880489770807,35.61212617754767],[139.27152707939342,35.613982297986816],[139.27436957850136,35.61413405626171],[139.27791894246678,35.61945726959661],[139.28567941622174,35.62079974664378],[139.28691266980297,35.62194377056225],[139.28934909760974,35.62018103983074],[139.2935301280436,35.62053125123435],[139.294748341947,35.61692407377715],[139.29354516772145,35.615464859595434],[139.2980269917117,35.616106913835395],[139.30348639476026,35.615173016759094],[139.30762230616065,35.61623532468338],[139.31420968504568,35.614145729975164],[139.3152925418487,35.61290831634908],[139.31750337448818,35.61524305903981],[139.3227823014029,35.61482280535548],[139.32697837151457,35.61576837614523],[139.33737078888797,35.61421577225589],[139.33857396311356,35.6195856804446],[139.33696471758685,35.62248076138112],[139.33840852665753,35.62340298474396],[139.34156685899967,35.61974911243295],[139.3399726531508,35.618219855970516],[139.3404388831632,35.614671047080584],[139.3489964598426,35.60815711497341],[139.35176376056143,35.60881084292682],[139.3535083631885,35.60735162874511],[139.36143427339945,35.60523868660999],[139.3654348276995,35.609044317195895],[139.37050319912473,35.60614923625937],[139.37063855622512,35.604993538627454],[139.37596260217327,35.604398179241315],[139.3818731955564,35.60227356339274],[139.38661069406962,35.59831617453193],[139.38834025701888,35.602401974240735],[139.38763339216135,35.605016886054365],[139.393498866511,35.60820380982723],[139.3973039049994,35.61003658283946],[139.4009886260652,35.61011829883364],[139.40146989575544,35.60864741093847],[139.4079369572179,35.612044461553495],[139.41017786921304,35.61005993026637],[139.41270453508676,35.612277935822576],[139.4168705258428,35.611869355851695],[139.4205402072308,35.60977976114348],[139.42311199213796,35.60663953222443],[139.4262853641579,35.60544881345215],[139.42822548259664,35.60805205155233],[139.43386536177903,35.60586906713648],[139.43609123409635,35.60658116365716],[139.43816670963545,35.60959298172822],[139.4458369453235,35.60871745321919],[139.44928103154422,35.611775966144066],[139.4528755145431,35.60744501845274],[139.45350718101153,35.60447989523549],[139.45737237821118,35.60721154418366],[139.46376424128457,35.60914938061698],[139.46666689910376,35.608635737225015],[139.46657666103684,35.60658116365716],[139.47027642178048,35.603487629591925],[139.4710584850271,35.60115288690118],[139.4780218558576,35.59896990248534],[139.48029284720837,35.59469732336128],[139.48393244924074,35.59505920847835],[139.4834511795505,35.593448236021736],[139.49182828009606,35.58854527637118],[139.4932119304555,35.589199004324584],[139.49446022371453,35.58630392338806],[139.493918795313,35.58277846192504],[139.49740800056716,35.58208971283127],[139.50226581650293,35.578225713678094],[139.5054542282007,35.574781968209244],[139.50689803727138,35.57582092870663],[139.50656716435935,35.57171178157092],[139.50059641226494,35.57043934680446],[139.50082200743225,35.56853653151151],[139.49805470671342,35.56789447727155],[139.49617474698596,35.564625837504515],[139.4944451840367,35.56470755349869],[139.49103117717164,35.5614272400182],[139.48907601905506,35.56320164446316],[139.48641399608098,35.56894511148239],[139.48286463211554,35.571384917594216],[139.4837519731069,35.57195692955345],[139.4861884009137,35.57850588280098],[139.48838419387536,35.57847086166062],[139.4898731219795,35.58357227443989],[139.4849852266881,35.58461123493727],[139.48220288629147,35.58171615400075],[139.47600653902978,35.58073556207064],[139.47323923831095,35.57667310978874],[139.47325427798876,35.57384807113295],[139.46965979498987,35.56949377601471],[139.46964475531206,35.56530291288483],[139.46829118430827,35.56329503417079],[139.47041177888084,35.56039995323427],[139.47522447578314,35.55974622528086],[139.47642765000873,35.56255959022321],[139.47976645848468,35.55934931902344],[139.481992330802,35.5556254044317],[139.48239840210314,35.54741878387374],[139.480322926564,35.54314620474968],[139.48163137853433,35.539947607263365],[139.48495514733247,35.538056465683866],[139.48483482990991,35.53596687097565],[139.48675990867085,35.53559331214513],[139.48576728993473,35.53135575416143],[139.48779764644038,35.527876987552226],[139.48653431350354,35.526581205358866],[139.48746677352835,35.52411805182013],[139.48575225025692,35.522343647375166],[139.4863387976919,35.51983379898262],[139.48328574309448,35.5191567236023],[139.48035300591965,35.51473238620334],[139.47698411808804,35.51121859845378],[139.48113506916627,35.505311699446196],[139.48494010765467,35.50396922239902],[139.47669836420948,35.50142435286611],[139.46779487494024,35.502264860234774],[139.4683062239861,35.50588371140543],[139.46484709808757,35.51090340819053],[139.4632829715943,35.51783759398203],[139.4608164644319,35.51937852415792],[139.45443964103634,35.52046417950912],[139.45833491759166,35.527853640125315],[139.45472539491493,35.53134408044798],[139.44807785731862,35.53576841784694],[139.4485290476532,35.537647885712985],[139.44609261984644,35.539550701005936],[139.4446187314201,35.542387413375195],[139.4409490500321,35.542492476796276],[139.4363769879749,35.54663664507234],[139.4333840920888,35.54635647594945],[139.431699648173,35.5491698408918],[139.42809012549628,35.551259435600016],[139.42756373677258,35.55301049261807],[139.4233827063387,35.556664364929084],[139.42306687310452,35.55966450928669],[139.41622381969654,35.56188251484289],[139.41626893873,35.56422893124709],[139.41386259027885,35.56605003054587],[139.41204278926267,35.56979729256451],[139.41019290889085,35.57123315931932],[139.40926044886604,35.575482391016465],[139.4029437841818,35.57536565388193],[139.4008231896092,35.57859927250861],[139.39980049151745,35.58442445552201],[139.39482235815916,35.58412093897222],[139.39422077104635,35.58560350058084],[139.39062628804746,35.58554513201357],[139.38861097121963,35.58853360265772],[139.3855428769444,35.588463560376994],[139.38067002133084,35.59047143909103],[139.37900061709286,35.590016164266345],[139.37525573731574,35.59430041710385],[139.3722177223962,35.59420702739622],[139.3626825666585,35.5993084401755],[139.35657645746372,35.59859634365482],[139.35483185483662,35.60019564239798],[139.34398824712864,35.60236695310037],[139.33988241508388,35.60525036032344],[139.33774678083347,35.60414135754534],[139.33117444162627,35.60377947242827],[139.33009158482326,35.60292729134615],[139.320270675207,35.60613756254592],[139.31451047860207,35.6040246204108],[139.3087202026415,35.60395457813007],[139.30766742519413,35.60509860204854],[139.30354655347153,35.6043514843875],[139.2990948088369,35.60619593111319],[139.296583182641,35.60962800286858],[139.29232695381805,35.611647555296074],[139.2828820361473,35.6131534643316],[139.27925747379274,35.61139073360009],[139.27405374526714,35.61101717476957],[139.26878985803026,35.609359507459146]]]],"type":"MultiPolygon"},"id":"geoshape:13:2000-10-01:9d8dd41d99c16138227d","properties":{"administrativeCode":"13209","jurisdictionId":"geoshape:13:2000-10-01:9d8dd41d99c16138227d","municipalityName":"町田市","prefectureName":"東京都","snapshotDate":"2000-10-01","sourceDataset":"historical-administrative-areas-beta","sourceProvider":"Geoshape","sourceResourceId":"gci:13209A1968"},"type":"Feature"},{"geometry":{"coordinates":[[[[139.2957259210053,34.474219284933504],[139.29960615788278,34.47117244572208],[139.2973953252433,34.469503104698205],[139.29155993024924,34.47005176923053],[139.29183064445,34.470892276599194],[139.28766465369395,34.47699762873549],[139.29183064445,34.47505979230217],[139.2957259210053,34.474219284933504]]],[[[139.27267009490774,34.33672628787566],[139.27238434102915,34.329780428370704],[139.269060572231,34.33144976939459],[139.2576604964437,34.33560561138411],[139.25738978224294,34.33672628787566],[139.25266732340756,34.33922446255476],[139.24877204685225,34.344781150158724],[139.24460605609622,34.34755949396071],[139.24404958801688,34.348948665861705],[139.24516252417553,34.357003528144766],[139.24377887381613,34.36117104384774],[139.2415530014988,34.36366921852684],[139.24266593765748,34.36644756232882],[139.2468319284135,34.368665567885024],[139.25266732340756,34.37756093753676],[139.2551639099256,34.383666289673045],[139.2568333141636,34.394779664880986],[139.2546074418463,34.397277839560076],[139.2560061318835,34.398106673215295],[139.2551639099256,34.40088501701727],[139.25821696452303,34.40172552438594],[139.25961565456024,34.404223699065035],[139.26654894603513,34.40811104564512],[139.2660075176336,34.41032905120133],[139.26766188219378,34.41144972769288],[139.26710541411444,34.414216397781416],[139.269060572231,34.41644607705108],[139.27655033178522,34.415605569682405],[139.2804456083405,34.420053254508275],[139.2812727906206,34.424781108457026],[139.2801598544619,34.429497288692325],[139.27850548990176,34.43116662971621],[139.2834986629379,34.430337796060996],[139.2879504075725,34.42755945225901],[139.2887775898526,34.425061277579914],[139.29100346216993,34.42422077021125],[139.2904469940906,34.41727491070629],[139.28628100333452,34.413387564126204],[139.28683747141386,34.41144972769288],[139.29127417637068,34.40783087652223],[139.28904830405335,34.406161535498356],[139.28989052601125,34.403114696286934],[139.2887775898526,34.40116518614016],[139.28516806717587,34.40005618336206],[139.27821973602317,34.39144098283322],[139.27627961758444,34.38171677952628],[139.27572314950513,34.35116667141791],[139.27683608566377,34.34838832761592],[139.27543739562654,34.34367214738062],[139.2729408091085,34.34005329620997],[139.27267009490774,34.33672628787566]]],[[[139.2265584427126,34.37450242461188],[139.22905502923066,34.372833083588006],[139.2287843150299,34.36699622686115],[139.22627268883403,34.36755656510692],[139.22767137887126,34.37088357344123],[139.22377610231595,34.37394208636611],[139.22461832427385,34.375611427389984],[139.2265584427126,34.37450242461188]]],[[[139.21266178040722,34.33672628787566],[139.2143311846452,34.334216439483114],[139.22515975267535,34.330889431148805],[139.2265584427126,34.32644174632294],[139.22406185619454,34.32394357164385],[139.21989586543847,34.322554399742856],[139.2173842392426,34.31949588681798],[139.2173842392426,34.31699771213889],[139.21377471656587,34.31783821950756],[139.21294753428577,34.31588870936079],[139.20793932157184,34.31810671491699],[139.2073828534925,34.32116522784187],[139.20266039465713,34.32088505871898],[139.20100603009695,34.31616887848368],[139.19544134930368,34.316717543016],[139.19793793582176,34.31755805038467],[139.19488488122434,34.31838688403988],[139.19405769894428,34.320336394186654],[139.19544134930368,34.322834568865744],[139.20127674429773,34.32589308179062],[139.2007202762184,34.329500259247816],[139.20488626697443,34.32672191544583],[139.2065556712124,34.32811108734683],[139.20628495701166,34.33032909290303],[139.20849578965115,34.33060926202592],[139.20682638541317,34.33283894129558],[139.21016519388914,34.33838395518609],[139.21266178040722,34.33672628787566]]],[[[139.27683608566377,34.32755074910105],[139.2804456083405,34.32505257442195],[139.27710679986453,34.32394357164385],[139.2751666814258,34.32561291266773],[139.27683608566377,34.32755074910105]]]],"type":"MultiPolygon"},"id":"geoshape:13:2000-10-01:a2c5ca1b1d7917de1108","properties":{"administrativeCode":"13363","jurisdictionId":"geoshape:13:2000-10-01:a2c5ca1b1d7917de1108","municipalityName":"新島村","prefectureName":"東京都","snapshotDate":"2000-10-01","sourceDataset":"historical-administrative-areas-beta","sourceProvider":"Geoshape","sourceResourceId":"gci:13363A1992"},"type":"Feature"},{"geometry":{"coordinates":[[[[139.71919812937395,35.64184745200083],[139.71763400288071,35.64166067258557],[139.7154081305634,35.64261791708877],[139.70862523586672,35.64201088398918],[139.6996465482084,35.64812790983893],[139.6929388519008,35.65388305057161],[139.68732905207406,35.66157602773761],[139.67992953058678,35.66377068586691],[139.67499651626193,35.66387574928799],[139.67281576297808,35.66740121075101],[139.67269544555552,35.672292496688115],[139.662062393337,35.67144031560599],[139.66174656010278,35.67252597095719],[139.66204735365918,35.675619505022425],[139.6641228291983,35.676343275256556],[139.6679579470423,35.68002049499447],[139.67129675551828,35.68149138288964],[139.68033560188792,35.68979139315523],[139.6839902435981,35.69198605128453],[139.6832232200293,35.68871741151749],[139.6859754810703,35.687888577862275],[139.68498286233418,35.685880699148235],[139.68767496466393,35.68159644631072],[139.69502936711774,35.68665116423618],[139.702098015693,35.68917268634218],[139.70269960280578,35.687771840727734],[139.70548194320241,35.68813372584481],[139.70740702196332,35.684468179820335],[139.71140757626335,35.683370850755686],[139.7147915037728,35.68086100236314],[139.7128965043675,35.6772888460463],[139.7128965043675,35.674615565665405],[139.71485166248408,35.67508251420355],[139.7165511460777,35.67343652060658],[139.71492686087316,35.672992919495336],[139.71381392471451,35.66935072089778],[139.70856507715544,35.66406252870325],[139.71378384535888,35.65975492843883],[139.71497197990664,35.65714001662519],[139.721529279436,35.65573917101075],[139.72355963594165,35.646703716797575],[139.71919812937395,35.64184745200083]]]],"type":"MultiPolygon"},"id":"geoshape:13:2000-10-01:a99b4081a636a855b680","properties":{"administrativeCode":"13113","jurisdictionId":"geoshape:13:2000-10-01:a99b4081a636a855b680","municipalityName":"渋谷区","prefectureName":"東京都","snapshotDate":"2000-10-01","sourceDataset":"historical-administrative-areas-beta","sourceProvider":"Geoshape","sourceResourceId":"gci:13113A1968"},"type":"Feature"},{"geometry":{"coordinates":[[[[139.71951396260818,35.74504307893166],[139.72140896201344,35.74631551369811],[139.72270237430595,35.75322635206271],[139.72058177973338,35.75488401937314],[139.71629547155476,35.760720876099995],[139.71316721856826,35.76326574563291],[139.7063241651603,35.766954639084275],[139.70566241933625,35.77071357481637],[139.70238376957155,35.78107983236327],[139.70214313472644,35.784079976720875],[139.69907504045122,35.78227055113555],[139.69496920840646,35.78262076253916],[139.69126944766282,35.78440684069758],[139.68946468632447,35.78679995195559],[139.6906377811944,35.79057056140114],[139.69684916813392,35.79890559280709],[139.7052563480351,35.79340727377039],[139.70919674362386,35.7920181018694],[139.71925828808523,35.79179630131378],[139.72223614429353,35.790722319676036],[139.72446201661086,35.78727857420719],[139.73386181524813,35.790045244295726],[139.73853915505006,35.787406985055185],[139.738042845682,35.78021597756769],[139.737877409226,35.777425960052256],[139.73571169561995,35.772593042682416],[139.73617792563238,35.77062018510874],[139.74572812104788,35.76712974478608],[139.75127776216334,35.76743326133588],[139.75794033943745,35.770176583997504],[139.76006093401003,35.76793523101439],[139.75816593460473,35.76459654896662],[139.74888645339,35.759810326450605],[139.7483450249885,35.758094290572906],[139.75121760345206,35.756074738145415],[139.75795537911526,35.75486067194623],[139.75757938716978,35.753167983495445],[139.75088673054003,35.75370497431431],[139.74977379438135,35.75012114428402],[139.75470680870623,35.74917557349427],[139.75778994265926,35.747611295891474],[139.75718835554648,35.74546333261599],[139.76031660853295,35.74345545390195],[139.76383589314275,35.74413252928227],[139.76588128932624,35.74162268088972],[139.76816732035482,35.741459248901364],[139.77111509720748,35.73789876629799],[139.76132426694687,35.733812966589184],[139.76093323532356,35.73220199413257],[139.75992557690964,35.73158328731952],[139.75275165058966,35.73506205392873],[139.74954819921408,35.736544615537355],[139.74657034300577,35.739848276444754],[139.74105078124595,35.74234645112385],[139.73554625916395,35.740548699251974],[139.73178633970903,35.74331536934051],[139.73262856166693,35.74508977378547],[139.72790610283155,35.74471621495495],[139.72361979465293,35.73992999243893],[139.72001027197624,35.741786112878074],[139.71951396260818,35.74504307893166]]]],"type":"MultiPolygon"},"id":"geoshape:13:2000-10-01:ab740a184ed9f8bbb6fd","properties":{"administrativeCode":"13117","jurisdictionId":"geoshape:13:2000-10-01:ab740a184ed9f8bbb6fd","municipalityName":"北区","prefectureName":"東京都","snapshotDate":"2000-10-01","sourceDataset":"historical-administrative-areas-beta","sourceProvider":"Geoshape","sourceResourceId":"gci:13117A1968"},"type":"Feature"},{"geometry":{"coordinates":[[[[139.61959034317422,33.851531735598975],[139.61431141625954,33.8520804001313],[139.61124332198432,33.8531894029094],[139.60264062627147,33.85431007940096],[139.58985690012474,33.85485874393328],[139.58014126825321,33.85902625963626],[139.57874257821598,33.86013526241436],[139.5765317455765,33.86569195001833],[139.57708821365583,33.874587319670056],[139.5765317455765,33.87847466625014],[139.57791539593592,33.882642181953116],[139.58152491861264,33.88763853131131],[139.5909698362834,33.89791139915057],[139.59818888163684,33.899860909297345],[139.6001440397534,33.90096991207545],[139.6054229666681,33.900689742952565],[139.61014542550348,33.898471737396356],[139.61346919430162,33.89486455993916],[139.61792093893624,33.89236638526006],[139.62458351621038,33.88458001838644],[139.62792232468632,33.87763415888148],[139.6318025615638,33.870968468499406],[139.6318025615638,33.86847029382031],[139.62763657080777,33.860975769783025],[139.62183125516935,33.853142708055586],[139.61959034317422,33.851531735598975]]]],"type":"MultiPolygon"},"id":"geoshape:13:2000-10-01:aec9e257d7a1e9bb7691","properties":{"administrativeCode":"13382","jurisdictionId":"geoshape:13:2000-10-01:aec9e257d7a1e9bb7691","municipalityName":"御蔵島村","prefectureName":"東京都","snapshotDate":"2000-10-01","sourceDataset":"historical-administrative-areas-beta","sourceProvider":"Geoshape","sourceResourceId":"gci:13382A1968"},"type":"Feature"},{"geometry":{"coordinates":[[[[139.8097069104928,35.72813954185068],[139.81139135440858,35.73298413293397],[139.81414361544958,35.736217751560645],[139.81448952803945,35.73880931594737],[139.81724178908044,35.742089629427866],[139.8203550023891,35.74343210647504],[139.82381412828764,35.73771198688272],[139.82961944392605,35.73132646562354],[139.84214749554982,35.719314214479674],[139.83904932191896,35.717119556350376],[139.8354849182757,35.71786667401141],[139.83315376821366,35.71575373187629],[139.83361999822606,35.71401434857169],[139.8393049964419,35.71087411965264],[139.83948547257575,35.70981181172835],[139.8344020614727,35.7049555469316],[139.8353946802088,35.70301771049829],[139.83067222137342,35.703006036784835],[139.81868559815112,35.70800238614302],[139.81969325656505,35.693036685495365],[139.8133765918808,35.6926748003783],[139.8114665527977,35.69190433529035],[139.8118726240988,35.68855397952914],[139.80946627564768,35.686989701926336],[139.80499949133522,35.686779575084174],[139.80480397552355,35.688507284675325],[139.80048758798932,35.688297157833155],[139.7991640963412,35.68972135087451],[139.7967276685344,35.68854230581569],[139.79347909812535,35.690818679939156],[139.79039596417232,35.68928942347672],[139.78914767091328,35.691028806781325],[139.78890703606817,35.69470602651924],[139.79254663810053,35.6997607444447],[139.79701342241296,35.70776891187395],[139.8058868323266,35.716605912958414],[139.80842853787811,35.72037652240396],[139.8097069104928,35.72813954185068]]]],"type":"MultiPolygon"},"id":"geoshape:13:2000-10-01:ba9f5c683d1f2f0d561b","properties":{"administrativeCode":"13107","jurisdictionId":"geoshape:13:2000-10-01:ba9f5c683d1f2f0d561b","municipalityName":"墨田区","prefectureName":"東京都","snapshotDate":"2000-10-01","sourceDataset":"historical-administrative-areas-beta","sourceProvider":"Geoshape","sourceResourceId":"gci:13107A1968"},"type":"Feature"},{"geometry":{"coordinates":[[[[139.1630458832801,35.778243119994016],[139.1667155646681,35.78097476894219],[139.17212984868317,35.78221218256828],[139.17561905393734,35.78486211552227],[139.18195075829942,35.787628785610806],[139.18656793939007,35.787908954733695],[139.19216269953898,35.7891930632136],[139.1955315873706,35.78683497309595],[139.19823872937815,35.78643806683853],[139.19888543552437,35.78445353555139],[139.20222424400035,35.78242230941045],[139.21063142390156,35.773176728355104],[139.21437630367865,35.77407560429104],[139.21798582635537,35.77296660151294],[139.22084336514112,35.77402890943723],[139.2224225313122,35.772511326688246],[139.22743074402612,35.77202103072319],[139.22828800566185,35.770806964524],[139.2337474087104,35.7686123063947],[139.23827435173413,35.76839050583908],[139.2382593120563,35.76709472364572],[139.2448166115857,35.76739824019552],[139.24944883235415,35.76660442768066],[139.25429160861208,35.764024537007394],[139.25686339351924,35.760709202386536],[139.2558557351053,35.75939007276627],[139.26184152687756,35.755584442180364],[139.26854922318515,35.75445209197535],[139.26931624675393,35.753553216039414],[139.27546747498218,35.75362325832013],[139.27988914026116,35.74935067919608],[139.28076144157473,35.74608203942904],[139.2793025928262,35.74206628200096],[139.28465671813,35.74058372039234],[139.28364905971608,35.73768863945582],[139.2844311229627,35.731711698167516],[139.2787762041025,35.73329932319722],[139.2699178338667,35.73325262834341],[139.2629394233584,35.73233040498056],[139.25823200420083,35.7352721807709],[139.2528477995414,35.73634616240864],[139.245373079665,35.73666135267189],[139.24404958801688,35.73879764223392],[139.23943240692623,35.739766560450576],[139.23261943287392,35.73889103194155],[139.226107252378,35.74005840328692],[139.21858741346816,35.74443604583206],[139.21566971597116,35.74441269840516],[139.21237602652863,35.748626908961946],[139.21291745493014,35.751638727033004],[139.20505170343046,35.75381003773539],[139.20432979889512,35.75579456902253],[139.1996524590932,35.75810596428636],[139.1891848433307,35.76225013256243],[139.18148452828703,35.76289218680238],[139.18035655245055,35.76579894145236],[139.18089798085205,35.768075315575835],[139.1770478233302,35.77077194338364],[139.1630458832801,35.778243119994016]]]],"type":"MultiPolygon"},"id":"geoshape:13:2000-10-01:bd076134eced7dc11364","properties":{"administrativeCode":"13305","jurisdictionId":"geoshape:13:2000-10-01:bd076134eced7dc11364","municipalityName":"日の出町","parentJurisdictionName":"西多摩郡","prefectureName":"東京都","snapshotDate":"2000-10-01","sourceDataset":"historical-administrative-areas-beta","sourceProvider":"Geoshape","sourceResourceId":"gci:13305A1974"},"type":"Feature"},{"geometry":{"coordinates":[[[[139.7701375181492,35.70535245318903],[139.77304017596842,35.70509563149305],[139.77316049339098,35.70187368657982],[139.78039457842223,35.70033275640394],[139.77997346744328,35.698079729707366],[139.78254525235045,35.69657382067184],[139.7825903713839,35.6947177002327],[139.77770247609251,35.69176425072891],[139.76819739971046,35.68844891610806],[139.77100981946276,35.68401290499564],[139.77000216104884,35.68180657315289],[139.76407652798787,35.67316802519714],[139.75963982303108,35.67168546358852],[139.75801553782654,35.66868531923092],[139.7499542705152,35.6708332825064],[139.74780359658698,35.66961921630721],[139.74320145517416,35.67142864189254],[139.73905050409593,35.674020206279266],[139.73677951274516,35.67887647107601],[139.7338317358925,35.67887647107601],[139.73150058583045,35.68149138288964],[139.73001165772632,35.685378729469726],[139.73165098260864,35.689616287453426],[139.73628320337713,35.69218450441324],[139.74586347814824,35.702912647077206],[139.74971363567008,35.703029384211746],[139.75718835554648,35.70172192830493],[139.76129418759123,35.70158184374348],[139.7660166464266,35.69964400731016],[139.76849819326685,35.70014597698867],[139.7663926383721,35.701780296872194],[139.76989688330409,35.7033679219019],[139.7701375181492,35.70535245318903]]]],"type":"MultiPolygon"},"id":"geoshape:13:2000-10-01:c84548c653fe05e183e4","properties":{"administrativeCode":"13101","jurisdictionId":"geoshape:13:2000-10-01:c84548c653fe05e183e4","municipalityName":"千代田区","prefectureName":"東京都","snapshotDate":"2000-10-01","sourceDataset":"historical-administrative-areas-beta","sourceProvider":"Geoshape","sourceResourceId":"gci:13101A1968"},"type":"Feature"},{"geometry":{"coordinates":[[[[139.66174656010278,35.67252597095719],[139.6551140621843,35.67055311338351],[139.65033144463766,35.6698993854301],[139.64772958037486,35.66842849753493],[139.64127755859022,35.66719108390884],[139.63911184498417,35.665848606861665],[139.63258462481045,35.66808995984478],[139.62504974622277,35.66912892034216],[139.62503470654497,35.67013285969918],[139.61901883541708,35.67382175315055],[139.6103108619595,35.67664679180635],[139.61210058362005,35.67462723937886],[139.61655232825467,35.67264270809173],[139.616191375987,35.6698993854301],[139.60891217192227,35.6703546602548],[139.60837074352077,35.67636662268346],[139.60325725306205,35.680650875520975],[139.59417328765898,35.68214511084305],[139.59360177990183,35.68412964213018],[139.59056376498225,35.687001375639795],[139.59405297023642,35.688997580640375],[139.5867136074604,35.69395890885821],[139.58827773395367,35.69561657616863],[139.59024793174805,35.69482276365378],[139.59546669995146,35.70543416918321],[139.58665344874913,35.71191308015002],[139.58498404451115,35.71631407012207],[139.58680384552733,35.71975781559091],[139.5894508288236,35.72028313269633],[139.59336114505672,35.71806512714012],[139.5956471760853,35.72154389374933],[139.60194880109177,35.72600325228865],[139.61539427306255,35.730287505126164],[139.6245383971769,35.73014742056472],[139.62432784168743,35.729411976617136],[139.62899014181153,35.72100690293046],[139.63186272027508,35.719722794450554],[139.6321785535093,35.71694445064857],[139.63696117105596,35.716500849537326],[139.64178890763608,35.71476146623272],[139.64284168508345,35.71150450017914],[139.6515947775745,35.70899465178659],[139.65821223581517,35.70921645234221],[139.65819719613734,35.70503726292578],[139.6609043381449,35.70467537780871],[139.66108481427872,35.70143008546859],[139.6625286233494,35.69923542733929],[139.6606185842663,35.69652712581802],[139.66116001266784,35.6951963224843],[139.6651004082566,35.69544147046683],[139.66753683606336,35.69175257701546],[139.66352124208552,35.68812205213135],[139.6592198942291,35.686686185376544],[139.65926501326254,35.68189996286052],[139.66257374238288,35.679436809321786],[139.6641228291983,35.676343275256556],[139.66204735365918,35.675619505022425],[139.66174656010278,35.67252597095719]]]],"type":"MultiPolygon"},"id":"geoshape:13:2000-10-01:ceddebae9f558dbfe617","properties":{"administrativeCode":"13115","jurisdictionId":"geoshape:13:2000-10-01:ceddebae9f558dbfe617","municipalityName":"杉並区","prefectureName":"東京都","snapshotDate":"2000-10-01","sourceDataset":"historical-administrative-areas-beta","sourceProvider":"Geoshape","sourceResourceId":"gci:13115A1968"},"type":"Feature"},{"geometry":{"coordinates":[[[[139.16352715297032,35.85086529138957],[139.16266989133462,35.849055865804246],[139.1664147711117,35.84457315983802],[139.1661139775553,35.84297386109486],[139.17188921383806,35.84000873787762],[139.17533330005878,35.83606302273026],[139.1773486168866,35.83515247308087],[139.17691246622985,35.83303953094575],[139.1784314736896,35.83058805112047],[139.1752731413475,35.8272260216458],[139.17740877559788,35.82018677243321],[139.1742053242223,35.81283233295737],[139.17554385554826,35.806843717955616],[139.1731375070971,35.806435137984735],[139.1714530631813,35.80347001476749],[139.164805525585,35.801602220614896],[139.15836854347816,35.798275212280586],[139.15639834568378,35.79863709739766],[139.14981096679878,35.79638407070109],[139.1469233486574,35.793033714939874],[139.14757005480365,35.789017957511795],[139.1464721583228,35.78574931774476],[139.14781068964876,35.78199038201266],[139.1428024769348,35.78104481122291],[139.1404863665506,35.77899023765505],[139.13743331195317,35.77838320455546],[139.13762882776484,35.77242961069407],[139.13609478062725,35.77025829999168],[139.13283117054036,35.7664176482654],[139.13066545693434,35.76511019235859],[139.12821398944973,35.766977986511186],[139.12513085549668,35.76759669332423],[139.11502419200187,35.772593042682416],[139.1138360574541,35.77385380373542],[139.10753443244766,35.776842274379575],[139.10584998853187,35.779118648503044],[139.1022103864995,35.77837153084201],[139.09661562635057,35.775920051016726],[139.093412174975,35.769966457155334],[139.0884641209723,35.770188257710956],[139.0867796770565,35.77125056563524],[139.08289944017903,35.76989641487461],[139.08007198074893,35.77010654171678],[139.07501864900152,35.77199768329628],[139.07358987960865,35.7700248257226],[139.06649115167775,35.765647183177464],[139.0636185732142,35.76560048832364],[139.06094151056232,35.76410625300157],[139.05661008335022,35.76328909305981],[139.05488052040099,35.76017221156767],[139.0491654428295,35.76005547443313],[139.04578151532007,35.75804759571909],[139.043119492346,35.757674036888574],[139.04269838136705,35.75510581992876],[139.03967540612527,35.750109470570564],[139.0413748897189,35.74605869200213],[139.03987092193694,35.744506088112786],[139.03445663792186,35.742463188258384],[139.0319600514038,35.744190897849535],[139.02818509227103,35.74451776182624],[139.02681648158946,35.74215967170859],[139.0216729117751,35.74012844556764],[139.01228815281564,35.73866923138593],[139.00809208270397,35.74561509089089],[139.00517438520694,35.74895377293865],[139.0051593455291,35.750448008260726],[139.0021514099652,35.75012114428402],[138.99882764116703,35.751136757354494],[138.99243577809366,35.75551439989964],[138.98935264414064,35.76348754618852],[138.98438955046015,35.767760125312584],[138.98365260624698,35.77202103072319],[138.98532201048496,35.7744141419812],[138.9864199069658,35.78224720370864],[138.98503625660638,35.78527069549315],[138.98187792426427,35.787080121078475],[138.97951669484658,35.787091794791934],[138.9768697115503,35.78902963122525],[138.97714042575106,35.79237998698646],[138.97178630044726,35.79899898251472],[138.97031241202092,35.80459069125905],[138.97205701464802,35.813696187752946],[138.9697709836194,35.81585582474188],[138.96965066619686,35.82273164196612],[138.97047784847695,35.82735443249379],[138.9697559439416,35.83123010536042],[138.9642514218596,35.829385658634735],[138.9621909859983,35.829607459190356],[138.9532574173734,35.83651829755495],[138.9473769033459,35.84291549252759],[138.94854999821584,35.8495461617693],[138.9457526181414,35.854087236302796],[138.94393281712522,35.85481100653692],[138.942865,35.86015756729873],[138.94653468138802,35.864360104142065],[138.94513599135078,35.8679322604589],[138.9497230930858,35.86925139007917],[138.95498698032267,35.87518163651365],[138.96519892156223,35.87778487461383],[138.96802638099234,35.88220921201279],[138.97247812562696,35.881975737743716],[138.9789301474116,35.88501090324168],[138.98556264533008,35.88117025151541],[138.98875105702786,35.8811469040885],[138.99458645202188,35.88325984622362],[138.9958798643144,35.8844505649959],[139.00075271992796,35.88399529017121],[139.00664827363326,35.889622020055896],[139.00679867041146,35.893637777483974],[139.01031795502126,35.89717491266045],[139.01337100961865,35.898260568011644],[139.01839426201045,35.898424],[139.0241093395819,35.89719826008736],[139.02932810778535,35.89291400724984],[139.03759993058617,35.88909670295048],[139.04035219162716,35.886306685435045],[139.04286381782305,35.88560626262782],[139.0483232208716,35.88120527265577],[139.04984222833139,35.878835508824665],[139.05784333693146,35.87749303177749],[139.06143781993035,35.873710748618485],[139.07205583247105,35.871574459056454],[139.0777558703647,35.87534506850201],[139.08253848791136,35.87487811996386],[139.08399733665988,35.8734305794956],[139.08923114454112,35.87103746823759],[139.09132165975805,35.86902958952355],[139.09542749180284,35.86942649578097],[139.099082133513,35.868679378119936],[139.10124784711903,35.865772623469965],[139.1026766165119,35.86657810969827],[139.11425716843306,35.865364043499085],[139.11926538114702,35.86429006186134],[139.129191568508,35.865562496627795],[139.13123696469148,35.86446516756315],[139.13535783641407,35.86538739092599],[139.13890720037952,35.86400989273845],[139.147539975448,35.862714110545085],[139.15511997306913,35.85856994226902],[139.15948147963684,35.8569356223855],[139.16352715297032,35.85086529138957]]]],"type":"MultiPolygon"},"id":"geoshape:13:2000-10-01:d0598ddb64397f49f396","properties":{"administrativeCode":"13308","jurisdictionId":"geoshape:13:2000-10-01:d0598ddb64397f49f396","municipalityName":"奥多摩町","parentJurisdictionName":"西多摩郡","prefectureName":"東京都","snapshotDate":"2000-10-01","sourceDataset":"historical-administrative-areas-beta","sourceProvider":"Geoshape","sourceResourceId":"gci:13308A1968"},"type":"Feature"},{"geometry":{"coordinates":[[[[139.4175623510225,35.682763817656095],[139.42150274661125,35.68857732695604],[139.42470619798684,35.68670953280345],[139.42840595873048,35.691122196488955],[139.43121837848278,35.69028168912028],[139.42989488683463,35.6939355614313],[139.43163948946173,35.6969357057889],[139.42751861773914,35.698359898830255],[139.4255935389782,35.701885360293275],[139.4272629432162,35.703624743597885],[139.43031599781358,35.70354302760371],[139.4320004417294,35.7016518860242],[139.44099416906556,35.7013250220475],[139.44161079585618,35.700367777544294],[139.44869448410924,35.70091644207662],[139.45559769622847,35.694741047659605],[139.45940273471683,35.69238295754195],[139.45517658524952,35.69046846853554],[139.45358237940064,35.68766677730665],[139.45292063357655,35.683557630170945],[139.45135650708332,35.68066254923443],[139.45228896710813,35.67850291224549],[139.4507248406149,35.67664679180635],[139.45066468190362,35.673191372624046],[139.45343198262245,35.67166211616161],[139.45080003900398,35.67155705274053],[139.44570158822313,35.6735065628873],[139.44473904884265,35.671790527009605],[139.44066329615353,35.67175550586924],[139.44066329615353,35.67064650309114],[139.43172972752865,35.672677729232085],[139.42981968844555,35.67082160879295],[139.42240512728043,35.679144966485445],[139.4175623510225,35.682763817656095]]]],"type":"MultiPolygon"},"id":"geoshape:13:2000-10-01:d3cd64f681d2efc49934","properties":{"administrativeCode":"13215","jurisdictionId":"geoshape:13:2000-10-01:d3cd64f681d2efc49934","municipalityName":"国立市","prefectureName":"東京都","snapshotDate":"2000-10-01","sourceDataset":"historical-administrative-areas-beta","sourceProvider":"Geoshape","sourceResourceId":"gci:13215A1968"},"type":"Feature"},{"geometry":{"coordinates":[[[[139.3325881713413,35.712881998366676],[139.32939975964356,35.712064838424915],[139.32941479932137,35.719629404742925],[139.32840714090744,35.72337666676157],[139.32873801381947,35.72749748761073],[139.32198519847844,35.73272731123799],[139.32015035778446,35.73324095462995],[139.31670627156373,35.74331536934051],[139.31386377245582,35.747120999926416],[139.31879678678067,35.7507048299567],[139.32093242103107,35.7500511020033],[139.32206039686756,35.75359991089323],[139.32491793565327,35.754848998232774],[139.3273844428157,35.75292283551291],[139.33129475904883,35.75303957264745],[139.3321821000402,35.751743790454086],[139.33873939956956,35.750109470570564],[139.34263467612487,35.749840975161135],[139.34233388256848,35.74616375542321],[139.34552229426623,35.7470743050726],[139.35206455411782,35.74123744834574],[139.35332788705466,35.74253323053911],[139.35042522923547,35.74513646863929],[139.34989884051177,35.74772803302601],[139.35466641838062,35.745603417177435],[139.35490705322573,35.74276670480818],[139.35987014690622,35.73957978103532],[139.35899784559268,35.73732675433875],[139.3529067760757,35.7360543195723],[139.35334292673247,35.72796443614887],[139.35535824356032,35.72530282948143],[139.3531173315652,35.72501098664509],[139.3526811809084,35.72217427427583],[139.34307082678163,35.72156724117624],[139.33887475666995,35.71964107845638],[139.33887475666995,35.715952185005],[139.3325881713413,35.712881998366676]]]],"type":"MultiPolygon"},"id":"geoshape:13:2000-10-01:d5e32a65e2a7099c46e8","properties":{"administrativeCode":"13218","jurisdictionId":"geoshape:13:2000-10-01:d5e32a65e2a7099c46e8","municipalityName":"福生市","prefectureName":"東京都","snapshotDate":"2000-10-01","sourceDataset":"historical-administrative-areas-beta","sourceProvider":"Geoshape","sourceResourceId":"gci:13218A1970"},"type":"Feature"},{"geometry":{"coordinates":[[[[139.26878985803026,35.609359507459146],[139.26602255731143,35.60791196699088],[139.2647742640524,35.602460342808],[139.25770561547714,35.60423474725297],[139.25221613307298,35.601666530293144],[139.2468168887357,35.60523868660999],[139.2386353040018,35.60697806991459],[139.2377930820439,35.60980310857039],[139.22988221151076,35.6145659836595],[139.23048379862354,35.616900726350245],[139.22887455309683,35.620227734684555],[139.22544550655394,35.623753196147575],[139.2202267383505,35.625574295446356],[139.21947475445953,35.626671624511005],[139.22147503160954,35.629286536324635],[139.21545916048169,35.63694449235027],[139.21442142271212,35.64168402001248],[139.21545916048169,35.64612003112489],[139.2112781300478,35.64919021776321],[139.2075332502707,35.649622145161004],[139.20526225891993,35.65158332902123],[139.19802817388867,35.652949153495314],[139.1925537311623,35.65036926282204],[139.19153103307056,35.64739246589134],[139.18423678932803,35.64506939691405],[139.17915337822498,35.64557136659256],[139.17524306199186,35.649727208582085],[139.16933246860873,35.65147826560015],[139.1670163582245,35.65101131706199],[139.16858048471772,35.65669641551395],[139.16692612015757,35.65961484387738],[139.16722691371396,35.66176280715287],[139.16498600171883,35.66527659490243],[139.1616020742094,35.66790318042952],[139.16477544622936,35.67044804996243],[139.16608389819967,35.67532766218608],[139.16997917475496,35.680055516134836],[139.17140794414783,35.6887407589444],[139.1787924259573,35.68924272862291],[139.18198083765506,35.68806368356408],[139.184071352872,35.68905594920765],[139.18688377262427,35.68802866242372],[139.19136559661456,35.68783020929501],[139.19326059601983,35.68905594920765],[139.1994268639259,35.6882854841197],[139.20016380813905,35.69012993084539],[139.20049468105108,35.699153711345105],[139.20481106858534,35.69972572330434],[139.20535249698685,35.703204489913546],[139.20445011631767,35.70729028962235],[139.20691662348008,35.712765261232136],[139.2101200748557,35.71361744231426],[139.2172488821422,35.71887061336843],[139.21887316734674,35.716909429508206],[139.23561232876003,35.7148431822269],[139.2373418917093,35.71330225205101],[139.2403949463067,35.7142128017004],[139.2433126438037,35.712473418395795],[139.2450572464308,35.713360620618275],[139.24579419064395,35.71139943675806],[139.24962930848798,35.71048888710867],[139.2519454188722,35.712263291553626],[139.25817184548956,35.71220492298636],[139.26071355104108,35.71048888710867],[139.2685341835073,35.70994022257634],[139.27221890457312,35.7126485240976],[139.27390334848894,35.715006614215255],[139.27680600630814,35.71396765371787],[139.28537862266535,35.71334894690482],[139.29425203257895,35.713372294331734],[139.29584623842786,35.711469479038776],[139.30135076050985,35.711772995588575],[139.30350143443806,35.713594094887355],[139.3049753228644,35.71157454245986],[139.3084946074742,35.71588214272428],[139.31359305825507,35.713955980004414],[139.31589412896147,35.71424782284076],[139.31923293743745,35.71905739278369],[139.32267702365814,35.7167343238064],[139.32451186435216,35.71296371436085],[139.32873801381947,35.711247678483154],[139.32939975964356,35.712064838424915],[139.3325881713413,35.712881998366676],[139.33153539389394,35.70969507459381],[139.33299424264246,35.705118978919955],[139.33681432080866,35.70151180146276],[139.33559610690526,35.699060321637475],[139.33603225756204,35.69610687213369],[139.3403787244519,35.69365539230841],[139.3464848336467,35.69197437757107],[139.35522288645993,35.69322346491062],[139.36332927280475,35.69374878201604],[139.36752534291642,35.69218450441324],[139.37626339572967,35.69163583988092],[139.37964732323908,35.68675622765726],[139.3780531173902,35.687678451020105],[139.37519557860446,35.685787309440606],[139.37513541989318,35.68158477259727],[139.37671458606425,35.67838617511095],[139.3764438718635,35.676319927829645],[139.37241323820783,35.6723975601092],[139.3704731197691,35.668556908382925],[139.37242827788566,35.665755217154036],[139.3608477259645,35.66001175013481],[139.35740363974378,35.66012848726935],[139.35946407560508,35.65711666919829],[139.35740363974378,35.655377285893685],[139.35922344075996,35.65282074264732],[139.3654348276995,35.646400200247776],[139.37050319912473,35.64376194100724],[139.37638371315222,35.64540793460421],[139.37856446643607,35.644100478697396],[139.37718081607667,35.64101861834561],[139.37808319674585,35.639325929894824],[139.3820235923346,35.64131046118196],[139.38984422480084,35.64115870290706],[139.39163394646138,35.63980455214643],[139.3993643408607,35.641193724047426],[139.4047034264867,35.643680225013064],[139.4064029100803,35.64525617632931],[139.4106140198698,35.64491763863916],[139.41500560579317,35.64703058077428],[139.4177127478007,35.64311988676728],[139.42025445335221,35.643084865626925],[139.4238338966733,35.639571077877356],[139.42679671320377,35.63798345284765],[139.43021072006886,35.632204964688064],[139.42493179315414,35.6302788019682],[139.4224502463139,35.628469376382874],[139.42011909625185,35.6288662826403],[139.41553199451684,35.62591283313651],[139.4047034264867,35.62077639921688],[139.39955985667234,35.613363591173766],[139.39589017528434,35.611752618717155],[139.393498866511,35.60820380982723],[139.38763339216135,35.605016886054365],[139.38834025701888,35.602401974240735],[139.38661069406962,35.59831617453193],[139.3818731955564,35.60227356339274],[139.37596260217327,35.604398179241315],[139.37063855622512,35.604993538627454],[139.37050319912473,35.60614923625937],[139.3654348276995,35.609044317195895],[139.36143427339945,35.60523868660999],[139.3535083631885,35.60735162874511],[139.35176376056143,35.60881084292682],[139.3489964598426,35.60815711497341],[139.3404388831632,35.614671047080584],[139.3399726531508,35.618219855970516],[139.34156685899967,35.61974911243295],[139.33840852665753,35.62340298474396],[139.33696471758685,35.62248076138112],[139.33857396311356,35.6195856804446],[139.33737078888797,35.61421577225589],[139.32697837151457,35.61576837614523],[139.3227823014029,35.61482280535548],[139.31750337448818,35.61524305903981],[139.3152925418487,35.61290831634908],[139.31420968504568,35.614145729975164],[139.30762230616065,35.61623532468338],[139.30348639476026,35.615173016759094],[139.2980269917117,35.616106913835395],[139.29354516772145,35.615464859595434],[139.294748341947,35.61692407377715],[139.2935301280436,35.62053125123435],[139.28934909760974,35.62018103983074],[139.28691266980297,35.62194377056225],[139.28567941622174,35.62079974664378],[139.27791894246678,35.61945726959661],[139.27436957850136,35.61413405626171],[139.27152707939342,35.613982297986816],[139.26880489770807,35.61212617754767],[139.26878985803026,35.609359507459146]]]],"type":"MultiPolygon"},"id":"geoshape:13:2000-10-01:db793339cffb3375f8bd","properties":{"administrativeCode":"13201","jurisdictionId":"geoshape:13:2000-10-01:db793339cffb3375f8bd","municipalityName":"八王子市","prefectureName":"東京都","snapshotDate":"2000-10-01","sourceDataset":"historical-administrative-areas-beta","sourceProvider":"Geoshape","sourceResourceId":"gci:13201A1968"},"type":"Feature"},{"geometry":{"coordinates":[[[[139.4420168671573,35.65795717656695],[139.45526682331644,35.65432665168285],[139.46788511300716,35.651209770190704],[139.4738107460681,35.64933030232466],[139.47378066671246,35.646797106505204],[139.4687724539985,35.64456742723554],[139.4690130888436,35.640166437263495],[139.47155479439513,35.6337342211505],[139.46451622517554,35.62962507401479],[139.46415527290787,35.62451198752207],[139.46247082899205,35.62506065205439],[139.46072622636498,35.62216557111787],[139.45534202170552,35.618196508543605],[139.4531763080995,35.618616762227944],[139.45245440356416,35.61590846070668],[139.44928103154422,35.611775966144066],[139.4458369453235,35.60871745321919],[139.43816670963545,35.60959298172822],[139.43609123409635,35.60658116365716],[139.43386536177903,35.60586906713648],[139.42822548259664,35.60805205155233],[139.4262853641579,35.60544881345215],[139.42311199213796,35.60663953222443],[139.4205402072308,35.60977976114348],[139.4168705258428,35.611869355851695],[139.41270453508676,35.612277935822576],[139.41017786921304,35.61005993026637],[139.4079369572179,35.612044461553495],[139.40146989575544,35.60864741093847],[139.4009886260652,35.61011829883364],[139.3973039049994,35.61003658283946],[139.393498866511,35.60820380982723],[139.39589017528434,35.611752618717155],[139.39955985667234,35.613363591173766],[139.4047034264867,35.62077639921688],[139.41553199451684,35.62591283313651],[139.42011909625185,35.6288662826403],[139.4224502463139,35.628469376382874],[139.42493179315414,35.6302788019682],[139.43021072006886,35.632204964688064],[139.42679671320377,35.63798345284765],[139.4238338966733,35.639571077877356],[139.42025445335221,35.643084865626925],[139.4177127478007,35.64311988676728],[139.41500560579317,35.64703058077428],[139.41681036713152,35.64905013320177],[139.42141250854434,35.64626011568633],[139.42714262579364,35.64372691986688],[139.429864807479,35.64715899162227],[139.4324666717418,35.64794113042367],[139.43404583791286,35.6508595587871],[139.43770047962306,35.650042398845336],[139.43833214609148,35.65458347337883],[139.4420168671573,35.65795717656695]]]],"type":"MultiPolygon"},"id":"geoshape:13:2000-10-01:e1bdc742a7ddb1014b38","properties":{"administrativeCode":"13224","jurisdictionId":"geoshape:13:2000-10-01:e1bdc742a7ddb1014b38","municipalityName":"多摩市","prefectureName":"東京都","snapshotDate":"2000-10-01","sourceDataset":"historical-administrative-areas-beta","sourceProvider":"Geoshape","sourceResourceId":"gci:13224A1971"},"type":"Feature"},{"geometry":{"coordinates":[[[[142.09661024039735,27.720637514270113],[142.10215988151282,27.718699677836796],[142.10300210347071,27.71618982944425],[142.0963395261966,27.71924834236912],[142.09661024039735,27.720637514270113]]],[[[142.10966468074483,27.71618982944425],[142.10632587226885,27.71785917046813],[142.11050690270272,27.717579001345243],[142.10966468074483,27.71618982944425]]],[[[142.1282838018856,27.688137896014975],[142.1310511026044,27.68924689879308],[142.1327205068424,27.685359552212994],[142.13633002951912,27.687309062359763],[142.1388266160372,27.685639721335882],[142.14022530607443,27.688418065137864],[142.14245117839172,27.688698234260755],[142.14327836067181,27.686200059581658],[142.1480008195072,27.68369021118911],[142.14827153370794,27.674526346127944],[142.14882800178728,27.673417343349843],[142.1455042329891,27.67039385156533],[142.14133824223308,27.671199337793638],[142.1379994337571,27.674246177005056],[142.1388266160372,27.67897403095381],[142.13327697492173,27.681192036510016],[142.13300626072098,27.678693861830922],[142.1310511026044,27.678413692708034],[142.12688511184837,27.68369021118911],[142.1243885253303,27.683421715779676],[142.12521570761038,27.68702889323687],[142.1282838018856,27.688137896014975]]],[[[142.12661439764761,27.678693861830922],[142.1235613430502,27.6792542000767],[142.12661439764761,27.681752374755796],[142.12661439764761,27.678693861830922]]],[[[142.15899482399337,27.663144475510574],[142.15816764171328,27.659805793462812],[142.15899482399337,27.65702744966083],[142.15649823747532,27.659525624339924],[142.15788188783472,27.659805793462812],[142.15705470555463,27.664521973698115],[142.15899482399337,27.663144475510574]]],[[[142.18344934012816,27.630107866436568],[142.18427652240825,27.627061027225146],[142.18594592664624,27.626220519856478],[142.18594592664624,27.622613342399283],[142.18761533088423,27.62233317327639],[142.1848329904876,27.619274660351522],[142.18177993589018,27.623442176054496],[142.18066699973153,27.622613342399283],[142.1784411274142,27.625391686201265],[142.17511735861606,27.622053004153504],[142.17371866857883,27.624002514300273],[142.1703948997807,27.63483572038532],[142.17316220049952,27.63288621023855],[142.17511735861606,27.635944723163423],[142.17817041321345,27.633995213016654],[142.1787268812928,27.630948373805232],[142.18344934012816,27.630107866436568]]],[[[142.21316774349987,27.4984984209594],[142.21234056121978,27.496280415403195],[142.21510786193858,27.491272392331553],[142.21510786193858,27.489614725021124],[142.21234056121978,27.489614725021124],[142.21122762506113,27.49183273057733],[142.21178409314044,27.494611074379314],[142.20483576198774,27.49682907993552],[142.20510647618852,27.50016776198328],[142.2098289350239,27.50016776198328],[142.21149833926188,27.502385767539486],[142.21316774349987,27.4984984209594]]],[[[142.20871599886522,27.487945383997243],[142.2081595307859,27.48655621209625],[142.20510647618852,27.488774217652455],[142.20706163430506,27.489614725021124],[142.20871599886522,27.487945383997243]]],[[[140.8802762967309,27.24580921954032],[140.8788926463715,27.243859709393547],[140.87417018753612,27.24357954027066],[140.87221502941955,27.247198391441312],[140.87528312369477,27.249976735243294],[140.87528312369477,27.244420047639327],[140.87666677405417,27.247198391441312],[140.8788926463715,27.247747055973637],[140.8802762967309,27.24580921954032]]],[[[142.19709032791062,27.19410634265382],[142.19346576555608,27.19383784724439],[142.19513516979407,27.19661619104637],[142.19763175631212,27.195495514554814],[142.19709032791062,27.19410634265382]]],[[[142.18457731596465,27.169941755804636],[142.18375013368455,27.171891265951405],[142.18764541023987,27.171891265951405],[142.18735965636128,27.176607446186708],[142.18457731596465,27.1791056208658],[142.18764541023987,27.182164133790675],[142.18764541023987,27.18466230846977],[142.1856902521233,27.18466230846977],[142.1840208478853,27.187440652271754],[142.18624672020263,27.187172156862317],[142.18902906059927,27.190218996073735],[142.1887433067207,27.187440652271754],[142.192638583276,27.184942477592656],[142.19569163787338,27.184942477592656],[142.19542092367263,27.183273136568776],[142.19985762862945,27.183273136568776],[142.19985762862945,27.18133530013546],[142.19597739175197,27.17994612823447],[142.19457870171473,27.176607446186708],[142.19569163787338,27.173280437852398],[142.19874469247077,27.168552583903644],[142.20208350094674,27.169393091272312],[142.200143382508,27.165505744692226],[142.20041409670876,27.16272740089024],[142.19763175631212,27.15938871884248],[142.19903044634935,27.157719377818598],[142.19513516979407,27.15383203123851],[142.192638583276,27.15244285933752],[142.19236786907524,27.150505022904202],[142.18820187831918,27.150505022904202],[142.18764541023987,27.14772667910222],[142.1887433067207,27.144668166177347],[142.18069707908717,27.146337507201228],[142.17958414292852,27.148275343634545],[142.18069707908717,27.15077351831364],[142.1843066017639,27.149664515535534],[142.1856902521233,27.150505022904202],[142.18457731596465,27.152723028460407],[142.18624672020263,27.154660864893724],[142.1843066017639,27.156890544163385],[142.18096779328792,27.157999546941486],[142.1843066017639,27.15938871884248],[142.18319366560524,27.16605440922455],[142.18457731596465,27.169941755804636]]],[[[142.22625226320298,27.119663071959494],[142.2259665093244,27.11688472815751],[142.22736519936163,27.11522706084708],[142.2351407127944,27.114106384355523],[142.23596789507448,27.111888378799318],[142.233757062435,27.109390204120224],[142.2315311901177,27.109110034997336],[142.22625226320298,27.11132804055354],[142.222913454727,27.110219037775437],[142.21986040012962,27.110779376021217],[142.21986040012962,27.109110034997336],[142.21736381361154,27.10856137046501],[142.21291206897692,27.109670373243112],[142.20903183209944,27.108829865874444],[142.20458008746482,27.110499206898325],[142.20069985058734,27.10993886865255],[142.20263996902608,27.111888378799318],[142.20125631866668,27.114106384355523],[142.2062494917028,27.11688472815751],[142.20569302362347,27.118834238304277],[142.201812786746,27.11994324108238],[142.20208350094674,27.12133241298337],[142.19818822439146,27.123281923130143],[142.19319505135533,27.123281923130143],[142.19014199675792,27.120772074737594],[142.18791612444062,27.121612582106263],[142.19069846483725,27.124671095031136],[142.18820187831918,27.12688910058734],[142.18820187831918,27.130227782635103],[142.19319505135533,27.13355479096941],[142.18902906059927,27.136613303894283],[142.1912549329166,27.14216999149825],[142.19041271095867,27.143559163399242],[142.1940222336354,27.143559163399242],[142.19375151943464,27.14106098872015],[142.19597739175197,27.14022048135148],[142.19457870171473,27.138002475795275],[142.19903044634935,27.134943962870402],[142.200143382508,27.132725957314197],[142.20346715130617,27.134663793747514],[142.20653524558136,27.13411512921519],[142.20486584134338,27.130776447167428],[142.20569302362347,27.129107106143547],[142.2159651235743,27.13244578819131],[142.21958968592887,27.132725957314197],[142.2176345278123,27.129107106143547],[142.22319920860556,27.12549992868635],[142.2237556766849,27.123001754007255],[142.22652297740373,27.123830587662468],[142.22625226320298,27.119663071959494]]],[[[142.17958414292852,27.129107106143547],[142.18014061100783,27.12688910058734],[142.17680180253188,27.12883861073411],[142.17958414292852,27.129107106143547]]],[[[142.17152287561717,27.116616232748072],[142.16958275717843,27.11494689172419],[142.16683049613744,27.11522706084708],[142.165446845778,27.112997381577422],[142.16183732310128,27.112997381577422],[142.16155156922272,27.11494689172419],[142.16516109189945,27.115775725379404],[142.165446845778,27.118005404649065],[142.1632209734607,27.12133241298337],[142.16708617066035,27.120503579328158],[142.168199106819,27.121612582106263],[142.17152287561717,27.116616232748072]]],[[[142.18735965636128,27.116055894502296],[142.1843066017639,27.11855406918139],[142.18541953792254,27.119114407427166],[142.18735965636128,27.116055894502296]]],[[[142.20375290518473,27.086638136598935],[142.201812786746,27.088027308499928],[142.20375290518473,27.093560648676988],[142.201812786746,27.09605882335608],[142.20319643710542,27.09827682891229],[142.2009705647881,27.09938583169039],[142.1979175101907,27.098837167158067],[142.19847397827002,27.096607487888406],[142.19346576555608,27.094109313209312],[142.1912549329166,27.092171476775995],[142.19236786907524,27.089941797506338],[142.18764541023987,27.08800396107302],[142.1865324740812,27.089941797506338],[142.18181001524582,27.0943894823322],[142.1829229514045,27.097167826134186],[142.18208072944657,27.100494834468495],[142.18319366560524,27.103273178270477],[142.18735965636128,27.105502857540138],[142.19069846483725,27.10466235017147],[142.19346576555608,27.105783026663026],[142.19375151943464,27.103833516516257],[142.201812786746,27.10466235017147],[142.20513655554416,27.105502857540138],[142.20569302362347,27.103553347393365],[142.21070123633743,27.102724513738153],[142.21097195053818,27.103833516516257],[142.21513794129422,27.10022633905906],[142.21819099589163,27.10133534183716],[142.2176345278123,27.09855699803518],[142.22431214476424,27.090805652301913],[142.2251393270443,27.08774713937704],[142.22319920860556,27.084968795575055],[142.2251393270443,27.08331112826463],[142.22431214476424,27.081921956363637],[142.22903460359962,27.08108144899497],[142.2329148404771,27.076913933291994],[142.2329148404771,27.073026586711904],[142.23068896815977,27.06913924013182],[142.23264412627634,27.06247354974975],[142.23013250008046,27.060255544193545],[142.23180190431844,27.05747720039156],[142.2342984908365,27.05663669302289],[142.23736658511172,27.053578180098018],[142.23792305319105,27.051640343664705],[142.233757062435,27.050251171763712],[142.22847813552028,27.056916862145783],[142.224582858965,27.053309684688585],[142.22180051856836,27.053309684688585],[142.22625226320298,27.049690833517932],[142.2251393270443,27.044974653282633],[142.22264274052625,27.044414315036853],[142.2251393270443,27.04163597123487],[142.22707944548304,27.041087306702547],[142.22541004124508,27.039417965678666],[142.22957603200112,27.037748624654785],[142.22957603200112,27.036079283630905],[142.22319920860556,27.035810788221468],[142.21930393205028,27.036359452753793],[142.21958968592887,27.04135580211198],[142.21652159165365,27.041087306702547],[142.21402500513557,27.039137796555778],[142.21235560089758,27.040807137579655],[142.21124266473893,27.038028793777674],[142.21041548245884,27.040526968456767],[142.20818961014155,27.04024679933388],[142.2062494917028,27.044134145913965],[142.19818822439146,27.045523317814958],[142.19569163787338,27.044134145913965],[142.19460878107037,27.04163597123487],[142.18656255343683,27.044414315036853],[142.18600608535752,27.039698134801554],[142.18405092724095,27.045523317814958],[142.18794620379626,27.048033166207507],[142.18961560803425,27.051640343664705],[142.18961560803425,27.0552475211219],[142.18766044991767,27.05719703126867],[142.18710398183836,27.06080420872587],[142.18985624287936,27.061644716094534],[142.190969179038,27.059975375070653],[142.19430798751398,27.059695205947765],[142.19457870171473,27.063022214282075],[142.19236786907524,27.064691555305956],[142.192638583276,27.06775006823083],[142.18985624287936,27.068030237353717],[142.18708894216053,27.071637414810915],[142.1821108088022,27.07052841203281],[142.18184009460145,27.074415758612897],[142.1840208478853,27.075524761391],[142.18680318828197,27.072746417589016],[142.19069846483725,27.07385542036712],[142.1918114009959,27.075524761391],[142.2009705647881,27.074976096858677],[142.20208350094674,27.073026586711904],[142.20542230942272,27.074976096858677],[142.20736242786145,27.08275079001885],[142.2070766739829,27.08607779835316],[142.20375290518473,27.084968795575055],[142.20375290518473,27.086638136598935]]],[[[142.2434726943065,27.092474993325794],[142.24069035390986,27.095533506250668],[142.24625503470315,27.095533506250668],[142.2487516212212,27.091634485957126],[142.24569856662382,27.09052548317902],[142.2434726943065,27.092474993325794]]],[[[142.1732223592108,27.04525482240552],[142.17794481804617,27.03553061909858],[142.17516247764954,27.035810788221468],[142.17683188188752,27.031911767927927],[142.1754482315281,27.031643272518494],[142.17433529536945,27.037748624654785],[142.17266589113146,27.04247647860354],[142.1732223592108,27.04525482240552]]],[[[142.14353403519473,26.669863218874458],[142.14491768555416,26.675139737355536],[142.13602923596272,26.68152525861472],[142.13629995016348,26.683754937884377],[142.13047959484726,26.689299951774892],[142.12963737288936,26.694027805723646],[142.12852443673071,26.69485663937886],[142.12769725445062,26.699584493327613],[142.12520066793255,26.70403217815348],[142.12297479561525,26.705970014586793],[142.1224183275359,26.710978037658435],[142.123245509816,26.714305045992745],[142.12602785021264,26.714305045992745],[142.12741150057204,26.709857361166883],[142.13102102324876,26.705689845463905],[142.13380336364543,26.700973665228606],[142.13380336364543,26.699304324204725],[142.1393680444387,26.700413326982826],[142.14242109903608,26.697915152303732],[142.14130816287744,26.70152232976093],[142.14213534515753,26.70319167078481],[142.1407516947981,26.708199693856454],[142.14547415363347,26.706250183709685],[142.14964014438954,26.707359186487786],[142.15019661246887,26.70542135005447],[142.15269319898692,26.705970014586793],[142.15463331742566,26.70846818926589],[142.15797212590164,26.705970014586793],[142.15879930818173,26.703752009030588],[142.16492045705434,26.7023628371296],[142.16380752089566,26.6998646624505],[142.16019799821893,26.70152232976093],[142.15630272166365,26.699024155081833],[142.15380613514557,26.6987556596724],[142.15075308054818,26.69652598040274],[142.15102379474894,26.694307974846534],[142.1460306217128,26.693747636600754],[142.14547415363347,26.690689123675885],[142.14658708979215,26.689031456365456],[142.14658708979215,26.68486394066248],[142.1521367309076,26.68347476876149],[142.15935577626104,26.686801777095795],[142.1651911712551,26.686801777095795],[142.16768775777314,26.68986029002067],[142.16768775777314,26.685972943440582],[142.16603339321298,26.684023433293813],[142.16658986129232,26.680416255836615],[142.16463470317575,26.679027083935622],[142.16213811665767,26.67457939910976],[142.16075446629827,26.67457939910976],[142.162694584737,26.669863218874458],[142.16213811665767,26.666804705949588],[142.1635217670171,26.66430653127049],[142.1640782350964,26.660139015567516],[142.16630410741374,26.658189505420744],[142.1696429158897,26.658189505420744],[142.1726959704871,26.65597149986454],[142.1793585477612,26.65597149986454],[142.18214088815785,26.656800333519755],[142.1818551342793,26.659578677321736],[142.18908921931055,26.659310181912304],[142.1876905292733,26.655142666209326],[142.1849232285545,26.65597149986454],[142.18519394275526,26.654302158840657],[142.1802007697191,26.65291298693967],[142.17853136548112,26.65458232796355],[142.17463608892584,26.654302158840657],[142.17380890664575,26.652644491530232],[142.17436537472508,26.647356299335698],[142.1735231527672,26.644858124656604],[142.1713123201277,26.643188783632723],[142.1735231527672,26.638192434274533],[142.1726959704871,26.636254597841216],[142.17686196124316,26.63402491857156],[142.1802007697191,26.630966405646685],[142.1802007697191,26.624300715264614],[142.18214088815785,26.62264304795419],[142.18129866619995,26.614308016548236],[142.18296807043794,26.610969334500474],[142.1796443016398,26.60958016259948],[142.17824561160256,26.607362157043276],[142.17657620736458,26.609299993476593],[142.1735231527672,26.609860331722373],[142.17824561160256,26.61541701932634],[142.17657620736458,26.615977357572117],[142.17657620736458,26.621253876053196],[142.1740796208465,26.62208270970841],[142.17630549316382,26.62403221985518],[142.1740796208465,26.624580884387505],[142.1726959704871,26.628199735558155],[142.16935716201112,26.63208708213824],[142.1651911712551,26.631246574769573],[142.16380752089566,26.629588907459148],[142.16158164857836,26.63041774111436],[142.16075446629827,26.63569425959544],[142.16102518049902,26.639581606175526],[142.1574156578223,26.638192434274533],[142.15658847554224,26.63541409047255],[142.1543626032249,26.63541409047255],[142.15130954862752,26.644858124656604],[142.15269319898692,26.646247296557597],[142.1490836763102,26.647916637581478],[142.14825649403014,26.65125531962924],[142.14630133591356,26.652644491530232],[142.14825649403014,26.654302158840657],[142.14491768555416,26.65597149986454],[142.1490836763102,26.66235702112372],[142.14881296210945,26.666244367703808],[142.1468578039929,26.6676335396048],[142.14353403519473,26.665695703171483],[142.14130816287744,26.666244367703808],[142.14353403519473,26.669863218874458]]],[[[142.12825372252996,26.61042066996815],[142.1301938409687,26.610689165377586],[142.13380336364543,26.60819099069849],[142.13574348208414,26.600976635784097],[142.13213395940744,26.595700117303018],[142.12881019060927,26.59485960993435],[142.12825372252996,26.597918122859223],[142.124914914054,26.595700117303018],[142.1254713821333,26.598466787391548],[142.12741150057204,26.59985595929254],[142.1240877317739,26.604023474995515],[142.1240877317739,26.606533323388064],[142.1262985644134,26.607642326166165],[142.1262985644134,26.61014050084526],[142.12825372252996,26.61042066996815]]],[[[142.1779748974018,26.60514415148707],[142.1779748974018,26.603194641340302],[142.17574902508449,26.602914472217414],[142.1779748974018,26.60514415148707]]],[[[142.16547692513365,26.589302922330383],[142.1635217670171,26.592921773501033],[142.16630410741374,26.590972263354264],[142.16547692513365,26.589302922330383]]],[[[142.15269319898692,26.586524578528397],[142.15770141170088,26.58819391955228],[142.16158164857836,26.58819391955228],[142.16213811665767,26.585695744873185],[142.15964153013962,26.585975913996073],[142.15879930818173,26.58347773931698],[142.15380613514557,26.584306572972192],[142.15046732666963,26.5818083982931],[142.1474142720722,26.582088567415987],[142.1490836763102,26.585695744873185],[142.15158026282828,26.585135406627405],[142.15269319898692,26.586524578528397]]],[[[142.23324571338912,26.572913028641366],[142.23520087150567,26.570695023085165],[142.23908110838315,26.56902568206128],[142.23297499918837,26.5662473382593],[142.23157630915114,26.566527507382187],[142.2288090084323,26.563749163580205],[142.22685385031576,26.563749163580205],[142.22575595383492,26.566527507382187],[142.22852325455375,26.568745512938392],[142.226583136115,26.570414853962273],[142.22852325455375,26.57402203141947],[142.23103488074963,26.575411203320463],[142.23324571338912,26.572913028641366]]],[[[142.15463331742566,26.564858166358306],[142.1557462535843,26.5626401608021],[142.1604687124197,26.561250988901108],[142.1613109343776,26.559581647877227],[142.15964153013962,26.557912306853346],[142.16075446629827,26.548199777259857],[142.15770141170088,26.546810605358864],[142.15797212590164,26.544300756966315],[142.15463331742566,26.54375209243399],[142.1529789528655,26.547639439014077],[142.15491907130425,26.550417782816062],[142.15352038126701,26.55430512939615],[142.15463331742566,26.55569430129714],[142.15242248478617,26.556803304075245],[142.15269319898692,26.564029332703093],[142.15463331742566,26.564858166358306]]],[[[142.21658175036492,26.560141986123007],[142.21519810000552,26.556523134952354],[142.21074635537087,26.55597447042003],[142.20658036461484,26.55430512939615],[142.2043544922975,26.554585298519036],[142.20214365965802,26.55291595749516],[142.20130143770012,26.55569430129714],[142.20408377809676,26.56069065065533],[142.20852048305358,26.563749163580205],[142.21185929152955,26.56430950182598],[142.2182511546029,26.563188825334425],[142.21658175036492,26.560141986123007]]],[[[141.28724997853138,25.42099767988274],[141.2819710516167,25.419059843449425],[141.27780506086063,25.418779674326533],[141.27475200626324,25.42099767988274],[141.2719696658666,25.42933271128869],[141.27252613394592,25.439337083718524],[141.27308260202526,25.44155508927473],[141.27918871122003,25.447672115124476],[141.28279823389676,25.44906128702547],[141.28752069273213,25.447391946001588],[141.28974656504946,25.444053263953823],[141.29003231892804,25.44127492015184],[141.29224315156753,25.439056914595636],[141.29197243736678,25.433220057868777],[141.29308537352543,25.42655436748671],[141.28974656504946,25.422106682660843],[141.28724997853138,25.42099767988274]]],[[[141.28391117005543,24.753272944043783],[141.28308398777534,24.75772062886965],[141.284196923934,24.761888144572623],[141.28586632817198,24.763837654719396],[141.2908595012081,24.77411052255866],[141.29197243736678,24.77827803826164],[141.291701723166,24.7863329005447],[141.2903030331288,24.791889588148667],[141.28642279625132,24.794387762827764],[141.28446763813474,24.792449926394447],[141.284196923934,24.795496765605865],[141.28613704237273,24.796885937506858],[141.28919009697012,24.79660576838397],[141.29752207848222,24.801053453209832],[141.30030441887888,24.801613791455612],[141.30419969543416,24.804111966134705],[141.31168945498837,24.812446997540658],[141.31502826346434,24.812727166663546],[141.31892354001963,24.81494517221975],[141.32030719037903,24.81911268792273],[141.32641329957383,24.81855234967695],[141.32725552153173,24.819661352455054],[141.32946635417122,24.816334344120744],[141.33391809880584,24.812995662072982],[141.3386405576412,24.80717047905958],[141.3419793661172,24.800504788677507],[141.3455888887939,24.78967158259246],[141.34474666683602,24.785772562298924],[141.34142289803788,24.781885215718837],[141.33447456688518,24.777449204606423],[141.32169084073846,24.777449204606423],[141.3100350904282,24.769114173200474],[141.30419969543416,24.76549532202982],[141.29419830968408,24.760779141794522],[141.2911452550867,24.756891795214436],[141.2855805742934,24.752724279511458],[141.28391117005543,24.753272944043783]]],[[[141.28530986009264,24.81327583119587],[141.284196923934,24.805501138035698],[141.28308398777534,24.80689030993669],[141.28446763813474,24.813556000318762],[141.28530986009264,24.81327583119587]]],[[[153.98252778,24.287771946363506],[153.9811441296406,24.2855539408073],[153.97918897152402,24.2855539408073],[153.97308286232925,24.287771946363506],[153.9666909992559,24.2891611182645],[153.9672474673352,24.290281794756055],[153.97530873464655,24.296947485138126],[153.97863250344471,24.301383496250537],[153.980858375762,24.301943834496313],[153.980858375762,24.296387146892346],[153.98252778,24.287771946363506]]],[[[141.45919861504376,24.22472222],[141.45530333848848,24.22528255824578],[141.4536339342505,24.226940225556206],[141.4536339342505,24.23694459798604],[141.45530333848848,24.242221116467118],[141.45864214696445,24.2449994602691],[141.4619659157626,24.2449994602691],[141.472523769592,24.241112113689013],[141.47169658731192,24.232216744037284],[141.4686435327145,24.227220394679094],[141.45919861504376,24.22472222]]]],"type":"MultiPolygon"},"id":"geoshape:13:2000-10-01:ea7f7a3ea1825ccef61e","properties":{"administrativeCode":"13421","jurisdictionId":"geoshape:13:2000-10-01:ea7f7a3ea1825ccef61e","municipalityName":"小笠原村","prefectureName":"東京都","snapshotDate":"2000-10-01","sourceDataset":"historical-administrative-areas-beta","sourceProvider":"Geoshape","sourceResourceId":"gci:13421A1968"},"type":"Feature"},{"geometry":{"coordinates":[[[[139.13762882776484,35.77242961069407],[139.13743331195317,35.77838320455546],[139.1404863665506,35.77899023765505],[139.1428024769348,35.78104481122291],[139.14781068964876,35.78199038201266],[139.1464721583228,35.78574931774476],[139.14757005480365,35.789017957511795],[139.1469233486574,35.793033714939874],[139.14981096679878,35.79638407070109],[139.15639834568378,35.79863709739766],[139.15836854347816,35.798275212280586],[139.164805525585,35.801602220614896],[139.1714530631813,35.80347001476749],[139.1731375070971,35.806435137984735],[139.17554385554826,35.806843717955616],[139.1742053242223,35.81283233295737],[139.17740877559788,35.82018677243321],[139.1752731413475,35.8272260216458],[139.1784314736896,35.83058805112047],[139.17691246622985,35.83303953094575],[139.1773486168866,35.83515247308087],[139.17533330005878,35.83606302273026],[139.17188921383806,35.84000873787762],[139.1661139775553,35.84297386109486],[139.1664147711117,35.84457315983802],[139.16266989133462,35.849055865804246],[139.16352715297032,35.85086529138957],[139.16909183376362,35.84998976288054],[139.1743557210005,35.848308748143204],[139.1836201625374,35.843569220481],[139.18688377262427,35.84286879767377],[139.19280940568524,35.84021886471978],[139.19580230157135,35.84004375901797],[139.19930654650335,35.84124615150371],[139.20312662466952,35.841199456649896],[139.2049464256857,35.84466654954565],[139.20745805188162,35.846417606563705],[139.21264674072938,35.846616059692415],[139.21932435768133,35.84251858627016],[139.22009138125014,35.841362888638244],[139.22454312588476,35.840499033842676],[139.23066427475737,35.836740098110575],[139.232529194807,35.83663503468949],[139.2370260584751,35.84014882243906],[139.24095141438602,35.840160496152514],[139.2425305805571,35.83678679296439],[139.24680184905787,35.83689185638548],[139.25224621242862,35.838246007146104],[139.25880351195798,35.83727708892945],[139.2605029955516,35.83600465416299],[139.26366132789374,35.83741717349089],[139.2718880316611,35.83969354761437],[139.2799944180059,35.83930831507039],[139.28026513220667,35.840685813257934],[139.2849424720086,35.83600465416299],[139.290913224103,35.837954164309764],[139.29560560358274,35.833845017174056],[139.29661326199664,35.835444315917215],[139.301170284376,35.83496569366561],[139.30118532405385,35.82977089117871],[139.30258401409105,35.824050771586386],[139.3047647673749,35.82239310427596],[139.31160782078288,35.82533488006629],[139.3149165499032,35.825241490358664],[139.31614980348442,35.823665539042416],[139.31649571607426,35.819357938778],[139.3149917482923,35.81434991570635],[139.3167513905972,35.812692248395926],[139.3222408730014,35.799606015614316],[139.32573007825556,35.79521669935572],[139.33036229902402,35.79361740061256],[139.32848233929656,35.79177295388687],[139.33006150546763,35.790617256254954],[139.32625646697923,35.78703342622467],[139.32204535718972,35.78977674888628],[139.32275222204726,35.786309655990536],[139.3205714687634,35.789905159734275],[139.31799968385624,35.789519927190305],[139.32078202425288,35.788294187277664],[139.32066170683032,35.783367880200196],[139.32412083272885,35.78107983236327],[139.32106777813144,35.77721583321009],[139.318435834513,35.77840655198237],[139.31228460628475,35.775523144759305],[139.30918643265392,35.77570992417456],[139.30801333778396,35.777239180637],[139.30247873634633,35.778546636543815],[139.29989191176134,35.781161548357446],[139.29754572202148,35.78076464210002],[139.295500325838,35.777659434321336],[139.29213143800638,35.775336365344046],[139.29309397738686,35.77203270443664],[139.29510929421468,35.76998980458224],[139.29668846038575,35.766055763148344],[139.29744044427673,35.76007882186004],[139.29653806360756,35.75454548168298],[139.29008604182292,35.76007882186004],[139.28772481240523,35.760919329228706],[139.2763247366179,35.76168979431665],[139.27420414204533,35.760895981801795],[139.26931624675393,35.761129456070876],[139.26718061250355,35.76004380071968],[139.26152569364334,35.75983367387751],[139.25686339351924,35.760709202386536],[139.25429160861208,35.764024537007394],[139.24944883235415,35.76660442768066],[139.2448166115857,35.76739824019552],[139.2382593120563,35.76709472364572],[139.23827435173413,35.76839050583908],[139.2337474087104,35.7686123063947],[139.22828800566185,35.770806964524],[139.22743074402612,35.77202103072319],[139.2224225313122,35.772511326688246],[139.22084336514112,35.77402890943723],[139.21798582635537,35.77296660151294],[139.21437630367865,35.77407560429104],[139.21063142390156,35.773176728355104],[139.20222424400035,35.78242230941045],[139.19888543552437,35.78445353555139],[139.19823872937815,35.78643806683853],[139.1955315873706,35.78683497309595],[139.19216269953898,35.7891930632136],[139.18656793939007,35.787908954733695],[139.18195075829942,35.787628785610806],[139.17561905393734,35.78486211552227],[139.17212984868317,35.78221218256828],[139.1667155646681,35.78097476894219],[139.1630458832801,35.778243119994016],[139.16100048709663,35.77707574864865],[139.1582482260556,35.77767110803479],[139.15781207539885,35.77321174949547],[139.15385664013226,35.773456897478],[139.1491341812969,35.778838479380155],[139.1481415625608,35.77523130192296],[139.14474259537354,35.77694733780066],[139.14281751661264,35.77637532584142],[139.13929823200283,35.772009357009736],[139.13762882776484,35.77242961069407]]]],"type":"MultiPolygon"},"id":"geoshape:13:2000-10-01:ec385ed8d0901f07be64","properties":{"administrativeCode":"13205","jurisdictionId":"geoshape:13:2000-10-01:ec385ed8d0901f07be64","municipalityName":"青梅市","prefectureName":"東京都","snapshotDate":"2000-10-01","sourceDataset":"historical-administrative-areas-beta","sourceProvider":"Geoshape","sourceResourceId":"gci:13205A1968"},"type":"Feature"},{"geometry":{"coordinates":[[[[139.7701375181492,35.70535245318903],[139.76989688330409,35.7033679219019],[139.7663926383721,35.701780296872194],[139.76849819326685,35.70014597698867],[139.7660166464266,35.69964400731016],[139.76129418759123,35.70158184374348],[139.75718835554648,35.70172192830493],[139.74971363567008,35.703029384211746],[139.74586347814824,35.702912647077206],[139.74281042355085,35.708130796991014],[139.73584705272035,35.70918143120185],[139.73241800617745,35.70741870047034],[139.7318464984203,35.709263147196026],[139.72598102407065,35.70920477862876],[139.72325884238526,35.71041884482794],[139.72250685849428,35.712263291553626],[139.71760392352508,35.71449297082329],[139.7183107883826,35.71776161059033],[139.72471769113378,35.720014637286894],[139.7227474933394,35.725151071206525],[139.72647733343868,35.72705388649948],[139.72987630062593,35.72628342141154],[139.73196681584287,35.7241004369957],[139.73738109985794,35.72690212822459],[139.7359673701429,35.72935360804986],[139.73908058345157,35.73185178272896],[139.7408552654343,35.73035754740688],[139.74351728840838,35.73289074322634],[139.74244947128318,35.73378961916228],[139.74461518488923,35.735832519016675],[139.7491872469464,35.73287906951289],[139.75275165058966,35.73506205392873],[139.75992557690964,35.73158328731952],[139.76093323532356,35.73220199413257],[139.76278311569538,35.73074277995086],[139.7649187499458,35.72721731848784],[139.7632493457078,35.72187075772604],[139.7686786694007,35.71581210044356],[139.76451267864465,35.71727131462527],[139.76567073383677,35.713582421173896],[139.76762589195332,35.71296371436085],[139.7682274790661,35.710453865968304],[139.76661823353942,35.70870280895025],[139.77123541463004,35.70899465178659],[139.7701375181492,35.70535245318903]]]],"type":"MultiPolygon"},"id":"geoshape:13:2000-10-01:ecb4dde625dd45b54cd4","properties":{"administrativeCode":"13105","jurisdictionId":"geoshape:13:2000-10-01:ecb4dde625dd45b54cd4","municipalityName":"文京区","prefectureName":"東京都","snapshotDate":"2000-10-01","sourceDataset":"historical-administrative-areas-beta","sourceProvider":"Geoshape","sourceResourceId":"gci:13105A1968"},"type":"Feature"},{"geometry":{"coordinates":[[[[139.31386377245582,35.747120999926416],[139.31105135270354,35.750634787675985],[139.3025990537689,35.75519920963639],[139.29653806360756,35.75454548168298],[139.29744044427673,35.76007882186004],[139.29668846038575,35.766055763148344],[139.29510929421468,35.76998980458224],[139.29309397738686,35.77203270443664],[139.29213143800638,35.775336365344046],[139.295500325838,35.777659434321336],[139.29754572202148,35.78076464210002],[139.29989191176134,35.781161548357446],[139.30247873634633,35.778546636543815],[139.30801333778396,35.777239180637],[139.30918643265392,35.77570992417456],[139.31228460628475,35.775523144759305],[139.318435834513,35.77840655198237],[139.32106777813144,35.77721583321009],[139.32878313285295,35.77133228162942],[139.33152035421614,35.772919906659126],[139.3336409487887,35.77094704908545],[139.3331897584541,35.76760836703768],[139.33642328918535,35.766044089434885],[139.334783964303,35.76492341294333],[139.33583674175037,35.759296683058636],[139.3403636847741,35.75372832174122],[139.34301066807035,35.7538333851623],[139.34263467612487,35.749840975161135],[139.33873939956956,35.750109470570564],[139.3321821000402,35.751743790454086],[139.33129475904883,35.75303957264745],[139.3273844428157,35.75292283551291],[139.32491793565327,35.754848998232774],[139.32206039686756,35.75359991089323],[139.32093242103107,35.7500511020033],[139.31879678678067,35.7507048299567],[139.31386377245582,35.747120999926416]]]],"type":"MultiPolygon"},"id":"geoshape:13:2000-10-01:f4f42bb2b231064eb7ca","properties":{"administrativeCode":"13227","jurisdictionId":"geoshape:13:2000-10-01:f4f42bb2b231064eb7ca","municipalityName":"羽村市","prefectureName":"東京都","snapshotDate":"2000-10-01","sourceDataset":"historical-administrative-areas-beta","sourceProvider":"Geoshape","sourceResourceId":"gci:13227A1991"},"type":"Feature"},{"geometry":{"coordinates":[[[[139.8097069104928,35.72813954185068],[139.80142004801414,35.72924854462878],[139.79505826429642,35.72896837550589],[139.79120810677458,35.73122140220246],[139.7894635041475,35.72874657495027],[139.78445529143355,35.72785937272779],[139.7814473558696,35.72461408038766],[139.77673993671206,35.72494094436436],[139.76976152620372,35.72812786813722],[139.76604672578225,35.72753250875108],[139.76473827381196,35.73014742056472],[139.76278311569538,35.73074277995086],[139.76093323532356,35.73220199413257],[139.76132426694687,35.733812966589184],[139.77111509720748,35.73789876629799],[139.76816732035482,35.741459248901364],[139.76588128932624,35.74162268088972],[139.76383589314275,35.74413252928227],[139.76031660853295,35.74345545390195],[139.75718835554648,35.74546333261599],[139.75778994265926,35.747611295891474],[139.75470680870623,35.74917557349427],[139.74977379438135,35.75012114428402],[139.75088673054003,35.75370497431431],[139.75757938716978,35.753167983495445],[139.75795537911526,35.75486067194623],[139.77164148593118,35.75361158460668],[139.78247005396133,35.75414857542555],[139.7887867186456,35.75250258182858],[139.7912231464524,35.74998105972258],[139.78868144090086,35.74702761021879],[139.7889371154238,35.744401024691705],[139.79242632067798,35.740770499807596],[139.79480258977347,35.73982492901784],[139.80244274610587,35.738634210245564],[139.80910532337998,35.740863889515225],[139.81303067929093,35.74073547866723],[139.81448952803945,35.73880931594737],[139.81414361544958,35.736217751560645],[139.81139135440858,35.73298413293397],[139.8097069104928,35.72813954185068]]]],"type":"MultiPolygon"},"id":"geoshape:13:2000-10-01:f7ee52fffb321f023b87","properties":{"administrativeCode":"13118","jurisdictionId":"geoshape:13:2000-10-01:f7ee52fffb321f023b87","municipalityName":"荒川区","prefectureName":"東京都","snapshotDate":"2000-10-01","sourceDataset":"historical-administrative-areas-beta","sourceProvider":"Geoshape","sourceResourceId":"gci:13118A1968"},"type":"Feature"},{"geometry":{"coordinates":[[[[139.6839902435981,35.69198605128453],[139.68033560188792,35.68979139315523],[139.67129675551828,35.68149138288964],[139.6679579470423,35.68002049499447],[139.6641228291983,35.676343275256556],[139.66257374238288,35.679436809321786],[139.65926501326254,35.68189996286052],[139.6592198942291,35.686686185376544],[139.66352124208552,35.68812205213135],[139.66753683606336,35.69175257701546],[139.6651004082566,35.69544147046683],[139.66116001266784,35.6951963224843],[139.6606185842663,35.69652712581802],[139.6625286233494,35.69923542733929],[139.66108481427872,35.70143008546859],[139.6609043381449,35.70467537780871],[139.65819719613734,35.70503726292578],[139.65821223581517,35.70921645234221],[139.6515947775745,35.70899465178659],[139.64284168508345,35.71150450017914],[139.64178890763608,35.71476146623272],[139.63696117105596,35.716500849537326],[139.6321785535093,35.71694445064857],[139.63186272027508,35.719722794450554],[139.62899014181153,35.72100690293046],[139.62432784168743,35.729411976617136],[139.6245383971769,35.73014742056472],[139.62717034079535,35.735108748782544],[139.6335471641909,35.73528385448435],[139.63641974265445,35.73228371012675],[139.63992398758643,35.72630676883845],[139.6435635896188,35.72530282948143],[139.64739870746283,35.72548960889669],[139.64742878681847,35.726750369949684],[139.6596109258524,35.72582814658684],[139.66224286947084,35.72692547565149],[139.66469433695545,35.73097625421993],[139.66816850253178,35.731396507904265],[139.67144715229648,35.73354447117975],[139.6746806830277,35.73305417521469],[139.6779593327924,35.73068441138359],[139.6773427060018,35.72937695547677],[139.67517699239576,35.72370353073827],[139.67576353983074,35.72195247372021],[139.6735827865469,35.718625465385905],[139.67701183308975,35.71943095161421],[139.6791023483067,35.71827525398229],[139.67908730862888,35.71524008848432],[139.68183956966988,35.71315049377611],[139.68033560188792,35.711259352196606],[139.6827720296947,35.7101270019916],[139.69006627343725,35.71148115275223],[139.6943225022602,35.71103755164099],[139.6888781388895,35.70750041646451],[139.6874944885301,35.704009976141855],[139.68841190887707,35.69932881704692],[139.6839902435981,35.69198605128453]]]],"type":"MultiPolygon"},"id":"geoshape:13:2000-10-01:f9f32f74f8f62d0783b9","properties":{"administrativeCode":"13114","jurisdictionId":"geoshape:13:2000-10-01:f9f32f74f8f62d0783b9","municipalityName":"中野区","prefectureName":"東京都","snapshotDate":"2000-10-01","sourceDataset":"historical-administrative-areas-beta","sourceProvider":"Geoshape","sourceResourceId":"gci:13114A1968"},"type":"Feature"},{"geometry":{"coordinates":[[[[139.37181165109504,34.69917174318656],[139.36430685186303,34.70028074596466],[139.3620809795457,34.70166991786566],[139.35820074266823,34.70110957961988],[139.36125379726562,34.70972478014872],[139.35597487035093,34.71554996316212],[139.35319252995427,34.716939135063114],[139.3523653476742,34.71888864520989],[139.35207959379562,34.72527416646906],[139.35347828383286,34.730550684950146],[139.356802052631,34.73499836977601],[139.35597487035093,34.74027488825709],[139.356802052631,34.74194422928097],[139.35263606187496,34.746940578639155],[139.35292181575352,34.75055942980981],[139.35069594343622,34.756116117413775],[139.34875582499748,34.75861429209287],[139.3493122930768,34.7602719594033],[139.3484700711189,34.76527998247494],[139.35096665763697,34.76666915437593],[139.35125241151553,34.77138533461123],[139.3493122930768,34.77388350929033],[139.34985372147833,34.775552850314206],[139.3493122930768,34.782778878942054],[139.35207959379562,34.78444821996594],[139.35430546611295,34.79027340297934],[139.35875721074757,34.79333191590421],[139.36041157530772,34.79888860350818],[139.36708919225967,34.796390428829085],[139.37181165109504,34.798328265262406],[139.37624835605186,34.79444091868231],[139.3804143468079,34.79417242327288],[139.38235446524664,34.79111391034801],[139.38903208219858,34.78861573566891],[139.39208513679597,34.79000490756991],[139.40124430058816,34.78749505917736],[139.4062525133021,34.78722656376792],[139.40903485369876,34.78610588727636],[139.4132008444548,34.78666622552214],[139.41541167709428,34.783327543474385],[139.42041988980824,34.78110953791818],[139.42236000824698,34.781389707041065],[139.42430012668572,34.77889153236197],[139.43013552167974,34.77500418578188],[139.43570020247304,34.76999616271024],[139.4412498435885,34.754995440922215],[139.44069337550917,34.75333777361179],[139.44291924782647,34.748061255130715],[139.44541583434454,34.74750091688493],[139.44764170666187,34.74472257308295],[139.44902535702127,34.739994719134195],[139.44374643010656,34.7316713614417],[139.44570158822313,34.72777234114816],[139.44458865206445,34.72638316924717],[139.44597230242388,34.72249582266708],[139.44902535702127,34.71944898345566],[139.4495818251006,34.71528146775269],[139.44875464282052,34.71278329307359],[139.44458865206445,34.71000494927161],[139.4434757159058,34.70388792342186],[139.44791242086262,34.699720407718885],[139.44986757897917,34.69666189479401],[139.44764170666187,34.6944438892378],[139.4443028981859,34.68860703251095],[139.44458865206445,34.68443951680798],[139.43930972514977,34.68528002417664],[139.43902397127118,34.68805836797863],[139.4365273847531,34.68666919607763],[139.44069337550917,34.68222151125177],[139.43958043935052,34.679162998326895],[139.43403079823506,34.677773826425906],[139.43072206911472,34.678053995548794],[139.4290225855211,34.680272001104996],[139.42514234864362,34.682501680374656],[139.41514096289353,34.680552170227884],[139.41291509057623,34.681392677596556],[139.40847838561942,34.680272001104996],[139.40375592678404,34.68222151125177],[139.40124430058816,34.68166117300599],[139.39930418214942,34.68389085227565],[139.3965218417528,34.683330514029876],[139.39458172331405,34.68694936520052],[139.38985926447864,34.68777819885574],[139.38624974180195,34.68999620441194],[139.38375315528387,34.6933348864597],[139.38014363260714,34.69527272289302],[139.37680482413117,34.69527272289302],[139.37181165109504,34.69917174318656]]]],"type":"MultiPolygon"},"id":"geoshape:13:2000-10-01:fdbe641b58d4ac32c7b9","properties":{"administrativeCode":"13361","jurisdictionId":"geoshape:13:2000-10-01:fdbe641b58d4ac32c7b9","municipalityName":"大島町","prefectureName":"東京都","snapshotDate":"2000-10-01","sourceDataset":"historical-administrative-areas-beta","sourceProvider":"Geoshape","sourceResourceId":"gci:13361A1968"},"type":"Feature"}],"type":"FeatureCollection"}
