{"features":[{"geometry":{"coordinates":[[[[139.50479198845,35.76109828079928],[139.4947582243362,35.758282136473134],[139.49388026997627,35.75382582017682],[139.48730457099455,35.74898267086867],[139.48572783663383,35.74387647511247],[139.48515447868448,35.74089012426113],[139.4873224884305,35.74092107090207],[139.4862116074036,35.73449964290565],[139.4788296238056,35.73522688896789],[139.47709163252162,35.737578833679834],[139.47725288944488,35.73989983175083],[139.4709997043097,35.742762396038394],[139.46664576738175,35.744046681637684],[139.4509859283899,35.73699084750184],[139.45069924941524,35.741988730014725],[139.45138011198011,35.74560948700549],[139.4475457806938,35.74924571731672],[139.44752786325785,35.75260342785943],[139.44620197299997,35.75565167199267],[139.44414146786946,35.75574451191551],[139.44054006325007,35.7602163015323],[139.44000254017254,35.763744218600216],[139.44077298991698,35.76700908922009],[139.44496566992166,35.7666532028492],[139.44598696376895,35.767813701884705],[139.45134427710826,35.76933008729109],[139.458565003783,35.7696705003415],[139.4594787930148,35.77244022470622],[139.4613422063502,35.77343051721652],[139.46983507097505,35.77420418324019],[139.47114304379704,35.77339957057557],[139.4796538258578,35.78002215173815],[139.4849753043253,35.78079581776181],[139.48868421356022,35.77938774559875],[139.49038636997236,35.78090413100513],[139.49375484792483,35.779573425444426],[139.49348608638607,35.781693270349265],[139.4959766099786,35.78160043042643],[139.4967828945949,35.77870691949792],[139.49767876639075,35.77214623161723],[139.4992555007515,35.77168203200303],[139.5012085012665,35.76563196369796],[139.497194995621,35.762428986359986],[139.50479198845,35.76109828079928]]]],"type":"MultiPolygon"},"id":"geoshape:13:2009-03-20:0456b35adb20e8cabe0c","properties":{"administrativeCode":"13213","jurisdictionId":"geoshape:13:2009-03-20:0456b35adb20e8cabe0c","municipalityName":"東村山市","prefectureName":"東京都","snapshotDate":"2009-03-20","sourceDataset":"historical-administrative-areas-beta","sourceProvider":"Geoshape","sourceResourceId":"gci:13213A1968"},"type":"Feature"},{"geometry":{"coordinates":[[[[139.5876422121322,35.64616245632345],[139.58658508341307,35.64265001257601],[139.584434991103,35.641071733887735],[139.58766012956812,35.635068085544084],[139.59140487367486,35.633056553882554],[139.59353704854905,35.626557759283756],[139.59228282803483,35.62422128789228],[139.5902044054684,35.62453075430175],[139.58932645110843,35.621219463720465],[139.59024024034022,35.618434266035266],[139.58638799161798,35.62046127101727],[139.5800452193032,35.622024076385074],[139.5765513192993,35.62197765642365],[139.57112233621632,35.62440696773797],[139.5677001059561,35.626944592295594],[139.56562168338968,35.62720763874364],[139.56617712390312,35.62945127021227],[139.56196652646253,35.632592354268354],[139.5632028295408,35.63738908361508],[139.56336408646408,35.64136572697673],[139.5657471054411,35.64716822215422],[139.56877515211116,35.64747768856369],[139.56947393211192,35.64902502061102],[139.57431163980962,35.650742559183556],[139.5765154844275,35.65034025285125],[139.58160403622804,35.64719916879517],[139.5838437157177,35.648498927714925],[139.5855817070017,35.645512576863574],[139.5876422121322,35.64616245632345]]]],"type":"MultiPolygon"},"id":"geoshape:13:2009-03-20:0538b38d7ae9be886ae0","properties":{"administrativeCode":"13219","jurisdictionId":"geoshape:13:2009-03-20:0538b38d7ae9be886ae0","municipalityName":"狛江市","prefectureName":"東京都","snapshotDate":"2009-03-20","sourceDataset":"historical-administrative-areas-beta","sourceProvider":"Geoshape","sourceResourceId":"gci:13219A1970"},"type":"Feature"},{"geometry":{"coordinates":[[[[139.3426391933972,35.749849176815175],[139.3423345969866,35.746166526542524],[139.3455239005799,35.74707945245045],[139.35206376468975,35.74124601063201],[139.35333590263988,35.742530296231294],[139.35043327802128,35.74514528739129],[139.34989575494376,35.747729331910335],[139.3546617928978,35.745594013685015],[139.35491263700064,35.742762396038394],[139.35987576674975,35.73957489202089],[139.35899781238982,35.73733126055226],[139.3529058841779,35.736062448273444],[139.35254753545954,35.73287494425594],[139.35335382007582,35.72795442834543],[139.35536057289858,35.72529301722402],[139.35312089340889,35.7250144974555],[139.35267295751095,35.72218287980888],[139.3432483862184,35.72154847366947],[139.33887653185454,35.71964525525125],[139.33887653185454,35.71594713165813],[139.3325875118475,35.71288341420441],[139.3293982082542,35.71206332821933],[139.32941612569013,35.71962978193078],[139.32841274927875,35.723374325485324],[139.32873526312525,35.72749022873123],[139.3219803897844,35.73272021105121],[139.32009905901305,35.733323670549666],[139.31669474618874,35.74331943557544],[139.3138637913138,35.74712587241187],[139.31879108619108,35.750700209441206],[139.32094117850116,35.75005032998133],[139.32205205952806,35.75359372036972],[139.32491884927484,35.75484705932806],[139.3273377031237,35.752943840909836],[139.33129745646144,35.75303668083268],[139.3321754108214,35.75173692191292],[139.3387331923672,35.75011222326322],[139.3426391933972,35.749849176815175]]]],"type":"MultiPolygon"},"id":"geoshape:13:2009-03-20:0e1d3653ca18f76d3aef","properties":{"administrativeCode":"13218","jurisdictionId":"geoshape:13:2009-03-20:0e1d3653ca18f76d3aef","municipalityName":"福生市","prefectureName":"東京都","snapshotDate":"2009-03-20","sourceDataset":"historical-administrative-areas-beta","sourceProvider":"Geoshape","sourceResourceId":"gci:13218A1970"},"type":"Feature"},{"geometry":{"coordinates":[[[[139.51636665205265,35.76557007041607],[139.50859048486447,35.762042153348155],[139.50479198845,35.76109828079928],[139.497194995621,35.762428986359986],[139.5012085012665,35.76563196369796],[139.4992555007515,35.77168203200303],[139.49767876639075,35.77214623161723],[139.4967828945949,35.77870691949792],[139.4993809228029,35.78217294328394],[139.50669123665722,35.7827764027824],[139.50846506281306,35.78466414788015],[139.5119052105092,35.78508192753293],[139.51403738538338,35.78850153135753],[139.52027265308266,35.78836227147327],[139.522584002316,35.78924425074025],[139.52339028693228,35.79184376857977],[139.52550454437053,35.79189018854119],[139.5292672059132,35.79413382000982],[139.5368641987422,35.803943905189904],[139.54168398900399,35.80730161573261],[139.544282017212,35.80663626295226],[139.54720255926657,35.80265961959062],[139.5462171002911,35.79924001576602],[139.5440849254169,35.79650123804224],[139.53982057566856,35.79374698699799],[139.5375808961789,35.790760636146636],[139.54378032900632,35.78819206494806],[139.54379824644224,35.7828382960643],[139.54297404439004,35.779820998572],[139.5374913089993,35.77688106768207],[139.53431992284192,35.77418870991971],[139.52281692898293,35.77189865848966],[139.51636665205265,35.76557007041607]]]],"type":"MultiPolygon"},"id":"geoshape:13:2009-03-20:1080407da609f9b32ec8","properties":{"administrativeCode":"13221","jurisdictionId":"geoshape:13:2009-03-20:1080407da609f9b32ec8","municipalityName":"清瀬市","prefectureName":"東京都","snapshotDate":"2009-03-20","sourceDataset":"historical-administrative-areas-beta","sourceProvider":"Geoshape","sourceResourceId":"gci:13221A1970"},"type":"Feature"},{"geometry":{"coordinates":[[[[139.79340604620805,35.592114147910145],[139.79349563338764,35.592856867292866],[139.80379815904016,35.59845820930421],[139.80562573750373,35.59623005115605],[139.80741748109548,35.597189397025396],[139.80566157237556,35.5994485018145],[139.82033595239196,35.607355368576364],[139.82696540368138,35.59697277053877],[139.80594825135023,35.58556893334993],[139.7947856887737,35.59209867458967],[139.79340604620805,35.592114147910145]]],[[[139.79010923799922,35.59554922505522],[139.79896045134245,35.60684474900075],[139.81058886725285,35.61315786375386],[139.81911756674955,35.60876344073944],[139.7915247154367,35.59387810644411],[139.79010923799922,35.59554922505522]]]],"type":"MultiPolygon"},"id":"geoshape:13:2009-03-20:147b8579f97932299045","properties":{"jurisdictionId":"geoshape:13:2009-03-20:147b8579f97932299045","municipalityName":"所属未定地","prefectureName":"東京都","snapshotDate":"2009-03-20","sourceDataset":"historical-administrative-areas-beta","sourceProvider":"Geoshape","sourceResourceId":"gci:13B9990001"},"type":"Feature"},{"geometry":{"coordinates":[[[[139.71655816355815,35.673426446997446],[139.71492767688966,35.672993194024194],[139.71381679586278,35.66934149039249],[139.708566987139,35.66406508811109],[139.71378096099096,35.659763505019505],[139.7144618235558,35.65734966702567],[139.72216632100032,35.655616655132654],[139.72155712817911,35.653837223278224],[139.72356388100187,35.64670402254002],[139.719192026638,35.6418453999114],[139.7176332097132,35.64165972006572],[139.71541144765945,35.642619065935065],[139.70862073944673,35.642000133116134],[139.69964410405208,35.64812756802357],[139.69288923071122,35.65396100984201],[139.68686897224296,35.661898823244826],[139.67993492454292,35.66377109502209],[139.67500762966563,35.66387940826541],[139.6728217024837,35.66740732533332],[139.67269628043226,35.672296894602894],[139.6620533234973,35.67144586197686],[139.66174872708672,35.672528994409994],[139.6620533234973,35.675623658504655],[139.66411382862782,35.6763509045669],[139.66784065529865,35.679956188237185],[139.6712987204307,35.68148804696405],[139.6803291081331,35.68979722005822],[139.68398426506025,35.69199443156543],[139.6832138153158,35.68871408762509],[139.6859731004471,35.687894001640004],[139.68498764147162,35.685882469978466],[139.68767525685925,35.68159636020736],[139.6950214055854,35.686656136002135],[139.70209879277277,35.68916281391881],[139.70270798559397,35.68777021507621],[139.70577186713587,35.688048734844735],[139.70740235380435,35.684458924494926],[139.71139794201395,35.68336031874132],[139.71478433740234,35.68086911414511],[139.712903006631,35.677294777115776],[139.71288508919508,35.67461789267389],[139.714856007146,35.67508209228809],[139.71655816355815,35.673426446997446]]]],"type":"MultiPolygon"},"id":"geoshape:13:2009-03-20:2080193af82d7b101a37","properties":{"administrativeCode":"13113","jurisdictionId":"geoshape:13:2009-03-20:2080193af82d7b101a37","municipalityName":"渋谷区","prefectureName":"東京都","snapshotDate":"2009-03-20","sourceDataset":"historical-administrative-areas-beta","sourceProvider":"Geoshape","sourceResourceId":"gci:13113A1968"},"type":"Feature"},{"geometry":{"coordinates":[[[[139.71951454048454,35.74503697414797],[139.7200162286902,35.74178757684858],[139.72361763330963,35.73993077839178],[139.7278999004939,35.744712034418036],[139.7326301035761,35.74508339410939],[139.731787984088,35.74331943557544],[139.7352998015278,35.740518764569764],[139.74099754614954,35.74232914306514],[139.74366724410123,35.741338850554854],[139.74388225333226,35.739590365341364],[139.74656986871986,35.73985341178941],[139.74954416308216,35.73654212120812],[139.75275138411138,35.73505668244268],[139.7491858143638,35.73287494425594],[139.74461686820487,35.73583034846635],[139.74244885845886,35.733787870163866],[139.7435239046139,35.732890417576414],[139.7408542066622,35.730352793018795],[139.73908038050638,35.731853705104704],[139.73596274665675,35.72934702718803],[139.73737822409421,35.726902242553244],[139.73196715844716,35.72410157154757],[139.72987081844482,35.72628330973431],[139.7264844230564,35.727056975757975],[139.72273967894967,35.725153757339754],[139.7247285143365,35.720016614942615],[139.71831407227808,35.71775751015351],[139.71747195278994,35.71461642609742],[139.72250675228275,35.71226448138548],[139.71440807124807,35.71317740729341],[139.71211463945065,35.714755685981686],[139.7105379050899,35.71353329366429],[139.70535976610975,35.713703500189496],[139.70455348149346,35.715869765055764],[139.70593312405913,35.718856115907116],[139.70458931636531,35.72301843911444],[139.69980536097535,35.72352905869006],[139.69572018558617,35.721749626835624],[139.6866181281401,35.722724446025445],[139.6827121271101,35.72363737193337],[139.68135040198038,35.7270415024375],[139.67733689633488,35.729377973828974],[139.677964006592,35.73067773274873],[139.67873445633646,35.73442227630328],[139.68075912659512,35.73875480603581],[139.68961033993833,35.74132337723438],[139.69256671686472,35.743628901984906],[139.69453763481562,35.74222082982183],[139.69885573687174,35.74239103634704],[139.69921408559009,35.73972962522562],[139.7009879117459,35.73991530507131],[139.7023317194397,35.73615528819629],[139.70829822560023,35.74163284364384],[139.7104304004744,35.74579516685117],[139.71951454048454,35.74503697414797]]]],"type":"MultiPolygon"},"id":"geoshape:13:2009-03-20:21257b9b2a0357c1c843","properties":{"administrativeCode":"13116","jurisdictionId":"geoshape:13:2009-03-20:21257b9b2a0357c1c843","municipalityName":"豊島区","prefectureName":"東京都","snapshotDate":"2009-03-20","sourceDataset":"historical-administrative-areas-beta","sourceProvider":"Geoshape","sourceResourceId":"gci:13116A1968"},"type":"Feature"},{"geometry":{"coordinates":[[[[139.8097109128929,35.728140108191106],[139.80842085750686,35.7203725013135],[139.8058944990425,35.716612484438485],[139.79700745082744,35.707777218448214],[139.7934777159517,35.70121653056753],[139.78890876979276,35.69470226264826],[139.78253016260615,35.69657453442554],[139.77996796926996,35.698075446511446],[139.780397987732,35.70033455130055],[139.77315934362133,35.70188188334788],[139.77303392156992,35.70510033400633],[139.7701312969513,35.705347907133905],[139.77122426054225,35.708984137445135],[139.76661947951146,35.708705617676614],[139.76821413130813,35.710454102890104],[139.76762285592284,35.71296078080678],[139.76566985540785,35.71357971362571],[139.7645052220732,35.71727783721884],[139.76867998464198,35.71582334509434],[139.76325100155898,35.721873413399415],[139.76491732309933,35.727211708962706],[139.76278514822513,35.730739626030626],[139.76473814874015,35.73013616653216],[139.7660461215621,35.72753664869265],[139.76977294823294,35.72812463487063],[139.77674283080484,35.72493713085313],[139.7814551164511,35.72461219112319],[139.7844473282493,35.727861588422584],[139.7894642103062,35.72874356768956],[139.79120220159018,35.7312192989653],[139.79505445031245,35.72897566749667],[139.80143305749905,35.729254187265184],[139.8097109128929,35.728140108191106]]]],"type":"MultiPolygon"},"id":"geoshape:13:2009-03-20:217ac43cfb16cd83b46b","properties":{"administrativeCode":"13106","jurisdictionId":"geoshape:13:2009-03-20:217ac43cfb16cd83b46b","municipalityName":"台東区","prefectureName":"東京都","snapshotDate":"2009-03-20","sourceDataset":"historical-administrative-areas-beta","sourceProvider":"Geoshape","sourceResourceId":"gci:13106A1968"},"type":"Feature"},{"geometry":{"coordinates":[[[[139.41441644168245,35.73302967746068],[139.41622610271008,35.732085804911804],[139.4255969216949,35.73101814579915],[139.42643904118304,35.73016711317311],[139.4229093063073,35.730182586493584],[139.4335880981141,35.72708792239892],[139.4356306858087,35.72475145100745],[139.44611238582038,35.722879179230176],[139.4438727063307,35.71173838848939],[139.4416151094051,35.71582334509434],[139.43654447504048,35.71477115930216],[139.4330864099084,35.71930484220084],[139.42826661964662,35.7173552038212],[139.4356306858087,35.703723208484206],[139.4303092073412,35.70353752863853],[139.42726324323525,35.70363036856137],[139.4255969216949,35.70188188334788],[139.42738866528666,35.6984468062028],[139.4316350975991,35.69693042079642],[139.42991502375102,35.69380481006081],[139.43120507913707,35.69027689299289],[139.42840995913394,35.691112452298455],[139.42470104989906,35.68671802928403],[139.4214938288698,35.68857482774082],[139.4175699104039,35.68275685924286],[139.4125351109111,35.68357694522794],[139.39513728063528,35.68917828723929],[139.38508559908558,35.69128265882366],[139.3885794990895,35.69306209067809],[139.39024582062981,35.698849112535115],[139.39295135345336,35.69908121234221],[139.39404431704432,35.70514675396775],[139.39852367602367,35.71156818196418],[139.39569272114872,35.71288341420441],[139.39458184012184,35.71163007524608],[139.3910341878102,35.7153281988392],[139.3889916001156,35.7143997996108],[139.38709235190834,35.71667437772038],[139.38884826062827,35.71789677003777],[139.3854977001117,35.72044986791587],[139.38205755241555,35.72023324142924],[139.37931618472018,35.721718680194684],[139.38178879087678,35.723111279037276],[139.38008663446462,35.725587010313006],[139.3777036154876,35.72420988479088],[139.37644939497338,35.725432277108276],[139.37005287035086,35.724503877879876],[139.3702857970178,35.72583458344058],[139.36541225444824,35.72502997077597],[139.3618646021366,35.72629878305478],[139.3624737949578,35.72417893814993],[139.35536057289858,35.72529301722402],[139.35335382007582,35.72795442834543],[139.35254753545954,35.73287494425594],[139.3529058841779,35.736062448273444],[139.35899781238982,35.73733126055226],[139.35987576674975,35.73957489202089],[139.365466006756,35.739064272445276],[139.36944367752966,35.73589224174824],[139.37026787958186,35.73736220719321],[139.37795445959046,35.73508762908363],[139.37847406523207,35.73350935039535],[139.38096458882458,35.734840055956056],[139.38349094728895,35.73302967746068],[139.38433306677706,35.73544351545451],[139.38861533396133,35.73366408360008],[139.39112377498978,35.73366408360008],[139.38728944370342,35.73705274078374],[139.38508559908558,35.73764072696173],[139.3849064247264,35.74150905708006],[139.38363428677627,35.74381458183058],[139.3880598934479,35.73938921217521],[139.39529853755852,35.73350935039535],[139.39827283192082,35.7349328958789],[139.400405006795,35.73355577035677],[139.40262676884876,35.73422112313712],[139.40853952270152,35.73374145020245],[139.40947122936922,35.73262737112837],[139.41441644168245,35.73302967746068]]]],"type":"MultiPolygon"},"id":"geoshape:13:2009-03-20:21dbe66ed12fac2c4166","properties":{"administrativeCode":"13202","jurisdictionId":"geoshape:13:2009-03-20:21dbe66ed12fac2c4166","municipalityName":"立川市","prefectureName":"東京都","snapshotDate":"2009-03-20","sourceDataset":"historical-administrative-areas-beta","sourceProvider":"Geoshape","sourceResourceId":"gci:13202A1968"},"type":"Feature"},{"geometry":{"coordinates":[[[[139.3935067939668,35.6082064012024],[139.3973052903813,35.610032253018254],[139.4006916857697,35.61045003267103],[139.40126504371904,35.608717020778016],[139.40793032988032,35.612043784679784],[139.41018792680592,35.6100631996592],[139.41269636783437,35.612275884486884],[139.4173728186088,35.61153316510416],[139.4205262873303,35.60978467989068],[139.4231063981024,35.606628122514124],[139.42615236220834,35.605467623478624],[139.42821286733886,35.6079743013953],[139.43437646529446,35.60582350984951],[139.43885582427382,35.61007867297967],[139.4459332114612,35.60870154745754],[139.44928377197778,35.61178073823174],[139.45286725916125,35.60744820849921],[139.45351228685428,35.60447733096833],[139.45738245301246,35.60721610869211],[139.4606255089135,35.608407554368554],[139.46318770224968,35.60808261463861],[139.46571406071405,35.609568053404054],[139.4665740976381,35.6065817025527],[139.47026508943708,35.60348703845804],[139.47105345661745,35.60115056706657],[139.47802333918932,35.598968828879826],[139.4801555140635,35.5948683989544],[139.48393609304208,35.59506955212055],[139.4834523222723,35.59344485347086],[139.4919631043331,35.58846244427844],[139.49303815048813,35.58918969034069],[139.49445362792562,35.586311652732654],[139.4939161048481,35.582783735664734],[139.49921966587965,35.580973357169356],[139.50545493357893,35.57478402898003],[139.50688832845233,35.57582074145174],[139.5065658146058,35.57172031152631],[139.50043805152205,35.57031223936324],[139.50083223511223,35.5685328075088],[139.49805503254504,35.567898401369405],[139.4962632889533,35.56463353074953],[139.49445362792562,35.564710897351894],[139.49103139766538,35.561430553411554],[139.48923965407366,35.56180191310291],[139.4864086991987,35.56895058716159],[139.48286104688705,35.5713798984759],[139.483739001247,35.57195241133341],[139.486122020224,35.578451205932204],[139.4883796171496,35.57846667925268],[139.48986676433077,35.583572875008876],[139.4849753043253,35.584609587480585],[139.4821981017581,35.58171607655208],[139.4781129263689,35.58067936408037],[139.47648243970042,35.58201006964107],[139.47334688841488,35.576872927243926],[139.4732573012353,35.57385562975163],[139.46967381405182,35.56949215337815],[139.46965589661588,35.565298883529884],[139.46825833661433,35.563132618663616],[139.47012174994975,35.56064141406741],[139.4742965125185,35.5596665948776],[139.47642868739268,35.56256010580611],[139.47979716534516,35.55923334190434],[139.48185767047568,35.555952997964],[139.48239519355317,35.54741172506272],[139.4803346884227,35.54314108861209],[139.48164266124465,35.539953584594585],[139.4849573868894,35.53806583949684],[139.48483196483795,35.535961467912465],[139.48676704791703,35.53559010822111],[139.48576367150565,35.531365891731895],[139.4877525068925,35.527992707868705],[139.48759124996926,35.524774257210254],[139.48574575406974,35.522344945895945],[139.48622952483953,35.51977637469737],[139.48454528586328,35.51996205454306],[139.47698412790612,35.51121962847563],[139.48112305560304,35.50530882005482],[139.48493946945345,35.50396264117364],[139.47637493508492,35.50134765001365],[139.46779248328048,35.502260575921575],[139.46825833661433,35.506206272642274],[139.46485402379002,35.51089468874569],[139.46327728942927,35.517857682958685],[139.46055383916982,35.51943596164696],[139.4543544063424,35.52064288064388],[139.4582604073724,35.52803912783013],[139.4547485899326,35.53122663184763],[139.44808330377128,35.53576031474631],[139.44853123966922,35.53764805984406],[139.44609446838447,35.53955127826228],[139.4446969083829,35.54236742258842],[139.44095216427615,35.54249120915221],[139.43638321811721,35.546638059039054],[139.43342684119082,35.54632859262959],[139.43183218939419,35.54903642371242],[139.42808744528745,35.55126458186058],[139.42758575708174,35.553105906996905],[139.42391268271868,35.555891104682104],[139.42307056323057,35.5596665948776],[139.41622610271008,35.56187927970528],[139.41629777245376,35.56416933113533],[139.41289345962946,35.56616538947639],[139.41219467962867,35.56956951998052],[139.41017000937,35.57127158523258],[139.4092383027023,35.575511275042274],[139.40300303500302,35.57534106851707],[139.40074543807742,35.57883803894404],[139.3998674837175,35.5843155943916],[139.39481476678876,35.58411444122544],[139.3942234914035,35.58559987999088],[139.39108794011793,35.585259466940464],[139.38861533396133,35.58853981088081],[139.38553353498352,35.58846244427844],[139.380659992414,35.59047397593997],[139.37926243241242,35.5899943030053],[139.37524892676691,35.59429588609689],[139.36953326470925,35.59462082582682],[139.36723983291182,35.59692635057735],[139.36267088675288,35.59930924193024],[139.35666854572054,35.59855104922705],[139.35482304982105,35.60019122119722],[139.343983001091,35.602372959383956],[139.3398799082659,35.605250996992],[139.33774773339172,35.60413691791791],[139.33117203441003,35.60378103154703],[139.33009698825498,35.602929998921],[139.32027823337222,35.60614844957945],[139.31450881900682,35.6040286046746],[139.30872148720547,35.60395123807224],[139.30486923848323,35.60517363038963],[139.30354334822533,35.604353544404546],[139.2990998241178,35.60619486954087],[139.29657346565347,35.60962994668594],[139.29232703334102,35.61164147834748],[139.28288454461253,35.61315786375386],[139.28028651640452,35.6116878983089],[139.27426625793626,35.61105349216949],[139.26880143998144,35.60935142691743],[139.26880143998144,35.61212115128215],[139.27335246870447,35.61379226989327],[139.27648801999,35.616577467578466],[139.2779034974275,35.61945550518651],[139.28576925179524,35.620801684067686],[139.28702347230947,35.622024076385074],[139.2892273169273,35.62022917121017],[139.2935275015475,35.62053863761964],[139.2947458871899,35.616917880628876],[139.2935454189834,35.61546338850439],[139.2980426953987,35.616113267964266],[139.3034895959176,35.61516939541539],[139.3076106061786,35.61623705452806],[139.3134696077236,35.61453498927599],[139.31529718618717,35.61291029062629],[139.31750103080503,35.61524676201776],[139.32278667440067,35.61481350904451],[139.32638807902006,35.61575738159338],[139.33733563236564,35.61419457622557],[139.3385361005721,35.619440031866034],[139.33695936621135,35.622488275999274],[139.33841067852066,35.6234012019072],[139.34129538570338,35.62007443800544],[139.3394678072398,35.61701072055172],[139.33991574313774,35.614210049546045],[139.3428721200641,35.61287934398534],[139.34756648827448,35.60877891405991],[139.35175916827916,35.60880986070086],[139.35349715956315,35.607355368576364],[139.36143458367457,35.605235523671524],[139.36543017188416,35.60904196050796],[139.37311675189275,35.604307124443125],[139.37775736779537,35.60404407799508],[139.38187837805637,35.60228011946112],[139.38660858113857,35.59831894941995],[139.38834657242256,35.602403906024904],[139.38762987498586,35.6050188971849],[139.3935067939668,35.6082064012024]]]],"type":"MultiPolygon"},"id":"geoshape:13:2009-03-20:271dc187441492cf3d34","properties":{"administrativeCode":"13209","jurisdictionId":"geoshape:13:2009-03-20:271dc187441492cf3d34","municipalityName":"町田市","prefectureName":"東京都","snapshotDate":"2009-03-20","sourceDataset":"historical-administrative-areas-beta","sourceProvider":"Geoshape","sourceResourceId":"gci:13209A1968"},"type":"Feature"},{"geometry":{"coordinates":[[[[139.48958008535607,35.69544498203098],[139.48780625920025,35.69197895824496],[139.48902464484263,35.69095771909372],[139.49577951818353,35.68863672102272],[139.4954390869011,35.68690370912971],[139.49870006023806,35.6856348968509],[139.49988261100862,35.68718222889823],[139.50294649255048,35.687275068821066],[139.5011189140869,35.68458271105871],[139.50289274024274,35.68458271105871],[139.50518617204017,35.68698107573208],[139.5145749084609,35.686083623144626],[139.5152736884617,35.68999837322437],[139.5182659002599,35.69125171218271],[139.52226148846947,35.68736790874391],[139.52048766231366,35.681627306848306],[139.5243399110359,35.679693141789144],[139.52468034231833,35.6775114036024],[139.52210023154623,35.67718646387246],[139.52509244334445,35.67601049151649],[139.52645416847417,35.67238973452574],[139.5256658012938,35.66972832340432],[139.5232111125731,35.66779415834516],[139.51943053359452,35.66044433112033],[139.51745961564362,35.65838637949738],[139.5170295971816,35.655307188723185],[139.52079225872424,35.65358965015065],[139.5208280935961,35.6461934029644],[139.5168325053865,35.64930354037954],[139.5120843848684,35.651206758797755],[139.50679874127275,35.65088181906782],[139.501316005882,35.64917975381575],[139.4994525925466,35.65145433192533],[139.48646245150644,35.65266125092225],[139.47924172483172,35.651980424821424],[139.47413525559526,35.65078897914498],[139.47381274174873,35.64933448702048],[139.46920796071797,35.65078897914498],[139.4420092929953,35.6579685998446],[139.44091632940433,35.65998013150613],[139.42982543657143,35.67081145583745],[139.4317246847787,35.672683727614725],[139.4360607042707,35.671523228579225],[139.44473274325475,35.67178627502727],[139.44570028479427,35.673503813599815],[139.45080675403074,35.67155417522017],[139.45351228685428,35.671600595181594],[139.4506634145434,35.673194347190346],[139.45071716685115,35.6766448976559],[139.4522939012119,35.6785016961127],[139.45136219454417,35.680652487658485],[139.45286725916125,35.68349957862558],[139.4536377089057,35.68790947496048],[139.45603864531864,35.69128265882366],[139.45940712327112,35.692381264577264],[139.46024924275923,35.699854878365876],[139.46297269301868,35.69987035168635],[139.46376106019906,35.695429508710504],[139.466807024305,35.69533666878767],[139.46779248328048,35.69248957782058],[139.46377897763497,35.68979722005822],[139.46653826276625,35.688435567856565],[139.4773783114963,35.68933302044402],[139.47822043098444,35.690369732915734],[139.48646245150644,35.69216463809064],[139.48958008535607,35.69544498203098]]],[[[139.4966933074153,35.68760000855101],[139.4966933074153,35.68760000855101]]]],"type":"MultiPolygon"},"id":"geoshape:13:2009-03-20:2868f2ee7dd0b9c82655","properties":{"administrativeCode":"13206","jurisdictionId":"geoshape:13:2009-03-20:2868f2ee7dd0b9c82655","municipalityName":"府中市","prefectureName":"東京都","snapshotDate":"2009-03-20","sourceDataset":"historical-administrative-areas-beta","sourceProvider":"Geoshape","sourceResourceId":"gci:13206A1968"},"type":"Feature"},{"geometry":{"coordinates":[[[[139.7315013051133,35.68148804696405],[139.73383057178256,35.678873055804054],[139.736769031273,35.678873055804054],[139.73906246307047,35.67401443317543],[139.74316555589556,35.67144586197686],[139.7491858143638,35.670780509196504],[139.7580191102711,35.66869161093261],[139.7621401205321,35.666881232437234],[139.7622297077117,35.66295100903701],[139.75941667027266,35.66002655146755],[139.75999002822203,35.658603005984006],[139.76568777284376,35.65555476185076],[139.76486357079156,35.65150075188675],[139.76097548719747,35.65182569161669],[139.7590404041184,35.64500195728796],[139.7603842118122,35.64501743060843],[139.76045588155588,35.63686299071899],[139.75477605437004,35.63884357573957],[139.75264387949588,35.634418206084206],[139.75918374360575,35.6336135934196],[139.75941667027266,35.62799677808778],[139.75742783488582,35.62793488480588],[139.75755325693726,35.6240975013285],[139.7524467877008,35.623973714764716],[139.75158675077674,35.62530442032542],[139.74676696051495,35.623230995381995],[139.7433268128188,35.62513421380021],[139.7379694994795,35.6245617009427],[139.73538938870738,35.62320004874105],[139.73393807639806,35.62610903299003],[139.73114295639496,35.626681545847546],[139.73092794716393,35.630271356197355],[139.72829408408407,35.63283992739593],[139.72632316613317,35.6328554007164],[139.72600065228664,35.63503713890314],[139.72220215587214,35.63598101145201],[139.71996247638248,35.63457293928894],[139.7178303015083,35.63505261222361],[139.7168985948406,35.63995765481366],[139.719192026638,35.6418453999114],[139.72356388100187,35.64670402254002],[139.72155712817911,35.653837223278224],[139.72216632100032,35.655616655132654],[139.7144618235558,35.65734966702567],[139.71378096099096,35.659763505019505],[139.708566987139,35.66406508811109],[139.71381679586278,35.66934149039249],[139.71492767688966,35.672993194024194],[139.71655816355815,35.673426446997446],[139.7194787056127,35.6744941061101],[139.71958621022821,35.67831601626702],[139.72675318459517,35.67929083545683],[139.728527010751,35.68283422584523],[139.7315013051133,35.68148804696405]]],[[[139.78235098824698,35.62949769017369],[139.77134968259367,35.62313815545915],[139.7687158195138,35.626449446040446],[139.77749536311336,35.631818688244685],[139.77489733490532,35.63486693237793],[139.77267557285157,35.63253046098646],[139.77083007695208,35.633056553882554],[139.7770115923436,35.636042904733905],[139.78235098824698,35.62949769017369]]]],"type":"MultiPolygon"},"id":"geoshape:13:2009-03-20:2adbe2f23b45e80f6b2d","properties":{"administrativeCode":"13103","jurisdictionId":"geoshape:13:2009-03-20:2adbe2f23b45e80f6b2d","municipalityName":"港区","prefectureName":"東京都","snapshotDate":"2009-03-20","sourceDataset":"historical-administrative-areas-beta","sourceProvider":"Geoshape","sourceResourceId":"gci:13103A1968"},"type":"Feature"},{"geometry":{"coordinates":[[[[139.75796535796334,35.75486253264853],[139.75758909180908,35.75317594071694],[139.75088797077598,35.75370203361303],[139.74977708974907,35.7501276965837],[139.75470438462636,35.74918382403482],[139.7578041010401,35.747605545346545],[139.7571949082189,35.74545475380076],[139.76031254206853,35.743458695459694],[139.76384227694427,35.74413952156052],[139.76588486463885,35.74161737032337],[139.7681782964363,35.74146263711864],[139.77111675592676,35.73790377340977],[139.7613159184799,35.73380334348434],[139.76093965232565,35.732209591475595],[139.75993627591427,35.73157518533618],[139.75275138411138,35.73505668244268],[139.74954416308216,35.73654212120812],[139.74656986871986,35.73985341178941],[139.74388225333226,35.739590365341364],[139.74366724410123,35.741338850554854],[139.74099754614954,35.74232914306514],[139.7352998015278,35.740518764569764],[139.731787984088,35.74331943557544],[139.7326301035761,35.74508339410939],[139.7278999004939,35.744712034418036],[139.72361763330963,35.73993077839178],[139.7200162286902,35.74178757684858],[139.71951454048454,35.74503697414797],[139.7214137886918,35.74630578642679],[139.72270384407784,35.75322236067836],[139.72042832971633,35.75506368581468],[139.71628940201938,35.76072692110792],[139.71317176816976,35.76326454566554],[139.71089625380824,35.76362043203643],[139.70639897739298,35.76666867616967],[139.70564644508443,35.77075363277463],[139.70238547174748,35.781074337530335],[139.70215254508054,35.78407616170216],[139.69844363584562,35.782126523322525],[139.69496765327764,35.782621669577665],[139.69127666147867,35.784416574752576],[139.689467000451,35.786799466105464],[139.6906316337856,35.79057495630096],[139.69684898404898,35.7988996027156],[139.70525226149425,35.79340657394757],[139.70919409739608,35.79201397510497],[139.71924577894578,35.791797348618346],[139.722237990744,35.79072968950569],[139.72445975279774,35.78727913904014],[139.73386640665439,35.79004886340486],[139.73852493999294,35.78740292560393],[139.73804116922315,35.780223304904304],[139.73787991229992,35.77742263389863],[139.73617775588775,35.774157763278765],[139.73589107691308,35.77104762586362],[139.73743197640198,35.76994902011002],[139.7464086117966,35.76700908922009],[139.75497314616513,35.768386214742215],[139.75792952309152,35.77018111991712],[139.76009753283753,35.766761516092515],[139.75816244975843,35.764595251226254],[139.7488812179532,35.75981399519999],[139.7484332820553,35.75783341017941],[139.75121048462248,35.75606945164545],[139.75796535796334,35.75486253264853]]]],"type":"MultiPolygon"},"id":"geoshape:13:2009-03-20:3e850815c5dc1b812562","properties":{"administrativeCode":"13117","jurisdictionId":"geoshape:13:2009-03-20:3e850815c5dc1b812562","municipalityName":"北区","prefectureName":"東京都","snapshotDate":"2009-03-20","sourceDataset":"historical-administrative-areas-beta","sourceProvider":"Geoshape","sourceResourceId":"gci:13117A1968"},"type":"Feature"},{"geometry":{"coordinates":[[[[139.67733689633488,35.729377973828974],[139.6751868040248,35.72369926521527],[139.67576016197415,35.72195078000178],[139.67368173940773,35.72026418807019],[139.6790928050548,35.7182836030496],[139.6790928050548,35.71523535891636],[139.68185209018608,35.713161933972934],[139.680347025569,35.71125871555471],[139.68278379685378,35.71012916316016],[139.69007619327218,35.71149081536181],[139.69421512096912,35.71104208906809],[139.6889832296812,35.707560591961595],[139.68758566967966,35.704496874507875],[139.68840987173186,35.69932878546979],[139.68398426506025,35.69199443156543],[139.6803291081331,35.68979722005822],[139.6712987204307,35.68148804696405],[139.66784065529865,35.679956188237185],[139.66411382862782,35.6763509045669],[139.66257292913892,35.6794300953411],[139.65927612093012,35.68190582661683],[139.65922236862235,35.68668708264308],[139.6612291214451,35.68685728916829],[139.66753605888806,35.69174685843786],[139.66509928760328,35.695429508710504],[139.66115745170146,35.69519740890341],[139.66061992862393,35.696528114464115],[139.6625370942671,35.699235945546945],[139.66108578195778,35.701433157054154],[139.6609066075986,35.70468255435355],[139.65820107477506,35.70503844072444],[139.65821899221098,35.709216237252235],[139.65060408194608,35.709340023816026],[139.6428458321938,35.71150628868229],[139.6417887034747,35.714755685981686],[139.6369689132129,35.71650417119517],[139.63218495782294,35.716952897488895],[139.63186244397644,35.71972262185362],[139.62992736089734,35.720403447954446],[139.62439087319888,35.72926966058566],[139.6245342126862,35.730151639852636],[139.62716807576606,35.7351031024041],[139.63354668295267,35.73528878224978],[139.63506966500566,35.73230243139843],[139.63643139013539,35.73227148475748],[139.63992529013927,35.726314256375254],[139.64356252963051,35.72530849054449],[139.64739686091684,35.72549417039017],[139.6474326957887,35.726747509348506],[139.65961655221255,35.72583458344058],[139.66225041529242,35.72691771587371],[139.66506345273146,35.73129666556767],[139.66816316914517,35.731389505490505],[139.67145997735398,35.7335402970363],[139.6746671983832,35.733060624101626],[139.677964006592,35.73067773274873],[139.67733689633488,35.729377973828974]]]],"type":"MultiPolygon"},"id":"geoshape:13:2009-03-20:3f073c3912d62cf49740","properties":{"administrativeCode":"13114","jurisdictionId":"geoshape:13:2009-03-20:3f073c3912d62cf49740","municipalityName":"中野区","prefectureName":"東京都","snapshotDate":"2009-03-20","sourceDataset":"historical-administrative-areas-beta","sourceProvider":"Geoshape","sourceResourceId":"gci:13114A1968"},"type":"Feature"},{"geometry":{"coordinates":[[[[139.59418207624208,35.68213792642393],[139.60326621625222,35.680652487658485],[139.6083726854887,35.676366377887376],[139.60891020856621,35.67034725622325],[139.61618468754867,35.669898529929526],[139.61656095370296,35.672637307653304],[139.61209951215952,35.67463336599437],[139.61030776856776,35.6766448976559],[139.6210223952464,35.672993194024194],[139.6250359008919,35.66914033722634],[139.63259705884906,35.66808815143415],[139.63910108808707,35.66584451996552],[139.6412690978331,35.667190698846696],[139.64771937476337,35.668428564484564],[139.65033532040732,35.669898529929526],[139.65511927579726,35.67054840938941],[139.66174872708672,35.672528994409994],[139.6620533234973,35.67144586197686],[139.67269628043226,35.672296894602894],[139.6728217024837,35.66740732533332],[139.67500762966563,35.66387940826541],[139.67948698864498,35.657334193705196],[139.68316006300805,35.65372891003491],[139.68430677890677,35.64376409165009],[139.68608060506259,35.64054564099164],[139.68609852249853,35.63803896307496],[139.68203126454526,35.63113786214386],[139.67959449326048,35.62507232051832],[139.6719975004315,35.62971431666031],[139.66384506708906,35.631942474808476],[139.66147996554795,35.631710375001376],[139.66180247939448,35.627486158512156],[139.66352255324256,35.626511339322334],[139.66649684760483,35.61852710595811],[139.66475885632084,35.618279532830535],[139.66321795683194,35.61563359502959],[139.6628775255495,35.60941332019932],[139.6683065086325,35.60648886262986],[139.67339506043305,35.608175454561454],[139.6772473091553,35.607943354754354],[139.6793078142858,35.60552951676051],[139.68027535582536,35.600670894131895],[139.68061578710777,35.59485292563392],[139.67565265735865,35.59178920818021],[139.6697578209418,35.59901524884125],[139.6644005076025,35.599665128301126],[139.66262668144668,35.598427262663265],[139.65961655221255,35.59995912139012],[139.65578222092623,35.59647762428362],[139.6529691834872,35.59593605806705],[139.65705435887637,35.59341390682991],[139.65513719323317,35.590149036210036],[139.6504249075869,35.592578347524345],[139.64884817322616,35.59497671219771],[139.63997904244704,35.60006743463343],[139.63700474808473,35.60305378548478],[139.63179077423277,35.60579256320856],[139.63136075577074,35.607138742089745],[139.62478505678905,35.6098310998521],[139.6234054142234,35.61136295857896],[139.61851395421795,35.61379226989327],[139.6157905039585,35.61332807027907],[139.6121890993391,35.61585022151622],[139.6089997957458,35.61648462765562],[139.60473544599745,35.61581927487528],[139.60005899522298,35.61840331939432],[139.5930891126511,35.61756776008876],[139.59024024034022,35.618434266035266],[139.58932645110843,35.621219463720465],[139.5902044054684,35.62453075430175],[139.59228282803483,35.62422128789228],[139.59353704854905,35.626557759283756],[139.59140487367486,35.633056553882554],[139.58766012956812,35.635068085544084],[139.584434991103,35.641071733887735],[139.58658508341307,35.64265001257601],[139.5876422121322,35.64616245632345],[139.58955937777537,35.64514121717222],[139.5920678188038,35.645914883195886],[139.5919603141883,35.65136149200249],[139.5930891126511,35.6515316985277],[139.59233658034256,35.655430975286976],[139.58988189162187,35.65725682710283],[139.58903977213376,35.662363022859026],[139.58654924854125,35.66395677486777],[139.5901148182888,35.665798100004096],[139.5888785152105,35.66940338367438],[139.58850224905623,35.670517462748464],[139.58248199058798,35.6733955003565],[139.58663883572083,35.67398348653448],[139.58678217520816,35.6778053966914],[139.58812598290197,35.68004902816003],[139.58531294546293,35.682045086501084],[139.59418207624208,35.68213792642393]]]],"type":"MultiPolygon"},"id":"geoshape:13:2009-03-20:40f59e6d0085d07452b6","properties":{"administrativeCode":"13112","jurisdictionId":"geoshape:13:2009-03-20:40f59e6d0085d07452b6","municipalityName":"世田谷区","prefectureName":"東京都","snapshotDate":"2009-03-20","sourceDataset":"historical-administrative-areas-beta","sourceProvider":"Geoshape","sourceResourceId":"gci:13112A1968"},"type":"Feature"},{"geometry":{"coordinates":[[[[139.68075912659512,35.73875480603581],[139.67873445633646,35.73442227630328],[139.677964006592,35.73067773274873],[139.6746671983832,35.733060624101626],[139.67145997735398,35.7335402970363],[139.66816316914517,35.731389505490505],[139.66506345273146,35.73129666556767],[139.66225041529242,35.72691771587371],[139.65961655221255,35.72583458344058],[139.6474326957887,35.726747509348506],[139.64739686091684,35.72549417039017],[139.64356252963051,35.72530849054449],[139.63992529013927,35.726314256375254],[139.63643139013539,35.73227148475748],[139.63506966500566,35.73230243139843],[139.63354668295267,35.73528878224978],[139.62716807576606,35.7351031024041],[139.6245342126862,35.730151639852636],[139.61539632036832,35.7302908997369],[139.60194032599432,35.726004789965785],[139.59979023368422,35.72391589170189],[139.5956513059873,35.72216740648841],[139.59384164495964,35.71829907637007],[139.58945187315987,35.72027966139066],[139.5868000926441,35.71975356849457],[139.58499043161643,35.71631849134949],[139.58665675315675,35.71190859501459],[139.57943602648203,35.715560298646295],[139.5751179244259,35.71899537579137],[139.5656396008256,35.72165678691279],[139.56599794954394,35.7270415024375],[139.56942017980418,35.73415922985523],[139.56732383980184,35.73635644136244],[139.56825554646954,35.73807397993498],[139.56816595928996,35.742762396038394],[139.56676839928838,35.74743533882134],[139.5688289044189,35.74759007202607],[139.56927684031683,35.74998843669944],[139.56777177569978,35.75506368581468],[139.56279072851473,35.76159342705443],[139.56931267518866,35.76363590535691],[139.56999353775353,35.765368917249916],[139.57458040134838,35.76623542319642],[139.57432955724556,35.76818506157606],[139.57689175058175,35.768076748332746],[139.5781638885319,35.77084647269747],[139.58223114648513,35.771202359068354],[139.58398705520506,35.774838589379584],[139.58653133110533,35.77517900243],[139.58875309315908,35.77853671297271],[139.5934116264976,35.77719053409153],[139.59414624137023,35.77870691949792],[139.5971922054762,35.778366506447504],[139.59694136137335,35.77641686806787],[139.6043770972791,35.77502426922527],[139.5984285085545,35.77214623161723],[139.59864351778552,35.76909798748399],[139.6031587116367,35.770861946017945],[139.60634801523,35.77095478594079],[139.60874895164295,35.76883494103594],[139.61127531010732,35.7710630991841],[139.6172238988319,35.770351326442324],[139.61772558703757,35.7666532028492],[139.6229933131973,35.76686982933583],[139.62408627678826,35.771248779029776],[139.62471338704538,35.779820998572],[139.62517924037923,35.77793325347425],[139.62938983781984,35.77688106768207],[139.629354002948,35.77172845196445],[139.6301961224361,35.77233191146291],[139.63472923372322,35.76987165350765],[139.6348188209028,35.76880399439499],[139.64051656552456,35.76911346080446],[139.64295333680934,35.77092383929984],[139.64791646655846,35.768618314549315],[139.65112368758767,35.76917535408636],[139.6611216168296,35.768664734510736],[139.6690052886333,35.76654488960589],[139.670582022994,35.76228972647573],[139.67369965684364,35.758405923036925],[139.6733413081253,35.75450664627765],[139.67502554710154,35.75189165511765],[139.67206917017518,35.74522265399365],[139.67583183171783,35.74539286051886],[139.6808307963388,35.74381458183058],[139.6792003096703,35.74017835151935],[139.68075912659512,35.73875480603581]]]],"type":"MultiPolygon"},"id":"geoshape:13:2009-03-20:447b603415d071efe0fd","properties":{"administrativeCode":"13120","jurisdictionId":"geoshape:13:2009-03-20:447b603415d071efe0fd","municipalityName":"練馬区","prefectureName":"東京都","snapshotDate":"2009-03-20","sourceDataset":"historical-administrative-areas-beta","sourceProvider":"Geoshape","sourceResourceId":"gci:13120A1968"},"type":"Feature"},{"geometry":{"coordinates":[[[[139.33036574979374,35.7936232004342],[139.3327846036426,35.79189018854119],[139.33488094364495,35.793700567036566],[139.33850026570025,35.79459801962402],[139.342675028269,35.7940255067665],[139.34670645135046,35.7964083981194],[139.3502541036621,35.79340657394757],[139.35491263700064,35.79371604035704],[139.35983993187793,35.79162714209314],[139.36990953086354,35.791719982015984],[139.36870906265705,35.79029643653244],[139.36987369599169,35.78760407877008],[139.3678311082971,35.78704703923304],[139.36749067701467,35.78438562811163],[139.37300924727725,35.77971268532868],[139.37551768830568,35.780455404711404],[139.38014038677238,35.77875333945934],[139.3814841944662,35.774266076522075],[139.3790295057455,35.771202359068354],[139.37343926573925,35.76875757443357],[139.37320633907234,35.77134161895262],[139.3709129072749,35.77143445887546],[139.3681536221436,35.774111343317344],[139.36851197086196,35.77104762586362],[139.36738317239917,35.76779822856423],[139.36288589598388,35.761918366784364],[139.3609508129048,35.76109828079928],[139.35881863803064,35.75792625010225],[139.35901572982573,35.754491172957174],[139.35751066520865,35.75351635376735],[139.35811985802985,35.7507621027231],[139.35654312366913,35.75071568276168],[139.3546617928978,35.745594013685015],[139.34989575494376,35.747729331910335],[139.35043327802128,35.74514528739129],[139.35333590263988,35.742530296231294],[139.35206376468975,35.74124601063201],[139.3455239005799,35.74707945245045],[139.3423345969866,35.746166526542524],[139.3426391933972,35.749849176815175],[139.34301545955145,35.753841293497295],[139.34036367903568,35.753717506933505],[139.33584848518447,35.7592879023039],[139.33477343902942,35.76492019095619],[139.33642184313385,35.76604974335074],[139.3331967046687,35.76759707539807],[139.33364464056663,35.77095478594079],[139.33151246569247,35.7729198976409],[139.32878901543302,35.77134161895262],[139.3210666005526,35.77722148073248],[139.32411256465855,35.78108981085081],[139.32065449952648,35.783364388960386],[139.32058282978284,35.7899096035206],[139.32275083952882,35.786304319850316],[139.32205205952806,35.789785816956815],[139.32626265696865,35.787031565912564],[139.33006115338316,35.790605902941905],[139.3284844190224,35.7917664019774],[139.33036574979374,35.7936232004342]]],[[[139.35665062828463,35.74557854036454],[139.35665062828463,35.74557854036454]]]],"type":"MultiPolygon"},"id":"geoshape:13:2009-03-20:447cd5318ff6d1065cc5","properties":{"administrativeCode":"13303","jurisdictionId":"geoshape:13:2009-03-20:447cd5318ff6d1065cc5","municipalityName":"瑞穂町","parentJurisdictionName":"西多摩郡","prefectureName":"東京都","snapshotDate":"2009-03-20","sourceDataset":"historical-administrative-areas-beta","sourceProvider":"Geoshape","sourceResourceId":"gci:13303A1968"},"type":"Feature"},{"geometry":{"coordinates":[[[[139.16351858653059,35.85087448618549],[139.16256896242695,35.84954378062478],[139.1664212111492,35.84456137143237],[139.1661166147386,35.84296761942362],[139.17199353371953,35.83996579525179],[139.17532617680018,35.836066518492515],[139.17735084705885,35.83515359258459],[139.176884993725,35.83308016764117],[139.1784258932139,35.83058896304496],[139.1752545070565,35.827200305861304],[139.17740459936658,35.82048488477588],[139.17419737833737,35.81282559114159],[139.17550535115936,35.80683741611841],[139.17357026808025,35.80676004951605],[139.171456010642,35.803479705575704],[139.16473697217296,35.801561013837016],[139.16093847575846,35.799193595804596],[139.15640536447137,35.79863655626755],[139.14981174805374,35.79637745147845],[139.14692704087102,35.793035214256214],[139.14757206856407,35.78901215093315],[139.1464791049731,35.78574728031328],[139.14778707779507,35.78197179011779],[139.14271644343043,35.78102791756892],[139.1405305162485,35.77903185922786],[139.13716203829603,35.777979673435674],[139.13762789162988,35.77242475138575],[139.13608699214097,35.77025848651949],[139.1307475962376,35.76512134412234],[139.12820332033732,35.76697814257914],[139.12513943879543,35.76759707539807],[139.11501608750208,35.772594957910954],[139.11435314237315,35.77353883045983],[139.10754451672452,35.77683464772065],[139.10584236031235,35.779109225830226],[139.1022051208211,35.77838197976798],[139.09661488081488,35.77592172181272],[139.09340765978564,35.76996449343049],[139.08846244747244,35.77019659323759],[139.0867782084962,35.771248779029776],[139.08281845515845,35.769887126828124],[139.08007708746308,35.77010375331475],[139.07502437053435,35.7719914984125],[139.07359097566098,35.77002638671239],[139.06649567103767,35.76564743701844],[139.06361096385496,35.765601017057016],[139.06094126590327,35.76410010497111],[139.05660524641124,35.76329549230649],[139.05488517256316,35.76016988157088],[139.0491695105055,35.760061568327565],[139.04311341716542,35.75767867697468],[139.0427013161393,35.755110105776104],[139.03967326946926,35.75011222326322],[139.04141126075325,35.746181999863],[139.03967326946926,35.74440256800857],[139.0344592956173,35.742452929628925],[139.03182543253743,35.74429425476525],[139.0283136150976,35.74452635457236],[139.02711314689114,35.74237556302656],[139.02168416380815,35.74013193155793],[139.01229542738741,35.738661966112964],[139.01037826174425,35.742298196424194],[139.0056838935339,35.74813163824264],[139.00514637045637,35.75045263631364],[139.00215415865816,35.75011222326322],[138.9988215155775,35.75113346241446],[138.992424990955,35.75551241210841],[138.99276542223743,35.75713711075811],[138.9893611094131,35.76349664547264],[138.98439797966398,35.767767281923284],[138.98366336479137,35.772022445053445],[138.98531176889577,35.77440533640633],[138.98642264992264,35.78225030988631],[138.985043007357,35.78526760737861],[138.98187162119962,35.787077985873985],[138.97952443709443,35.78709345919446],[138.97687265657865,35.78902762425362],[138.9771055832456,35.79275669448769],[138.9717841047781,35.79899244263844],[138.97031487503287,35.80457831132931],[138.9710853247773,35.80999397349497],[138.97221412324012,35.81112352588953],[138.9714795083675,35.814790702841705],[138.96975943451943,35.81585836195436],[138.96972359964758,35.82450794809895],[138.97047613195613,35.827355039066035],[138.96929358118558,35.8313781023891],[138.96425878169276,35.829382044048046],[138.9622341114341,35.8295831972142],[138.95325747603948,35.83651524478624],[138.94747014423814,35.84270457297557],[138.9485451903932,35.84954378062478],[138.94575007039006,35.854092936843934],[138.9439224919265,35.85482018290618],[138.94286536320735,35.86015847846948],[138.94653843757044,35.864351748317745],[138.94514087756886,35.86792608534709],[138.94972774116374,35.86924131758732],[138.95445794424595,35.87490455288055],[138.9652084057964,35.87778259048859],[138.96802144323544,35.88220796014396],[138.97248288477888,35.88197586033686],[138.97893316170916,35.88500863114963],[138.985258016588,35.881186720992716],[138.98875191659192,35.8811403010313],[138.99473634018833,35.88333751253851],[138.99588305608705,35.88445159161259],[139.0011686996827,35.88420401848502],[139.00665143507342,35.88961968065068],[139.00679477456077,35.89364274397374],[139.01032450943651,35.897170661041656],[139.01337047354247,35.898253793474794],[139.01838735559934,35.898424],[139.0208957966278,35.89715518772119],[139.0239955130415,35.89729444760545],[139.0293349089449,35.892915497911495],[139.03761276433875,35.88909358775459],[139.04035413203414,35.88630839006939],[139.04302382998583,35.885488304084305],[139.04832739101738,35.88120219431319],[139.04983245563446,35.878834776280776],[139.0578236320536,35.87750407072007],[139.06144295410894,35.873713107204104],[139.07006124078524,35.87157778897879],[139.07205007617208,35.87157778897879],[139.07776573822974,35.8753378058538],[139.08267511567112,35.874765292996294],[139.0892328972169,35.87103622276222],[139.09154424645024,35.868962797818796],[139.09575484389083,35.86941152411252],[139.09894414748413,35.86871522469122],[139.10129133158932,35.8657134005194],[139.10267097415496,35.86657990646591],[139.1157686198106,35.86446006156106],[139.1291171095691,35.86557414063514],[139.13135678905877,35.86444458824059],[139.13535237726836,35.86538846078946],[139.1397959013759,35.863779235460235],[139.1467837013837,35.862850836231836],[139.15948716344917,35.85694002781103],[139.16351858653059,35.85087448618549]]]],"type":"MultiPolygon"},"id":"geoshape:13:2009-03-20:45633f369ed4fa3a3bf8","properties":{"administrativeCode":"13308","jurisdictionId":"geoshape:13:2009-03-20:45633f369ed4fa3a3bf8","municipalityName":"奥多摩町","parentJurisdictionName":"西多摩郡","prefectureName":"東京都","snapshotDate":"2009-03-20","sourceDataset":"historical-administrative-areas-beta","sourceProvider":"Geoshape","sourceResourceId":"gci:13308A1968"},"type":"Feature"},{"geometry":{"coordinates":[[[[139.78890876979276,35.69470226264826],[139.7891416964597,35.69101961237561],[139.79039591697392,35.6892866004826],[139.79236683492482,35.68710486229586],[139.79263559646358,35.68438155789256],[139.78908794415193,35.67916704889305],[139.78717077850877,35.67450957943058],[139.7872962005602,35.67147680861781],[139.78907002671602,35.665643366799365],[139.78973297184496,35.6550131956342],[139.77423438977638,35.64425923790524],[139.76762285592284,35.651098445554446],[139.76486357079156,35.65150075188675],[139.76568777284376,35.65555476185076],[139.75999002822203,35.658603005984006],[139.75941667027266,35.66002655146755],[139.7622297077117,35.66295100903701],[139.7621401205321,35.666881232437234],[139.7580191102711,35.66869161093261],[139.75963167950368,35.67167796178396],[139.76425437797036,35.67333360707461],[139.77000587489988,35.68179751337351],[139.77100925131126,35.68401019820119],[139.76819621387222,35.68845104117704],[139.77751328054927,35.69170043847644],[139.78258391491391,35.69471773596874],[139.78253016260615,35.69657453442554],[139.78890876979276,35.69470226264826]]]],"type":"MultiPolygon"},"id":"geoshape:13:2009-03-20:4947c8d2c84475d2f493","properties":{"administrativeCode":"13102","jurisdictionId":"geoshape:13:2009-03-20:4947c8d2c84475d2f493","municipalityName":"中央区","prefectureName":"東京都","snapshotDate":"2009-03-20","sourceDataset":"historical-administrative-areas-beta","sourceProvider":"Geoshape","sourceResourceId":"gci:13102A1968"},"type":"Feature"},{"geometry":{"coordinates":[[[[139.8203897046997,35.63909114886715],[139.8228623108563,35.64229412620513],[139.82614120162918,35.64263453925554],[139.8248153113713,35.63958629512229],[139.8329319098419,35.64034448782549],[139.83278857035455,35.6381936962797],[139.8251378252178,35.63745097689698],[139.82556784367983,35.63444915272515],[139.8211243195723,35.634031373072375],[139.8203897046997,35.63909114886715]]],[[[139.82589035752636,35.63062724256824],[139.8401168016448,35.63198889476989],[139.8385759021559,35.614101736302736],[139.83556577292177,35.61246156433256],[139.83060264317263,35.61848068599669],[139.8329319098419,35.61971855163455],[139.83165977189176,35.621219463720465],[139.82744917445117,35.61985781151881],[139.82589035752636,35.63062724256824]]],[[[139.8354045159985,35.70301143574243],[139.84380779344377,35.69952993863593],[139.84769587703786,35.694965309096304],[139.84789296883295,35.69053993944094],[139.84550994985594,35.68128689379789],[139.84821548267948,35.6791361022521],[139.84688959242158,35.673844226650225],[139.8455457847278,35.65671526088626],[139.84289400421198,35.656823574129575],[139.84201604985205,35.65420858296958],[139.84038556318356,35.633567173458175],[139.8216080903421,35.631942474808476],[139.8212318241878,35.63341244025344],[139.83366652471452,35.634650305891306],[139.83449072676672,35.64402713809814],[139.82279064111265,35.642928532344534],[139.82081972316172,35.64204655307755],[139.80643202212002,35.64059206095306],[139.80695162776163,35.63686299071899],[139.80016091954892,35.636228584579584],[139.80032217647218,35.6309986022596],[139.8022035072435,35.62620187291287],[139.7985841851882,35.62180744989845],[139.7920264036424,35.629853576544576],[139.78726036568835,35.62736237194837],[139.7817417954258,35.6331493938054],[139.77871374875573,35.637203403769405],[139.77921543696144,35.63966366172466],[139.77423438977638,35.64425923790524],[139.78973297184496,35.6550131956342],[139.78907002671602,35.665643366799365],[139.7872962005602,35.67147680861781],[139.78717077850877,35.67450957943058],[139.78908794415193,35.67916704889305],[139.79263559646358,35.68438155789256],[139.79236683492482,35.68710486229586],[139.79039591697392,35.6892866004826],[139.7934777159517,35.69081845920946],[139.79672077185276,35.68854388109988],[139.79915754313754,35.689719853455856],[139.8004834333954,35.68829630797231],[139.80480153545153,35.68849746113846],[139.80499862724662,35.68677992256592],[139.80946006879006,35.68699654905255],[139.81187892263893,35.688559354420356],[139.8114668216128,35.69190159164259],[139.81338398725597,35.69267525766626],[139.81969092469893,35.69303114403714],[139.81868754828753,35.70800931825532],[139.8306743129163,35.70301143574243],[139.8354045159985,35.70301143574243]]],[[[139.78235098824698,35.62949769017369],[139.7849310990191,35.62637207943808],[139.78106093286092,35.62394276812377],[139.7926535138995,35.609568053404054],[139.78704535645736,35.60207896629497],[139.78550445696845,35.603502511778515],[139.77328476567277,35.61848068599669],[139.77358936208336,35.62030653781254],[139.77134968259367,35.62313815545915],[139.78235098824698,35.62949769017369]]],[[[139.78530736517337,35.62510326715927],[139.7898583938964,35.62762541839642],[139.797974992367,35.61770701997302],[139.79442734005534,35.61388510981611],[139.78530736517337,35.62510326715927]]]],"type":"MultiPolygon"},"id":"geoshape:13:2009-03-20:4f21f8a5fb021c2be173","properties":{"administrativeCode":"13108","jurisdictionId":"geoshape:13:2009-03-20:4f21f8a5fb021c2be173","municipalityName":"江東区","prefectureName":"東京都","snapshotDate":"2009-03-20","sourceDataset":"historical-administrative-areas-beta","sourceProvider":"Geoshape","sourceResourceId":"gci:13108A1968"},"type":"Feature"},{"geometry":{"coordinates":[[[[139.5445866136226,35.75475421940522],[139.5471488069588,35.753377093883095],[139.55204026696427,35.755961138402135],[139.55524748799348,35.755729038595035],[139.5553908274808,35.75774057025657],[139.55777384645785,35.7595818953929],[139.5618411044111,35.75961284203384],[139.56279072851473,35.76159342705443],[139.56777177569978,35.75506368581468],[139.56927684031683,35.74998843669944],[139.5688289044189,35.74759007202607],[139.56676839928838,35.74743533882134],[139.56816595928996,35.742762396038394],[139.56825554646954,35.73807397993498],[139.56732383980184,35.73635644136244],[139.56942017980418,35.73415922985523],[139.56599794954394,35.7270415024375],[139.5656396008256,35.72165678691279],[139.55994185620386,35.7219971999632],[139.55458454286455,35.72077480764581],[139.5494064038844,35.71692195084795],[139.53736588694787,35.71132060883661],[139.52941054540054,35.71279057428157],[139.53000182078583,35.717494463705464],[139.52690210437208,35.718515702856706],[139.52645416847417,35.71727783721884],[139.52301402077802,35.71760277694878],[139.52313944282943,35.71907274239374],[139.52466242488242,35.719397682123684],[139.52333653462452,35.72325053892154],[139.51767462487462,35.727443808769806],[139.51670708333506,35.73058489282589],[139.52016514846713,35.733447457113456],[139.5296972243752,35.73972962522562],[139.5313097936078,35.74027119144219],[139.52717086591085,35.743659848625846],[139.52842508642507,35.7447275077385],[139.53319112437913,35.74463466781567],[139.5445866136226,35.75475421940522]]]],"type":"MultiPolygon"},"id":"geoshape:13:2009-03-20:502fc64c8f8dfa6150a3","properties":{"administrativeCode":"13229","jurisdictionId":"geoshape:13:2009-03-20:502fc64c8f8dfa6150a3","municipalityName":"西東京市","prefectureName":"東京都","snapshotDate":"2009-03-20","sourceDataset":"historical-administrative-areas-beta","sourceProvider":"Geoshape","sourceResourceId":"gci:13229A2001"},"type":"Feature"},{"geometry":{"coordinates":[[[[139.81449486828285,35.73880122599722],[139.81440528110326,35.73668138109238],[139.81137723443322,35.73298325749926],[139.8097109128929,35.728140108191106],[139.80143305749905,35.729254187265184],[139.79505445031245,35.72897566749667],[139.79120220159018,35.7312192989653],[139.7894642103062,35.72874356768956],[139.7844473282493,35.727861588422584],[139.7814551164511,35.72461219112319],[139.77674283080484,35.72493713085313],[139.76977294823294,35.72812463487063],[139.7660461215621,35.72753664869265],[139.76473814874015,35.73013616653216],[139.76278514822513,35.730739626030626],[139.76093965232565,35.732209591475595],[139.7613159184799,35.73380334348434],[139.77111675592676,35.73790377340977],[139.7681782964363,35.74146263711864],[139.76588486463885,35.74161737032337],[139.76384227694427,35.74413952156052],[139.76031254206853,35.743458695459694],[139.7571949082189,35.74545475380076],[139.7578041010401,35.747605545346545],[139.75470438462636,35.74918382403482],[139.74977708974907,35.7501276965837],[139.75088797077598,35.75370203361303],[139.75758909180908,35.75317594071694],[139.75796535796334,35.75486253264853],[139.7703463061823,35.75364014033114],[139.78398147491546,35.75404244666345],[139.78878334774134,35.752510587936584],[139.79122011902612,35.749972963378966],[139.78867584312584,35.747017559168555],[139.78867584312584,35.74491318758419],[139.79242058723258,35.74078181101781],[139.7948036062096,35.739822465148464],[139.80243643391043,35.73863101947202],[139.8091017200717,35.74085917762018],[139.81302563853762,35.74073539105639],[139.81449486828285,35.73880122599722]]]],"type":"MultiPolygon"},"id":"geoshape:13:2009-03-20:51b4244feef58b87c5f2","properties":{"administrativeCode":"13118","jurisdictionId":"geoshape:13:2009-03-20:51b4244feef58b87c5f2","municipalityName":"荒川区","prefectureName":"東京都","snapshotDate":"2009-03-20","sourceDataset":"historical-administrative-areas-beta","sourceProvider":"Geoshape","sourceResourceId":"gci:13118A1968"},"type":"Feature"},{"geometry":{"coordinates":[[[[139.5867105054645,35.69395954326554],[139.59405665419064,35.68899260739361],[139.59056275418675,35.68699654905255],[139.5936087182927,35.68413398476498],[139.59418207624208,35.68213792642393],[139.58531294546293,35.682045086501084],[139.58812598290197,35.68004902816003],[139.58678217520816,35.6778053966914],[139.58663883572083,35.67398348653448],[139.58248199058798,35.6733955003565],[139.58850224905623,35.670517462748464],[139.5888785152105,35.66940338367438],[139.5851696059756,35.671291128772125],[139.58045732032932,35.670718615914616],[139.5783072280192,35.67204932147532],[139.57979437520038,35.665535053556056],[139.58214155930554,35.665024433980435],[139.57549419058017,35.66004202478803],[139.57300366698766,35.664142454713456],[139.5688468218548,35.663508048574045],[139.5661412890313,35.664250767956766],[139.56433162800363,35.66903202398302],[139.56445705005504,35.67226594796195],[139.56087356287156,35.6828496991657],[139.55673463517462,35.68272591260191],[139.55216568901568,35.68083816750416],[139.54542873311073,35.68206055982156],[139.5429382095182,35.680466807812806],[139.5413973100293,35.669898529929526],[139.54193483310684,35.667964364870365],[139.54438952182753,35.666649132630134],[139.5415944018244,35.66426624127724],[139.53745547412746,35.66547316027416],[139.53849468541068,35.6671288055648],[139.53559206079206,35.66929507043107],[139.53444534489333,35.667546585217586],[139.53136354591553,35.66770131842232],[139.53243859207058,35.669898529929526],[139.52944638027236,35.67273014757615],[139.52944638027236,35.67560818518419],[139.52675876488476,35.67467978595579],[139.5265975079615,35.6791361022521],[139.52537912231912,35.68090006078606],[139.52867593052792,35.68119405387505],[139.52692002180802,35.68421135136735],[139.52487743411342,35.690106686467686],[139.52853259104057,35.6906791993252],[139.5321519130959,35.68877598090698],[139.53136354591553,35.69460942272542],[139.5341945007905,35.69488794249394],[139.53392573925174,35.6989728990989],[139.53641626284426,35.69829207299807],[139.53652376745976,35.69533666878767],[139.54218567720966,35.69529024882625],[139.54227526438925,35.69669832098932],[139.55066062439863,35.695011729057725],[139.55015893619293,35.70678692593793],[139.57051314339515,35.69892647913748],[139.57255573108972,35.698849112535115],[139.5766588239148,35.701433157054154],[139.5799197972518,35.69881816589417],[139.58482917469317,35.697255360526356],[139.5867105054645,35.69395954326554]]]],"type":"MultiPolygon"},"id":"geoshape:13:2009-03-20:5c0f2dd693aff952e52d","properties":{"administrativeCode":"13204","jurisdictionId":"geoshape:13:2009-03-20:5c0f2dd693aff952e52d","municipalityName":"三鷹市","prefectureName":"東京都","snapshotDate":"2009-03-20","sourceDataset":"historical-administrative-areas-beta","sourceProvider":"Geoshape","sourceResourceId":"gci:13204A1968"},"type":"Feature"},{"geometry":{"coordinates":[[[[139.1630348157608,35.77824271988372],[139.18061182039582,35.768664734510736],[139.18059390295988,35.76406915833016],[139.18147185731985,35.762893185974185],[139.18899718040518,35.76225877983478],[139.19367363117962,35.76077334106934],[139.19809923785124,35.757709623615625],[139.2000164034944,35.75806550998651],[139.2043345055505,35.75579093187693],[139.20510495529496,35.7537794002154],[139.21291695735496,35.75164408199008],[139.21237943427744,35.74862678449779],[139.21567624248624,35.74441804132904],[139.21857886710487,35.744433514649515],[139.22209068454467,35.74305638912739],[139.22610419019017,35.740054564955564],[139.23479414661014,35.738816699317695],[139.2395781020001,35.739745098546095],[139.24403954354355,35.73880122599722],[139.24538335123734,35.73666590777191],[139.2528549220149,35.73635644136244],[139.25823015279013,35.73527330892931],[139.26294243843643,35.73233337803938],[139.26993023844423,35.73326177726778],[139.27878145178744,35.73330819722919],[139.28442544410143,35.73171444522045],[139.28363707692108,35.73768714692315],[139.28465837076837,35.74059613117213],[139.27930105742905,35.742066096617094],[139.28077028717428,35.74607368661969],[139.2798923328143,35.749338557239554],[139.27546672614272,35.75362466701067],[139.26921354100753,35.75362466701067],[139.2685505958786,35.754460226316226],[139.26184947484546,35.75558977871078],[139.25584713381312,35.75938074222674],[139.2568684276604,35.76071144778744],[139.26152696099896,35.759829468520465],[139.26718887074887,35.7600460950071],[139.26932104562303,35.76112922744023],[139.27611175383575,35.76162437369537],[139.28772225231023,35.7609126009536],[139.29008735385133,35.76007704164804],[139.29653763078161,35.754537592918595],[139.30261164155763,35.75520294569895],[139.3099936251556,35.751396508862506],[139.3138637913138,35.74712587241187],[139.31669474618874,35.74331943557544],[139.32009905901305,35.733323670549666],[139.3219803897844,35.73272021105121],[139.32873526312525,35.72749022873123],[139.32841274927875,35.723374325485324],[139.32941612569013,35.71962978193078],[139.3293982082542,35.71206332821933],[139.32873526312525,35.71124324223424],[139.32450674824875,35.71296078080678],[139.32267916978518,35.71673627100227],[139.3193106918327,35.71910368903469],[139.31588846157246,35.714245066406065],[139.31359502977503,35.71395107331708],[139.30848856053856,35.71588523837624],[139.3049409082269,35.71155270864371],[139.30375835745636,35.713827286753286],[139.3013574210434,35.711769335130334],[139.29583885078085,35.711459868720866],[139.2942621164201,35.71337856045956],[139.28537506820507,35.71334761381861],[139.27681053383654,35.71396654663754],[139.27414083588482,35.71500325910926],[139.26898061434062,35.71002084991685],[139.26100735535735,35.71040768292868],[139.25810473073872,35.71224900806501],[139.25194113278312,35.71226448138548],[139.24962978354978,35.71050052285152],[139.24653006713606,35.710887355863356],[139.24506083739084,35.71334761381861],[139.243072002004,35.712543001154],[139.24038438661637,35.71421411976512],[139.23766093635692,35.713208353934355],[139.23561834866234,35.714833052584055],[139.21904472043872,35.71682911092511],[139.21723505941105,35.71887158922759],[139.21012183735183,35.713626133587134],[139.20691461632262,35.71275962764063],[139.20445992760193,35.70729754551354],[139.20533788196187,35.70324353554953],[139.20488994606393,35.699777511763514],[139.20048225682825,35.69915857894458],[139.20015974298173,35.690137633108634],[139.1993892932373,35.68824988801089],[139.19336903476903,35.689085447316444],[139.1896242906623,35.68760000855101],[139.1840698855279,35.689054500675496],[139.18199146296146,35.68806420816521],[139.17894549885548,35.68922470720071],[139.17142017577018,35.688745034266034],[139.1696821844862,35.69088035249135],[139.17229813013012,35.69388217666317],[139.17219062551462,35.70158789025889],[139.16532824755825,35.70624535972136],[139.16511323832722,35.71127418887519],[139.16638537627736,35.71373444683044],[139.16572243114842,35.71842286293386],[139.16726333063733,35.72184246675847],[139.16554325678925,35.7245502978413],[139.16624203679004,35.72908398073998],[139.16432487114687,35.732550004526004],[139.16584785319984,35.73617076151676],[139.1645757152497,35.73759430700031],[139.16409194447994,35.74132337723438],[139.1565666213946,35.74469656109756],[139.1539865106225,35.75009674994275],[139.1493458947199,35.7542435998296],[139.1407276080436,35.75545051882652],[139.13992132342733,35.757632257013256],[139.1421789203529,35.7599842017252],[139.1446515265095,35.76020082821183],[139.14721371984572,35.76213499327099],[139.1437019024059,35.766173529914525],[139.13913295624695,35.76799938173038],[139.13608699214097,35.77025848651949],[139.13762789162988,35.77242475138575],[139.13929421317022,35.77200697173297],[139.14282394804593,35.77638592142692],[139.14445443471442,35.77695843428443],[139.14836043574442,35.77568962200562],[139.1491308854889,35.778830706061704],[139.1545957034437,35.773229364050366],[139.15782084190883,35.77321389072989],[139.15894964037165,35.77777852026952],[139.1630348157608,35.77824271988372]]]],"type":"MultiPolygon"},"id":"geoshape:13:2009-03-20:5c774b0697b6b2bdcb37","properties":{"administrativeCode":"13228","jurisdictionId":"geoshape:13:2009-03-20:5c774b0697b6b2bdcb37","municipalityName":"あきる野市","prefectureName":"東京都","snapshotDate":"2009-03-20","sourceDataset":"historical-administrative-areas-beta","sourceProvider":"Geoshape","sourceResourceId":"gci:13228A1995"},"type":"Feature"},{"geometry":{"coordinates":[[[[139.75796535796334,35.75486253264853],[139.75121048462248,35.75606945164545],[139.7484332820553,35.75783341017941],[139.7488812179532,35.75981399519999],[139.75816244975843,35.764595251226254],[139.76009753283753,35.766761516092515],[139.75792952309152,35.77018111991712],[139.75497314616513,35.768386214742215],[139.7464086117966,35.76700908922009],[139.73743197640198,35.76994902011002],[139.73589107691308,35.77104762586362],[139.73617775588775,35.774157763278765],[139.73787991229992,35.77742263389863],[139.73804116922315,35.780223304904304],[139.74581733641133,35.783287022358024],[139.74669529077127,35.78681493942594],[139.75002793385192,35.78593296015896],[139.75499106360107,35.78689230602831],[139.75560025642224,35.79003339008439],[139.7599721107861,35.79433497317597],[139.76076047796647,35.797414163950165],[139.75529566001165,35.80318571248671],[139.75065504410904,35.80666720959321],[139.75190926462327,35.81093784604384],[139.75518815539616,35.81073669287769],[139.76126216617217,35.812887484423484],[139.76577736002335,35.815750048711045],[139.76620737848538,35.81746758728359],[139.77174386618387,35.8168796011056],[139.77923335439735,35.808245488281486],[139.78149095132295,35.80714688252788],[139.78722453081653,35.806883836079834],[139.7939973215933,35.805197244148246],[139.798835029291,35.806187536658534],[139.80229309442308,35.808554954690955],[139.8132944000764,35.808322854883855],[139.81965508982708,35.811773405349406],[139.82105264982863,35.81508469593069],[139.8249228159868,35.81191266523366],[139.82074805341804,35.805537657198656],[139.81963717239117,35.79958042881643],[139.82047929187928,35.79753795051395],[139.8260516144496,35.79336015398616],[139.8330214970215,35.79591325186425],[139.83689166317964,35.800462408083405],[139.84337777498178,35.79979705530305],[139.84674625293425,35.79650123804224],[139.8442557293417,35.7938553002413],[139.8452591057531,35.78771239201339],[139.84805422575621,35.78187895019495],[139.85776547602347,35.770830999377],[139.85880468730667,35.76790654180754],[139.856565007817,35.76442504470104],[139.85217523601722,35.76575575026175],[139.85129728165728,35.769887126828124],[139.8457966288306,35.76951576713677],[139.84169353600552,35.76643657636258],[139.8376621129241,35.76575575026175],[139.83746502112902,35.76318717906318],[139.83173144163544,35.76371327195927],[139.83099682676283,35.75908674913775],[139.82753876163076,35.757353737244735],[139.82542450419248,35.75913316909917],[139.8262487062447,35.761686266977264],[139.82436737547337,35.76177910690011],[139.82354317342117,35.7558682984793],[139.82024636521237,35.75597661172261],[139.81972675957076,35.7604484013394],[139.81352732674333,35.75965926199526],[139.81345565699965,35.7544756996367],[139.81716456623457,35.7491374040734],[139.82035386982787,35.743427748818746],[139.81657329084928,35.74146263711864],[139.81449486828285,35.73880122599722],[139.81302563853762,35.74073539105639],[139.8091017200717,35.74085917762018],[139.80243643391043,35.73863101947202],[139.7948036062096,35.739822465148464],[139.79242058723258,35.74078181101781],[139.78867584312584,35.74491318758419],[139.78867584312584,35.747017559168555],[139.79122011902612,35.749972963378966],[139.78878334774134,35.752510587936584],[139.78398147491546,35.75404244666345],[139.7703463061823,35.75364014033114],[139.75796535796334,35.75486253264853]]]],"type":"MultiPolygon"},"id":"geoshape:13:2009-03-20:5f9376ffc918417dbdf0","properties":{"administrativeCode":"13121","jurisdictionId":"geoshape:13:2009-03-20:5f9376ffc918417dbdf0","municipalityName":"足立区","prefectureName":"東京都","snapshotDate":"2009-03-20","sourceDataset":"historical-administrative-areas-beta","sourceProvider":"Geoshape","sourceResourceId":"gci:13121A1968"},"type":"Feature"},{"geometry":{"coordinates":[[[[139.7467132082072,33.15611835915436],[139.75685447693647,33.1583000973411],[139.75868205540004,33.15961532958133],[139.7681782964363,33.15771211116311],[139.77434189439188,33.15771211116311],[139.77527360105958,33.156087412513415],[139.78161637337436,33.1513371031281],[139.78389188773588,33.148613798724796],[139.79512612005612,33.142269737330736],[139.79602199185197,33.142424470535474],[139.79711495544294,33.135446003002],[139.79813624929025,33.1336510978271],[139.80309937903937,33.1328929051239],[139.80499862724662,33.12955066790167],[139.8074533159673,33.13060285369385],[139.81121597750996,33.128483008789004],[139.8154803272583,33.127291563112564],[139.81703914418313,33.12384101264701],[139.81705706161907,33.12029762225862],[139.82262938418938,33.11987984260584],[139.825532008808,33.118162304033305],[139.83088932214733,33.11732674472775],[139.83768003036002,33.11802304414904],[139.84550994985594,33.116305505576506],[139.84938011601412,33.110843423449424],[139.85093893293893,33.105861014257016],[139.85740712730512,33.0990836998897],[139.8551316129436,33.09555578282178],[139.8545045026865,33.091223253089254],[139.8596468067948,33.08396626578727],[139.8577117237157,33.08054666196266],[139.85869718269117,33.079185009761005],[139.8551136955077,33.0776222043932],[139.84828715242315,33.077916197482196],[139.8456712067792,33.07570351265451],[139.8426969124169,33.076322445473444],[139.83902383805383,33.075161946437944],[139.83979428779827,33.074125233966235],[139.83809213138613,33.07000933072033],[139.83407862574063,33.06744075952176],[139.83486699292098,33.062736870097865],[139.83377402933002,33.05504662982263],[139.83717834215435,33.050512946923945],[139.8327169006109,33.045329384565385],[139.82546033906434,33.05263279182879],[139.8188488052108,33.05869833345433],[139.81333023494824,33.05962673268273],[139.81023051853452,33.058636440172435],[139.80553615032414,33.0604003987064],[139.80605575596576,33.061359744575746],[139.80243643391043,33.06369621596721],[139.7963624231344,33.06236551040651],[139.79356730313128,33.065692274308276],[139.7905750913331,33.06638857372957],[139.78426815389014,33.069560604426606],[139.78036215286014,33.07452754029854],[139.7805413272193,33.079726575977574],[139.7797171251671,33.0854517045527],[139.77975296003896,33.09233733216333],[139.7787675010635,33.09564862274462],[139.77525568362367,33.09899085996686],[139.7725143159283,33.097722047688045],[139.76803495694895,33.10151301120401],[139.7583237066817,33.102410463791465],[139.75568984360183,33.10363285610886],[139.7518555123155,33.110147124028124],[139.75248262257261,33.11205034244634],[139.75099547539148,33.11573299271899],[139.7454948225648,33.12113318156418],[139.74406142769143,33.12453731206831],[139.7398329128149,33.13114441991042],[139.73845327024927,33.137550374586375],[139.73841743537741,33.14171269779369],[139.73949248153247,33.14336834308434],[139.73856077486477,33.14576670775771],[139.7414813169193,33.14754613961214],[139.74440185897384,33.15385925436525],[139.7467132082072,33.15611835915436]]],[[[139.67782066710467,33.13572452277052],[139.67936156659357,33.134254557325555],[139.68305255839255,33.13663744867845],[139.68746024762825,33.13586378265478],[139.6898791014771,33.13128367979468],[139.6968848189208,33.12812712241812],[139.699016993795,33.124583732029734],[139.7001637096937,33.11644476546076],[139.69258463430063,33.11760526449626],[139.68882197275798,33.11616624569224],[139.68380509070107,33.118549137045136],[139.6808487137747,33.125589497860496],[139.67541973069171,33.13074211357811],[139.67536597838398,33.13352731126331],[139.6768172906933,33.13648271547372],[139.67782066710467,33.13572452277052]]]],"type":"MultiPolygon"},"id":"geoshape:13:2009-03-20:6079e3bdece8ed9887ea","properties":{"administrativeCode":"13401","jurisdictionId":"geoshape:13:2009-03-20:6079e3bdece8ed9887ea","municipalityName":"八丈町","prefectureName":"東京都","snapshotDate":"2009-03-20","sourceDataset":"historical-administrative-areas-beta","sourceProvider":"Geoshape","sourceResourceId":"gci:13401A1968"},"type":"Feature"},{"geometry":{"coordinates":[[[[139.7701312969513,35.705347907133905],[139.77303392156992,35.70510033400633],[139.77315934362133,35.70188188334788],[139.780397987732,35.70033455130055],[139.77996796926996,35.698075446511446],[139.78253016260615,35.69657453442554],[139.78258391491391,35.69471773596874],[139.77751328054927,35.69170043847644],[139.76819621387222,35.68845104117704],[139.77100925131126,35.68401019820119],[139.77000587489988,35.68179751337351],[139.76425437797036,35.67333360707461],[139.75963167950368,35.67167796178396],[139.7580191102711,35.66869161093261],[139.7491858143638,35.670780509196504],[139.74316555589556,35.67144586197686],[139.73906246307047,35.67401443317543],[139.736769031273,35.678873055804054],[139.73383057178256,35.678873055804054],[139.7315013051133,35.68148804696405],[139.72999624049623,35.68554205692806],[139.73157297485696,35.68958059357159],[139.73782615999215,35.69352629029229],[139.74587108871907,35.7029185958196],[139.74802118102917,35.70316616894717],[139.7571949082189,35.701711676822676],[139.761298001044,35.70158789025889],[139.7660102866903,35.69963825187925],[139.7685008102828,35.70014887145487],[139.76640447028046,35.701789043425045],[139.76989837028435,35.70336732211332],[139.7701312969513,35.705347907133905]]]],"type":"MultiPolygon"},"id":"geoshape:13:2009-03-20:63f25159550b31b3313b","properties":{"administrativeCode":"13101","jurisdictionId":"geoshape:13:2009-03-20:63f25159550b31b3313b","municipalityName":"千代田区","prefectureName":"東京都","snapshotDate":"2009-03-20","sourceDataset":"historical-administrative-areas-beta","sourceProvider":"Geoshape","sourceResourceId":"gci:13101A1968"},"type":"Feature"},{"geometry":{"coordinates":[[[[139.75619153180753,32.47272368712969],[139.75952417488816,32.47335809326909],[139.76246263437864,32.47142392820993],[139.76986253541253,32.46907198349798],[139.77181553592752,32.4656987996348],[139.77747744567745,32.46169120963221],[139.7811505200405,32.4574050998611],[139.78036215286014,32.45353676974277],[139.78140136414336,32.45217511754112],[139.77941252875652,32.44747122811722],[139.77176178361978,32.443773104524105],[139.76735409438407,32.442999438500436],[139.76495315797115,32.44528948993049],[139.76011545027345,32.446403569004566],[139.75470438462636,32.451153878389874],[139.75484772411372,32.46294454859055],[139.7544356230876,32.46707592515693],[139.75518815539616,32.47177981458081],[139.75619153180753,32.47272368712969]]]],"type":"MultiPolygon"},"id":"geoshape:13:2009-03-20:6e4a30f03a8701a22c25","properties":{"administrativeCode":"13402","jurisdictionId":"geoshape:13:2009-03-20:6e4a30f03a8701a22c25","municipalityName":"青ヶ島村","prefectureName":"東京都","snapshotDate":"2009-03-20","sourceDataset":"historical-administrative-areas-beta","sourceProvider":"Geoshape","sourceResourceId":"gci:13402A1968"},"type":"Feature"},{"geometry":{"coordinates":[[[[139.35536057289858,35.72529301722402],[139.3624737949578,35.72417893814993],[139.3618646021366,35.72629878305478],[139.36541225444824,35.72502997077597],[139.3702857970178,35.72583458344058],[139.37005287035086,35.724503877879876],[139.37644939497338,35.725432277108276],[139.3777036154876,35.72420988479088],[139.38008663446462,35.725587010313006],[139.38178879087678,35.723111279037276],[139.37931618472018,35.721718680194684],[139.38205755241555,35.72023324142924],[139.3854977001117,35.72044986791587],[139.38884826062827,35.71789677003777],[139.38709235190834,35.71667437772038],[139.3889916001156,35.7143997996108],[139.3910341878102,35.7153281988392],[139.39458184012184,35.71163007524608],[139.39569272114872,35.71288341420441],[139.39852367602367,35.71156818196418],[139.39404431704432,35.70514675396775],[139.39295135345336,35.69908121234221],[139.39024582062981,35.698849112535115],[139.3885794990895,35.69306209067809],[139.38508559908558,35.69128265882366],[139.3762702206142,35.69163854519454],[139.3687448975289,35.69194801160401],[139.3633159144459,35.693742916778916],[139.35521723341122,35.693232297203295],[139.34647352468352,35.69197895824496],[139.3403815964716,35.69365007685607],[139.33602765954365,35.69611033481134],[139.3356693108253,35.69922047222647],[139.33681602672402,35.70151052365652],[139.33325045697646,35.70440403458503],[139.33153038312838,35.70969591018691],[139.3325875118475,35.71288341420441],[139.33887653185454,35.71594713165813],[139.33887653185454,35.71964525525125],[139.3432483862184,35.72154847366947],[139.35267295751095,35.72218287980888],[139.35312089340889,35.7250144974555],[139.35536057289858,35.72529301722402]]]],"type":"MultiPolygon"},"id":"geoshape:13:2009-03-20:6e7a52b4e23c0b231074","properties":{"administrativeCode":"13207","jurisdictionId":"geoshape:13:2009-03-20:6e7a52b4e23c0b231074","municipalityName":"昭島市","prefectureName":"東京都","snapshotDate":"2009-03-20","sourceDataset":"historical-administrative-areas-beta","sourceProvider":"Geoshape","sourceResourceId":"gci:13207A1968"},"type":"Feature"},{"geometry":{"coordinates":[[[[139.84674625293425,35.79650123804224],[139.85455825499426,35.79105462923563],[139.85647542063742,35.79096178931279],[139.85989765089764,35.79534073900674],[139.86389323910723,35.79484559275159],[139.86770965295764,35.79668691788792],[139.87134689244888,35.79735227066827],[139.87475120527318,35.79654765800366],[139.87625626989026,35.79479917279017],[139.87595167347968,35.79218418163018],[139.87324614065614,35.79038927645527],[139.87118563552562,35.78662925958026],[139.8745361960422,35.781770636951634],[139.87724172886573,35.78116717745318],[139.88774134631333,35.78402974174074],[139.89377952221753,35.782745456141456],[139.89446038478238,35.779913838494835],[139.89342117349918,35.77832008648608],[139.88284988630787,35.77353883045983],[139.88075354630553,35.771666558682554],[139.87946349091948,35.76751970879571],[139.8826707119487,35.76201120670721],[139.88320823502622,35.75862254952355],[139.88998102580302,35.7507621027231],[139.88075354630553,35.74972539025139],[139.8850358134898,35.74556306704407],[139.88186442733243,35.744356148047146],[139.8805027022027,35.740286664762664],[139.87758216014817,35.74092107090207],[139.87654294886494,35.737037267463265],[139.8729236268096,35.73737768051368],[139.87394492065692,35.73601602831203],[139.87192025039823,35.73244169128269],[139.87217109450108,35.73004332660933],[139.87027184629383,35.728759041010036],[139.8705406078326,35.72470503104603],[139.86873094680493,35.723807578458576],[139.86625834064833,35.71853117617717],[139.8685696898817,35.71458547945648],[139.86659877193077,35.71291436084536],[139.86224483500283,35.71283699424299],[139.8562604114064,35.71446169289269],[139.85135103396502,35.71085640922241],[139.84215938933937,35.71930484220084],[139.8297605236845,35.73117287900388],[139.82381193495993,35.73770262024362],[139.82035386982787,35.743427748818746],[139.81716456623457,35.7491374040734],[139.81345565699965,35.7544756996367],[139.81352732674333,35.75965926199526],[139.81972675957076,35.7604484013394],[139.82024636521237,35.75597661172261],[139.82354317342117,35.7558682984793],[139.82436737547337,35.76177910690011],[139.8262487062447,35.761686266977264],[139.82542450419248,35.75913316909917],[139.82753876163076,35.757353737244735],[139.83099682676283,35.75908674913775],[139.83173144163544,35.76371327195927],[139.83746502112902,35.76318717906318],[139.8376621129241,35.76575575026175],[139.84169353600552,35.76643657636258],[139.8457966288306,35.76951576713677],[139.85129728165728,35.769887126828124],[139.85217523601722,35.76575575026175],[139.856565007817,35.76442504470104],[139.85880468730667,35.76790654180754],[139.85776547602347,35.770830999377],[139.84805422575621,35.78187895019495],[139.8452591057531,35.78771239201339],[139.8442557293417,35.7938553002413],[139.84674625293425,35.79650123804224]]]],"type":"MultiPolygon"},"id":"geoshape:13:2009-03-20:75f4b70dbbfc4fc407bf","properties":{"administrativeCode":"13122","jurisdictionId":"geoshape:13:2009-03-20:75f4b70dbbfc4fc407bf","municipalityName":"葛飾区","prefectureName":"東京都","snapshotDate":"2009-03-20","sourceDataset":"historical-administrative-areas-beta","sourceProvider":"Geoshape","sourceResourceId":"gci:13122A1968"},"type":"Feature"},{"geometry":{"coordinates":[[[[139.48572783663383,35.74387647511247],[139.48941882843283,35.744897714263715],[139.491335994076,35.74150905708006],[139.49816253716054,35.74434067472667],[139.49810878485277,35.74585706013306],[139.50378861203862,35.74283976264076],[139.50472031870632,35.741029384145385],[139.50443363973164,35.73219411815512],[139.50559827306625,35.73205485827086],[139.50672707152907,35.74201967665567],[139.50857256742856,35.741261483952485],[139.50817838383838,35.73839891966492],[139.51263982538183,35.73798114001214],[139.51509451410251,35.73911069240669],[139.52109685513486,35.73895595920196],[139.52016514846713,35.733447457113456],[139.51670708333506,35.73058489282589],[139.51767462487462,35.727443808769806],[139.52333653462452,35.72325053892154],[139.52466242488242,35.719397682123684],[139.52313944282943,35.71907274239374],[139.51475408282008,35.71721594393694],[139.50859048486447,35.71636491131091],[139.50826797101797,35.71248110787211],[139.50228354742154,35.71218711478311],[139.49590494023494,35.713161933972934],[139.49538533459332,35.709634016905014],[139.49233937048737,35.70995895663496],[139.49162267305067,35.70807121153721],[139.48570991919792,35.70838067794668],[139.4802271838072,35.714368852969855],[139.4784891925232,35.708705617676614],[139.4719314109774,35.71102661574761],[139.47202099815698,35.71539009212109],[139.45845749916748,35.71808244988345],[139.45788414121813,35.720821227607225],[139.44611238582038,35.722879179230176],[139.4356306858087,35.72475145100745],[139.4335880981141,35.72708792239892],[139.4229093063073,35.730182586493584],[139.42643904118304,35.73016711317311],[139.42869663810862,35.730074273250274],[139.44247514632914,35.73635644136244],[139.4455211104351,35.73504120912221],[139.4509859283899,35.73699084750184],[139.46664576738175,35.744046681637684],[139.4709997043097,35.742762396038394],[139.47725288944488,35.73989983175083],[139.47709163252162,35.737578833679834],[139.4788296238056,35.73522688896789],[139.4862116074036,35.73449964290565],[139.4873224884305,35.74092107090207],[139.48515447868448,35.74089012426113],[139.48572783663383,35.74387647511247]]]],"type":"MultiPolygon"},"id":"geoshape:13:2009-03-20:77c7630f253508bf00e3","properties":{"administrativeCode":"13211","jurisdictionId":"geoshape:13:2009-03-20:77c7630f253508bf00e3","municipalityName":"小平市","prefectureName":"東京都","snapshotDate":"2009-03-20","sourceDataset":"historical-administrative-areas-beta","sourceProvider":"Geoshape","sourceResourceId":"gci:13211A1968"},"type":"Feature"},{"geometry":{"coordinates":[[[[139.69684898404898,35.7988996027156],[139.6906316337856,35.79057495630096],[139.689467000451,35.786799466105464],[139.69127666147867,35.784416574752576],[139.69496765327764,35.782621669577665],[139.69844363584562,35.782126523322525],[139.70215254508054,35.78407616170216],[139.70238547174748,35.781074337530335],[139.70564644508443,35.77075363277463],[139.70639897739298,35.76666867616967],[139.71089625380824,35.76362043203643],[139.71317176816976,35.76326454566554],[139.71628940201938,35.76072692110792],[139.72042832971633,35.75506368581468],[139.72270384407784,35.75322236067836],[139.7214137886918,35.74630578642679],[139.71951454048454,35.74503697414797],[139.7104304004744,35.74579516685117],[139.70829822560023,35.74163284364384],[139.7023317194397,35.73615528819629],[139.7009879117459,35.73991530507131],[139.69921408559009,35.73972962522562],[139.69885573687174,35.74239103634704],[139.69453763481562,35.74222082982183],[139.69256671686472,35.743628901984906],[139.68961033993833,35.74132337723438],[139.68075912659512,35.73875480603581],[139.6792003096703,35.74017835151935],[139.6808307963388,35.74381458183058],[139.67583183171783,35.74539286051886],[139.67206917017518,35.74522265399365],[139.67502554710154,35.75189165511765],[139.6733413081253,35.75450664627765],[139.67369965684364,35.758405923036925],[139.670582022994,35.76228972647573],[139.6690052886333,35.76654488960589],[139.6611216168296,35.768664734510736],[139.65112368758767,35.76917535408636],[139.64791646655846,35.768618314549315],[139.64295333680934,35.77092383929984],[139.64051656552456,35.76911346080446],[139.6348188209028,35.76880399439499],[139.63472923372322,35.76987165350765],[139.6301961224361,35.77233191146291],[139.629354002948,35.77172845196445],[139.62938983781984,35.77688106768207],[139.62517924037923,35.77793325347425],[139.62471338704538,35.779820998572],[139.62906732397332,35.78573180699281],[139.63168326961727,35.786335266491264],[139.63155784756583,35.78820753826854],[139.63422754551755,35.79034285649386],[139.63754227116226,35.79085347606947],[139.6394056844977,35.792849534410536],[139.6405703178323,35.79769268371868],[139.64368795168195,35.798218776614775],[139.64823898040498,35.79763079043679],[139.65336336707736,35.800230308276305],[139.65777105631304,35.800508828044826],[139.6697578209418,35.80024578159678],[139.67841194248993,35.79882223611324],[139.6866181281401,35.80063261460862],[139.6905957989138,35.80080282113382],[139.69684898404898,35.7988996027156]]]],"type":"MultiPolygon"},"id":"geoshape:13:2009-03-20:81442321ac6c2aa9a936","properties":{"administrativeCode":"13119","jurisdictionId":"geoshape:13:2009-03-20:81442321ac6c2aa9a936","municipalityName":"板橋区","prefectureName":"東京都","snapshotDate":"2009-03-20","sourceDataset":"historical-administrative-areas-beta","sourceProvider":"Geoshape","sourceResourceId":"gci:13119A1968"},"type":"Feature"},{"geometry":{"coordinates":[[[[139.5906165064945,33.897352303108306],[139.59321453470253,33.89879132191232],[139.60039942650542,33.90075643361243],[139.60545214343415,33.90097306009906],[139.609823997798,33.89883774187374],[139.61657887113887,33.8927722002482],[139.61853187165386,33.892431787197786],[139.6252688275588,33.883844094335096],[139.6268097270477,33.88017691738292],[139.63198786602786,33.87104765830366],[139.63168326961727,33.868510033746034],[139.62809978243376,33.861577986173984],[139.6243371208911,33.85596117084217],[139.6197144224244,33.85167506107106],[139.61378375113574,33.852448727094725],[139.61120364036364,33.85346996624597],[139.60138488548088,33.854584045320046],[139.59240825008624,33.854320998872],[139.58026022853423,33.85905583493683],[139.57846848494248,33.86074242686843],[139.5767304936585,33.86640566216166],[139.5772500993001,33.8750243016653],[139.5768559157099,33.879511564602566],[139.578790998789,33.883797674373675],[139.5830015962296,33.88927522982123],[139.5906165064945,33.897352303108306]]]],"type":"MultiPolygon"},"id":"geoshape:13:2009-03-20:82b5f6a2e5f7d0ca50b8","properties":{"administrativeCode":"13382","jurisdictionId":"geoshape:13:2009-03-20:82b5f6a2e5f7d0ca50b8","municipalityName":"御蔵島村","prefectureName":"東京都","snapshotDate":"2009-03-20","sourceDataset":"historical-administrative-areas-beta","sourceProvider":"Geoshape","sourceResourceId":"gci:13382A1968"},"type":"Feature"},{"geometry":{"coordinates":[[[[139.2718653215233,34.53081456996557],[139.27396166152565,34.53223811544912],[139.28309955384356,34.53264042178142],[139.28772225231023,34.53101572313172],[139.29057112462112,34.529127978033976],[139.29295414359814,34.52536796115896],[139.29101906051906,34.52075691165791],[139.2808957092257,34.51181333242433],[139.27632676306675,34.51105513972114],[139.27141738562537,34.51319045794646],[139.26812057741657,34.517321834512835],[139.26736804510804,34.522041197257195],[139.2686581004941,34.52728665289765],[139.2718653215233,34.53081456996557]]]],"type":"MultiPolygon"},"id":"geoshape:13:2009-03-20:86897f1307c203798e80","properties":{"administrativeCode":"13362","jurisdictionId":"geoshape:13:2009-03-20:86897f1307c203798e80","municipalityName":"利島村","prefectureName":"東京都","snapshotDate":"2009-03-20","sourceDataset":"historical-administrative-areas-beta","sourceProvider":"Geoshape","sourceResourceId":"gci:13362A1968"},"type":"Feature"},{"geometry":{"coordinates":[[[[139.7176332097132,35.64165972006572],[139.71322552047752,35.63755929014029],[139.7144439061199,35.634139686315685],[139.71462308047907,35.62904896387997],[139.7071335922656,35.625474626850625],[139.70401595841597,35.62470096082696],[139.70145376507975,35.625892406503404],[139.69613228661228,35.62482474739075],[139.7039801235441,35.62188481650082],[139.69557684609885,35.61210567796168],[139.69539767173967,35.60749462846063],[139.69129457891458,35.610929705605706],[139.68611643993444,35.6116878983089],[139.6840021824962,35.61309597047197],[139.6847547148047,35.605343836914834],[139.6819775122375,35.605808036529034],[139.68040077787677,35.60439996436597],[139.68027535582536,35.600670894131895],[139.6793078142858,35.60552951676051],[139.6772473091553,35.607943354754354],[139.67339506043305,35.608175454561454],[139.6683065086325,35.60648886262986],[139.6628775255495,35.60941332019932],[139.66321795683194,35.61563359502959],[139.66475885632084,35.618279532830535],[139.66649684760483,35.61852710595811],[139.66352255324256,35.626511339322334],[139.66180247939448,35.627486158512156],[139.66147996554795,35.631710375001376],[139.66384506708906,35.631942474808476],[139.6719975004315,35.62971431666031],[139.67959449326048,35.62507232051832],[139.68203126454526,35.63113786214386],[139.68609852249853,35.63803896307496],[139.68608060506259,35.64054564099164],[139.68430677890677,35.64376409165009],[139.68316006300805,35.65372891003491],[139.67948698864498,35.657334193705196],[139.67500762966563,35.66387940826541],[139.67993492454292,35.66377109502209],[139.68686897224296,35.661898823244826],[139.69288923071122,35.65396100984201],[139.69964410405208,35.64812756802357],[139.70862073944673,35.642000133116134],[139.71541144765945,35.642619065935065],[139.7176332097132,35.64165972006572]]]],"type":"MultiPolygon"},"id":"geoshape:13:2009-03-20:86c73feaa7f5b036f81f","properties":{"administrativeCode":"13110","jurisdictionId":"geoshape:13:2009-03-20:86c73feaa7f5b036f81f","municipalityName":"目黒区","prefectureName":"東京都","snapshotDate":"2009-03-20","sourceDataset":"historical-administrative-areas-beta","sourceProvider":"Geoshape","sourceResourceId":"gci:13110A1968"},"type":"Feature"},{"geometry":{"coordinates":[[[[139.1341698264978,34.23508846907947],[139.13685744188544,34.23739399383],[139.13703661624461,34.24152537039637],[139.13997507573507,34.24335122221222],[139.14332563625163,34.24386184178784],[139.14932797728397,34.23926626560726],[139.15144223472223,34.23994709170809],[139.1565487039587,34.23929721224821],[139.16154766857966,34.23635728135828],[139.1676754316634,34.23416006985107],[139.17023762499963,34.23125108560208],[139.17131267115465,34.226191309807305],[139.17188602910403,34.21947588872189],[139.17570244295445,34.216412171268175],[139.17407195628596,34.21525167223267],[139.17346276346476,34.21190943501043],[139.1761682962883,34.207809005085004],[139.17530825936424,34.20446676786277],[139.17172477218077,34.205534426975426],[139.17048846910245,34.204606027747026],[139.1689834044854,34.20861361774962],[139.16556117422516,34.208319624660625],[139.15753416293416,34.205147593963595],[139.15330564805765,34.20049012450112],[139.15674579575378,34.19778229341829],[139.15391484087883,34.19348071032671],[139.151710996261,34.192722517623515],[139.14900546343745,34.196822947548945],[139.14631784804985,34.19437816291416],[139.1466941142041,34.18945764700365],[139.14567282035682,34.1876317951878],[139.14307479214878,34.18791031495631],[139.1380758275278,34.18546553032153],[139.13377564290764,34.18650224279324],[139.1300488162368,34.18473828425928],[139.12831082495282,34.18704380900981],[139.12576654905254,34.18692002244602],[139.12492442956443,34.18968974681074],[139.12264891520292,34.18829714796814],[139.1194596116096,34.19004563318163],[139.12023006135405,34.1956315018725],[139.12186054802254,34.19932962546562],[139.12917086187684,34.20149589033189],[139.13246767008567,34.2018363033823],[139.1333456244456,34.20490002083602],[139.13279018393217,34.210485889526886],[139.1307475962376,34.21254384114984],[139.1306400916221,34.216566904472906],[139.133918982395,34.21729415053515],[139.1298338070058,34.22024955474555],[139.12863333879932,34.223096645712644],[139.1334352116252,34.22359179196779],[139.13617657932056,34.22489155088755],[139.13698286393685,34.22807905490505],[139.1359078177818,34.23290673089273],[139.1341698264978,34.23508846907947]]],[[[139.1892301070721,34.20853625114725],[139.1922223188703,34.209356337132334],[139.1920968968189,34.205952206628204],[139.1892301070721,34.20853625114725]]],[[[139.07489894848294,34.186610556036555],[139.07695945361345,34.18814241476341],[139.07640401310002,34.185774996731],[139.07489894848294,34.186610556036555]]]],"type":"MultiPolygon"},"id":"geoshape:13:2009-03-20:877e85a88c5461475230","properties":{"administrativeCode":"13364","jurisdictionId":"geoshape:13:2009-03-20:877e85a88c5461475230","municipalityName":"神津島村","prefectureName":"東京都","snapshotDate":"2009-03-20","sourceDataset":"historical-administrative-areas-beta","sourceProvider":"Geoshape","sourceResourceId":"gci:13364A1968"},"type":"Feature"},{"geometry":{"coordinates":[[[[139.50934301717302,34.12114293711394],[139.51378654128052,34.12060137089737],[139.52068475410874,34.12479464074564],[139.52562996642195,34.12412928796529],[139.5295718023238,34.125088633834636],[139.53992808028408,34.12366508835109],[139.54675462336863,34.1198277048737],[139.54782966952365,34.11670209413809],[139.55132356952757,34.11622242120342],[139.55458454286455,34.11334438359538],[139.55956559004957,34.110915072281074],[139.56311324236123,34.106226656177654],[139.56375827005425,34.10269873910974],[139.56587252749253,34.10226548613649],[139.56456455467054,34.100269427795425],[139.56558584851786,34.09827336945437],[139.56560376595377,34.09390989308089],[139.56282656338655,34.089948723039726],[139.5631849121049,34.087921718057714],[139.5611244069744,34.08484252728353],[139.56366868287466,34.07930307855408],[139.5639016095416,34.07445992924593],[139.56275489364288,34.06864196074796],[139.56119607671806,34.06879669395269],[139.55883097517696,34.064402270938274],[139.5509473033733,34.058367675953676],[139.5458229167009,34.05799631626232],[139.54155856695257,34.0565572974583],[139.53883511669312,34.05340074008174],[139.53415866591865,34.05254970745571],[139.53383615207215,34.04875874393974],[139.5319369038649,34.04657700575301],[139.52912386642586,34.04608185949786],[139.52622124180724,34.049114630310626],[139.52251233257232,34.04827907100507],[139.5211506074426,34.04653058579159],[139.51935886385087,34.04772203146803],[139.51439573410173,34.04848022417122],[139.51020305409705,34.04823265104365],[139.50212229049828,34.04575691976792],[139.5019431161391,34.04513798694899],[139.4959766099786,34.04854211745312],[139.49224978330778,34.04848022417122],[139.4914434986915,34.050661962357964],[139.48511864381263,34.05250328749429],[139.48121264278262,34.05165225486825],[139.48146348688547,34.05545869170469],[139.47841752277952,34.05764042989143],[139.4777724950865,34.06379881143981],[139.4818755879116,34.06751240835341],[139.47981508278107,34.067775454801456],[139.47994050483248,34.07056065248665],[139.4783996053436,34.07232461102061],[139.47524613662213,34.072866177237174],[139.4732573012353,34.07783311310911],[139.4781129263689,34.080231477782476],[139.4820905971426,34.083403508479506],[139.48080054175654,34.08570903323003],[139.4833269002209,34.09161984165084],[139.48870213099613,34.09562743165343],[139.48780625920025,34.09858283586384],[139.48866629612428,34.10048605428205],[139.49140766381964,34.10076457405057],[139.49422070125868,34.103441458492455],[139.49414903151504,34.10543751683352],[139.4894009109969,34.11260166421266],[139.49294856330854,34.11920877205477],[139.49654996792796,34.119889598155595],[139.4982342069042,34.12157619008719],[139.50104724434323,34.121328616959616],[139.50679874127275,34.12273668912269],[139.50934301717302,34.12114293711394]]]],"type":"MultiPolygon"},"id":"geoshape:13:2009-03-20:8b7cd9b8c4c3fce65879","properties":{"administrativeCode":"13381","jurisdictionId":"geoshape:13:2009-03-20:8b7cd9b8c4c3fce65879","municipalityName":"三宅村","prefectureName":"東京都","snapshotDate":"2009-03-20","sourceDataset":"historical-administrative-areas-beta","sourceProvider":"Geoshape","sourceResourceId":"gci:13381A1968"},"type":"Feature"},{"geometry":{"coordinates":[[[[139.2568684276604,35.76071144778744],[139.25584713381312,35.75938074222674],[139.26184947484546,35.75558977871078],[139.2685505958786,35.754460226316226],[139.26921354100753,35.75362466701067],[139.27546672614272,35.75362466701067],[139.2798923328143,35.749338557239554],[139.28077028717428,35.74607368661969],[139.27930105742905,35.742066096617094],[139.28465837076837,35.74059613117213],[139.28363707692108,35.73768714692315],[139.28442544410143,35.73171444522045],[139.27878145178744,35.73330819722919],[139.26993023844423,35.73326177726778],[139.26294243843643,35.73233337803938],[139.25823015279013,35.73527330892931],[139.2528549220149,35.73635644136244],[139.24538335123734,35.73666590777191],[139.24403954354355,35.73880122599722],[139.2395781020001,35.739745098546095],[139.23479414661014,35.738816699317695],[139.22610419019017,35.740054564955564],[139.22209068454467,35.74305638912739],[139.21857886710487,35.744433514649515],[139.21567624248624,35.74441804132904],[139.21237943427744,35.74862678449779],[139.21291695735496,35.75164408199008],[139.20510495529496,35.7537794002154],[139.2043345055505,35.75579093187693],[139.2000164034944,35.75806550998651],[139.19809923785124,35.757709623615625],[139.19367363117962,35.76077334106934],[139.18899718040518,35.76225877983478],[139.18147185731985,35.762893185974185],[139.18059390295988,35.76406915833016],[139.18061182039582,35.768664734510736],[139.1630348157608,35.77824271988372],[139.16656455063654,35.780919604325604],[139.17213687320685,35.78220388992489],[139.17561285577486,35.7848653010463],[139.1819556280896,35.78763502541102],[139.18609455578655,35.787774285295285],[139.19216856656257,35.78919783077883],[139.1955191270791,35.78683041274641],[139.19824257733856,35.78644357973458],[139.1988876050316,35.78444752139352],[139.20213066093265,35.78248240969341],[139.2082405065805,35.776354974785974],[139.21056977324977,35.77316747076847],[139.21424284761284,35.774080396676396],[139.21667961889762,35.77281158439759],[139.22090813377412,35.7740185033945],[139.22257445531446,35.77244022470622],[139.22734049326849,35.77205339169439],[139.23173026506825,35.76888136099736],[139.2352779173799,35.7693765072525],[139.23827012917812,35.76704003586104],[139.2447024886725,35.767380448911446],[139.2494506091906,35.766606782887784],[139.2542883168883,35.76402273836874],[139.2568684276604,35.76071144778744]]]],"type":"MultiPolygon"},"id":"geoshape:13:2009-03-20:90030144638b56f5b4e3","properties":{"administrativeCode":"13305","jurisdictionId":"geoshape:13:2009-03-20:90030144638b56f5b4e3","municipalityName":"日の出町","parentJurisdictionName":"西多摩郡","prefectureName":"東京都","snapshotDate":"2009-03-20","sourceDataset":"historical-administrative-areas-beta","sourceProvider":"Geoshape","sourceResourceId":"gci:13305A1974"},"type":"Feature"},{"geometry":{"coordinates":[[[[139.3325875118475,35.71288341420441],[139.33153038312838,35.70969591018691],[139.33325045697646,35.70440403458503],[139.33681602672402,35.70151052365652],[139.3356693108253,35.69922047222647],[139.33602765954365,35.69611033481134],[139.3403815964716,35.69365007685607],[139.34647352468352,35.69197895824496],[139.35521723341122,35.693232297203295],[139.3633159144459,35.693742916778916],[139.3687448975289,35.69194801160401],[139.3762702206142,35.69163854519454],[139.37877866164266,35.68848198781799],[139.37519517445918,35.68578963005563],[139.37505183497183,35.68175109341209],[139.37670023907623,35.6782077030237],[139.37643147753747,35.676319957925955],[139.37241797189196,35.67238973452574],[139.37046497137698,35.66856782436882],[139.37241797189196,35.665751680042675],[139.3588903077743,35.6593611986872],[139.3594099134159,35.656823574129575],[139.35740316059315,35.655384555325554],[139.35923073905673,35.65281598412698],[139.36564518111518,35.64622434960535],[139.3687448975289,35.6443366045076],[139.37300924727725,35.64381051161151],[139.37637772522973,35.645404263620264],[139.37856365241166,35.64410450470051],[139.377184009846,35.64100984060584],[139.37807988164187,35.639323248674245],[139.38202171754372,35.64131930701531],[139.38985163703964,35.64116457381057],[139.39200172934972,35.63958629512229],[139.39936579551178,35.64119552045152],[139.40629984321183,35.64518763713364],[139.40905912834313,35.64467701755802],[139.4150077170677,35.647028962269964],[139.41771324989125,35.64311421219021],[139.42023960835562,35.643083265549265],[139.42398435246236,35.639447035238035],[139.4267973899014,35.63797706979307],[139.43027337246937,35.63226741453841],[139.42493397656597,35.630271356197355],[139.42246137040937,35.628491924342924],[139.4201321037401,35.62886328403428],[139.41552732270932,35.62590787982388],[139.4047051914152,35.62077073742674],[139.39956288730687,35.613359016920015],[139.39535228986628,35.61128559197659],[139.3935067939668,35.6082064012024],[139.38762987498586,35.6050188971849],[139.38834657242256,35.602403906024904],[139.38660858113857,35.59831894941995],[139.38187837805637,35.60228011946112],[139.37775736779537,35.60404407799508],[139.37311675189275,35.604307124443125],[139.36543017188416,35.60904196050796],[139.36143458367457,35.605235523671524],[139.35349715956315,35.607355368576364],[139.35175916827916,35.60880986070086],[139.34756648827448,35.60877891405991],[139.3428721200641,35.61287934398534],[139.33991574313774,35.614210049546045],[139.3394678072398,35.61701072055172],[139.34129538570338,35.62007443800544],[139.33841067852066,35.6234012019072],[139.33695936621135,35.622488275999274],[139.3385361005721,35.619440031866034],[139.33733563236564,35.61419457622557],[139.32638807902006,35.61575738159338],[139.32278667440067,35.61481350904451],[139.31750103080503,35.61524676201776],[139.31529718618717,35.61291029062629],[139.3134696077236,35.61453498927599],[139.3076106061786,35.61623705452806],[139.3034895959176,35.61516939541539],[139.2980426953987,35.616113267964266],[139.2935454189834,35.61546338850439],[139.2947458871899,35.616917880628876],[139.2935275015475,35.62053863761964],[139.2892273169273,35.62022917121017],[139.28702347230947,35.622024076385074],[139.28576925179524,35.620801684067686],[139.2779034974275,35.61945550518651],[139.27648801999,35.616577467578466],[139.27335246870447,35.61379226989327],[139.26880143998144,35.61212115128215],[139.26880143998144,35.60935142691743],[139.26614965946564,35.60811356127956],[139.2647700169,35.6024657993068],[139.25771054714855,35.604229757840756],[139.2522278117578,35.60166118664219],[139.24681674611074,35.605235523671524],[139.2383597163577,35.60730894861495],[139.23780427584427,35.609800153211154],[139.22988476916876,35.614565935916936],[139.2304581271181,35.616608414219414],[139.22886347532148,35.62022917121017],[139.22544124506123,35.62375708827809],[139.22022727120927,35.62556746677347],[139.21947473890074,35.626681545847546],[139.22146357428755,35.62915727712328],[139.21678712351311,35.6344800993661],[139.214422021972,35.641690666706666],[139.21574791222992,35.645450683581686],[139.21146564504565,35.64911786053386],[139.20695045119444,35.64987605323705],[139.20211274349674,35.65300166397266],[139.19802756810756,35.652955244011245],[139.19412156707756,35.65182569161669],[139.19152353886955,35.64740032196132],[139.18423114245113,35.64507932389032],[139.17903508603507,35.64558994346594],[139.17548743372342,35.649551113507115],[139.16944925781925,35.65150075188675],[139.16701248653447,35.6510056056316],[139.16858922089523,35.656699787565785],[139.1669228993549,35.65962424513525],[139.16717374345774,35.66183692996293],[139.16514907319907,35.66496254069854],[139.16160142088742,35.66790247158847],[139.16475488960887,35.670316309582304],[139.16597327525128,35.67511303892904],[139.1700046983327,35.68011092144192],[139.17142017577018,35.688745034266034],[139.17894549885548,35.68922470720071],[139.18199146296146,35.68806420816521],[139.1840698855279,35.689054500675496],[139.1896242906623,35.68760000855101],[139.19336903476903,35.689085447316444],[139.1993892932373,35.68824988801089],[139.20015974298173,35.690137633108634],[139.20048225682825,35.69915857894458],[139.20488994606393,35.699777511763514],[139.20533788196187,35.70324353554953],[139.20445992760193,35.70729754551354],[139.20691461632262,35.71275962764063],[139.21012183735183,35.713626133587134],[139.21723505941105,35.71887158922759],[139.21904472043872,35.71682911092511],[139.23561834866234,35.714833052584055],[139.23766093635692,35.713208353934355],[139.24038438661637,35.71421411976512],[139.243072002004,35.712543001154],[139.24506083739084,35.71334761381861],[139.24653006713606,35.710887355863356],[139.24962978354978,35.71050052285152],[139.25194113278312,35.71226448138548],[139.25810473073872,35.71224900806501],[139.26100735535735,35.71040768292868],[139.26898061434062,35.71002084991685],[139.27414083588482,35.71500325910926],[139.27681053383654,35.71396654663754],[139.28537506820507,35.71334761381861],[139.2942621164201,35.71337856045956],[139.29583885078085,35.711459868720866],[139.3013574210434,35.711769335130334],[139.30375835745636,35.713827286753286],[139.3049409082269,35.71155270864371],[139.30848856053856,35.71588523837624],[139.31359502977503,35.71395107331708],[139.31588846157246,35.714245066406065],[139.3193106918327,35.71910368903469],[139.32267916978518,35.71673627100227],[139.32450674824875,35.71296078080678],[139.32873526312525,35.71124324223424],[139.3293982082542,35.71206332821933],[139.3325875118475,35.71288341420441]]]],"type":"MultiPolygon"},"id":"geoshape:13:2009-03-20:9112696bad803f488dda","properties":{"administrativeCode":"13201","jurisdictionId":"geoshape:13:2009-03-20:9112696bad803f488dda","municipalityName":"八王子市","prefectureName":"東京都","snapshotDate":"2009-03-20","sourceDataset":"historical-administrative-areas-beta","sourceProvider":"Geoshape","sourceResourceId":"gci:13201A1968"},"type":"Feature"},{"geometry":{"coordinates":[[[[139.52692002180802,35.68421135136735],[139.52867593052792,35.68119405387505],[139.52537912231912,35.68090006078606],[139.5265975079615,35.6791361022521],[139.52675876488476,35.67467978595579],[139.52944638027236,35.67560818518419],[139.52944638027236,35.67273014757615],[139.53243859207058,35.669898529929526],[139.53136354591553,35.66770131842232],[139.53444534489333,35.667546585217586],[139.53559206079206,35.66929507043107],[139.53849468541068,35.6671288055648],[139.53745547412746,35.66547316027416],[139.5415944018244,35.66426624127724],[139.54438952182753,35.666649132630134],[139.54193483310684,35.667964364870365],[139.5413973100293,35.669898529929526],[139.5429382095182,35.680466807812806],[139.54542873311073,35.68206055982156],[139.55216568901568,35.68083816750416],[139.55673463517462,35.68272591260191],[139.56087356287156,35.6828496991657],[139.56445705005504,35.67226594796195],[139.56433162800363,35.66903202398302],[139.5661412890313,35.664250767956766],[139.5688468218548,35.663508048574045],[139.57300366698766,35.664142454713456],[139.57549419058017,35.66004202478803],[139.58214155930554,35.665024433980435],[139.57979437520038,35.665535053556056],[139.5783072280192,35.67204932147532],[139.58045732032932,35.670718615914616],[139.5851696059756,35.671291128772125],[139.5888785152105,35.66940338367438],[139.5901148182888,35.665798100004096],[139.58654924854125,35.66395677486777],[139.58903977213376,35.662363022859026],[139.58988189162187,35.65725682710283],[139.59233658034256,35.655430975286976],[139.5930891126511,35.6515316985277],[139.5919603141883,35.65136149200249],[139.5920678188038,35.645914883195886],[139.58955937777537,35.64514121717222],[139.5876422121322,35.64616245632345],[139.5855817070017,35.645512576863574],[139.5838437157177,35.648498927714925],[139.58160403622804,35.64719916879517],[139.5765154844275,35.65034025285125],[139.57431163980962,35.650742559183556],[139.56947393211192,35.64902502061102],[139.56877515211116,35.64747768856369],[139.5657471054411,35.64716822215422],[139.56336408646408,35.64136572697673],[139.5632028295408,35.63738908361508],[139.56196652646253,35.632592354268354],[139.5585622136382,35.633752853303854],[139.54942432132032,35.634371786122784],[139.54772216490815,35.636692784193784],[139.5359504095104,35.63947798187898],[139.53087977514576,35.64195371315471],[139.52537912231912,35.64265001257601],[139.5208280935961,35.6461934029644],[139.52079225872424,35.65358965015065],[139.5170295971816,35.655307188723185],[139.51745961564362,35.65838637949738],[139.51943053359452,35.66044433112033],[139.5232111125731,35.66779415834516],[139.5256658012938,35.66972832340432],[139.52645416847417,35.67238973452574],[139.52509244334445,35.67601049151649],[139.52210023154623,35.67718646387246],[139.52468034231833,35.6775114036024],[139.5243399110359,35.679693141789144],[139.52048766231366,35.681627306848306],[139.52226148846947,35.68736790874391],[139.52450116795916,35.687940421601425],[139.52692002180802,35.68421135136735]]]],"type":"MultiPolygon"},"id":"geoshape:13:2009-03-20:97433635a56f0b4448dd","properties":{"administrativeCode":"13208","jurisdictionId":"geoshape:13:2009-03-20:97433635a56f0b4448dd","municipalityName":"調布市","prefectureName":"東京都","snapshotDate":"2009-03-20","sourceDataset":"historical-administrative-areas-beta","sourceProvider":"Geoshape","sourceResourceId":"gci:13208A1968"},"type":"Feature"},{"geometry":{"coordinates":[[[[139.38508559908558,35.69128265882366],[139.39513728063528,35.68917828723929],[139.4125351109111,35.68357694522794],[139.4175699104039,35.68275685924286],[139.4224076181016,35.6791361022521],[139.42982543657143,35.67081145583745],[139.44091632940433,35.65998013150613],[139.4420092929953,35.6579685998446],[139.4383362186322,35.654579942660945],[139.43781661299062,35.65003078644179],[139.4339822817043,35.6507735058245],[139.4326743088823,35.64801925478025],[139.42978960169958,35.64738484864085],[139.43052421657222,35.64605414308014],[139.42756783964583,35.64523405709505],[139.42735283041483,35.64379503829104],[139.42140424169023,35.646255296246295],[139.41679946065946,35.64905596725197],[139.4150077170677,35.647028962269964],[139.40905912834313,35.64467701755802],[139.40629984321183,35.64518763713364],[139.39936579551178,35.64119552045152],[139.39200172934972,35.63958629512229],[139.38985163703964,35.64116457381057],[139.38202171754372,35.64131930701531],[139.37807988164187,35.639323248674245],[139.377184009846,35.64100984060584],[139.37856365241166,35.64410450470051],[139.37637772522973,35.645404263620264],[139.37300924727725,35.64381051161151],[139.3687448975289,35.6443366045076],[139.36564518111518,35.64622434960535],[139.35923073905673,35.65281598412698],[139.35740316059315,35.655384555325554],[139.3594099134159,35.656823574129575],[139.3588903077743,35.6593611986872],[139.37241797189196,35.665751680042675],[139.37046497137698,35.66856782436882],[139.37241797189196,35.67238973452574],[139.37643147753747,35.676319957925955],[139.37670023907623,35.6782077030237],[139.37505183497183,35.68175109341209],[139.37519517445918,35.68578963005563],[139.37877866164266,35.68848198781799],[139.3762702206142,35.69163854519454],[139.38508559908558,35.69128265882366]]]],"type":"MultiPolygon"},"id":"geoshape:13:2009-03-20:a03e34cb591a5c822b4b","properties":{"administrativeCode":"13212","jurisdictionId":"geoshape:13:2009-03-20:a03e34cb591a5c822b4b","municipalityName":"日野市","prefectureName":"東京都","snapshotDate":"2009-03-20","sourceDataset":"historical-administrative-areas-beta","sourceProvider":"Geoshape","sourceResourceId":"gci:13212A1968"},"type":"Feature"},{"geometry":{"coordinates":[[[[139.47381274174873,35.64933448702048],[139.4737769068769,35.646796862462864],[139.46877794225594,35.64456870431471],[139.46890336430735,35.64087058072158],[139.47159097969498,35.633520753496754],[139.4645315099435,35.629621476737476],[139.46415524378924,35.62451528098128],[139.4621664084024,35.62487116735217],[139.460733013529,35.62216333626934],[139.45516069095868,35.618093852984856],[139.4530105986486,35.618558052599056],[139.45232973608373,35.61566454167054],[139.44928377197778,35.61178073823174],[139.4459332114612,35.60870154745754],[139.43885582427382,35.61007867297967],[139.43437646529446,35.60582350984951],[139.42821286733886,35.6079743013953],[139.42615236220834,35.605467623478624],[139.4231063981024,35.606628122514124],[139.4205262873303,35.60978467989068],[139.4173728186088,35.61153316510416],[139.41269636783437,35.612275884486884],[139.41018792680592,35.6100631996592],[139.40793032988032,35.612043784679784],[139.40126504371904,35.608717020778016],[139.4006916857697,35.61045003267103],[139.3973052903813,35.610032253018254],[139.3935067939668,35.6082064012024],[139.39535228986628,35.61128559197659],[139.39956288730687,35.613359016920015],[139.4047051914152,35.62077073742674],[139.41552732270932,35.62590787982388],[139.4201321037401,35.62886328403428],[139.42246137040937,35.628491924342924],[139.42493397656597,35.630271356197355],[139.43027337246937,35.63226741453841],[139.4267973899014,35.63797706979307],[139.42398435246236,35.639447035238035],[139.42023960835562,35.643083265549265],[139.41771324989125,35.64311421219021],[139.4150077170677,35.647028962269964],[139.41679946065946,35.64905596725197],[139.42140424169023,35.646255296246295],[139.42735283041483,35.64379503829104],[139.42756783964583,35.64523405709505],[139.43052421657222,35.64605414308014],[139.42978960169958,35.64738484864085],[139.4326743088823,35.64801925478025],[139.4339822817043,35.6507735058245],[139.43781661299062,35.65003078644179],[139.4383362186322,35.654579942660945],[139.4420092929953,35.6579685998446],[139.46920796071797,35.65078897914498],[139.47381274174873,35.64933448702048]]]],"type":"MultiPolygon"},"id":"geoshape:13:2009-03-20:a3e13256500fc052db29","properties":{"administrativeCode":"13224","jurisdictionId":"geoshape:13:2009-03-20:a3e13256500fc052db29","municipalityName":"多摩市","prefectureName":"東京都","snapshotDate":"2009-03-20","sourceDataset":"historical-administrative-areas-beta","sourceProvider":"Geoshape","sourceResourceId":"gci:13224A1971"},"type":"Feature"},{"geometry":{"coordinates":[[[[139.3210666005526,35.77722148073248],[139.32878901543302,35.77134161895262],[139.33151246569247,35.7729198976409],[139.33364464056663,35.77095478594079],[139.3331967046687,35.76759707539807],[139.33642184313385,35.76604974335074],[139.33477343902942,35.76492019095619],[139.33584848518447,35.7592879023039],[139.34036367903568,35.753717506933505],[139.34301545955145,35.753841293497295],[139.3426391933972,35.749849176815175],[139.3387331923672,35.75011222326322],[139.3321754108214,35.75173692191292],[139.33129745646144,35.75303668083268],[139.3273377031237,35.752943840909836],[139.32491884927484,35.75484705932806],[139.32205205952806,35.75359372036972],[139.32094117850116,35.75005032998133],[139.31879108619108,35.750700209441206],[139.3138637913138,35.74712587241187],[139.3099936251556,35.751396508862506],[139.30261164155763,35.75520294569895],[139.29653763078161,35.754537592918595],[139.2974335025775,35.76007704164804],[139.29669888770488,35.76604974335074],[139.29521174052374,35.76979428690529],[139.29307956564955,35.77205339169439],[139.29212994154594,35.775349208955205],[139.29549841949841,35.77765473370573],[139.29755892462893,35.78076487112087],[139.29988819129818,35.781151704132704],[139.30248621950622,35.77853671297271],[139.3080227072047,35.77723695405295],[139.30918734053932,35.775705095326096],[139.31226913951713,35.77551941548042],[139.31843273747273,35.778412926408926],[139.3210666005526,35.77722148073248]]]],"type":"MultiPolygon"},"id":"geoshape:13:2009-03-20:a7c967f17bf99ff94467","properties":{"administrativeCode":"13227","jurisdictionId":"geoshape:13:2009-03-20:a7c967f17bf99ff94467","municipalityName":"羽村市","prefectureName":"東京都","snapshotDate":"2009-03-20","sourceDataset":"historical-administrative-areas-beta","sourceProvider":"Geoshape","sourceResourceId":"gci:13227A1991"},"type":"Feature"},{"geometry":{"coordinates":[[[[139.74544107025707,35.57113232534832],[139.74628318974518,35.57421151612252],[139.7503146128266,35.57538748847848],[139.75384434770234,35.57452098253198],[139.7563707061667,35.569012480443476],[139.75017127333928,35.567310415191415],[139.74544107025707,35.57113232534832]]],[[[139.7571949082189,35.57144179175779],[139.75766076155276,35.57444361592962],[139.765204002074,35.57487686890287],[139.77360727951927,35.57449003589103],[139.7656161031001,35.56489657719757],[139.75846704616905,35.56843996758597],[139.7571949082189,35.57144179175779]]],[[[139.69539767173967,35.60749462846063],[139.6982107091787,35.60357987838088],[139.70105958148957,35.60141361351461],[139.71182796047594,35.60065542081142],[139.71447974099172,35.599974594710595],[139.71533977791577,35.596910877256875],[139.71736444817444,35.59638478436078],[139.7191741092021,35.5918511014621],[139.72109127484526,35.59429588609689],[139.72824033177633,35.59438872601972],[139.73055168100967,35.59216056787157],[139.7289391117771,35.588833803969806],[139.73010374511173,35.58736383852484],[139.73587315947717,35.58736383852484],[139.74798534615735,35.590566815862815],[139.74859453897852,35.58900401049501],[139.75601235744836,35.589251583622584],[139.7559586051406,35.58493452721053],[139.76257013899414,35.58501189381289],[139.76255222155822,35.59460535250635],[139.765419011305,35.594481565942566],[139.76679865387064,35.59256287420387],[139.77324893080092,35.59581227150327],[139.77690408772807,35.59016450953051],[139.7690024984885,35.58264447578048],[139.7707584072084,35.58136019018119],[139.7764023995224,35.58581650647751],[139.77864207901206,35.58643543929644],[139.78702743902144,35.580354424350425],[139.7853611174811,35.577754906510904],[139.78330061235062,35.57708955373055],[139.7667449015629,35.57708955373055],[139.76918167284768,35.579936644697646],[139.76749743387143,35.581282823578825],[139.76246263437864,35.5771205003715],[139.755869017961,35.57713597369197],[139.75413102667702,35.578342892688894],[139.7459965107705,35.57506254874855],[139.74336264769065,35.57722881361481],[139.73977916050714,35.574242462763465],[139.75140757641756,35.565175096966094],[139.7525542923163,35.56303977874078],[139.75529566001165,35.56152339333439],[139.75866413796413,35.564370484301485],[139.76384227694427,35.56044026090126],[139.77109883849084,35.56890416720017],[139.7842144015824,35.57069907237507],[139.7858448882509,35.57028129272229],[139.80089553442153,35.549129263635265],[139.80390566365566,35.54589533965634],[139.80913755494356,35.53859193239293],[139.79822583646984,35.521958112884114],[139.76807079182078,35.53933465177565],[139.7564782107822,35.54454916077516],[139.7500816861597,35.54458010741611],[139.74533356564154,35.54391475463575],[139.73940289435288,35.54512167363267],[139.73463685639885,35.540990297066294],[139.72761322151922,35.54357434158534],[139.7223634127954,35.541500916641915],[139.71820656766255,35.53829793930394],[139.71014372149972,35.53645661416761],[139.7047864081604,35.53628640764241],[139.69962618661617,35.5386692989953],[139.69794194763995,35.541454496680494],[139.69844363584562,35.54540019340119],[139.70353218764618,35.54940778340378],[139.70423096764696,35.55165141487241],[139.7022958845679,35.55397241294341],[139.6966698096898,35.55630888433488],[139.69136624865826,35.556742137308134],[139.68081287890288,35.56161623325723],[139.67640518966718,35.566041602912605],[139.67165706914906,35.577522806703804],[139.66930988504387,35.5847179007239],[139.66463343426943,35.58942179014779],[139.65879235016035,35.58943726346826],[139.65513719323317,35.590149036210036],[139.65705435887637,35.59341390682991],[139.6529691834872,35.59593605806705],[139.65578222092623,35.59647762428362],[139.65961655221255,35.59995912139012],[139.66262668144668,35.598427262663265],[139.6644005076025,35.599665128301126],[139.6697578209418,35.59901524884125],[139.67565265735865,35.59178920818021],[139.68061578710777,35.59485292563392],[139.68027535582536,35.600670894131895],[139.68040077787677,35.60439996436597],[139.6819775122375,35.605808036529034],[139.6847547148047,35.605343836914834],[139.6840021824962,35.61309597047197],[139.68611643993444,35.6116878983089],[139.69129457891458,35.610929705605706],[139.69539767173967,35.60749462846063]]]],"type":"MultiPolygon"},"id":"geoshape:13:2009-03-20:abf8a116770c7443b59d","properties":{"administrativeCode":"13111","jurisdictionId":"geoshape:13:2009-03-20:abf8a116770c7443b59d","municipalityName":"大田区","prefectureName":"東京都","snapshotDate":"2009-03-20","sourceDataset":"historical-administrative-areas-beta","sourceProvider":"Geoshape","sourceResourceId":"gci:13111A1968"},"type":"Feature"},{"geometry":{"coordinates":[[[[139.16351858653059,35.85087448618549],[139.1690909091009,35.849992506918504],[139.17435863526063,35.848305914986916],[139.18362194962995,35.84357107892208],[139.18648873937673,35.84296761942362],[139.1928135942556,35.84022884169984],[139.1958058060538,35.84004316185416],[139.1992997060577,35.84125008085108],[139.20313403734403,35.84120366088966],[139.20488994606393,35.84456137143237],[139.20747005683606,35.84641816988917],[139.2126481958162,35.84660384973485],[139.2193313994134,35.84251889312989],[139.22008393172192,35.84135839409439],[139.22773467685866,35.83905286934387],[139.23004602609203,35.83690207779808],[139.23253654968454,35.83663903135003],[139.2370159086639,35.84015147509747],[139.24108316661716,35.840120528456524],[139.243072002004,35.83659261138861],[139.25224572919373,35.83824825667926],[139.2588035107395,35.837273437489436],[139.26050566715165,35.83600462521062],[139.2715248902409,35.83968727548327],[139.27999983742984,35.839315915791914],[139.2802685989686,35.84069304131404],[139.28494504974304,35.83600462521062],[139.29091155590356,35.83795426359026],[139.29560592411391,35.83383836034436],[139.2966093005253,35.835447585673585],[139.30137533847932,35.8348595994956],[139.30259372412172,35.82404374848475],[139.30476173386774,35.822403576514574],[139.31214371746572,35.82545182064782],[139.3149209200329,35.82525066748167],[139.31615722311122,35.82367238879339],[139.31649765439366,35.819355332381335],[139.31499258977658,35.81434197654798],[139.31674849849648,35.81268633125733],[139.3226075000415,35.800199361635364],[139.32572513389113,35.79521695244295],[139.33036574979374,35.7936232004342],[139.3284844190224,35.7917664019774],[139.33006115338316,35.790605902941905],[139.32626265696865,35.787031565912564],[139.32205205952806,35.789785816956815],[139.32275083952882,35.786304319850316],[139.32058282978284,35.7899096035206],[139.32065449952648,35.783364388960386],[139.32411256465855,35.78108981085081],[139.3210666005526,35.77722148073248],[139.31843273747273,35.778412926408926],[139.31226913951713,35.77551941548042],[139.30918734053932,35.775705095326096],[139.3080227072047,35.77723695405295],[139.30248621950622,35.77853671297271],[139.29988819129818,35.781151704132704],[139.29755892462893,35.78076487112087],[139.29549841949841,35.77765473370573],[139.29212994154594,35.775349208955205],[139.29307956564955,35.77205339169439],[139.29521174052374,35.76979428690529],[139.29669888770488,35.76604974335074],[139.2974335025775,35.76007704164804],[139.29653763078161,35.754537592918595],[139.29008735385133,35.76007704164804],[139.28772225231023,35.7609126009536],[139.27611175383575,35.76162437369537],[139.26932104562303,35.76112922744023],[139.26718887074887,35.7600460950071],[139.26152696099896,35.759829468520465],[139.2568684276604,35.76071144778744],[139.2542883168883,35.76402273836874],[139.2494506091906,35.766606782887784],[139.2447024886725,35.767380448911446],[139.23827012917812,35.76704003586104],[139.2352779173799,35.7693765072525],[139.23173026506825,35.76888136099736],[139.22734049326849,35.77205339169439],[139.22257445531446,35.77244022470622],[139.22090813377412,35.7740185033945],[139.21667961889762,35.77281158439759],[139.21424284761284,35.774080396676396],[139.21056977324977,35.77316747076847],[139.2082405065805,35.776354974785974],[139.20213066093265,35.78248240969341],[139.1988876050316,35.78444752139352],[139.19824257733856,35.78644357973458],[139.1955191270791,35.78683041274641],[139.19216856656257,35.78919783077883],[139.18609455578655,35.787774285295285],[139.1819556280896,35.78763502541102],[139.17561285577486,35.7848653010463],[139.17213687320685,35.78220388992489],[139.16656455063654,35.780919604325604],[139.1630348157608,35.77824271988372],[139.15894964037165,35.77777852026952],[139.15782084190883,35.77321389072989],[139.1545957034437,35.773229364050366],[139.1491308854889,35.778830706061704],[139.14836043574442,35.77568962200562],[139.14445443471442,35.77695843428443],[139.14282394804593,35.77638592142692],[139.13929421317022,35.77200697173297],[139.13762789162988,35.77242475138575],[139.13716203829603,35.777979673435674],[139.1405305162485,35.77903185922786],[139.14271644343043,35.78102791756892],[139.14778707779507,35.78197179011779],[139.1464791049731,35.78574728031328],[139.14757206856407,35.78901215093315],[139.14692704087102,35.793035214256214],[139.14981174805374,35.79637745147845],[139.15640536447137,35.79863655626755],[139.16093847575846,35.799193595804596],[139.16473697217296,35.801561013837016],[139.171456010642,35.803479705575704],[139.17357026808025,35.80676004951605],[139.17550535115936,35.80683741611841],[139.17419737833737,35.81282559114159],[139.17740459936658,35.82048488477588],[139.1752545070565,35.827200305861304],[139.1784258932139,35.83058896304496],[139.176884993725,35.83308016764117],[139.17735084705885,35.83515359258459],[139.17532617680018,35.836066518492515],[139.17199353371953,35.83996579525179],[139.1661166147386,35.84296761942362],[139.1664212111492,35.84456137143237],[139.16256896242695,35.84954378062478],[139.16351858653059,35.85087448618549]]]],"type":"MultiPolygon"},"id":"geoshape:13:2009-03-20:ae0a19e81e633ba170e4","properties":{"administrativeCode":"13205","jurisdictionId":"geoshape:13:2009-03-20:ae0a19e81e633ba170e4","municipalityName":"青梅市","prefectureName":"東京都","snapshotDate":"2009-03-20","sourceDataset":"historical-administrative-areas-beta","sourceProvider":"Geoshape","sourceResourceId":"gci:13205A1968"},"type":"Feature"},{"geometry":{"coordinates":[[[[140.2947359031779,30.493577685348683],[140.29846272984872,30.495295223921225],[140.30464424524024,30.49592963006063],[140.30713476883275,30.495032177473178],[140.31285043089042,30.489554622025622],[140.3144450826871,30.48698605082705],[140.3138538073018,30.481988168314167],[140.31089743037543,30.476247566418564],[140.3089085949886,30.47463834108934],[140.29839106010505,30.473029115760113],[140.295578022666,30.4745455011665],[140.29039988368586,30.478816137617137],[140.28986236060837,30.480595569471568],[140.2864222129122,30.483535500361498],[140.29222746214947,30.49247907959508],[140.2947359031779,30.493577685348683]]],[[[142.09629824980425,27.7200933037493],[142.10092094827095,27.71947437093037],[142.10296353596553,27.71653444004044],[142.10144055391254,27.715822667298667],[142.09629824980425,27.7200933037493]]],[[[142.10618867443065,27.717725885716884],[142.10998717084516,27.717988932164932],[142.10970049187048,27.716286866912867],[142.10618867443065,27.717725885716884]]],[[[142.13249147035745,27.688976456277455],[142.13259897497298,27.68555685245285],[142.13596745292546,27.687305337666338],[142.13872673805673,27.685634219055217],[142.14010638062237,27.68858962326562],[142.14265065652265,27.68852772998373],[142.14318817960017,27.686361465117464],[142.14813339191338,27.683622687393687],[142.1479363001183,27.679661517352518],[142.14883217191417,27.673487662483662],[142.14555328114128,27.67059415155515],[142.13969427959628,27.67207959032059],[142.13781294882494,27.67446248167348],[142.13953302267302,27.6761336002846],[142.13895966472364,27.678779538085536],[142.13299315856315,27.680992222913222],[142.1331364980505,27.67893427129027],[142.13102224061223,27.678423651714652],[142.12903340522539,27.681564735770735],[142.1272058267618,27.68173494229594],[142.12582618419617,27.684303513494513],[142.12392693598892,27.683514374150374],[142.1252349088109,27.687026817897816],[142.130860983689,27.68922402940503],[142.13249147035745,27.688976456277455]]],[[[142.12356858727057,27.679212791058788],[142.12656079906878,27.681750415616413],[142.12587993650394,27.677619039050036],[142.12356858727057,27.679212791058788]]],[[[142.15831049551448,27.655414824170823],[142.1589196883357,27.65725614930715],[142.15633957756356,27.658726114752113],[142.15782672474472,27.662362345063343],[142.159063027823,27.66262539151139],[142.15814923859122,27.659112947763948],[142.1594572114132,27.656126596912596],[142.15831049551448,27.655414824170823]]],[[[142.169920993989,27.63382954211054],[142.17293112322312,27.632993982804983],[142.1749916283536,27.635902967053966],[142.1781809319469,27.633721228867227],[142.1795784919485,27.630409938285936],[142.18176441913042,27.630827717938715],[142.18593918169918,27.626154775155776],[142.18549124580124,27.6194703007113],[142.18178233656633,27.62333863082963],[142.18036685912884,27.622719698010698],[142.17762549143347,27.62651066152666],[142.177732996049,27.624127770173768],[142.17583374784175,27.62324579090679],[142.17346864630065,27.624297976698976],[142.17275194886395,27.629373225814224],[142.169920993989,27.63382954211054]]],[[[142.21046815147014,27.501130345731344],[142.2113461058301,27.50227537144637],[142.21311993198591,27.49863914113514],[142.21211655557454,27.49617888317988],[142.2160583914764,27.491181000666998],[142.21510876737275,27.489618195299194],[142.2117582068562,27.4900205016315],[142.21199113352313,27.493486525417524],[142.21036064685464,27.495436163797162],[142.20536168223367,27.49641098298698],[142.20408954428353,27.498329674725674],[142.20532584736185,27.500449519630518],[142.2098231237771,27.500109106580105],[142.21046815147014,27.501130345731344]]],[[[142.20475248941247,27.488194649815647],[142.2073326001846,27.48937062217162],[142.20862265557065,27.488272016418016],[142.20475248941247,27.488194649815647]]],[[[140.8724477894638,27.24611455101055],[140.87560125818524,27.249642468078466],[140.87995519511318,27.247151263482262],[140.87592377203177,27.243948286144285],[140.8724477894638,27.24611455101055]]],[[[142.19342866991266,27.19443366062966],[142.195310000684,27.196445192291193],[142.19840971709772,27.19480502032102],[142.19487998222198,27.192886328582325],[142.19342866991266,27.19443366062966]]],[[[142.18473871349272,27.179424539770537],[142.18769509041908,27.182163317494314],[142.187713007855,27.18446884224484],[142.18563458528857,27.184793781974783],[142.1842011904152,27.18730045989146],[142.18642295246894,27.187749186185187],[142.18907473298472,27.190132077538077],[142.1893793293953,27.186913626879626],[142.19581168888968,27.1846081021291],[142.19453955093954,27.182906036877036],[142.20007603863803,27.18282867027467],[142.19993269915068,27.181420598111597],[142.19529208324806,27.17911507336107],[142.19511290888892,27.17328163154263],[142.19806928581528,27.170883266869268],[142.19805136837937,27.168825315246316],[142.20217237864037,27.1691812016172],[142.20193945197343,27.166303164009165],[142.19995061658662,27.165483078024078],[142.20030896530497,27.162620513736513],[142.19746009299408,27.159541322962323],[142.19918016684215,27.15869029033629],[142.19753176273775,27.15585867268967],[142.19247904580905,27.152377175583176],[142.1923536237576,27.150551323767324],[142.18803552170152,27.15030375063975],[142.18742632888032,27.147673286159286],[142.18885972375372,27.144655988666987],[142.180546033488,27.146574680405678],[142.18065353810354,27.150737003613003],[142.1845416216976,27.14951461129561],[142.18468496118496,27.15257832874933],[142.18635128272527,27.154651753692754],[142.18445203451802,27.15687991184091],[142.18097605195004,27.157653577864576],[142.18457745656946,27.159603216244214],[142.18326948374747,27.16605559088159],[142.18429077759478,27.16661263041863],[142.18387867656867,27.171827139418138],[142.18719340221338,27.171564092970094],[142.18755175093173,27.176701235367233],[142.18473871349272,27.179424539770537]]],[[[142.1922461191421,27.14391326928427],[142.19401994529792,27.14365022283622],[142.1945753858114,27.137847727658727],[142.19928767145765,27.134923270089267],[142.2001297909458,27.132571325377324],[142.204859994028,27.134830430166428],[142.20692049915849,27.13401034418134],[142.2052004253104,27.131039466650464],[142.20604254479855,27.129120774911776],[142.21378287711488,27.131256093137093],[142.21664966686166,27.133608037849037],[142.21964187865987,27.132664165300163],[142.21779638276038,27.129120774911776],[142.22005397968599,27.128347108888107],[142.2233507878948,27.125252444793443],[142.22403165045964,27.123008813324812],[142.22648633918033,27.12412289239889],[142.2258233940514,27.12039382216482],[142.22731054123253,27.1182585039395],[142.22602048584648,27.116216025637023],[142.22756138533538,27.11499363331963],[142.23256034995634,27.113786714322714],[142.23533755252353,27.114173547334545],[142.23609008483209,27.1115895028155],[142.23388624021425,27.109098298219298],[142.22566213712813,27.11098604331704],[142.21973146583946,27.11022785061385],[142.21974938327537,27.108680518566516],[142.21675717147716,27.10841747211847],[142.21261824378024,27.10962439111539],[142.2090705914686,27.10874241184841],[142.20432247095047,27.110382583818584],[142.2003448001768,27.110800363471363],[142.20269198428198,27.11423544061644],[142.20550502172102,27.115829192625192],[142.20634714120914,27.11801093081193],[142.2024053053073,27.119480896256896],[142.2021186263326,27.121337694713695],[142.19744217555817,27.12341111965712],[142.19278364221964,27.12303975996576],[142.1899885222165,27.12065686861287],[142.18712173246973,27.121538847879847],[142.19020353144754,27.123240913131912],[142.1908127242687,27.124927505063503],[142.1882146960607,27.129414768000768],[142.1900781093961,27.13195239255839],[142.19299865145064,27.133406884682884],[142.18898514580513,27.136919328430327],[142.1922461191421,27.14391326928427]]],[[[142.17676545450945,27.128532788733786],[142.1795784919485,27.12929098143698],[142.17941723502523,27.127109243250242],[142.17676545450945,27.128532788733786]]],[[[142.1636498914179,27.11516383984484],[142.16578206629205,27.11698969166069],[142.16323779039178,27.121476954597952],[142.1670542042422,27.12039382216482],[142.1683800945001,27.12160074116174],[142.1717844073244,27.116355285521283],[142.16945514065515,27.114730586871588],[142.16732296578095,27.115148366524366],[142.16558497449697,27.112904735055736],[142.16158938628737,27.113276094747093],[142.1636498914179,27.11516383984484]]],[[[142.18418327297925,27.11815019069619],[142.1854554109294,27.118831016797017],[142.1884297052917,27.116169605675605],[142.18418327297925,27.11815019069619]]],[[[142.19195944016744,27.105028814934812],[142.19432454170854,27.103636216092216],[142.19670756068555,27.10572511435611],[142.19769301966102,27.10459556196156],[142.20529001249,27.105384701305702],[142.2057021135161,27.10332674968275],[142.2107369130089,27.10263045026145],[142.21231364736963,27.103543376169377],[142.21471458378258,27.100448712074712],[142.21756345609344,27.099767885973886],[142.21931936481334,27.096054289060287],[142.22308202635602,27.093067938208936],[142.22526795353795,27.087482069518067],[142.22313577866376,27.08525391136991],[142.22533962328163,27.083149539785538],[142.22611007302606,27.08058096858697],[142.22971147764548,27.081493894494894],[142.23252451508452,27.078105237311235],[142.23300828585428,27.07285978167078],[142.2307865238005,27.068790298386297],[142.23187948739147,27.063838835834837],[142.23012357867157,27.059506306102307],[142.23245284534084,27.056581848532847],[142.23499712124112,27.056195015521013],[142.23730847047446,27.05402875065475],[142.23784599355199,27.051398286174283],[142.234585020215,27.049262967948966],[142.2280989084129,27.05653542857143],[142.2244975037935,27.053270557951556],[142.22637883456483,27.0496498009608],[142.22587714635915,27.045332744548745],[142.2234941273821,27.046029043970044],[142.22376288892087,27.043444999450998],[142.22698802738603,27.04107758141858],[142.22533962328163,27.039174363000363],[142.2298368996969,27.037657977593977],[142.22926354174754,27.035801179137177],[142.21939103455702,27.036249905430903],[142.22043024584025,27.03915888967989],[142.21982105301905,27.04130968122568],[142.2166855017335,27.041433467789467],[142.2140158037818,27.03898868315468],[142.21039648172646,27.040566961842963],[142.20794179300577,27.04038128199728],[142.2058812878753,27.04415677219277],[142.20165277299876,27.044357925358923],[142.1990189099189,27.045518424394423],[142.19600878068476,27.04411035223135],[142.19430662427263,27.041340627866628],[142.18697839298238,27.04465191844792],[142.1857420899041,27.040350335356333],[142.18405785092784,27.04541011115111],[142.1880176042656,27.04797868234968],[142.18970184324183,27.05087219327819],[142.18877013657413,27.053084878105878],[142.1897555955496,27.055405876176877],[142.18791009965008,27.056117648918647],[142.1873904940085,27.06106911147011],[142.18979143042142,27.06157973104573],[142.1924252935013,27.05921231301331],[142.19434245914445,27.059367046218046],[142.19484414735015,27.062771176722176],[142.19143983452582,27.06516954139554],[142.1930703211943,27.067320332941332],[142.18792801708602,27.06973417093517],[142.18774884272685,27.071389816225814],[142.18246319913118,27.07066257016357],[142.18178233656633,27.074051227347226],[142.18395034631234,27.075505719471717],[142.18719340221338,27.072720521786522],[142.19097398119197,27.0738346008606],[142.19301656888655,27.075598559394557],[142.19851722171322,27.0752271997032],[142.20236947043546,27.07304546151646],[142.20593504018302,27.075737819278817],[142.20686674685075,27.07793503078603],[142.2073505176205,27.085702637663637],[142.20417913146312,27.08492897163997],[142.20192153453752,27.08759038276138],[142.203122002744,27.089106768167767],[142.20376703043704,27.09345477122077],[142.20131234171635,27.095884082535083],[142.2027278191538,27.098591913617913],[142.20109733248532,27.099396526282526],[142.19801553350752,27.09840623377223],[142.1987143135083,27.09676606180206],[142.19597294581294,27.094321277167275],[142.19360784427184,27.0940737040397],[142.1913860822181,27.092108592339592],[142.1925507155527,27.08991138083238],[142.18624377810977,27.088317628823628],[142.18635128272527,27.09043747372847],[142.18192567605368,27.09442959041059],[142.18325156631155,27.097354047980048],[142.18140607041207,27.100278505549504],[142.1834844929785,27.103357696323695],[142.18713964990565,27.105539434510433],[142.19195944016744,27.105028814934812]]],[[[142.24420668330268,27.092216905582905],[142.24076653560653,27.095744822650822],[142.24746765663966,27.094971156627157],[142.24882938176938,27.09153607948208],[142.24574758279158,27.090313687164688],[142.24420668330268,27.092216905582905]]],[[[142.23865227816827,27.047437116133114],[142.24142948073546,27.046678923429923],[142.2402110950931,27.045425584471584],[142.23865227816827,27.047437116133114]]],[[[142.17518872014872,27.03204116226216],[142.17398825194223,27.03598685898286],[142.17441827040426,27.038199543810542],[142.1715693980934,27.043677099258097],[142.17328947194147,27.045255377946376],[142.17771507861306,27.03683789160889],[142.1752783073283,27.03668315840416],[142.1769267114327,27.031932849018848],[142.17518872014872,27.03204116226216]]],[[[142.1228518898339,26.71155774861875],[142.12324607342407,26.714157266458265],[142.1253424134264,26.713399073755074],[142.12756417548016,26.709855683366683],[142.12971426779026,26.7094379037139],[142.1313089195869,26.706343239619237],[142.13177477292078,26.702645116026115],[142.13383527805127,26.6998134983795],[142.139318013442,26.70071095096695],[142.14257898677897,26.697894806640804],[142.1412530965211,26.70159293023393],[142.14214896831697,26.703542568613567],[142.1407693257513,26.708277404678405],[142.14569662062863,26.70626587301687],[142.1496026216586,26.707395425411423],[142.15033723653124,26.705631466877467],[142.15252316371317,26.705940933286932],[142.15402822833022,26.709020124061123],[142.15868676166875,26.704842327533328],[142.15859717448916,26.703759195100194],[142.16497578167576,26.70239754289854],[142.1637753134693,26.699952758263755],[142.16015599141397,26.701515563631563],[142.15684126576926,26.69916361891962],[142.15126894319894,26.697183033899034],[142.15060599806998,26.69405742316342],[142.14612663909062,26.69382532335632],[142.14684333652733,26.684943637404636],[142.15203939294338,26.683551038562037],[142.1591526150026,26.686707595938593],[142.1660329103949,26.68743484200084],[142.16846968167968,26.689879626635626],[142.16737671808872,26.685500676941675],[142.16617624988226,26.684479437790436],[142.16689294731893,26.680796787517785],[142.1611772852613,26.67476219253319],[142.16277193705793,26.669841676622674],[142.16218066167266,26.666777959168957],[142.16381114834115,26.664286754572753],[142.1641694970595,26.66023274460874],[142.16743047039645,26.658035533101533],[142.1699389114249,26.65817479298579],[142.17264444424845,26.65624062792663],[142.17601292220093,26.656797667463668],[142.17857511553711,26.65574548167148],[142.1821586027206,26.657029767270767],[142.18172858425856,26.659134138855137],[142.18412952067152,26.660016118122115],[142.1890568155488,26.659366238662237],[142.1877309252909,26.655250335416333],[142.18486413554413,26.65611684136284],[142.18540165862166,26.654414776110777],[142.18016976733375,26.65313049051149],[142.17819884938285,26.654755189161186],[142.17420326117326,26.654167202983203],[142.1746511970712,26.648503967689965],[142.1732357196337,26.644635637571636],[142.17131855399055,26.64330493201093],[142.1733253068133,26.63855462262562],[142.17273403142804,26.636326464477463],[142.1770162986123,26.634283986174985],[142.18034894169293,26.631003642234642],[142.1806356206676,26.624087067983066],[142.18210485041286,26.622663522499522],[142.18115522630922,26.618563092574092],[142.18138815297615,26.61413772291872],[142.18352032785032,26.611754831565833],[142.17848552835753,26.607484195115195],[142.1766221150221,26.6095112000972],[142.17355823348024,26.608087654613655],[142.1746691145071,26.611646518322516],[142.17832427143426,26.615422008518006],[142.17633543604742,26.61607188797789],[142.17737464733065,26.619692644968644],[142.17434660066058,26.621874383155383],[142.17633543604742,26.623978754739753],[142.17328947194147,26.625665346671347],[142.16950889296288,26.63225698119298],[142.16526246065047,26.631344055285055],[142.16264651500651,26.629812196558195],[142.16101602833803,26.63156068177168],[142.16062184474785,26.635877738183737],[142.1614102119282,26.638987875598875],[142.15847175243775,26.638817669073667],[142.15664417397417,26.63566111169711],[142.15397447602246,26.63580037158137],[142.15322194371393,26.64154097347697],[142.15151978730177,26.645393830274827],[142.15193188832788,26.64757556846157],[142.14922635550434,26.64814808131908],[142.146915006271,26.6567203008613],[142.14499784062784,26.65616326132426],[142.14944136473537,26.6640856014066],[142.14698667601468,26.66776825167925],[142.14223855549656,26.665772193338192],[142.14428114319114,26.670708182569182],[142.14351069344667,26.672626874307873],[142.14472907908907,26.67615479137579],[142.13700666420866,26.68081226083826],[142.13655872831072,26.684015238176237],[142.13496407651408,26.686057716478714],[142.13114766266366,26.688378714549714],[142.1298576072776,26.691132965593965],[142.12998302932903,26.69418120972721],[142.12806586368586,26.6967962008872],[142.12844212984012,26.700680004326003],[142.12525282624682,26.70290816247416],[142.12265479803878,26.706652706028706],[142.1228518898339,26.71155774861875]]],[[[142.12550367034967,26.602749359050357],[142.12270855034654,26.603724178240178],[142.12364025701424,26.607298515269513],[142.12632787240187,26.607809134845134],[142.1260411934272,26.609913506429507],[142.13197186471587,26.61054791256891],[142.1359316180536,26.60140318016918],[142.13353068164068,26.596761184027184],[142.1289259006099,26.595012698813697],[142.12795835907036,26.598215676151675],[142.12681164317164,26.595708998234997],[142.12505573445173,26.596126777887775],[142.12742083599284,26.599283335264335],[142.12550367034967,26.602749359050357]]],[[[142.1754574816875,26.60220779283379],[142.17757173912574,26.605519083415082],[142.17812717963918,26.603151665382665],[142.1754574816875,26.60220779283379]]],[[[142.16323779039178,26.592475074256072],[142.1663375068055,26.590742062363063],[142.16501161654762,26.58873053070153],[142.16323779039178,26.592475074256072]]],[[[142.15711002730802,26.58801875795976],[142.16162522115923,26.588421064292064],[142.1620373221853,26.5855585000045],[142.1596363857724,26.585651339927338],[142.1585255047455,26.583392235138234],[142.15395655858654,26.584274214405212],[142.15126894319894,26.58192226969327],[142.147130015502,26.58238646930747],[142.1496922088382,26.586053646259646],[142.15198564063564,26.585434713440712],[142.15463742115142,26.58775571151171],[142.15711002730802,26.58801875795976]]],[[[142.23037442277442,26.57497474880075],[142.23523004790803,26.570812425593424],[142.23888520483519,26.57010065285165],[142.23997816842615,26.567593974934972],[142.23607216739617,26.567965334626333],[142.23162864328864,26.566572735783737],[142.22863643149043,26.56380301141901],[142.22682677046276,26.563818484739485],[142.2258233940514,26.56654178914279],[142.22847517456717,26.56906394037994],[142.2265400914881,26.57061127242727],[142.22951438585036,26.575160428646427],[142.23037442277442,26.57497474880075]]],[[[142.1543328247408,26.56449931084031],[142.15676959602558,26.561946212962212],[142.1606935144915,26.561389173425173],[142.16135645962046,26.559532374968374],[142.15952888115686,26.557845783036782],[142.1590451103871,26.554410705891705],[142.16087268885067,26.552786007242005],[142.16092644115844,26.54814401110001],[142.15784464218063,26.546875198821198],[142.1580954862835,26.544260207661207],[142.15438657704857,26.543796008047007],[142.15100018166018,26.548391584227584],[142.15331153089352,26.547757178088176],[142.15517494422895,26.550372169248167],[142.15343695294496,26.55434881260981],[142.154727008331,26.55569499149099],[142.15259483345682,26.55676265060365],[142.15275609038008,26.562054526205525],[142.1543328247408,26.56449931084031]]],[[[142.2183339058379,26.563184078600077],[142.21349619814018,26.55550931164531],[142.20473457197656,26.55485943218543],[142.20208279146078,26.552971687087684],[142.20156318581917,26.556654337360335],[142.20398203966803,26.5588206022266],[142.20317575505175,26.562100946166943],[142.2058812878753,26.56169863983464],[142.20865849044247,26.56371017149617],[142.21251073916474,26.564483837519838],[142.2183339058379,26.563184078600077]]],[[[141.27481964786165,25.4210364011824],[141.27197077555076,25.429144421110422],[141.27249038119237,25.439496072507072],[141.27340417042416,25.441755177296177],[141.27981861248261,25.44805281872882],[141.2832945950506,25.449012164598162],[141.28773811915812,25.447480305871306],[141.28990612890414,25.443859548880546],[141.29031822993022,25.440594678260677],[141.2922533130093,25.439263972699973],[141.2928445883946,25.43641688173288],[141.2919307991628,25.43347695084295],[141.292970010446,25.425802183888184],[141.29013905557105,25.422429000024998],[141.28736185300386,25.420866194657194],[141.28146701658702,25.419009396200394],[141.27804478632677,25.418870136316137],[141.27481964786165,25.4210364011824]]],[[[141.30635433507632,24.79784841911942],[141.30914945507945,24.801886955762953],[141.31377215354615,24.805337506228504],[141.31746314534513,24.80615759221359],[141.32124372432372,24.80847859028459],[141.3215304032984,24.81158872769973],[141.3285182033062,24.81178988086588],[141.3343772048512,24.80671463175063],[141.3358105997246,24.806173065534065],[141.34098873870474,24.7995969043329],[141.343963033067,24.792572016838015],[141.347224006404,24.782870244901243],[141.34632813460811,24.7788936015396],[141.34435721665722,24.777794995785996],[141.3430134089634,24.774777698293697],[141.3363302053662,24.770770108291106],[141.32921698330696,24.77101768141868],[141.3230713027873,24.77046064188164],[141.31083369405567,24.76151706264806],[141.30452675661274,24.757942725618726],[141.29590846993645,24.75404344885945],[141.29329252429253,24.751985497236497],[141.29293417557417,24.749989438895437],[141.2881323027483,24.74607468881569],[141.2854626047966,24.74630678862279],[141.28512217351417,24.75139751105851],[141.28596429300228,24.75512658129258],[141.28832939454338,24.757803465734465],[141.29262957916356,24.767489764350763],[141.29365087301088,24.771698507519506],[141.29345378121576,24.78081229327829],[141.29250415711215,24.78406169057769],[141.28994196377596,24.787078988069986],[141.28779187146586,24.787450347761347],[141.28605388018187,24.78563996926597],[141.2858926232586,24.78868821339921],[141.28775603659403,24.789895132396133],[141.2907124135204,24.789554719345716],[141.29970696635095,24.794335975371975],[141.30203623302023,24.794815648306646],[141.30635433507632,24.79784841911942]]],[[[141.284727989924,24.800014683985683],[141.2862868068488,24.806590845186843],[141.2877202017222,24.80629685209785],[141.28528343043743,24.798095992246992],[141.284727989924,24.800014683985683]]],[[[153.9707563902384,24.284845952146952],[153.97743959383558,24.290369927555925],[153.98304775127775,24.296930615436615],[153.98521576102377,24.297209135205133],[153.98519784358783,24.290493714119712],[153.9869,24.283236726817726],[153.98410487999686,24.280714575580575],[153.9707563902384,24.284845952146952]]],[[[141.4624152019172,24.24495573196673],[141.46832795576995,24.242634733895734],[141.47223395679995,24.241907487833487],[141.47304024141624,24.239338916634914],[141.47162476397875,24.23195814276914],[141.4692954973095,24.227764872920872],[141.46748583628184,24.22679005373105],[141.45816876960475,24.22477852206952],[141.45497946601145,24.22547482149082],[141.45327730959932,24.22920389172489],[141.45363565831764,24.237234545050544],[141.45503321831922,24.24187654119254],[141.4584016962717,24.244692685518686],[141.4624152019172,24.24495573196673]]]],"type":"MultiPolygon"},"id":"geoshape:13:2009-03-20:b1800f47c384d6257468","properties":{"administrativeCode":"13421","jurisdictionId":"geoshape:13:2009-03-20:b1800f47c384d6257468","municipalityName":"小笠原村","prefectureName":"東京都","snapshotDate":"2009-03-20","sourceDataset":"historical-administrative-areas-beta","sourceProvider":"Geoshape","sourceResourceId":"gci:13421A1968"},"type":"Feature"},{"geometry":{"coordinates":[[[[139.52645416847417,35.71727783721884],[139.52521786539586,35.71305362072962],[139.52738587514187,35.71282152092252],[139.52763671924473,35.70977327678928],[139.53254609668608,35.709107924008926],[139.53218774796775,35.7029185958196],[139.53392573925174,35.6989728990989],[139.5341945007905,35.69488794249394],[139.53136354591553,35.69460942272542],[139.5321519130959,35.68877598090698],[139.52853259104057,35.6906791993252],[139.52487743411342,35.690106686467686],[139.52692002180802,35.68421135136735],[139.52450116795916,35.687940421601425],[139.52226148846947,35.68736790874391],[139.5182659002599,35.69125171218271],[139.5152736884617,35.68999837322437],[139.5145749084609,35.686083623144626],[139.50518617204017,35.68698107573208],[139.50289274024274,35.68458271105871],[139.5011189140869,35.68458271105871],[139.50294649255048,35.687275068821066],[139.49988261100862,35.68718222889823],[139.49870006023806,35.6856348968509],[139.4954390869011,35.68690370912971],[139.49577951818353,35.68863672102272],[139.48902464484263,35.69095771909372],[139.48780625920025,35.69197895824496],[139.48958008535607,35.69544498203098],[139.4914434986915,35.700241711377714],[139.4844556986837,35.702253243039245],[139.487429993046,35.706461986207984],[139.48570991919792,35.70838067794668],[139.49162267305067,35.70807121153721],[139.49233937048737,35.70995895663496],[139.49538533459332,35.709634016905014],[139.49590494023494,35.713161933972934],[139.50228354742154,35.71218711478311],[139.50826797101797,35.71248110787211],[139.50859048486447,35.71636491131091],[139.51475408282008,35.71721594393694],[139.52313944282943,35.71907274239374],[139.52301402077802,35.71760277694878],[139.52645416847417,35.71727783721884]],[[139.4966933074153,35.68760000855101],[139.4966933074153,35.68760000855101]]]],"type":"MultiPolygon"},"id":"geoshape:13:2009-03-20:b65f1564b2a13c440cbb","properties":{"administrativeCode":"13210","jurisdictionId":"geoshape:13:2009-03-20:b65f1564b2a13c440cbb","municipalityName":"小金井市","prefectureName":"東京都","snapshotDate":"2009-03-20","sourceDataset":"historical-administrative-areas-beta","sourceProvider":"Geoshape","sourceResourceId":"gci:13210A1968"},"type":"Feature"},{"geometry":{"coordinates":[[[[139.6245342126862,35.730151639852636],[139.62439087319888,35.72926966058566],[139.62992736089734,35.720403447954446],[139.63186244397644,35.71972262185362],[139.63218495782294,35.716952897488895],[139.6369689132129,35.71650417119517],[139.6417887034747,35.714755685981686],[139.6428458321938,35.71150628868229],[139.65060408194608,35.709340023816026],[139.65821899221098,35.709216237252235],[139.65820107477506,35.70503844072444],[139.6609066075986,35.70468255435355],[139.66108578195778,35.701433157054154],[139.6625370942671,35.699235945546945],[139.66061992862393,35.696528114464115],[139.66115745170146,35.69519740890341],[139.66509928760328,35.695429508710504],[139.66753605888806,35.69174685843786],[139.6612291214451,35.68685728916829],[139.65922236862235,35.68668708264308],[139.65927612093012,35.68190582661683],[139.66257292913892,35.6794300953411],[139.66411382862782,35.6763509045669],[139.6620533234973,35.675623658504655],[139.66174872708672,35.672528994409994],[139.65511927579726,35.67054840938941],[139.65033532040732,35.669898529929526],[139.64771937476337,35.668428564484564],[139.6412690978331,35.667190698846696],[139.63910108808707,35.66584451996552],[139.63259705884906,35.66808815143415],[139.6250359008919,35.66914033722634],[139.6210223952464,35.672993194024194],[139.61030776856776,35.6766448976559],[139.61209951215952,35.67463336599437],[139.61656095370296,35.672637307653304],[139.61618468754867,35.669898529929526],[139.60891020856621,35.67034725622325],[139.6083726854887,35.676366377887376],[139.60326621625222,35.680652487658485],[139.59418207624208,35.68213792642393],[139.5936087182927,35.68413398476498],[139.59056275418675,35.68699654905255],[139.59405665419064,35.68899260739361],[139.5867105054645,35.69395954326554],[139.58828723982523,35.69561518855619],[139.59025815777616,35.69482604921205],[139.59283826854826,35.701092744003745],[139.59547213162813,35.70544074705675],[139.58665675315675,35.71190859501459],[139.58499043161643,35.71631849134949],[139.5868000926441,35.71975356849457],[139.58945187315987,35.72027966139066],[139.59384164495964,35.71829907637007],[139.5956513059873,35.72216740648841],[139.59979023368422,35.72391589170189],[139.60194032599432,35.726004789965785],[139.61539632036832,35.7302908997369],[139.6245342126862,35.730151639852636]]]],"type":"MultiPolygon"},"id":"geoshape:13:2009-03-20:b6e4fefd13170696c21d","properties":{"administrativeCode":"13115","jurisdictionId":"geoshape:13:2009-03-20:b6e4fefd13170696c21d","municipalityName":"杉並区","prefectureName":"東京都","snapshotDate":"2009-03-20","sourceDataset":"historical-administrative-areas-beta","sourceProvider":"Geoshape","sourceResourceId":"gci:13115A1968"},"type":"Feature"},{"geometry":{"coordinates":[[[[139.5208280935961,35.6461934029644],[139.52537912231912,35.64265001257601],[139.52339028693228,35.63881262909863],[139.52102518539118,35.637775916626914],[139.52349779154778,35.6323912011022],[139.5188034233374,35.631246175387176],[139.51659957871956,35.62959053009653],[139.51615164282163,35.625706726657725],[139.51040014589213,35.62335478194578],[139.50961177871176,35.624082028008026],[139.50341234588433,35.62285963569063],[139.49939884023883,35.620399377735374],[139.4980371151091,35.618434266035266],[139.49466863715662,35.61728924032024],[139.49577951818353,35.612353251089246],[139.50002595049594,35.607278001974],[139.49757126177525,35.60486416398017],[139.4938086002326,35.60582350984951],[139.48958008535607,35.604307124443125],[139.48655203868603,35.6084385010095],[139.4812663950904,35.6100631996592],[139.4796538258578,35.61326617699717],[139.4769482930343,35.613018603869605],[139.4762315955976,35.61888299232899],[139.46757747404948,35.620631477542474],[139.46415524378924,35.62451528098128],[139.4645315099435,35.629621476737476],[139.47159097969498,35.633520753496754],[139.46890336430735,35.64087058072158],[139.46877794225594,35.64456870431471],[139.4737769068769,35.646796862462864],[139.47381274174873,35.64933448702048],[139.47413525559526,35.65078897914498],[139.47924172483172,35.651980424821424],[139.48646245150644,35.65266125092225],[139.4994525925466,35.65145433192533],[139.501316005882,35.64917975381575],[139.50679874127275,35.65088181906782],[139.5120843848684,35.651206758797755],[139.5168325053865,35.64930354037954],[139.5208280935961,35.6461934029644]]]],"type":"MultiPolygon"},"id":"geoshape:13:2009-03-20:bfd152cbdadfebbd4cea","properties":{"administrativeCode":"13225","jurisdictionId":"geoshape:13:2009-03-20:bfd152cbdadfebbd4cea","municipalityName":"稲城市","prefectureName":"東京都","snapshotDate":"2009-03-20","sourceDataset":"historical-administrative-areas-beta","sourceProvider":"Geoshape","sourceResourceId":"gci:13225A1971"},"type":"Feature"},{"geometry":{"coordinates":[[[[139.3790295057455,35.771202359068354],[139.38021205651606,35.766374683080684],[139.38524685600885,35.76527607732707],[139.3916612980673,35.767411395552394],[139.39049666473267,35.763775165241164],[139.39167921550322,35.763357385588385],[139.40053042884642,35.761964786745786],[139.40260885141285,35.76108280747881],[139.40513520987722,35.762042153348155],[139.40753614629014,35.76085070767171],[139.40927413757413,35.75823571651171],[139.40902329347128,35.75523389233989],[139.40748239398238,35.75322236067836],[139.40746447654647,35.74862678449779],[139.41061794526794,35.747760278551276],[139.41070753244753,35.74184947013047],[139.4119259180899,35.73976057186657],[139.4111913032173,35.73725389394989],[139.4135743221943,35.73643380796481],[139.41441644168245,35.73302967746068],[139.40947122936922,35.73262737112837],[139.40853952270152,35.73374145020245],[139.40262676884876,35.73422112313712],[139.400405006795,35.73355577035677],[139.39827283192082,35.7349328958789],[139.39529853755852,35.73350935039535],[139.3880598934479,35.73938921217521],[139.38363428677627,35.74381458183058],[139.3849064247264,35.74150905708006],[139.38508559908558,35.73764072696173],[139.38728944370342,35.73705274078374],[139.39112377498978,35.73366408360008],[139.38861533396133,35.73366408360008],[139.38433306677706,35.73544351545451],[139.38349094728895,35.73302967746068],[139.38096458882458,35.734840055956056],[139.37847406523207,35.73350935039535],[139.37795445959046,35.73508762908363],[139.37026787958186,35.73736220719321],[139.36944367752966,35.73589224174824],[139.365466006756,35.739064272445276],[139.35987576674975,35.73957489202089],[139.35491263700064,35.742762396038394],[139.3546617928978,35.745594013685015],[139.35654312366913,35.75071568276168],[139.35811985802985,35.7507621027231],[139.35751066520865,35.75351635376735],[139.35901572982573,35.754491172957174],[139.35881863803064,35.75792625010225],[139.3609508129048,35.76109828079928],[139.36288589598388,35.761918366784364],[139.36738317239917,35.76779822856423],[139.36851197086196,35.77104762586362],[139.3681536221436,35.774111343317344],[139.3709129072749,35.77143445887546],[139.37320633907234,35.77134161895262],[139.37343926573925,35.76875757443357],[139.3790295057455,35.771202359068354]],[[139.35665062828463,35.74557854036454],[139.35665062828463,35.74557854036454]]]],"type":"MultiPolygon"},"id":"geoshape:13:2009-03-20:c8a6839a4dbf4fbc9cdc","properties":{"administrativeCode":"13223","jurisdictionId":"geoshape:13:2009-03-20:c8a6839a4dbf4fbc9cdc","municipalityName":"武蔵村山市","prefectureName":"東京都","snapshotDate":"2009-03-20","sourceDataset":"historical-administrative-areas-beta","sourceProvider":"Geoshape","sourceResourceId":"gci:13223A1970"},"type":"Feature"},{"geometry":{"coordinates":[[[[139.45940712327112,35.692381264577264],[139.45603864531864,35.69128265882366],[139.4536377089057,35.68790947496048],[139.45286725916125,35.68349957862558],[139.45136219454417,35.680652487658485],[139.4522939012119,35.6785016961127],[139.45071716685115,35.6766448976559],[139.4506634145434,35.673194347190346],[139.45351228685428,35.671600595181594],[139.45080675403074,35.67155417522017],[139.44570028479427,35.673503813599815],[139.44473274325475,35.67178627502727],[139.4360607042707,35.671523228579225],[139.4317246847787,35.672683727614725],[139.42982543657143,35.67081145583745],[139.4224076181016,35.6791361022521],[139.4175699104039,35.68275685924286],[139.4214938288698,35.68857482774082],[139.42470104989906,35.68671802928403],[139.42840995913394,35.691112452298455],[139.43120507913707,35.69027689299289],[139.42991502375102,35.69380481006081],[139.4316350975991,35.69693042079642],[139.42738866528666,35.6984468062028],[139.4255969216949,35.70188188334788],[139.42726324323525,35.70363036856137],[139.4303092073412,35.70353752863853],[139.43199344631745,35.70164978354078],[139.44100591658392,35.701324843810845],[139.4416151094051,35.7003654979415],[139.4484058176178,35.70093801079901],[139.45560862685662,35.69473320928921],[139.45940712327112,35.692381264577264]]]],"type":"MultiPolygon"},"id":"geoshape:13:2009-03-20:d1cb1b4e5f0786d9aeb6","properties":{"administrativeCode":"13215","jurisdictionId":"geoshape:13:2009-03-20:d1cb1b4e5f0786d9aeb6","municipalityName":"国立市","prefectureName":"東京都","snapshotDate":"2009-03-20","sourceDataset":"historical-administrative-areas-beta","sourceProvider":"Geoshape","sourceResourceId":"gci:13215A1968"},"type":"Feature"},{"geometry":{"coordinates":[[[[139.719192026638,35.6418453999114],[139.7168985948406,35.63995765481366],[139.7178303015083,35.63505261222361],[139.71996247638248,35.63457293928894],[139.72220215587214,35.63598101145201],[139.72600065228664,35.63503713890314],[139.72632316613317,35.6328554007164],[139.72829408408407,35.63283992739593],[139.73092794716393,35.630271356197355],[139.73114295639496,35.626681545847546],[139.73393807639806,35.62610903299003],[139.73538938870738,35.62320004874105],[139.7379694994795,35.6245617009427],[139.7433268128188,35.62513421380021],[139.74676696051495,35.623230995381995],[139.75158675077674,35.62530442032542],[139.7524467877008,35.623973714764716],[139.75755325693726,35.6240975013285],[139.75742783488582,35.62793488480588],[139.75941667027266,35.62799677808778],[139.76029462463262,35.615834748195745],[139.7619967810448,35.61465877583977],[139.76371685489283,35.609599000045],[139.76300015745616,35.608686074137076],[139.77122426054225,35.59777738320338],[139.77324893080092,35.59581227150327],[139.76679865387064,35.59256287420387],[139.765419011305,35.594481565942566],[139.76255222155822,35.59460535250635],[139.76257013899414,35.58501189381289],[139.7559586051406,35.58493452721053],[139.75601235744836,35.589251583622584],[139.74859453897852,35.58900401049501],[139.74798534615735,35.590566815862815],[139.73587315947717,35.58736383852484],[139.73010374511173,35.58736383852484],[139.7289391117771,35.588833803969806],[139.73055168100967,35.59216056787157],[139.72824033177633,35.59438872601972],[139.72109127484526,35.59429588609689],[139.7191741092021,35.5918511014621],[139.71736444817444,35.59638478436078],[139.71533977791577,35.596910877256875],[139.71447974099172,35.599974594710595],[139.71182796047594,35.60065542081142],[139.70105958148957,35.60141361351461],[139.6982107091787,35.60357987838088],[139.69539767173967,35.60749462846063],[139.69557684609885,35.61210567796168],[139.7039801235441,35.62188481650082],[139.69613228661228,35.62482474739075],[139.70145376507975,35.625892406503404],[139.70401595841597,35.62470096082696],[139.7071335922656,35.625474626850625],[139.71462308047907,35.62904896387997],[139.7144439061199,35.634139686315685],[139.71322552047752,35.63755929014029],[139.7176332097132,35.64165972006572],[139.719192026638,35.6418453999114]]],[[[139.77134968259367,35.62313815545915],[139.77358936208336,35.62030653781254],[139.77059715028514,35.61868183916284],[139.7676586907947,35.62213238962839],[139.7687158195138,35.626449446040446],[139.77134968259367,35.62313815545915]]]],"type":"MultiPolygon"},"id":"geoshape:13:2009-03-20:d8e0af105419e692eb6a","properties":{"administrativeCode":"13109","jurisdictionId":"geoshape:13:2009-03-20:d8e0af105419e692eb6a","municipalityName":"品川区","prefectureName":"東京都","snapshotDate":"2009-03-20","sourceDataset":"historical-administrative-areas-beta","sourceProvider":"Geoshape","sourceResourceId":"gci:13109A1968"},"type":"Feature"},{"geometry":{"coordinates":[[[[139.72250675228275,35.71226448138548],[139.72325928459128,35.71040768292868],[139.72598273485073,35.709216237252235],[139.73184173639572,35.70926265721366],[139.73245092921692,35.70739038543638],[139.73585524204123,35.70918529061129],[139.7428072071772,35.708133104819105],[139.74587108871907,35.7029185958196],[139.73782615999215,35.69352629029229],[139.73157297485696,35.68958059357159],[139.72999624049623,35.68554205692806],[139.7315013051133,35.68148804696405],[139.728527010751,35.68283422584523],[139.72675318459517,35.67929083545683],[139.71958621022821,35.67831601626702],[139.7194787056127,35.6744941061101],[139.71655816355815,35.673426446997446],[139.714856007146,35.67508209228809],[139.71288508919508,35.67461789267389],[139.712903006631,35.677294777115776],[139.71478433740234,35.68086911414511],[139.71139794201395,35.68336031874132],[139.70740235380435,35.684458924494926],[139.70577186713587,35.688048734844735],[139.70270798559397,35.68777021507621],[139.70209879277277,35.68916281391881],[139.6950214055854,35.686656136002135],[139.68767525685925,35.68159636020736],[139.68498764147162,35.685882469978466],[139.6859731004471,35.687894001640004],[139.6832138153158,35.68871408762509],[139.68398426506025,35.69199443156543],[139.68840987173186,35.69932878546979],[139.68758566967966,35.704496874507875],[139.6889832296812,35.707560591961595],[139.69421512096912,35.71104208906809],[139.69007619327218,35.71149081536181],[139.68278379685378,35.71012916316016],[139.680347025569,35.71125871555471],[139.68185209018608,35.713161933972934],[139.6790928050548,35.71523535891636],[139.6790928050548,35.7182836030496],[139.67368173940773,35.72026418807019],[139.67576016197415,35.72195078000178],[139.6751868040248,35.72369926521527],[139.67733689633488,35.729377973828974],[139.68135040198038,35.7270415024375],[139.6827121271101,35.72363737193337],[139.6866181281401,35.722724446025445],[139.69572018558617,35.721749626835624],[139.69980536097535,35.72352905869006],[139.70458931636531,35.72301843911444],[139.70593312405913,35.718856115907116],[139.70455348149346,35.715869765055764],[139.70535976610975,35.713703500189496],[139.7105379050899,35.71353329366429],[139.71211463945065,35.714755685981686],[139.71440807124807,35.71317740729341],[139.72250675228275,35.71226448138548]]]],"type":"MultiPolygon"},"id":"geoshape:13:2009-03-20:d955f2dcf899e877c41e","properties":{"administrativeCode":"13104","jurisdictionId":"geoshape:13:2009-03-20:d955f2dcf899e877c41e","municipalityName":"新宿区","prefectureName":"東京都","snapshotDate":"2009-03-20","sourceDataset":"historical-administrative-areas-beta","sourceProvider":"Geoshape","sourceResourceId":"gci:13104A1968"},"type":"Feature"},{"geometry":{"coordinates":[[[[139.82035386982787,35.743427748818746],[139.82381193495993,35.73770262024362],[139.8297605236845,35.73117287900388],[139.84215938933937,35.71930484220084],[139.83904175548975,35.71710763069363],[139.83676624112823,35.71795866331966],[139.83415029548428,35.71716952397552],[139.8336306898427,35.714012966598965],[139.8393105170285,35.71087188254288],[139.83888049856648,35.70915434397034],[139.83438322215122,35.704728974314975],[139.8354045159985,35.70301143574243],[139.8306743129163,35.70301143574243],[139.81868754828753,35.70800931825532],[139.81969092469893,35.69303114403714],[139.81338398725597,35.69267525766626],[139.8114668216128,35.69190159164259],[139.81187892263893,35.688559354420356],[139.80946006879006,35.68699654905255],[139.80499862724662,35.68677992256592],[139.80480153545153,35.68849746113846],[139.8004834333954,35.68829630797231],[139.79915754313754,35.689719853455856],[139.79672077185276,35.68854388109988],[139.7934777159517,35.69081845920946],[139.79039591697392,35.6892866004826],[139.7891416964597,35.69101961237561],[139.78890876979276,35.69470226264826],[139.7934777159517,35.70121653056753],[139.79700745082744,35.707777218448214],[139.8058944990425,35.716612484438485],[139.80842085750686,35.7203725013135],[139.8097109128929,35.728140108191106],[139.81137723443322,35.73298325749926],[139.81440528110326,35.73668138109238],[139.81449486828285,35.73880122599722],[139.81657329084928,35.74146263711864],[139.82035386982787,35.743427748818746]]]],"type":"MultiPolygon"},"id":"geoshape:13:2009-03-20:dd443c05599bcb562284","properties":{"administrativeCode":"13107","jurisdictionId":"geoshape:13:2009-03-20:dd443c05599bcb562284","municipalityName":"墨田区","prefectureName":"東京都","snapshotDate":"2009-03-20","sourceDataset":"historical-administrative-areas-beta","sourceProvider":"Geoshape","sourceResourceId":"gci:13107A1968"},"type":"Feature"},{"geometry":{"coordinates":[[[[139.76093965232565,35.732209591475595],[139.76278514822513,35.730739626030626],[139.76491732309933,35.727211708962706],[139.76325100155898,35.721873413399415],[139.76867998464198,35.71582334509434],[139.7645052220732,35.71727783721884],[139.76566985540785,35.71357971362571],[139.76762285592284,35.71296078080678],[139.76821413130813,35.710454102890104],[139.76661947951146,35.708705617676614],[139.77122426054225,35.708984137445135],[139.7701312969513,35.705347907133905],[139.76989837028435,35.70336732211332],[139.76640447028046,35.701789043425045],[139.7685008102828,35.70014887145487],[139.7660102866903,35.69963825187925],[139.761298001044,35.70158789025889],[139.7571949082189,35.701711676822676],[139.74802118102917,35.70316616894717],[139.74587108871907,35.7029185958196],[139.7428072071772,35.708133104819105],[139.73585524204123,35.70918529061129],[139.73245092921692,35.70739038543638],[139.73184173639572,35.70926265721366],[139.72598273485073,35.709216237252235],[139.72325928459128,35.71040768292868],[139.72250675228275,35.71226448138548],[139.71747195278994,35.71461642609742],[139.71831407227808,35.71775751015351],[139.7247285143365,35.720016614942615],[139.72273967894967,35.725153757339754],[139.7264844230564,35.727056975757975],[139.72987081844482,35.72628330973431],[139.73196715844716,35.72410157154757],[139.73737822409421,35.726902242553244],[139.73596274665675,35.72934702718803],[139.73908038050638,35.731853705104704],[139.7408542066622,35.730352793018795],[139.7435239046139,35.732890417576414],[139.74244885845886,35.733787870163866],[139.74461686820487,35.73583034846635],[139.7491858143638,35.73287494425594],[139.75275138411138,35.73505668244268],[139.75993627591427,35.73157518533618],[139.76093965232565,35.732209591475595]]]],"type":"MultiPolygon"},"id":"geoshape:13:2009-03-20:de850431daa5789b7815","properties":{"administrativeCode":"13105","jurisdictionId":"geoshape:13:2009-03-20:de850431daa5789b7815","municipalityName":"文京区","prefectureName":"東京都","snapshotDate":"2009-03-20","sourceDataset":"historical-administrative-areas-beta","sourceProvider":"Geoshape","sourceResourceId":"gci:13105A1968"},"type":"Feature"},{"geometry":{"coordinates":[[[[139.36025203290401,34.79859585407685],[139.3634055016255,34.79854943411543],[139.3667202272702,34.79644506253106],[139.3714504303524,34.79828638766739],[139.3735646877907,34.797806714732715],[139.37630605548605,34.794557317433316],[139.38051665292664,34.79423237770338],[139.3830250939551,34.79067351399451],[139.38922452678253,34.78861556237156],[139.39117752729751,34.78887860881961],[139.39148212370813,34.79112224028824],[139.39454600525,34.788785768896766],[139.4009246124366,34.788445355846356],[139.40300303500302,34.78720749020849],[139.40594149449348,34.78756337657938],[139.40836034834234,34.786263617659614],[139.41205134014135,34.78713012360612],[139.418412029892,34.78191561460662],[139.42247928784528,34.78162162151762],[139.42452187553988,34.77896021039621],[139.43324766683165,34.772523309079304],[139.4367953191433,34.76743258664359],[139.43735075965677,34.764910435406435],[139.4415076047896,34.7553633966744],[139.4407909073529,34.75455878400978],[139.44385478889478,34.74739463663064],[139.4454136058196,34.74762673643774],[139.44795788171987,34.74491890535491],[139.44906876274675,34.74154572149172],[139.44813705607905,34.738017804423805],[139.44501942222942,34.73504692689293],[139.44394437607437,34.731859422875424],[139.44580778940977,34.72800656607757],[139.44485816530616,34.72526778835379],[139.4460407160767,34.722498063989065],[139.44906876274675,34.71974381294481],[139.44881791864393,34.71310575846176],[139.44455356889557,34.7097171012781],[139.44360394479193,34.70375987289587],[139.4501438089018,34.69685877196477],[139.44702617505217,34.693748634549635],[139.44475066069066,34.68940063149663],[139.44494775248575,34.68474316203416],[139.43948293453093,34.6855323013783],[139.439250007864,34.68799255933356],[139.437297007349,34.6887816986777],[139.4365803099123,34.686770167016164],[139.4407909073529,34.68249953056553],[139.4402713017113,34.6797916994827],[139.4344302176022,34.677996794307795],[139.43068547349546,34.67819794747395],[139.42826661964662,34.68129261156861],[139.42468313246312,34.682793523654524],[139.41599317604317,34.68078199199299],[139.41563482732482,34.68149376473477],[139.4069807057767,34.68084388527488],[139.40495603551804,34.682251957437956],[139.40017208012807,34.682437637283634],[139.3998854011534,34.683830236126234],[139.3960869047389,34.68361360963961],[139.39486851909652,34.687048686784685],[139.39144628883628,34.68644522728623],[139.38924244421844,34.68904474512574],[139.38628606729205,34.69025166412266],[139.3840643052383,34.69345464146064],[139.37988954266953,34.6956827996088],[139.37671815651214,34.6956827996088],[139.37621646830647,34.69698255852856],[139.37107416419815,34.69952018308618],[139.36458805239604,34.70037121571222],[139.3594995005955,34.70201138768239],[139.36120165700765,34.70923742834343],[139.36016244572443,34.71132632660733],[139.35381967340967,34.71671104213204],[139.35249378315177,34.718784467075466],[139.35235044366445,34.72477264209864],[139.3532463154603,34.730931023647024],[139.3567402154642,34.73492314032914],[139.3567402154642,34.74228844087444],[139.353532994435,34.74450112570213],[139.3526192052032,34.74693043701644],[139.35319256315256,34.7500251011111],[139.35048703032902,34.75691072872173],[139.34898196571197,34.75889131374231],[139.3488207087887,34.766117354403356],[139.35093496622696,34.76682912714513],[139.35152624161225,34.771331863402864],[139.34930447955847,34.77504546031646],[139.35023618622617,34.784066406152405],[139.3519920949461,34.78426755931856],[139.35424969187167,34.79031762762363],[139.35862154623553,34.79304093202693],[139.36066413393013,34.797419881720884],[139.36025203290401,34.79859585407685]]]],"type":"MultiPolygon"},"id":"geoshape:13:2009-03-20:eabb353570e5e85fc882","properties":{"administrativeCode":"13361","jurisdictionId":"geoshape:13:2009-03-20:eabb353570e5e85fc882","municipalityName":"大島町","prefectureName":"東京都","snapshotDate":"2009-03-20","sourceDataset":"historical-administrative-areas-beta","sourceProvider":"Geoshape","sourceResourceId":"gci:13361A1968"},"type":"Feature"},{"geometry":{"coordinates":[[[[139.13608699214097,35.77025848651949],[139.13913295624695,35.76799938173038],[139.1437019024059,35.766173529914525],[139.14721371984572,35.76213499327099],[139.1446515265095,35.76020082821183],[139.1421789203529,35.7599842017252],[139.13992132342733,35.757632257013256],[139.1407276080436,35.75545051882652],[139.1493458947199,35.7542435998296],[139.1539865106225,35.75009674994275],[139.1565666213946,35.74469656109756],[139.16409194447994,35.74132337723438],[139.1645757152497,35.73759430700031],[139.16584785319984,35.73617076151676],[139.16432487114687,35.732550004526004],[139.16624203679004,35.72908398073998],[139.16554325678925,35.7245502978413],[139.16726333063733,35.72184246675847],[139.16572243114842,35.71842286293386],[139.16638537627736,35.71373444683044],[139.16511323832722,35.71127418887519],[139.16532824755825,35.70624535972136],[139.17219062551462,35.70158789025889],[139.17229813013012,35.69388217666317],[139.1696821844862,35.69088035249135],[139.17142017577018,35.688745034266034],[139.1700046983327,35.68011092144192],[139.16597327525128,35.67511303892904],[139.16475488960887,35.670316309582304],[139.16160142088742,35.66790247158847],[139.15359232703233,35.66601472649073],[139.14715996753796,35.66681933915534],[139.14285978291778,35.66996042321142],[139.13893586445187,35.67054840938941],[139.13692911162912,35.67231236792337],[139.13350688136887,35.67290035410135],[139.13103427521227,35.67204932147532],[139.1287229259789,35.67537608537708],[139.11971045571244,35.6801263947624],[139.11632406032405,35.68388641163741],[139.11361852750053,35.68436608457208],[139.1081537095457,35.689828166699165],[139.10562735108135,35.69101961237561],[139.09709865158464,35.69227295133395],[139.09224302645103,35.690570886081886],[139.08439518951917,35.693077563998564],[139.08201217054216,35.695553295274294],[139.07654735258734,35.694903415814416],[139.0721038284798,35.69541403539004],[139.07068835104235,35.69759577357677],[139.06486518436918,35.698152813113815],[139.06271509205908,35.70072138431239],[139.05262757563756,35.70482181423782],[139.05067457512257,35.70737491211591],[139.0466969043489,35.70947928370028],[139.04406304126903,35.709448337059335],[139.0387057279297,35.71128966219566],[139.0347818094638,35.71495683914784],[139.02897656022657,35.716767217643216],[139.02483763252962,35.719707148533146],[139.02207834739835,35.72266255274355],[139.02198876021876,35.725045444096445],[139.01795733713732,35.73111098572198],[139.0138004920045,35.73499478916079],[139.01229542738741,35.738661966112964],[139.02168416380815,35.74013193155793],[139.02711314689114,35.74237556302656],[139.0283136150976,35.74452635457236],[139.03182543253743,35.74429425476525],[139.0344592956173,35.742452929628925],[139.03967326946926,35.74440256800857],[139.04141126075325,35.746181999863],[139.03967326946926,35.75011222326322],[139.0427013161393,35.755110105776104],[139.04311341716542,35.75767867697468],[139.0491695105055,35.760061568327565],[139.05488517256316,35.76016988157088],[139.05660524641124,35.76329549230649],[139.06094126590327,35.76410010497111],[139.06361096385496,35.765601017057016],[139.06649567103767,35.76564743701844],[139.07359097566098,35.77002638671239],[139.07502437053435,35.7719914984125],[139.08007708746308,35.77010375331475],[139.08281845515845,35.769887126828124],[139.0867782084962,35.771248779029776],[139.08846244747244,35.77019659323759],[139.09340765978564,35.76996449343049],[139.09661488081488,35.77592172181272],[139.1022051208211,35.77838197976798],[139.10584236031235,35.779109225830226],[139.10754451672452,35.77683464772065],[139.11435314237315,35.77353883045983],[139.11501608750208,35.772594957910954],[139.12513943879543,35.76759707539807],[139.12820332033732,35.76697814257914],[139.1307475962376,35.76512134412234],[139.13608699214097,35.77025848651949]]]],"type":"MultiPolygon"},"id":"geoshape:13:2009-03-20:ec43c09ccbe062343781","properties":{"administrativeCode":"13307","jurisdictionId":"geoshape:13:2009-03-20:ec43c09ccbe062343781","municipalityName":"檜原村","parentJurisdictionName":"西多摩郡","prefectureName":"東京都","snapshotDate":"2009-03-20","sourceDataset":"historical-administrative-areas-beta","sourceProvider":"Geoshape","sourceResourceId":"gci:13307A1968"},"type":"Feature"},{"geometry":{"coordinates":[[[[139.88998102580302,35.7507621027231],[139.89286573298574,35.74808521828122],[139.89666422940022,35.74670809275909],[139.89944143196743,35.74438709468809],[139.9009644140204,35.74007003827604],[139.90087482684083,35.73745504711604],[139.89793636735035,35.73186917842518],[139.89720175247774,35.726747509348506],[139.89865306478706,35.72345169208769],[139.90397454325455,35.71958336196936],[139.90811347095146,35.713858233394234],[139.91621215198614,35.70800931825532],[139.9187385104505,35.69770408682008],[139.91384705044504,35.69092677245277],[139.90863307659308,35.68551111028711],[139.90377745145943,35.68311274561374],[139.8935465955506,35.68199866653967],[139.88793843810842,35.67998713487813],[139.88643337349137,35.678563589394585],[139.885645006311,35.67208026811627],[139.88722174067172,35.66878445085545],[139.88738299759498,35.65617369466969],[139.88689922682522,35.65372891003491],[139.88349491400092,35.64512574385174],[139.87378366373366,35.639833868249866],[139.87080936937136,35.63887452238052],[139.8631407067987,35.638394849445845],[139.85643958576557,35.639787448288445],[139.8495772078092,35.64275832581933],[139.850490997041,35.65652958104058],[139.8455457847278,35.65671526088626],[139.84688959242158,35.673844226650225],[139.84821548267948,35.6791361022521],[139.84550994985594,35.68128689379789],[139.84789296883295,35.69053993944094],[139.84769587703786,35.694965309096304],[139.84380779344377,35.69952993863593],[139.8354045159985,35.70301143574243],[139.83438322215122,35.704728974314975],[139.83888049856648,35.70915434397034],[139.8393105170285,35.71087188254288],[139.8336306898427,35.714012966598965],[139.83415029548428,35.71716952397552],[139.83676624112823,35.71795866331966],[139.83904175548975,35.71710763069363],[139.84215938933937,35.71930484220084],[139.85135103396502,35.71085640922241],[139.8562604114064,35.71446169289269],[139.86224483500283,35.71283699424299],[139.86659877193077,35.71291436084536],[139.8685696898817,35.71458547945648],[139.86625834064833,35.71853117617717],[139.86873094680493,35.723807578458576],[139.8705406078326,35.72470503104603],[139.87027184629383,35.728759041010036],[139.87217109450108,35.73004332660933],[139.87192025039823,35.73244169128269],[139.87394492065692,35.73601602831203],[139.8729236268096,35.73737768051368],[139.87654294886494,35.737037267463265],[139.87758216014817,35.74092107090207],[139.8805027022027,35.740286664762664],[139.88186442733243,35.744356148047146],[139.8850358134898,35.74556306704407],[139.88075354630553,35.74972539025139],[139.88998102580302,35.7507621027231]]],[[[139.8496667949888,35.63582627824728],[139.84995347396347,35.63912209550809],[139.85237232781233,35.640251647902645],[139.85905553140952,35.637667603383605],[139.85875093499894,35.635996484772484],[139.85434324576323,35.63837937612537],[139.85004306114305,35.638518636009636],[139.8496667949888,35.63582627824728]]]],"type":"MultiPolygon"},"id":"geoshape:13:2009-03-20:f18fa86f56263e0b7976","properties":{"administrativeCode":"13123","jurisdictionId":"geoshape:13:2009-03-20:f18fa86f56263e0b7976","municipalityName":"江戸川区","prefectureName":"東京都","snapshotDate":"2009-03-20","sourceDataset":"historical-administrative-areas-beta","sourceProvider":"Geoshape","sourceResourceId":"gci:13123A1968"},"type":"Feature"},{"geometry":{"coordinates":[[[[139.58665675315675,35.71190859501459],[139.59547213162813,35.70544074705675],[139.59283826854826,35.701092744003745],[139.59025815777616,35.69482604921205],[139.58828723982523,35.69561518855619],[139.5867105054645,35.69395954326554],[139.58482917469317,35.697255360526356],[139.5799197972518,35.69881816589417],[139.5766588239148,35.701433157054154],[139.57255573108972,35.698849112535115],[139.57051314339515,35.69892647913748],[139.55015893619293,35.70678692593793],[139.55066062439863,35.695011729057725],[139.54227526438925,35.69669832098932],[139.54218567720966,35.69529024882625],[139.53652376745976,35.69533666878767],[139.53641626284426,35.69829207299807],[139.53392573925174,35.6989728990989],[139.53218774796775,35.7029185958196],[139.53254609668608,35.709107924008926],[139.52763671924473,35.70977327678928],[139.52738587514187,35.71282152092252],[139.52521786539586,35.71305362072962],[139.52645416847417,35.71727783721884],[139.52690210437208,35.718515702856706],[139.53000182078583,35.717494463705464],[139.52941054540054,35.71279057428157],[139.53736588694787,35.71132060883661],[139.5494064038844,35.71692195084795],[139.55458454286455,35.72077480764581],[139.55994185620386,35.7219971999632],[139.5656396008256,35.72165678691279],[139.5751179244259,35.71899537579137],[139.57943602648203,35.715560298646295],[139.58665675315675,35.71190859501459]]]],"type":"MultiPolygon"},"id":"geoshape:13:2009-03-20:f794cf603e9008e4028b","properties":{"administrativeCode":"13203","jurisdictionId":"geoshape:13:2009-03-20:f794cf603e9008e4028b","municipalityName":"武蔵野市","prefectureName":"東京都","snapshotDate":"2009-03-20","sourceDataset":"historical-administrative-areas-beta","sourceProvider":"Geoshape","sourceResourceId":"gci:13203A1968"},"type":"Feature"},{"geometry":{"coordinates":[[[[139.48570991919792,35.70838067794668],[139.487429993046,35.706461986207984],[139.4844556986837,35.702253243039245],[139.4914434986915,35.700241711377714],[139.48958008535607,35.69544498203098],[139.48646245150644,35.69216463809064],[139.47822043098444,35.690369732915734],[139.4773783114963,35.68933302044402],[139.46653826276625,35.688435567856565],[139.46377897763497,35.68979722005822],[139.46779248328048,35.69248957782058],[139.466807024305,35.69533666878767],[139.46376106019906,35.695429508710504],[139.46297269301868,35.69987035168635],[139.46024924275923,35.699854878365876],[139.45940712327112,35.692381264577264],[139.45560862685662,35.69473320928921],[139.4484058176178,35.70093801079901],[139.4416151094051,35.7003654979415],[139.44100591658392,35.701324843810845],[139.43199344631745,35.70164978354078],[139.4303092073412,35.70353752863853],[139.4356306858087,35.703723208484206],[139.42826661964662,35.7173552038212],[139.4330864099084,35.71930484220084],[139.43654447504048,35.71477115930216],[139.4416151094051,35.71582334509434],[139.4438727063307,35.71173838848939],[139.44611238582038,35.722879179230176],[139.45788414121813,35.720821227607225],[139.45845749916748,35.71808244988345],[139.47202099815698,35.71539009212109],[139.4719314109774,35.71102661574761],[139.4784891925232,35.708705617676614],[139.4802271838072,35.714368852969855],[139.48570991919792,35.70838067794668]]]],"type":"MultiPolygon"},"id":"geoshape:13:2009-03-20:f7f4a1b14cfbefb03483","properties":{"administrativeCode":"13214","jurisdictionId":"geoshape:13:2009-03-20:f7f4a1b14cfbefb03483","municipalityName":"国分寺市","prefectureName":"東京都","snapshotDate":"2009-03-20","sourceDataset":"historical-administrative-areas-beta","sourceProvider":"Geoshape","sourceResourceId":"gci:13214A1968"},"type":"Feature"},{"geometry":{"coordinates":[[[[139.51636665205265,35.76557007041607],[139.52138353410953,35.767566128757124],[139.5303064171964,35.76835526810127],[139.54782966952365,35.77398755675355],[139.54700546747145,35.768154114935115],[139.54763257772856,35.766173529914525],[139.54696963259963,35.76030914145514],[139.5445866136226,35.75475421940522],[139.53319112437913,35.74463466781567],[139.52842508642507,35.7447275077385],[139.52717086591085,35.743659848625846],[139.5313097936078,35.74027119144219],[139.5296972243752,35.73972962522562],[139.52016514846713,35.733447457113456],[139.52109685513486,35.73895595920196],[139.51509451410251,35.73911069240669],[139.51263982538183,35.73798114001214],[139.50817838383838,35.73839891966492],[139.50857256742856,35.741261483952485],[139.50672707152907,35.74201967665567],[139.50559827306625,35.73205485827086],[139.50443363973164,35.73219411815512],[139.50472031870632,35.741029384145385],[139.50378861203862,35.74283976264076],[139.49810878485277,35.74585706013306],[139.49816253716054,35.74434067472667],[139.491335994076,35.74150905708006],[139.48941882843283,35.744897714263715],[139.48572783663383,35.74387647511247],[139.48730457099455,35.74898267086867],[139.49388026997627,35.75382582017682],[139.4947582243362,35.758282136473134],[139.50479198845,35.76109828079928],[139.50859048486447,35.762042153348155],[139.51636665205265,35.76557007041607]]]],"type":"MultiPolygon"},"id":"geoshape:13:2009-03-20:fc356690bb0521948c94","properties":{"administrativeCode":"13222","jurisdictionId":"geoshape:13:2009-03-20:fc356690bb0521948c94","municipalityName":"東久留米市","prefectureName":"東京都","snapshotDate":"2009-03-20","sourceDataset":"historical-administrative-areas-beta","sourceProvider":"Geoshape","sourceResourceId":"gci:13222A1970"},"type":"Feature"},{"geometry":{"coordinates":[[[[139.28750724307923,34.47710667460267],[139.29565967642168,34.47391917058517],[139.29952984257983,34.47145891262991],[139.29847271386072,34.46989610726211],[139.2916640882121,34.47012820706921],[139.28946024359425,34.475064196300195],[139.28750724307923,34.47710667460267]]],[[[139.27876353435153,34.41754986410086],[139.28107488358486,34.421000414566414],[139.28177366358565,34.4238475055335],[139.28016109435308,34.42698858958959],[139.28034026871225,34.42961905407005],[139.27849477281276,34.43130564600165],[139.2832608107668,34.4308104997465],[139.28394167333167,34.428891808007805],[139.28813435333635,34.427622995728996],[139.28868979384978,34.42541031090131],[139.2909473907754,34.424528331634335],[139.29123406975006,34.419453082519084],[139.29232703334102,34.419035302866305],[139.28698763743762,34.41470277313377],[139.28641427948827,34.41214967525568],[139.29125198718597,34.40832776509876],[139.2893169041069,34.40611508027108],[139.2892273169273,34.40156592405192],[139.28517797640998,34.400219745170745],[139.2783335158895,34.391477319103316],[139.27686428614427,34.385551037362035],[139.276273010759,34.37937718249318],[139.275842992297,34.36274336298436],[139.2758609097329,34.35072059297659],[139.2767926164006,34.34877095459696],[139.27568173537372,34.34366475884076],[139.27335246870447,34.34038441490041],[139.27211616562616,34.33001729018329],[139.25774638202037,34.335943571924574],[139.25679675791676,34.337568270574266],[139.25158278406477,34.34026062833663],[139.2487518291898,34.345196617567616],[139.24445164456964,34.34801276189376],[139.2441112132872,34.35013260679861],[139.2455625255965,34.35545542904143],[139.24351993790194,34.362108956844956],[139.24162068969468,34.36238747661348],[139.24335868097867,34.36784955874056],[139.2416386071306,34.370418129939125],[139.24561627790428,34.36763293225393],[139.24905642560043,34.37130010920611],[139.25378662868263,34.37931528921129],[139.25554253740253,34.38460716481316],[139.25729844612243,34.394216096827094],[139.25480792252992,34.39769759393359],[139.25624131740332,34.398827146328145],[139.25513043637642,34.40090057127157],[139.25853474920075,34.40201465034565],[139.25987855689456,34.4043047017757],[139.26677676972275,34.40832776509876],[139.2660959071579,34.41054044992645],[139.2678518158778,34.41174736892337],[139.26693802664602,34.413650587341586],[139.2692852107512,34.41655957159057],[139.27216991793392,34.41693093128193],[139.27383623947424,34.41553833243933],[139.27876353435153,34.41754986410086]]],[[[139.22771675942275,34.37051096986197],[139.22443786864986,34.37349732071332],[139.22486788711188,34.37575642550242],[139.22938308096306,34.37277007465107],[139.2288993101933,34.36719967928068],[139.22594293326694,34.36772577217677],[139.22771675942275,34.37051096986197]]],[[[139.20716546042544,34.333777307058305],[139.2091722132482,34.336717237948235],[139.2126481958162,34.33690291779392],[139.21558665530665,34.335448425669426],[139.21395616863816,34.33270964794565],[139.21793383941184,34.33311195427795],[139.22700006198605,34.3303577032337],[139.22673130044728,34.326118013424015],[139.22192942762143,34.32296145604745],[139.21949265633666,34.32228062994663],[139.2170738024878,34.318334933225934],[139.2138128291508,34.31793262689362],[139.2128452876113,34.316122248398244],[139.2067175245275,34.319495432261434],[139.2074163045283,34.32121297083397],[139.2039224045244,34.32180095701196],[139.2023815050355,34.32060951133551],[139.20130645888045,34.31643171480771],[139.19585955836155,34.317019700985696],[139.19403197989797,34.3202072050032],[139.19752587990186,34.32433858156958],[139.20078685323884,34.32562286716887],[139.20064351375152,34.329599510530514],[139.20476452401252,34.32676789288389],[139.2062695886296,34.329862556978554],[139.20856302042702,34.33136346906447],[139.20716546042544,34.333777307058305]]],[[[139.2750187902448,34.32656673971774],[139.27704346050345,34.327587978868976],[139.2805911128151,34.32532887407987],[139.2771688825549,34.32404458848059],[139.2750187902448,34.32656673971774]]]],"type":"MultiPolygon"},"id":"geoshape:13:2009-03-20:fc8504d1af97e2c4af50","properties":{"administrativeCode":"13363","jurisdictionId":"geoshape:13:2009-03-20:fc8504d1af97e2c4af50","municipalityName":"新島村","prefectureName":"東京都","snapshotDate":"2009-03-20","sourceDataset":"historical-administrative-areas-beta","sourceProvider":"Geoshape","sourceResourceId":"gci:13363A1992"},"type":"Feature"},{"geometry":{"coordinates":[[[[139.4509859283899,35.73699084750184],[139.4455211104351,35.73504120912221],[139.44247514632914,35.73635644136244],[139.42869663810862,35.730074273250274],[139.42643904118304,35.73016711317311],[139.4255969216949,35.73101814579915],[139.41622610271008,35.732085804911804],[139.41441644168245,35.73302967746068],[139.4135743221943,35.73643380796481],[139.4111913032173,35.73725389394989],[139.4119259180899,35.73976057186657],[139.41070753244753,35.74184947013047],[139.41061794526794,35.747760278551276],[139.40746447654647,35.74862678449779],[139.40748239398238,35.75322236067836],[139.40902329347128,35.75523389233989],[139.40927413757413,35.75823571651171],[139.40753614629014,35.76085070767171],[139.40513520987722,35.762042153348155],[139.40260885141285,35.76108280747881],[139.40053042884642,35.761964786745786],[139.39167921550322,35.763357385588385],[139.39845200628,35.76440957138057],[139.40067376833377,35.76818506157606],[139.40488436577436,35.76915988076588],[139.40950706424107,35.768695681151684],[139.41590358886359,35.76628184315784],[139.42049045245844,35.766219949875946],[139.4220851042551,35.76778275524376],[139.4276215919536,35.766452049683046],[139.43545151144951,35.7671174024634],[139.43962627401828,35.76915988076588],[139.44077298991698,35.76700908922009],[139.44000254017254,35.763744218600216],[139.44054006325007,35.7602163015323],[139.44414146786946,35.75574451191551],[139.44620197299997,35.75565167199267],[139.44752786325785,35.75260342785943],[139.4475457806938,35.74924571731672],[139.45138011198011,35.74560948700549],[139.45069924941524,35.741988730014725],[139.4509859283899,35.73699084750184]]]],"type":"MultiPolygon"},"id":"geoshape:13:2009-03-20:fecee66cd18bae038131","properties":{"administrativeCode":"13220","jurisdictionId":"geoshape:13:2009-03-20:fecee66cd18bae038131","municipalityName":"東大和市","prefectureName":"東京都","snapshotDate":"2009-03-20","sourceDataset":"historical-administrative-areas-beta","sourceProvider":"Geoshape","sourceResourceId":"gci:13220A1970"},"type":"Feature"}],"type":"FeatureCollection"}
