{"features":[{"geometry":{"coordinates":[[[[139.73150087512226,35.68148804696399],[139.73383014151804,35.678873055804004],[139.73676860066348,35.678873055804004],[139.73906203219164,35.67401443317538],[139.74316512453498,35.67144586197681],[139.7491853822964,35.670780509196454],[139.75801867716655,35.668691610932555],[139.7621396869437,35.66688123243718],[139.76222927411277,35.66295100903695],[139.75941623700402,35.660026551467496],[139.75998959488604,35.65860300598395],[139.7656873388388,35.6555547618507],[139.76486313688338,35.65150075188669],[139.7609750537458,35.65182569161663],[139.75903997089392,35.645001957287896],[139.76038377842994,35.64501743060837],[139.7604554481652,35.636862990718924],[139.75477562164627,35.638843575739514],[139.75264344702242,35.63441820608414],[139.75918331036442,35.633613593419526],[139.75941623700402,35.627996778087706],[139.7574274018507,35.62793488480582],[139.75755282388738,35.624097501328436],[139.75244635525047,35.623973714764645],[139.75158631842743,35.62530442032535],[139.74676652873154,35.623230995381924],[139.74332638143932,35.625134213800145],[139.737969068729,35.624561700942635],[139.73538895825985,35.623200048740976],[139.73393764612092,35.626109032989966],[139.731142526446,35.62648039268132],[139.73092751724022,35.63027135619729],[139.72632273675012,35.63285540071634],[139.72600022294145,35.63503713890307],[139.72220172697297,35.635981011451946],[139.71996204774624,35.63457293928887],[139.7178298731224,35.63505261222355],[139.7168981665641,35.639957654813585],[139.71919159809227,35.64184539991133],[139.7235634519428,35.64670402253996],[139.72216589210532,35.6556166551326],[139.71446139556545,35.657349667025606],[139.71378053308052,35.65976350501945],[139.70856655984073,35.66406508811103],[139.71381636794814,35.66934149039243],[139.7149272488446,35.67299319402414],[139.71655773532163,35.6734264469974],[139.7194782770333,35.67449410611005],[139.71958578163617,35.67831601626696],[139.72675275516164,35.67929083545678],[139.7285265811092,35.68283422584517],[139.73150087512226,35.68148804696399]]],[[[139.7687153851533,35.626449446040375],[139.77749492772205,35.63181868824462],[139.77489689981905,35.63486693237787],[139.77267513802616,35.632530460986395],[139.77084755977714,35.63305655388248],[139.77701115700907,35.63604290473384],[139.78235055228555,35.62949769017362],[139.77134924792392,35.62313815545909],[139.7687153851533,35.626449446040375]]]],"type":"MultiPolygon"},"id":"geoshape:13:2010-10-01:02f6c925d02f2ed86fcf","properties":{"administrativeCode":"13103","jurisdictionId":"geoshape:13:2010-10-01:02f6c925d02f2ed86fcf","municipalityName":"港区","prefectureName":"東京都","snapshotDate":"2010-10-01","sourceDataset":"historical-administrative-areas-beta","sourceProvider":"Geoshape","sourceResourceId":"gci:13103A1968"},"type":"Feature"},{"geometry":{"coordinates":[[[[139.163518223228,35.85087448618549],[139.1625685992359,35.84954378062478],[139.16642084750583,35.84456137143237],[139.166116251131,35.84296761942362],[139.17199316942188,35.83996579525179],[139.17532581211123,35.836066518492515],[139.1773504821322,35.83515359258459],[139.178425528161,35.83058896304496],[139.17523622494218,35.8271384125794],[139.17740423443362,35.82048488477587],[139.17421493121478,35.812825591141575],[139.17550498644937,35.8068374161184],[139.1735699035975,35.806760049516036],[139.17145564640748,35.80347970557569],[139.16473660872734,35.801561013837],[139.15837591972348,35.798280669896656],[139.15640500200396,35.79863655626754],[139.14981138636054,35.796377451478435],[139.14692667951653,35.79303521425619],[139.1475717071338,35.78901215093313],[139.1464787436712,35.78574728031326],[139.1477867163396,35.781971790117765],[139.1427160825703,35.78102791756889],[139.14053015564502,35.779031859227835],[139.13716167808806,35.77797967343565],[139.1376275313672,35.77242475138573],[139.13608663205923,35.77025848651946],[139.13074723678275,35.76512134412232],[139.12820296118122,35.76697814257912],[139.12513907999906,35.76759707539805],[139.11501572989434,35.77259495791093],[139.11435278484322,35.773538830459806],[139.107544159994,35.77683464772063],[139.1058420037817,35.779109225830204],[139.10220476471753,35.77838197976796],[139.09661452536767,35.7759217218127],[139.09340730471502,35.769964493430464],[139.0884620929824,35.77019659323757],[139.08677785420394,35.771248779029754],[139.0828181013311,35.7698871268281],[139.07502401762216,35.771991498412476],[139.07359062291707,35.77002638671236],[139.06649531912683,35.76564743701841],[139.06361061228282,35.765601017056994],[139.0609409146446,35.76410010497108],[139.05660489566168,35.76329549230647],[139.05488482201557,35.76016988157085],[139.049169160629,35.760061568327544],[139.04311306799994,35.75767867697465],[139.04270096702223,35.755110105776076],[139.03967292070772,35.750112223263194],[139.04141091178766,35.74618199986297],[139.03967292070772,35.74440256800854],[139.03445894746793,35.7424529296289],[139.03182508469732,35.74429425476522],[139.02831326766983,35.74452635457232],[139.0271127996043,35.74237556302653],[139.02168381715876,35.7401319315579],[139.0122950818404,35.73866196611293],[139.01039583385614,35.74229819642416],[139.00568354876313,35.748131638242604],[139.00514602574873,35.750452636313604],[139.00215381430183,35.750112223263194],[138.9988211716125,35.75113346241443],[138.992424647741,35.75551241210838],[138.98936076655886,35.763496645472614],[138.98439763739245,35.767767281923255],[138.9836630226061,35.77202244505342],[138.98531142651697,35.77440533640631],[138.98642230741342,35.78225030988629],[138.98504266500976,35.785267607378586],[138.98187127922472,35.787077985873964],[138.97952409539513,35.78709345919444],[138.97687231519072,35.789027624253606],[138.9771052418303,35.79275669448768],[138.97180168142143,35.79899244263842],[138.97031453441488,35.804578311329294],[138.97108498406888,35.80999397349496],[138.97221378239914,35.81112352588951],[138.97147916761278,35.81479070284169],[138.96975909396667,35.815858361954355],[138.96972325909906,35.82450794809894],[138.97047579131922,35.82732409242509],[138.9692932406875,35.831378102389095],[138.96425844178586,35.82938204404804],[138.96223377176491,35.82958319721419],[138.95325713742426,35.83651524478624],[138.94746980630242,35.84270457297557],[138.94854485233125,35.84954378062478],[138.9457497326563,35.85409293684394],[138.94392215440732,35.85482018290618],[138.9428650258123,35.86015847846948],[138.94653809974412,35.86435174831775],[138.94514053990665,35.867926085347094],[138.94972740296296,35.869241317587324],[138.95445760548978,35.87490455288056],[138.965208065778,35.8777825904886],[138.96802110288675,35.88220796014397],[138.97248254390635,35.881975860336865],[138.97893282007928,35.885008631149645],[138.98525767421552,35.88118672099273],[138.9887515738092,35.88114030103131],[138.9953272720188,35.8842194918055],[139.00116835544208,35.88420401848503],[139.00665109018908,35.889619680650696],[139.00679442965958,35.89364274397376],[139.01032416412087,35.89717066104167],[139.01337012786922,35.89825379347481],[139.01840492677087,35.89842400000001],[139.02089545007095,35.897155187721204],[139.02399516612073,35.89729444760546],[139.0293345613972,35.89291549791151],[139.03761241581915,35.8890935877546],[139.04035378319264,35.8863083900694],[139.0430234808309,35.88548830408431],[139.04832704123973,35.881202194313204],[139.04983210568008,35.87883477628078],[139.057823281161,35.87750407072008],[139.06144260279137,35.87371310720411],[139.07006088845574,35.8715777889788],[139.07204972360907,35.8715777889788],[139.07776538499564,35.87533780585381],[139.0825314223901,35.87487360623961],[139.083982734529,35.8734345874356],[139.0892325426364,35.87103622276223],[139.09154389159838,35.8689627978188],[139.0957544885446,35.86941152411253],[139.09894379176345,35.86871522469123],[139.10129097559303,35.865713400519404],[139.1026706179967,35.86657990646591],[139.1157682621145,35.86446006156106],[139.1291167503057,35.86557414063515],[139.13123100749573,35.864475534881535],[139.13535201727288,35.86538846078946],[139.13979554085867,35.86377923546024],[139.14678334004603,35.86285083623184],[139.15948680061993,35.85694002781103],[139.163518223228,35.85087448618549]]]],"type":"MultiPolygon"},"id":"geoshape:13:2010-10-01:05f3f8360f39dc6f82ee","properties":{"administrativeCode":"13308","jurisdictionId":"geoshape:13:2010-10-01:05f3f8360f39dc6f82ee","municipalityName":"奥多摩町","parentJurisdictionName":"西多摩郡","prefectureName":"東京都","snapshotDate":"2010-10-01","sourceDataset":"historical-administrative-areas-beta","sourceProvider":"Geoshape","sourceResourceId":"gci:13308A1968"},"type":"Feature"},{"geometry":{"coordinates":[[[[139.69684855812656,35.798899602715586],[139.69063120859323,35.79057495630094],[139.68946657539533,35.78679946610545],[139.6912762362105,35.784416574752555],[139.69496722757614,35.78262166957765],[139.69844320973598,35.7821265233225],[139.70215211853542,35.78407616170214],[139.70238504517502,35.78107433753031],[139.7056639355629,35.770707212813186],[139.70639855034926,35.76666867616965],[139.7108958262365,35.763620432036404],[139.71317134033086,35.76326454566552],[139.71628897381444,35.76072692110789],[139.7204279010254,35.755063685814655],[139.72270341511975,35.75322236067833],[139.72141335988516,35.74630578642675],[139.7195141119009,35.74503697414794],[139.71042997295737,35.74579516685114],[139.70829779833352,35.74163284364381],[139.70233129287357,35.73615528819625],[139.70098748533755,35.73991530507127],[139.69921365938998,35.73972962522559],[139.6988553107137,35.742391036347],[139.6945372091646,35.7422208298218],[139.6925662914451,35.74362890198487],[139.68960991486583,35.741323377234345],[139.68075870256186,35.73875480603577],[139.67919988582008,35.74017835151932],[139.68083037229712,35.74381458183055],[139.6758314082631,35.74539286051883],[139.67206874716223,35.74522265399362],[139.67502512374148,35.751891655117625],[139.673340884963,35.75450664627762],[139.67369923363927,35.7584059230369],[139.67058160015569,35.7622897264757],[139.6690048659801,35.76654488960586],[139.66112119510206,35.76866473451071],[139.65112326703402,35.76917535408633],[139.64791604638137,35.768618314549286],[139.64295291721496,35.77092383929981],[139.6405161462163,35.769113460804434],[139.63481840226353,35.76880399439497],[139.6347288150945,35.76987165350763],[139.63021362177344,35.772331911462885],[139.62935358495037,35.77172845196443],[139.629389419818,35.77688106768204],[139.6251788228718,35.77793325347423],[139.62471296959262,35.77982099857198],[139.62906690600934,35.785731806992786],[139.63168285134614,35.78633526649125],[139.63155742930945,35.78820753826852],[139.6342271269477,35.79034285649384],[139.63754185220324,35.79085347606946],[139.63940526531985,35.792849534410514],[139.64056989851775,35.797692683718665],[139.64368753200134,35.79821877661476],[139.64823856019,35.79763079043677],[139.65336294626073,35.80023030827629],[139.6577706349789,35.80050882804481],[139.66975739820026,35.800245781596765],[139.67841151873228,35.79882223611322],[139.68661770341896,35.8006326146086],[139.69059537372559,35.80080282113381],[139.69684855812656,35.798899602715586]]]],"type":"MultiPolygon"},"id":"geoshape:13:2010-10-01:081ab62844c9b3e8bfcb","properties":{"administrativeCode":"13119","jurisdictionId":"geoshape:13:2010-10-01:081ab62844c9b3e8bfcb","municipalityName":"板橋区","prefectureName":"東京都","snapshotDate":"2010-10-01","sourceDataset":"historical-administrative-areas-beta","sourceProvider":"Geoshape","sourceResourceId":"gci:13119A1968"},"type":"Feature"},{"geometry":{"coordinates":[[[[139.83540407380792,35.70301143574239],[139.84380735026653,35.69952993863589],[139.8476954334041,35.69496530909626],[139.84789252517606,35.69053993944089],[139.84550950647883,35.68128689379784],[139.8482150389847,35.679136102252045],[139.8468891488825,35.673844226650175],[139.84554534134645,35.6567152608862],[139.84289356114203,35.65682357412952],[139.84201560688516,35.654208582969524],[139.84038512040811,35.633567173458104],[139.82160764977135,35.63194247480841],[139.82123138366129,35.63341244025337],[139.83366608272797,35.63465030589124],[139.8344902846834,35.644027138098075],[139.82279020040306,35.64292853234447],[139.82081928268354,35.64204655307749],[139.80643158333115,35.640592060953],[139.80695118891177,35.636862990718924],[139.80016048149636,35.63622858457952],[139.8003217384007,35.63099860225954],[139.80220306895112,35.6262018729128],[139.79858374732075,35.62180744989838],[139.79202596654494,35.629853576544505],[139.7872599291505,35.6273623719483],[139.78174135953589,35.633149393805326],[139.77871331322137,35.637203403769334],[139.77921500136816,35.6396636617246],[139.77423395476794,35.644259237905175],[139.78973253501678,35.65501319563413],[139.7890695899657,35.66564336679931],[139.78729576401813,35.671476808617754],[139.78717034198144,35.67450957943053],[139.7890875073995,35.67916704889299],[139.7926351592946,35.68438155789251],[139.7923663977874,35.68710486229581],[139.7903954800679,35.689286600482546],[139.79347727868387,35.69081845920941],[139.79672033420414,35.68854388109983],[139.7991571052028,35.689719853455806],[139.800482995305,35.68829630797226],[139.8048010968541,35.68849746113841],[139.80499818862606,35.686779922565876],[139.80945962964566,35.686996549052495],[139.81187848321053,35.688559354420306],[139.8114663822328,35.69190159164254],[139.81338354765086,35.69267525766621],[139.8196904843533,35.69303114403709],[139.81868710805972,35.70800931825527],[139.83067387128108,35.70301143574239],[139.83540407380792,35.70301143574239]]],[[[139.82038926427202,35.63909114886708],[139.82286187013833,35.64229412620506],[139.82614076052621,35.642634539255475],[139.824814870424,35.63958629512223],[139.83293146794162,35.64034448782542],[139.83278812847112,35.63819369627963],[139.82513738423265,35.637450976896915],[139.8255674026442,35.63444915272508],[139.82112387905838,35.634031373072304],[139.82038926427202,35.63909114886708]]],[[[139.82588991645284,35.630627242568174],[139.8401163589009,35.631988894769826],[139.83857545959293,35.614101736302665],[139.83556533071223,35.61246156433249],[139.83060220154584,35.618480685996616],[139.83293146794162,35.61971855163448],[139.83165933014084,35.621219463720394],[139.82744873319461,35.61985781151874],[139.82588991645284,35.630627242568174]]],[[[139.78235055228555,35.62949769017362],[139.78493066275473,35.62637207943801],[139.78106049705096,35.6239427681237],[139.7926530767284,35.609568053403976],[139.78704491994475,35.60207896629489],[139.78550402063675,35.60350251177844],[139.77328433077582,35.618480685996616],[139.77358892715066,35.62030653781247],[139.77134924792392,35.62313815545909],[139.78235055228555,35.62949769017362]]],[[[139.7853069288648,35.6251032671592],[139.7898579570535,35.62762541839635],[139.79797455457108,35.61770701997295],[139.79442690267598,35.61388510981604],[139.7853069288648,35.6251032671592]]]],"type":"MultiPolygon"},"id":"geoshape:13:2010-10-01:08b494532552eb6b8fc2","properties":{"administrativeCode":"13108","jurisdictionId":"geoshape:13:2010-10-01:08b494532552eb6b8fc2","municipalityName":"江東区","prefectureName":"東京都","snapshotDate":"2010-10-01","sourceDataset":"historical-administrative-areas-beta","sourceProvider":"Geoshape","sourceResourceId":"gci:13108A1968"},"type":"Feature"},{"geometry":{"coordinates":[[[[139.16303445251503,35.77824271988369],[139.18061145508628,35.76866473451071],[139.18059353765247,35.76406915833013],[139.18147149190935,35.76289318597416],[139.18899681411108,35.76225877983475],[139.19367326433647,35.76077334106931],[139.19809887048845,35.7577096236156],[139.20001603590651,35.75806550998648],[139.20433413745562,35.7557909318769],[139.20510458710962,35.75377940021537],[139.21291658825237,35.75164408199005],[139.21237906523797,35.74862678449775],[139.2156758730597,35.74441804132901],[139.21857849733752,35.74443351464948],[139.222090314365,35.743056389127354],[139.22612173697308,35.74005456495553],[139.23221366446973,35.738925012560976],[139.23957772976715,35.73974509854607],[139.24403917078678,35.73880122599719],[139.2453829783228,35.73666590777187],[139.25285454822313,35.7363564413624],[139.25822977836722,35.73527330892927],[139.26294206346023,35.73233337803934],[139.26992986264756,35.73326177726774],[139.27878107495152,35.733308197229164],[139.28442506660286,35.731714445220405],[139.28363669951506,35.73768714692311],[139.28465799324243,35.7405961311721],[139.27930068053215,35.742066096617066],[139.28076991010485,35.74607368661965],[139.27989195584797,35.749338557239525],[139.275466349696,35.75362466701064],[139.269213165295,35.75362466701064],[139.26855022024392,35.7544602263162],[139.2618490999976,35.75558977871075],[139.2558646771038,35.75938074222671],[139.25686805339737,35.76071144778742],[139.26152658618895,35.75982946852044],[139.26718849527407,35.76004609500707],[139.2693206698979,35.7611292274402],[139.2761113773133,35.76162437369535],[139.28772187442456,35.760912600953574],[139.29008697568798,35.76007704164802],[139.2965372518609,35.75453759291857],[139.30261126192374,35.75520294569891],[139.309993244655,35.75139650886248],[139.31386341035875,35.74712587241184],[139.3166943649013,35.7433194355754],[139.32009867732592,35.73332367054964],[139.32198000787636,35.73272021105117],[139.32873488042412,35.72749022873119],[139.32841236661548,35.72337432548529],[139.32941574290905,35.71962978193074],[139.32939782547524,35.71206332821929],[139.32873488042412,35.7112432422342],[139.3245063660441,35.71296078080674],[139.3226787877951,35.71673627100223],[139.31923864050287,35.71905726907323],[139.3158880803797,35.71424506640602],[139.31359464885156,35.713951073317034],[139.30848818021465,35.715885238376195],[139.30494052831955,35.711552708643666],[139.30375797768784,35.713827286753244],[139.3013570415568,35.71176933513029],[139.29583847194218,35.71145986872082],[139.29426173776656,35.71337856045952],[139.28537469059498,35.71334761381857],[139.27681015723203,35.71396654663751],[139.27414045959378,35.71500325910922],[139.26898023865544,35.7100208499168],[139.26072030166733,35.710485049531],[139.25810435633053,35.712249008064965],[139.2519407590986,35.71226448138544],[139.24962941013663,35.710500522851476],[139.2465296940869,35.71088735586331],[139.24506046451415,35.71334761381857],[139.24307162936083,35.71254300115396],[139.2403840142888,35.714214119765074],[139.23766056434908,35.71320835393431],[139.23561797689433,35.71483305258401],[139.21904435061666,35.71682911092507],[139.21723468980147,35.71887158922755],[139.21481583623662,35.716504171195126],[139.21012146857746,35.71362613358709],[139.2069142479248,35.71275962764059],[139.2044595594923,35.7072975455135],[139.20533751374919,35.70324353554949],[139.20488957790383,35.699777511763465],[139.20048188918568,35.699158578944534],[139.200159375377,35.690137633108584],[139.19938892572304,35.68824988801084],[139.19336866796164,35.6890854473164],[139.18962392429458,35.68760000855096],[139.1840695198123,35.689054500675454],[139.18199109748994,35.68806420816516],[139.1789451337416,35.68922470720066],[139.17141981153986,35.688745034265985],[139.1696818204599,35.690880352491305],[139.1722798483629,35.69361913021508],[139.1724052703996,35.700938010798964],[139.17005808657,35.70336732211328],[139.16530996660939,35.70627630636226],[139.16511287483743,35.711274188875144],[139.16638501263822,35.7137344468304],[139.1657220675871,35.71842286293382],[139.16726296689507,35.721842466758424],[139.16554289324895,35.72455029784126],[139.1662416731677,35.72930060722657],[139.16432450774963,35.73255000452597],[139.1658474896238,35.736170761516725],[139.16457535182303,35.73759430700027],[139.16409158111006,35.741323377234345],[139.1565662589083,35.74469656109753],[139.15398614843912,35.75009674994272],[139.14934553308137,35.75424359982957],[139.14072724741698,35.75545051882649],[139.13992096289536,35.75763225701323],[139.1421785595559,35.759984201725175],[139.14465116542218,35.7602008282118],[139.14721335845755,35.76213499327096],[139.14370154143006,35.766173529914504],[139.13913259580755,35.767999381730355],[139.13608663205923,35.77025848651946],[139.1376275313672,35.77242475138573],[139.1392938527119,35.77200697173295],[139.14282358717318,35.7763859214269],[139.14445407365022,35.77695843428441],[139.14823465218493,35.775287315673296],[139.1491305238756,35.77883070606168],[139.15459534118878,35.77322936405034],[139.15782047927524,35.77321389072986],[139.15823258025296,35.77759284042382],[139.16120687426604,35.777066747527726],[139.16303445251503,35.77824271988369]]]],"type":"MultiPolygon"},"id":"geoshape:13:2010-10-01:0b5b3ed27bc3e47490eb","properties":{"administrativeCode":"13228","jurisdictionId":"geoshape:13:2010-10-01:0b5b3ed27bc3e47490eb","municipalityName":"あきる野市","prefectureName":"東京都","snapshotDate":"2010-10-01","sourceDataset":"historical-administrative-areas-beta","sourceProvider":"Geoshape","sourceResourceId":"gci:13228A1995"},"type":"Feature"},{"geometry":{"coordinates":[[[[139.76093921887818,35.73220959147555],[139.76278471456098,35.73073962603059],[139.7649168891848,35.72721170896267],[139.76325056784015,35.72187341339937],[139.7686795502857,35.71582334509431],[139.7645047882071,35.717277837218795],[139.765669421405,35.71357971362567],[139.76762242169067,35.71296078080674],[139.76823161444034,35.71045410289006],[139.7666190453971,35.70870561767657],[139.77124174332104,35.70898413744509],[139.7701308624246,35.70534790713386],[139.76989793578502,35.70336732211328],[139.76640403619135,35.701789043424995],[139.76850037594755,35.70014887145483],[139.76602777008128,35.69963825187921],[139.76129756755444,35.70158789025884],[139.75719447521112,35.70171167682263],[139.7480207490985,35.70316616894712],[139.74587065704085,35.702918595819554],[139.74280677585872,35.70813310481906],[139.73585481153899,35.709185290611245],[139.7324504991144,35.70739038543634],[139.73184130636471,35.709262657213614],[139.72598230550764,35.70921623725219],[139.72325885556796,35.71040768292864],[139.7225063233478,35.71226448138544],[139.71747152444615,35.714616426097386],[139.7183136438354,35.71775751015347],[139.7247280851407,35.72001661494257],[139.72273924998737,35.72515375733972],[139.72648399365443,35.72705697575794],[139.72987038864522,35.72628330973427],[139.73196672840143,35.724101571547536],[139.73737779341317,35.7269022425532],[139.73596231614187,35.72934702718799],[139.73907994962545,35.73185370510467],[139.74085377557302,35.73035279301875],[139.74352347321127,35.732890417576385],[139.74244842718244,35.73378787016384],[139.7446164366739,35.735830348466315],[139.7491853822964,35.73287494425591],[139.7527509516253,35.73505668244265],[139.7599358425846,35.73157518533615],[139.76093921887818,35.73220959147555]]]],"type":"MultiPolygon"},"id":"geoshape:13:2010-10-01:0d5c3fc34f3d7e597c89","properties":{"administrativeCode":"13105","jurisdictionId":"geoshape:13:2010-10-01:0d5c3fc34f3d7e597c89","municipalityName":"文京区","prefectureName":"東京都","snapshotDate":"2010-10-01","sourceDataset":"historical-administrative-areas-beta","sourceProvider":"Geoshape","sourceResourceId":"gci:13105A1968"},"type":"Feature"},{"geometry":{"coordinates":[[[[139.41441604892123,35.73302967746064],[139.4162257097364,35.73208580491177],[139.425596527621,35.73101814579911],[139.42643864701023,35.730167113173074],[139.42290891254893,35.73018258649355],[139.4335877031019,35.72708792239888],[139.43563029055665,35.724751451007414],[139.44611198933768,35.72287917923014],[139.44387231011095,35.711738388489344],[139.44161471345043,35.71582334509431],[139.43654407968114,35.71477115930212],[139.43333685902851,35.71840738961335],[139.42826622525922,35.717355203821164],[139.43563029055665,35.70372320848416],[139.43030881271397,35.703537528638485],[139.42726284896565,35.70363036856132],[139.425596527621,35.70188188334784],[139.42738827100234,35.69844680620276],[139.43165262025002,35.69693042079638],[139.4299146291701,35.69380481006076],[139.43120468440466,35.69027689299284],[139.42840956472975,35.691112452298405],[139.4247006559303,35.68671802928398],[139.42149343527765,35.68857482774078],[139.41756951727245,35.68275685924281],[139.4125347183708,35.68357694522789],[139.3951368901377,35.68917828723924],[139.38508520976822,35.69128265882361],[139.38857910936187,35.69306209067804],[139.39024543070656,35.698849112535065],[139.39295096321243,35.699081212342165],[139.39404392667507,35.70514675396771],[139.39852328512848,35.71156818196414],[139.39569233058592,35.71288341420437],[139.39458144968947,35.711630075246035],[139.39103379779436,35.71532819883916],[139.3889912103396,35.71439979961076],[139.38709196235536,35.71667437772034],[139.38884787086909,35.717896770037726],[139.38549731074593,35.720449867915825],[139.3820571634537,35.7202332414292],[139.3793157960802,35.72171868019464],[139.3817884019465,35.72311127903724],[139.3800862457342,35.72558701031297],[139.37770322703696,35.724209884790845],[139.37635941950094,35.725447750428714],[139.3700524827985,35.72450387787984],[139.37028540943808,35.725834583440545],[139.36541186744077,35.725029970775935],[139.36186421554567,35.726298783054744],[139.36247340829533,35.7241789381499],[139.35536018707128,35.725293017223976],[139.35335343448415,35.72795442834539],[139.35254714996253,35.73287494425591],[139.35290549863882,35.736062448273415],[139.35899742613546,35.737331260552224],[139.35987538039234,35.739574892020855],[139.36546561974222,35.73906427244523],[139.36944329004885,35.7358922417482],[139.37026749200427,35.73736220719317],[139.37795407111037,35.735087629083594],[139.37847367669096,35.733509350395316],[139.38116129176302,35.734855529276494],[139.3834905581588,35.73302967746064],[139.38433267754803,35.73544351545448],[139.38861494422952,35.73366408360005],[139.39112338496344,35.73366408360005],[139.3872890541273,35.7370527407837],[139.38508520976822,35.73764072696169],[139.38490603543008,35.74150905708002],[139.3836338976293,35.74381458183055],[139.38805950378128,35.739389212175176],[139.395298147042,35.733509350395316],[139.3982724410551,35.734932895878856],[139.40040461567892,35.73355577035673],[139.40262637747182,35.73422112313709],[139.40853913063034,35.733741450202416],[139.40947083718865,35.73262737112833],[139.41441604892123,35.73302967746064]]]],"type":"MultiPolygon"},"id":"geoshape:13:2010-10-01:14f60cd2ba9e99a47e5c","properties":{"administrativeCode":"13202","jurisdictionId":"geoshape:13:2010-10-01:14f60cd2ba9e99a47e5c","municipalityName":"立川市","prefectureName":"東京都","snapshotDate":"2010-10-01","sourceDataset":"historical-administrative-areas-beta","sourceProvider":"Geoshape","sourceResourceId":"gci:13202A1968"},"type":"Feature"},{"geometry":{"coordinates":[[[[139.73804073846426,35.78022330490428],[139.73787948155996,35.77742263389861],[139.73617732534765,35.77415776327874],[139.73589064640663,35.7710476258636],[139.7374315457146,35.76994902010999],[139.74640818005525,35.76700908922006],[139.75497271341823,35.76838621474219],[139.75792908999748,35.7701811199171],[139.76009709948895,35.76676151609249],[139.75816201663704,35.764595251226226],[139.74888078592156,35.75981399519996],[139.74927496946546,35.75688953763051],[139.7579649248651,35.7548625326485],[139.75758865875503,35.753175940716915],[139.7508875385087,35.753702033613],[139.74977665761224,35.75012769658366],[139.754703951911,35.749183824034795],[139.7578036679608,35.74760554534652],[139.75719447521112,35.74545475380072],[139.7603121086947,35.743458695459665],[139.763841843156,35.744139521560484],[139.76588443061075,35.74161737032334],[139.7681778621389,35.7414626371186],[139.77111632128435,35.73790377340974],[139.76131548498827,35.73380334348431],[139.76093921887818,35.73220959147555],[139.7599358425846,35.73157518533615],[139.7527509516253,35.73505668244265],[139.74956164840648,35.73654212120809],[139.7465694369596,35.739853411789376],[139.74388182188753,35.73959036534133],[139.74366681268177,35.74133885055482],[139.74099711504354,35.742329143065106],[139.73529937109078,35.74051876456973],[139.7317875540633,35.7433194355754],[139.73262967345252,35.74508339410936],[139.7278994709257,35.744712034418],[139.72361720424425,35.739930778391745],[139.7200158000477,35.741787576848544],[139.7195141119009,35.74503697414794],[139.72141335988516,35.74630578642675],[139.72270341511975,35.75322236067833],[139.7204279010254,35.755063685814655],[139.71628897381444,35.76072692110789],[139.71317134033086,35.76326454566552],[139.7108958262365,35.763620432036404],[139.70639855034926,35.76666867616965],[139.7056639355629,35.770707212813186],[139.70238504517502,35.78107433753031],[139.70215211853542,35.78407616170214],[139.69844320973598,35.7821265233225],[139.69496722757614,35.78262166957765],[139.6912762362105,35.784416574752555],[139.68946657539533,35.78679946610545],[139.69063120859323,35.79057495630094],[139.69684855812656,35.798899602715586],[139.7052518345852,35.79340657394756],[139.7091936700242,35.79201397510496],[139.7192453503937,35.79179734861833],[139.7222375618406,35.79072968950567],[139.72445932363348,35.78727913904012],[139.7338659763857,35.79004886340485],[139.73852450917724,35.78740292560391],[139.73804073846426,35.78022330490428]]]],"type":"MultiPolygon"},"id":"geoshape:13:2010-10-01:1fb5aceedd79c55fb1f2","properties":{"administrativeCode":"13117","jurisdictionId":"geoshape:13:2010-10-01:1fb5aceedd79c55fb1f2","municipalityName":"北区","prefectureName":"東京都","snapshotDate":"2010-10-01","sourceDataset":"historical-administrative-areas-beta","sourceProvider":"Geoshape","sourceResourceId":"gci:13117A1968"},"type":"Feature"},{"geometry":{"coordinates":[[[[139.51636624732117,35.76557007041605],[139.521383128789,35.7675661287571],[139.53030601082824,35.768355268101246],[139.54782926109803,35.77398755675353],[139.5470050591426,35.768154114935086],[139.54763216932608,35.766173529914504],[139.546969224275,35.76030914145511],[139.54458620557776,35.754754219405186],[139.53319071767226,35.74463466781563],[139.5284246802778,35.744727507738475],[139.52717045991085,35.74365984862582],[139.5313093871218,35.740271191442154],[139.52971473551239,35.73972962522559],[139.52016474328968,35.73344745711342],[139.521096449848,35.738955959201924],[139.51509410952042,35.739110692406655],[139.51263942108793,35.7379811400121],[139.50817798006833,35.73839891966489],[139.50857216361223,35.74126148395245],[139.50672666792943,35.742019676655644],[139.50559786959914,35.73205485827082],[139.50443323640127,35.73219411815508],[139.5047199153423,35.74102938414535],[139.50378820878396,35.74283976264073],[139.49810838226503,35.74585706013303],[139.49816213456646,35.744340674726644],[139.49133559228343,35.74150905708002],[139.48941842686537,35.74489771426368],[139.48572743549977,35.743876475112444],[139.48730416967535,35.74898267086864],[139.493879867885,35.753825820176786],[139.49475782214185,35.758282136473106],[139.50479158507753,35.76109828079925],[139.50859008104604,35.762042153348126],[139.51636624732117,35.76557007041605]]]],"type":"MultiPolygon"},"id":"geoshape:13:2010-10-01:2ac13c1bdff102f4076b","properties":{"administrativeCode":"13222","jurisdictionId":"geoshape:13:2010-10-01:2ac13c1bdff102f4076b","municipalityName":"東久留米市","prefectureName":"東京都","snapshotDate":"2010-10-01","sourceDataset":"historical-administrative-areas-beta","sourceProvider":"Geoshape","sourceResourceId":"gci:13222A1970"},"type":"Feature"},{"geometry":{"coordinates":[[[[139.38508520976822,35.69128265882361],[139.3951368901377,35.68917828723924],[139.4125347183708,35.68357694522789],[139.41756951727245,35.68275685924281],[139.42240722440215,35.679136102252045],[139.42982504200103,35.6708114558374],[139.4409159335317,35.659980131506074],[139.44200889699434,35.65796859984454],[139.43833582306252,35.65457994266088],[139.43781621748192,35.650030786441725],[139.4339818866458,35.650773505824446],[139.4326739139774,35.648019254780195],[139.42978920713338,35.64738484864078],[139.43052382191976,35.64605414308008],[139.4275674453405,35.645234057094996],[139.42735243613473,35.643795038290975],[139.42140384810858,35.64625529624623],[139.41679906761846,35.649055967251904],[139.41500732423708,35.6470289622699],[139.40905873621094,35.64467701755795],[139.40629945140364,35.645187637133574],[139.39936540451774,35.641195520451454],[139.3920013392203,35.63958629512223],[139.38985124716265,35.64116457381051],[139.38202132858606,35.641319307015245],[139.37807949314706,35.63932324867418],[139.37718362145637,35.641009840605776],[139.37856326386003,35.64410450470044],[139.37637733693475,35.6454042636202],[139.37050041864387,35.64376409165003],[139.36680942727824,35.64537331697925],[139.36129085766362,35.650541406017346],[139.35740277452604,35.6553845553255],[139.35940952711317,35.65682357412952],[139.35888992153258,35.65936119868714],[139.37241758406194,35.665751680042625],[139.37046458377623,35.668567824368765],[139.37241758406194,35.67238973452568],[139.3764310892362,35.676319957925905],[139.3767177681772,35.67837790954886],[139.37505144683254,35.68175109341204],[139.37519478630304,35.68578963005558],[139.3787782730658,35.68848198781794],[139.37626983233187,35.69163854519449],[139.38508520976822,35.69128265882361]]]],"type":"MultiPolygon"},"id":"geoshape:13:2010-10-01:2daa5e498ec05999732c","properties":{"administrativeCode":"13212","jurisdictionId":"geoshape:13:2010-10-01:2daa5e498ec05999732c","municipalityName":"日野市","prefectureName":"東京都","snapshotDate":"2010-10-01","sourceDataset":"historical-administrative-areas-beta","sourceProvider":"Geoshape","sourceResourceId":"gci:13212A1968"},"type":"Feature"},{"geometry":{"coordinates":[[[[139.71763278135046,35.641659720065654],[139.71322509263229,35.637559290140224],[139.7144434781316,35.63413968631562],[139.71462265246976,35.629048963879896],[139.70713316513564,35.62547462685056],[139.70401553165206,35.62470096082689],[139.7014533386167,35.62589240650334],[139.69613186077402,35.624824747390676],[139.70397969678442,35.621884816500746],[139.6955764203258,35.61210567796161],[139.69539724598766,35.60749462846056],[139.69072079576227,35.61114633209226],[139.68613393270599,35.61168789830882],[139.68400175808216,35.613095970471896],[139.68475429030232,35.60534383691476],[139.68197708806122,35.60580803652896],[139.6804003538856,35.60439996436589],[139.6802749318489,35.60067089413182],[139.6792536381215,35.60568424996517],[139.676996041461,35.608098087959014],[139.67325129779394,35.608144507920436],[139.66830608606136,35.60648886262979],[139.66318169999064,35.60873249409842],[139.66321753485826,35.61563359502952],[139.66475843416623,35.61827953283046],[139.66649642524618,35.61852710595804],[139.6635221312331,35.62651133932227],[139.66180205758698,35.62748615851209],[139.66147954377834,35.631710375001305],[139.66384464504173,35.63194247480841],[139.67199707742697,35.62971431666025],[139.679594069364,35.62507232051825],[139.68203084036264,35.631137862143795],[139.68609809783837,35.6380389630749],[139.68608018040453,35.640545640991576],[139.684306354457,35.64376409165003],[139.6831596386929,35.65372891003485],[139.6794865647611,35.65733419370513],[139.67500720630767,35.66387940826535],[139.67993450060644,35.663771095022035],[139.68686854749234,35.66189882324477],[139.69288880525374,35.65396100984195],[139.6996436778015,35.648127568023504],[139.7086203121422,35.64200013311607],[139.71546477185902,35.64260359261453],[139.71763278135046,35.641659720065654]]]],"type":"MultiPolygon"},"id":"geoshape:13:2010-10-01:30183d2da03c2b6733bc","properties":{"administrativeCode":"13110","jurisdictionId":"geoshape:13:2010-10-01:30183d2da03c2b6733bc","municipalityName":"目黒区","prefectureName":"東京都","snapshotDate":"2010-10-01","sourceDataset":"historical-administrative-areas-beta","sourceProvider":"Geoshape","sourceResourceId":"gci:13110A1968"},"type":"Feature"},{"geometry":{"coordinates":[[[[139.13608663205923,35.77025848651946],[139.13913259580755,35.767999381730355],[139.14370154143006,35.766173529914504],[139.14721335845755,35.76213499327096],[139.14465116542218,35.7602008282118],[139.1421785595559,35.759984201725175],[139.13992096289536,35.75763225701323],[139.14072724741698,35.75545051882649],[139.14934553308137,35.75424359982957],[139.15398614843912,35.75009674994272],[139.1565662589083,35.74469656109753],[139.16409158111006,35.741323377234345],[139.16457535182303,35.73759430700027],[139.1658474896238,35.736170761516725],[139.16432450774963,35.73255000452597],[139.1662416731677,35.72930060722657],[139.16554289324895,35.72455029784126],[139.16726296689507,35.721842466758424],[139.1657220675871,35.71842286293382],[139.16638501263822,35.7137344468304],[139.16511287483743,35.711274188875144],[139.16530996660939,35.70627630636226],[139.17005808657,35.70336732211328],[139.1724052703996,35.700938010798964],[139.1722798483629,35.69361913021508],[139.1696818204599,35.690880352491305],[139.17141981153986,35.688745034265985],[139.17000433426858,35.680110921441866],[139.16597291166048,35.675113038928984],[139.16475452616115,35.670316309582255],[139.16160105780995,35.66790247158841],[139.1535919648952,35.66601472649067],[139.1471596061561,35.66681933915528],[139.14289525690845,35.66935696371291],[139.1389355040356,35.670548409389355],[139.1369287514485,35.67231236792331],[139.13350652159005,35.6729003541013],[139.13103391572378,35.672049321475264],[139.1287225667618,35.67537608537703],[139.1197100975535,35.68012639476234],[139.11634161999655,35.68388641163736],[139.11361817005687,35.684366084572034],[139.10815335274367,35.689828166699115],[139.10562699457594,35.69101961237556],[139.09709829608062,35.692272951333905],[139.0922426715171,35.69057088608184],[139.0843948355067,35.693077563998514],[139.08201181680948,35.69555329527425],[139.07654699949632,35.694903415814366],[139.07210347591052,35.69541403538999],[139.07068799863924,35.69759577357672],[139.0648648326498,35.698152813113765],[139.06271474059213,35.70072138431234],[139.05262722535502,35.70482181423777],[139.05067422506934,35.70737491211587],[139.0466965547627,35.70947928370024],[139.04406269199208,35.70944833705929],[139.0387053792818,35.71128966219562],[139.0347814612766,35.714956839147796],[139.02897621272095,35.716767217643174],[139.02483728551,35.719707148533104],[139.02207800070266,35.722662552743515],[139.0219884135336,35.72504544409641],[139.0179569909255,35.73111098572195],[139.01380014628074,35.73499478916075],[139.0122950818404,35.73866196611293],[139.02168381715876,35.7401319315579],[139.0271127996043,35.74237556302653],[139.02831326766983,35.74452635457232],[139.03182508469732,35.74429425476522],[139.03445894746793,35.7424529296289],[139.03967292070772,35.74440256800854],[139.04141091178766,35.74618199986297],[139.03967292070772,35.750112223263194],[139.04270096702223,35.755110105776076],[139.04311306799994,35.75767867697465],[139.049169160629,35.760061568327544],[139.05488482201557,35.76016988157085],[139.05660489566168,35.76329549230647],[139.0609409146446,35.76410010497108],[139.06361061228282,35.765601017056994],[139.06649531912683,35.76564743701841],[139.07359062291707,35.77002638671236],[139.07502401762216,35.771991498412476],[139.0828181013311,35.7698871268281],[139.08677785420394,35.771248779029754],[139.0884620929824,35.77019659323757],[139.09340730471502,35.769964493430464],[139.09661452536767,35.7759217218127],[139.10220476471753,35.77838197976796],[139.1058420037817,35.779109225830204],[139.107544159994,35.77683464772063],[139.11435278484322,35.773538830459806],[139.11501572989434,35.77259495791093],[139.12513907999906,35.76759707539805],[139.12820296118122,35.76697814257912],[139.13074723678275,35.76512134412232],[139.13608663205923,35.77025848651946]]]],"type":"MultiPolygon"},"id":"geoshape:13:2010-10-01:33c1bed46258df0ef06d","properties":{"administrativeCode":"13307","jurisdictionId":"geoshape:13:2010-10-01:33c1bed46258df0ef06d","municipalityName":"檜原村","parentJurisdictionName":"西多摩郡","prefectureName":"東京都","snapshotDate":"2010-10-01","sourceDataset":"historical-administrative-areas-beta","sourceProvider":"Geoshape","sourceResourceId":"gci:13307A1968"},"type":"Feature"},{"geometry":{"coordinates":[[[[139.49678249216282,35.77870691949789],[139.4976783638535,35.77214623161721],[139.4992550980291,35.77168203200301],[139.5012080983148,35.765631963697935],[139.49719459314053,35.76242898635996],[139.50479158507753,35.76109828079925],[139.49475782214185,35.758282136473106],[139.493879867885,35.753825820176786],[139.48730416967535,35.74898267086864],[139.48572743549977,35.743876475112444],[139.48515407761772,35.74089012426109],[139.4873220871092,35.74092107090203],[139.48621120621272,35.734499642905604],[139.47882922348148,35.73522688896785],[139.47709123240156,35.7375788336798],[139.47725248930587,35.7398998317508],[139.4709993049049,35.74276239603836],[139.46664536848817,35.74404668163765],[139.450985531335,35.736990847501815],[139.45069885239397,35.7419887300147],[139.4513797148789,35.74560948700545],[139.44754538404277,35.74924571731668],[139.44752746660896,35.7526034278594],[139.44620157650675,35.755651671992645],[139.44414107161816,35.75574451191548],[139.4405396674216,35.760216301532274],[139.4400021444072,35.763744218600195],[139.4407725940612,35.76700908922006],[139.4449652735736,35.76665320284918],[139.44598656730096,35.76781370188468],[139.45134388001128,35.76933008729106],[139.4585646058382,35.769670500341476],[139.4594783949627,35.7724402247062],[139.4613418080793,35.7734305172165],[139.46983467170702,35.77420418324016],[139.47116056180923,35.77339957057555],[139.4796534254369,35.78002215173813],[139.48497490327958,35.7807958177618],[139.48868381207902,35.779387745598726],[139.49038596829132,35.78090413100511],[139.4937544458483,35.779573425444404],[139.4934856843411,35.78169327034925],[139.4959762076412,35.78160043042641],[139.49678249216282,35.77870691949789]]]],"type":"MultiPolygon"},"id":"geoshape:13:2010-10-01:373adf9ebc6715ee3390","properties":{"administrativeCode":"13213","jurisdictionId":"geoshape:13:2010-10-01:373adf9ebc6715ee3390","municipalityName":"東村山市","prefectureName":"東京都","snapshotDate":"2010-10-01","sourceDataset":"historical-administrative-areas-beta","sourceProvider":"Geoshape","sourceResourceId":"gci:13213A1968"},"type":"Feature"},{"geometry":{"coordinates":[[[[139.48570951806593,35.708380677946636],[139.48742959171207,35.70646198620794],[139.484455297699,35.702253243039195],[139.49144309688631,35.700241711377664],[139.4895796837697,35.695444982030935],[139.48646205028612,35.69216463809059],[139.47822003073182,35.690369732915684],[139.4773779113426,35.68933302044397],[139.4665378638853,35.688435567856516],[139.46377857907797,35.68979722005817],[139.46779208425224,35.69248957782053],[139.46680662539248,35.69533666878762],[139.46376066164416,35.695444982030935],[139.46297229455635,35.69987035168631],[139.46024884461667,35.699854878365834],[139.45940672522744,35.692381264577214],[139.45560822925893,35.69473320928916],[139.4484054208658,35.700938010798964],[139.44161471345043,35.70036549794145],[139.44100552070077,35.701324843810795],[139.43199305149247,35.70164978354074],[139.43030881271397,35.703537528638485],[139.43563029055665,35.70372320848416],[139.42826622525922,35.717355203821164],[139.43333685902851,35.71840738961335],[139.43654407968114,35.71477115930212],[139.44161471345043,35.71582334509431],[139.44387231011095,35.711738388489344],[139.44611198933768,35.72287917923014],[139.45788374335328,35.72082122760719],[139.4584571012353,35.71808244988341],[139.47202059863227,35.71539009212105],[139.4719310114632,35.71102661574757],[139.47848879223903,35.70870561767657],[139.48022678331895,35.71436885296981],[139.48570951806593,35.708380677946636]]]],"type":"MultiPolygon"},"id":"geoshape:13:2010-10-01:39f1a35a3c49223d9c75","properties":{"administrativeCode":"13214","jurisdictionId":"geoshape:13:2010-10-01:39f1a35a3c49223d9c75","municipalityName":"国分寺市","prefectureName":"東京都","snapshotDate":"2010-10-01","sourceDataset":"historical-administrative-areas-beta","sourceProvider":"Geoshape","sourceResourceId":"gci:13214A1968"},"type":"Feature"},{"geometry":{"coordinates":[[[[139.67733647270344,35.72937797382894],[139.6751863806458,35.723699265215224],[139.67575973852786,35.72195078000174],[139.67368131620546,35.720264188070146],[139.6790923812172,35.718283603049564],[139.6790923812172,35.71523535891632],[139.6818516660245,35.71316193397289],[139.68034660158415,35.71125871555467],[139.68278337258283,35.71012916316012],[139.690075768145,35.71149081536177],[139.69421469535595,35.711042089068044],[139.68887530007947,35.70749869867966],[139.6874956576758,35.704001728252685],[139.68840944680034,35.69932878546974],[139.68398384064835,35.691994431565384],[139.68032868415034,35.68979722005817],[139.67129829750823,35.68148804696399],[139.6678402327822,35.679956188237135],[139.66411340654895,35.67635090456685],[139.66257250724098,35.67943009534104],[139.65927569941925,35.68190582661677],[139.6592219471178,35.68668708264303],[139.66122869970494,35.68685728916824],[139.66753563640737,35.69174685843781],[139.6650988654087,35.69542950871046],[139.66115702996967,35.69519740890336],[139.66061950695527,35.696528114464066],[139.66253667237334,35.6992359455469],[139.66108536023444,35.70143315705411],[139.6609061858963,35.70468255435351],[139.65820065339042,35.705038440724394],[139.65821857082423,35.70921623725219],[139.65060366145343,35.70934002381598],[139.64284541261208,35.711506288682244],[139.64178828401708,35.71475568598164],[139.6369684943212,35.716504171195126],[139.63218453949293,35.71695289748885],[139.63186202568428,35.71972262185358],[139.6289952362741,35.72100690745287],[139.62439045578398,35.72926966058562],[139.62453379525448,35.7301516398526],[139.6271676580251,35.73510310240407],[139.63354626446278,35.73528878224975],[139.63506924633694,35.732302431398395],[139.6364309713068,35.73227148475745],[139.63992487090044,35.72631425637522],[139.64356210996462,35.72530849054445],[139.64739644080078,35.725494170390135],[139.6474322756684,35.72674750934847],[139.6596161306617,35.725834583440545],[139.6622499934323,35.726917715873675],[139.66506303054106,35.731296665567626],[139.66816274659084,35.73138950549047],[139.67145955441256,35.73354029703626],[139.67468469249903,35.73306062410159],[139.67796358288695,35.730677732748696],[139.67733647270344,35.72937797382894]]]],"type":"MultiPolygon"},"id":"geoshape:13:2010-10-01:45ad3ec5a0f418686ff8","properties":{"administrativeCode":"13114","jurisdictionId":"geoshape:13:2010-10-01:45ad3ec5a0f418686ff8","municipalityName":"中野区","prefectureName":"東京都","snapshotDate":"2010-10-01","sourceDataset":"historical-administrative-areas-beta","sourceProvider":"Geoshape","sourceResourceId":"gci:13114A1968"},"type":"Feature"},{"geometry":{"coordinates":[[[[139.36025164650243,34.79859585407653],[139.36118335306074,34.799230260215936],[139.36671984010917,34.796445062530736],[139.37145004263598,34.79828638766706],[139.373564299826,34.79780671473239],[139.3763056671995,34.79455731743299],[139.3805162641457,34.794232377703054],[139.38302470487963,34.79067351399419],[139.38922413697918,34.788615562371234],[139.39117713726486,34.78887860881928],[139.3914817336397,34.79112224028792],[139.39454561482185,34.788785768896446],[139.40092422125952,34.78844535584603],[139.40318181792006,34.787222963528635],[139.40594110272735,34.78756337657905],[139.40943500232103,34.78624814433881],[139.41326933315716,34.78694444376012],[139.4143802140536,34.78394261958829],[139.42032880207975,34.781188368544036],[139.4224788941374,34.781621621517296],[139.42452148159217,34.77896021039588],[139.43324727185944,34.77252330907898],[139.43679492375455,34.76743258664325],[139.44150720884755,34.755363396674056],[139.440790511495,34.75455878400945],[139.44385439267714,34.7473946366303],[139.44541320941894,34.7476267364374],[139.44795748502048,34.74491890535457],[139.44906836591693,34.74154572149138],[139.44813665935862,34.738017804423464],[139.44501902587504,34.735046926892586],[139.4439439798462,34.731859422875075],[139.44580739296285,34.72800656607722],[139.4448577689707,34.72526778835344],[139.44604031960242,34.722498063988716],[139.44906836591693,34.719743812944465],[139.4487816869759,34.71279629205194],[139.44455317259587,34.709717101277754],[139.44360354860376,34.70375987289552],[139.45014341194576,34.696858771964415],[139.44702577846218,34.69374863454928],[139.44475026436783,34.68940063149628],[139.44494735613978,34.684743162033804],[139.4394825388266,34.68553230137795],[139.439249612187,34.6879925593332],[139.43729661190133,34.688781698677346],[139.4365799145488,34.68677016701581],[139.440790511495,34.682499530565174],[139.44027090591442,34.67979169948234],[139.43442982249113,34.67799679430743],[139.43068507882407,34.67819794747359],[139.42828414269303,34.68127713824778],[139.4246827384965,34.68279352365417],[139.41651238867743,34.68068915206979],[139.4150252416709,34.68152471137535],[139.40698031388854,34.68084388527453],[139.40440020341939,34.68243763728328],[139.40020752390697,34.68239121732186],[139.39990292753214,34.68376834284398],[139.39608651412982,34.68361360963925],[139.3948681286305,34.68704868678433],[139.39146381620588,34.68644522728587],[139.389242054413,34.689044745125386],[139.38628567783374,34.69025166412231],[139.38406391604084,34.693454641460285],[139.37988915396224,34.69568279960845],[139.37480060275914,34.69687424528489],[139.3743168320462,34.697988324358974],[139.36786655587323,34.70032479575045],[139.36458766548535,34.70037121571186],[139.35949911428224,34.702011387682035],[139.36120127049455,34.70923742834308],[139.36016205933336,34.71132632660698],[139.35381928776332,34.71671104213169],[139.3524933976611,34.71878446707512],[139.35235005819058,34.724772642098294],[139.35324592988127,34.730931023646676],[139.35673982947495,34.734923140328796],[139.35673982947495,34.7422884408741],[139.3535326088223,34.74450112570179],[139.3526188196978,34.7469304370161],[139.3531921775798,34.750025101110765],[139.35048664507397,34.756910728721394],[139.34898158063362,34.75889131374198],[139.34882032372929,34.76611735440302],[139.3510779203898,34.76695291370858],[139.35152585623516,34.77136281004348],[139.34930409444226,34.77501451367518],[139.34901741550124,34.77752119159186],[139.35027163586818,34.78408187947255],[139.35199170951432,34.78426755931823],[139.35424930617484,34.7903176276233],[139.35862116002536,34.79304093202661],[139.36066374748015,34.79738893507961],[139.36025164650243,34.79859585407653]]]],"type":"MultiPolygon"},"id":"geoshape:13:2010-10-01:472af44b2812f8662b22","properties":{"administrativeCode":"13361","jurisdictionId":"geoshape:13:2010-10-01:472af44b2812f8662b22","municipalityName":"大島町","prefectureName":"東京都","snapshotDate":"2010-10-01","sourceDataset":"historical-administrative-areas-beta","sourceProvider":"Geoshape","sourceResourceId":"gci:13361A1968"},"type":"Feature"},{"geometry":{"coordinates":[[[[139.52691961583744,35.684211351367296],[139.5286755243512,35.681194053875004],[139.52537871652947,35.68090006078601],[139.5265971020288,35.679136102252045],[139.52675835893314,35.67467978595573],[139.52944597400517,35.67560818518413],[139.52944597400517,35.67273014757609],[139.53243818545207,35.669898529929476],[139.53136313942326,35.66770131842226],[139.5344449380392,35.66754658521753],[139.5355916538033,35.66929507043101],[139.5384942780811,35.66712880556475],[139.5374550669199,35.665473160274104],[139.54159399413086,35.66426624127718],[139.5443891138058,35.66664913263008],[139.54193442537334,35.66796436487031],[139.5413969023589,35.669898529929476],[139.5429378016669,35.680466807812756],[139.545428324967,35.68206055982151],[139.55216528008094,35.68083816750411],[139.55673422570345,35.68272591260186],[139.5608731529144,35.682849699165644],[139.56445663967716,35.67226594796189],[139.56433121764044,35.669032023982965],[139.56614087845563,35.66425076795671],[139.5688464109615,35.66350804857399],[139.5730032556063,35.6641424547134],[139.57549377890638,35.66004202478797],[139.58214114685128,35.66502443398038],[139.57979396302167,35.665535053556],[139.57830681601513,35.672049321475264],[139.5804569080728,35.67071861591456],[139.5851691931658,35.671291128772076],[139.58887810196524,35.66940338367433],[139.59011440489837,35.66579810000404],[139.58654883556943,35.663956774867714],[139.58903935886954,35.66236302285897],[139.5898814782588,35.65725682710277],[139.59233616669127,35.65543097528692],[139.59308869891143,35.651531698527634],[139.59195990058117,35.65136149200243],[139.59206740518405,35.64591488319582],[139.58955896445013,35.64514121717215],[139.58764179903207,35.646162456323395],[139.5855812941435,35.64551257686351],[139.5838433030636,35.64849892771487],[139.58160362383686,35.647199168795105],[139.57651507263378,35.650340252851194],[139.5743112282747,35.6507425591835],[139.569473521145,35.64902502061096],[139.56877474122626,35.647477688563626],[139.56574669491175,35.64716822215416],[139.56336367621452,35.64136572697666],[139.5632024193102,35.63738908361502],[139.56196611637705,35.63259235426828],[139.55856180395244,35.63375285330379],[139.54942391270745,35.63437178612272],[139.54772175649515,35.63669278419372],[139.53595000247955,35.63947798187892],[139.5308793687103,35.64195371315465],[139.52537871652947,35.64265001257595],[139.5208276883408,35.64619340296434],[139.52079185347316,35.65358965015059],[139.5170291923723,35.65530718872313],[139.5174592107838,35.65838637949732],[139.51943012850333,35.660444331120274],[139.523210707038,35.6677941583451],[139.5256653954705,35.66972832340427],[139.5264537625583,35.67238973452568],[139.52509203758845,35.676010491516436],[139.52209982614156,35.67718646387241],[139.52467993661074,35.67751140360235],[139.5243395053683,35.67969314178909],[139.52048725709832,35.681627306848256],[139.5222610830459,35.68736790874386],[139.5245007622726,35.68794042160137],[139.52691961583744,35.684211351367296]]]],"type":"MultiPolygon"},"id":"geoshape:13:2010-10-01:48d305359c12fb5bafe0","properties":{"administrativeCode":"13208","jurisdictionId":"geoshape:13:2010-10-01:48d305359c12fb5bafe0","municipalityName":"調布市","prefectureName":"東京都","snapshotDate":"2010-10-01","sourceDataset":"historical-administrative-areas-beta","sourceProvider":"Geoshape","sourceResourceId":"gci:13208A1968"},"type":"Feature"},{"geometry":{"coordinates":[[[[139.7195141119009,35.74503697414794],[139.7200158000477,35.741787576848544],[139.72361720424425,35.739930778391745],[139.7278994709257,35.744712034418],[139.73262967345252,35.74508339410936],[139.7317875540633,35.7433194355754],[139.73529937109078,35.74051876456973],[139.74099711504354,35.742329143065106],[139.74366681268177,35.74133885055482],[139.74388182188753,35.73959036534133],[139.7465694369596,35.739853411789376],[139.74956164840648,35.73654212120809],[139.7527509516253,35.73505668244265],[139.7491853822964,35.73287494425591],[139.7446164366739,35.735830348466315],[139.74244842718244,35.73378787016384],[139.74352347321127,35.732890417576385],[139.74085377557302,35.73035279301875],[139.73907994962545,35.73185370510467],[139.73596231614187,35.72934702718799],[139.73737779341317,35.7269022425532],[139.73196672840143,35.724101571547536],[139.72987038864522,35.72628330973427],[139.72648399365443,35.72705697575794],[139.72273924998737,35.72515375733972],[139.7247280851407,35.72001661494257],[139.7183136438354,35.71775751015347],[139.71747152444615,35.714616426097386],[139.7225063233478,35.71226448138544],[139.714407643264,35.713177407293365],[139.71211421173584,35.71475568598164],[139.71053747756025,35.713533293664256],[139.70535933918808,35.71370350018946],[139.70455305466646,35.71586976505572],[139.70593269707012,35.71885611590707],[139.70458888953408,35.7230184391144],[139.69980493470584,35.72354453201049],[139.6957197597963,35.72174962683559],[139.68661770341896,35.72272444602541],[139.68271170284757,35.723637371933336],[139.68134997787772,35.727041502437466],[139.67733647270344,35.72937797382894],[139.67796358288695,35.730677732748696],[139.67873403254092,35.73442227630324],[139.68075870256186,35.73875480603577],[139.68960991486583,35.741323377234345],[139.6925662914451,35.74362890198487],[139.6945372091646,35.7422208298218],[139.6988553107137,35.742391036347],[139.69921365938998,35.73972962522559],[139.70098748533755,35.73991530507127],[139.70233129287357,35.73615528819625],[139.70829779833352,35.74163284364381],[139.71042997295737,35.74579516685114],[139.7195141119009,35.74503697414794]]]],"type":"MultiPolygon"},"id":"geoshape:13:2010-10-01:4e352e1b7daeedb5b84b","properties":{"administrativeCode":"13116","jurisdictionId":"geoshape:13:2010-10-01:4e352e1b7daeedb5b84b","municipalityName":"豊島区","prefectureName":"東京都","snapshotDate":"2010-10-01","sourceDataset":"historical-administrative-areas-beta","sourceProvider":"Geoshape","sourceResourceId":"gci:13116A1968"},"type":"Feature"},{"geometry":{"coordinates":[[[[139.66411340654895,35.67635090456685],[139.66205290166036,35.675623658504605],[139.66174830528553,35.67252899440994],[139.65511885477446,35.670548409389355],[139.65033489994622,35.669898529929476],[139.64773687204323,35.66842856448451],[139.6412686784365,35.66719069884664],[139.63910066894502,35.66584451996546],[139.63259664047064,35.66808815143409],[139.62503548340126,35.66914033722628],[139.621021978227,35.67299319402414],[139.61030735280642,35.67664489765585],[139.6120990961878,35.67463336599431],[139.6165605372074,35.672637307653254],[139.6161842710973,35.669898529929476],[139.60890979296894,35.6703472562232],[139.60837226995451,35.67636637788733],[139.60326580131763,35.680652487658435],[139.59418166237407,35.68213792642388],[139.59360830449205,35.684133984764934],[139.5905623407437,35.686996549052495],[139.59405624033738,35.68899260739356],[139.58671009247377,35.69395954326549],[139.58828682664938,35.69561518855614],[139.59025774436887,35.694826049212],[139.59283785483805,35.701092744003695],[139.59547171760866,35.7054407470567],[139.5866563401723,35.71190859501455],[139.58499001882765,35.71631849134945],[139.58681759707665,35.719753568494525],[139.58945145984725,35.72027966139062],[139.59384123113162,35.71829907637004],[139.5956508919468,35.72216740648837],[139.59978981915776,35.72391589170185],[139.60193991121542,35.72600478996575],[139.6153959040095,35.730290899736865],[139.62453379525448,35.7301516398526],[139.62439045578398,35.72926966058562],[139.6289952362741,35.72100690745287],[139.63186202568428,35.71972262185358],[139.63218453949293,35.71695289748885],[139.6369684943212,35.716504171195126],[139.64178828401708,35.71475568598164],[139.64284541261208,35.711506288682244],[139.65060366145343,35.70934002381598],[139.65821857082423,35.70921623725219],[139.65820065339042,35.705038440724394],[139.6609061858963,35.70468255435351],[139.66108536023444,35.70143315705411],[139.66253667237334,35.6992359455469],[139.66061950695527,35.696528114464066],[139.66115702996967,35.69519740890336],[139.6650988654087,35.69542950871046],[139.66753563640737,35.69174685843781],[139.66122869970494,35.68685728916824],[139.6592219471178,35.68668708264303],[139.65927569941925,35.68190582661677],[139.66257250724098,35.67943009534104],[139.66411340654895,35.67635090456685]]]],"type":"MultiPolygon"},"id":"geoshape:13:2010-10-01:4e80a1601606028f5ae6","properties":{"administrativeCode":"13115","jurisdictionId":"geoshape:13:2010-10-01:4e80a1601606028f5ae6","municipalityName":"杉並区","prefectureName":"東京都","snapshotDate":"2010-10-01","sourceDataset":"historical-administrative-areas-beta","sourceProvider":"Geoshape","sourceResourceId":"gci:13115A1968"},"type":"Feature"},{"geometry":{"coordinates":[[[[139.33036536690116,35.79362320043418],[139.32848403635074,35.791766401977384],[139.33006077052633,35.790605902941884],[139.32626227455785,35.78703156591254],[139.32205167761163,35.789785816956794],[139.32275045753036,35.7863043198503],[139.3205824480389,35.789909603520584],[139.32065411777415,35.783364388960365],[139.3241121825002,35.78108981085079],[139.32106621875187,35.77722148073246],[139.31843235598126,35.778412926408905],[139.31228667618316,35.77553488880086],[139.3091869601334,35.775705095326074],[139.3080223269355,35.77723695405293],[139.30248583988705,35.77853671297269],[139.2999057294179,35.78115170413268],[139.2975585455883,35.78076487112085],[139.29549804069973,35.77765473370571],[139.29212956314274,35.775349208955184],[139.29307918713488,35.77205339169437],[139.2949426002515,35.770243013198986],[139.29669850876525,35.76604974335072],[139.2974331235516,35.76007704164802],[139.2965372518609,35.75453759291857],[139.29008697568798,35.76007704164802],[139.28772187442456,35.760912600953574],[139.2761113773133,35.76162437369535],[139.2693206698979,35.7611292274402],[139.26718849527407,35.76004609500707],[139.26152658618895,35.75982946852044],[139.25686805339737,35.76071144778742],[139.25428794292822,35.76402273836871],[139.24945023579852,35.766606782887756],[139.24470211583787,35.767380448911425],[139.23826975709875,35.76704003586101],[139.23527754565188,35.76937650725248],[139.23172989375675,35.768881360997334],[139.2273401224724,35.77205339169437],[139.22257408507795,35.7724402247062],[139.2209077637333,35.77401850339448],[139.21798722202166,35.7729663176023],[139.2142424783546,35.774080396676375],[139.21056940442278,35.77316747076845],[139.208240138027,35.77635497478595],[139.20213029309653,35.78248240969339],[139.19888723757626,35.7844475213935],[139.19824220995895,35.78644357973456],[139.19551876001927,35.78683041274639],[139.19216819989612,35.78919783077881],[139.18609418983328,35.787774285295264],[139.1819552626223,35.78763502541101],[139.17561249105225,35.78486530104628],[139.1721365088924,35.78220388992487],[139.16656418697633,35.78091960432558],[139.16303445251503,35.77824271988369],[139.16120687426604,35.777066747527726],[139.15823258025296,35.77759284042382],[139.15782047927524,35.77321389072986],[139.15459534118878,35.77322936405034],[139.1491305238756,35.77883070606168],[139.14823465218493,35.775287315673296],[139.14445407365022,35.77695843428441],[139.14282358717318,35.7763859214269],[139.1392938527119,35.77200697173295],[139.1376275313672,35.77242475138573],[139.13716167808806,35.77797967343565],[139.14053015564502,35.779031859227835],[139.1427160825703,35.78102791756889],[139.1477867163396,35.781971790117765],[139.1464787436712,35.78574728031326],[139.1475717071338,35.78901215093313],[139.14692667951653,35.79303521425619],[139.14981138636054,35.796377451478435],[139.15640500200396,35.79863655626754],[139.15837591972348,35.798280669896656],[139.16473660872734,35.801561013837],[139.17145564640748,35.80347970557569],[139.1735699035975,35.806760049516036],[139.17550498644937,35.8068374161184],[139.17421493121478,35.812825591141575],[139.17740423443362,35.82048488477587],[139.17523622494218,35.8271384125794],[139.178425528161,35.83058896304496],[139.1773504821322,35.83515359258459],[139.17532581211123,35.836066518492515],[139.17199316942188,35.83996579525179],[139.166116251131,35.84296761942362],[139.16642084750583,35.84456137143237],[139.1625685992359,35.84954378062478],[139.163518223228,35.85087448618549],[139.16909054514406,35.849992506918504],[139.1743582706853,35.848305914986916],[139.18362158396698,35.843571078922075],[139.18648837337716,35.84296761942362],[139.1928132275134,35.84022884169984],[139.1958054389603,35.840043161854155],[139.19929933855397,35.841250080851076],[139.2031336693901,35.84120366088966],[139.20488957790383,35.84456137143237],[139.207469688373,35.84641816988917],[139.21264782674518,35.84660384973485],[139.21933102955768,35.84251889312989],[139.22008356177787,35.84135839409439],[139.22773430601632,35.83905286934387],[139.23004565497828,35.83690207779807],[139.23253617827837,35.836639031350025],[139.2370155367318,35.84015147509747],[139.2410827942075,35.840120528456524],[139.24307162936083,35.83659261138861],[139.25224535547343,35.83824825667925],[139.25880313624927,35.83727343748943],[139.26050529246157,35.83600462521062],[139.26346166904082,35.83739722405322],[139.27152451425698,35.83968727548327],[139.27999946045088,35.839315915791914],[139.28026822195807,35.84069304131404],[139.28494467218346,35.83600462521062],[139.2909111776434,35.83795426359026],[139.2956055453026,35.83383836034436],[139.29660892159617,35.83544758567358],[139.3013749589906,35.834859599495594],[139.30259334448994,35.82404374848474],[139.3047613539814,35.82240357651457],[139.31214333671264,35.825451820647814],[139.31492053895377,35.82525066748166],[139.3161568418869,35.82367238879338],[139.3164972731294,35.81935533238132],[139.31499220868903,35.814341976547965],[139.31674811720276,35.81268633125732],[139.32260711805984,35.80019936163534],[139.32572475154342,35.795216952442935],[139.33036536690116,35.79362320043418]]]],"type":"MultiPolygon"},"id":"geoshape:13:2010-10-01:518f992393c1b6ab76c4","properties":{"administrativeCode":"13205","jurisdictionId":"geoshape:13:2010-10-01:518f992393c1b6ab76c4","municipalityName":"青梅市","prefectureName":"東京都","snapshotDate":"2010-10-01","sourceDataset":"historical-administrative-areas-beta","sourceProvider":"Geoshape","sourceResourceId":"gci:13205A1968"},"type":"Feature"},{"geometry":{"coordinates":[[[[139.2901048931218,34.47367159745718],[139.28630639715328,34.478313593599175],[139.29565929760403,34.47391917058475],[139.29906361002864,34.47147438594996],[139.29847233471278,34.46989610726168],[139.2916637098636,34.47012820706878],[139.2901048931218,34.47367159745718]]],[[[139.27876315751772,34.41754986410042],[139.28107450647968,34.421000414565974],[139.28177328639842,34.42384750553307],[139.2801607173552,34.42698858958915],[139.28033989169333,34.42961905406962],[139.27849439601053,34.431305646001206],[139.28326043340496,34.430810499746066],[139.2839771307575,34.42896917460974],[139.28813397540227,34.427622995728555],[139.28854607638002,34.42554957078514],[139.29094701251103,34.424528331633894],[139.29123369145205,34.41945308251864],[139.29230873748088,34.41912814278871],[139.28666474582957,34.41428499348055],[139.28641390175616,34.412149675255236],[139.29125160888586,34.40832776509832],[139.28931652603399,34.40611508027064],[139.2892269388649,34.40156592405148],[139.28517759882303,34.400219745170304],[139.2783331391062,34.391477319102876],[139.27686390953346,34.38555103736159],[139.2762726342176,34.37937718249273],[139.27584261580608,34.362743362983906],[139.2758605332399,34.35072059297613],[139.27675640493058,34.34799728857283],[139.27568135890178,34.3436647588403],[139.27335209250597,34.34038441489995],[139.27211578957284,34.33001729018282],[139.25787142969094,34.3357733653989],[139.25679638366213,34.337568270573804],[139.25226327290727,34.339579802235335],[139.24875145587978,34.345196617567154],[139.2444512717645,34.3480127618933],[139.24411084052204,34.35013260679815],[139.24550840035948,34.35431040332595],[139.2451142168156,34.358441779892324],[139.24351956520619,34.3621089568445],[139.24162031722193,34.362433896574444],[139.24335830830185,34.367849558740104],[139.24163823465574,34.37041812993868],[139.2456159049624,34.36763293225348],[139.24905605225462,34.371300109205656],[139.25378625478143,34.37931528921084],[139.25554216329516,34.384607164812714],[139.25729807180892,34.39421609682665],[139.2548075485088,34.397697593933145],[139.2562409432139,34.398827146327704],[139.25513006231745,34.40090057127112],[139.25853437474206,34.40201465034521],[139.25987818227807,34.40430470177526],[139.26677639429636,34.40832776509832],[139.26609553181143,34.41054044992601],[139.2678514403252,34.41174736892293],[139.2669376512007,34.413650587341145],[139.26928483503028,34.41655957159013],[139.2721695418743,34.41693093128149],[139.27383586321895,34.41553833243889],[139.27876315751772,34.41754986410042]]],[[[139.2274655445091,34.36706041939596],[139.22594256263494,34.367725772176314],[139.22777014088393,34.37123821592376],[139.22375663570966,34.37433288001843],[139.2248675166061,34.375756425501976],[139.22936479249336,34.37278554797109],[139.2274655445091,34.36706041939596]]],[[[139.20716509199818,34.333777307057844],[139.2091718445853,34.336717237947774],[139.21264782674518,34.33690291779345],[139.21558628589062,34.33544842566896],[139.2154429464201,34.33352973393027],[139.22063900222608,34.33263228134282],[139.22535128731909,34.33093021609075],[139.22673092972275,34.326118013423546],[139.22192905746067,34.32296145604699],[139.219492286462,34.322280629946164],[139.21707343289717,34.318334933225465],[139.21381245994306,34.31793262689315],[139.21284491851713,34.316122248397775],[139.2066813212852,34.31952637890191],[139.20741593607158,34.3212129708335],[139.20238113716994,34.32060951133504],[139.2013060911411,34.316431714807244],[139.1979017787165,34.31621508832062],[139.19403161301273,34.32020720500274],[139.19757926490786,34.32435405488959],[139.20153901778068,34.32624179998733],[139.20076856812668,34.32958403720957],[139.20476415586714,34.326767892883424],[139.2062692203075,34.329831610337145],[139.20856265183565,34.331363469064],[139.20716509199818,34.333777307057844]]],[[[139.27501841385066,34.32656673971727],[139.2774014325479,34.327464192304724],[139.28060865320055,34.32528245411798],[139.2771685059083,34.32404458848012],[139.27501841385066,34.32656673971727]]]],"type":"MultiPolygon"},"id":"geoshape:13:2010-10-01:59b029e5523ee7262644","properties":{"administrativeCode":"13363","jurisdictionId":"geoshape:13:2010-10-01:59b029e5523ee7262644","municipalityName":"新島村","prefectureName":"東京都","snapshotDate":"2010-10-01","sourceDataset":"historical-administrative-areas-beta","sourceProvider":"Geoshape","sourceResourceId":"gci:13363A1992"},"type":"Feature"},{"geometry":{"coordinates":[[[[139.34263880906357,35.74984917681515],[139.3423342126887,35.746166526542495],[139.34552351590756,35.74707945245042],[139.35206337924956,35.741246010631976],[139.35333551705034,35.742530296231266],[139.35043289277252,35.74514528739125],[139.34989536975812,35.7477293319103],[139.35466140715255,35.74559401368498],[139.35491225122595,35.74276239603836],[139.35987538039234,35.739574892020855],[139.35899742613546,35.737331260552224],[139.35290549863882,35.736062448273415],[139.35254714996253,35.73287494425591],[139.35335343448415,35.72795442834539],[139.35536018707128,35.725293017223976],[139.353174260146,35.72504544409641],[139.35267257199922,35.72218287980884],[139.34324800181324,35.72154847366943],[139.33887614796268,35.719645255251216],[139.33887614796268,35.71594713165809],[139.3325871286941,35.71288341420437],[139.32939782547524,35.71206332821929],[139.32941574290905,35.71962978193074],[139.32841236661548,35.72337432548529],[139.32873488042412,35.72749022873119],[139.32198000787636,35.73272021105117],[139.32009867732592,35.73332367054964],[139.3166943649013,35.7433194355754],[139.31386341035875,35.74712587241184],[139.31879070465752,35.75070020944118],[139.32094079671518,35.7500503299813],[139.32205167761163,35.75359372036969],[139.3249184670218,35.75484705932803],[139.32733732058665,35.75294384090981],[139.3312970734595,35.75303668083265],[139.33217502771635,35.751736921912894],[139.33873280849218,35.750112223263194],[139.34263880906357,35.74984917681515]]]],"type":"MultiPolygon"},"id":"geoshape:13:2010-10-01:5dcac738d796f1604df8","properties":{"administrativeCode":"13218","jurisdictionId":"geoshape:13:2010-10-01:5dcac738d796f1604df8","municipalityName":"福生市","prefectureName":"東京都","snapshotDate":"2010-10-01","sourceDataset":"historical-administrative-areas-beta","sourceProvider":"Geoshape","sourceResourceId":"gci:13218A1970"},"type":"Feature"},{"geometry":{"coordinates":[[[[139.5866563401723,35.71190859501455],[139.59547171760866,35.7054407470567],[139.59283785483805,35.701092744003695],[139.59025774436887,35.694826049212],[139.58828682664938,35.69561518855614],[139.58671009247377,35.69395954326549],[139.58482876192332,35.69725536052631],[139.57991938505836,35.69881816589412],[139.57665841210428,35.70143315705411],[139.57255531976094,35.698849112535065],[139.57051273230618,35.698926479137434],[139.5501585274938,35.706786925937884],[139.5506602156406,35.69501172905768],[139.5422748566158,35.69669832098927],[139.54218526944672,35.6952902488262],[139.5365233603616,35.69533666878762],[139.53641585575872,35.69829207299803],[139.5339253324586,35.69897289909885],[139.5321873413787,35.702918595819554],[139.53254569005495,35.709107924008876],[139.52715254247704,35.70991253667349],[139.5273854691166,35.712821520922475],[139.52521745962514,35.71305362072958],[139.5264537625583,35.717277837218795],[139.52690169840363,35.71851570285666],[139.5300014144534,35.71749446370542],[139.52941013913755,35.71279057428153],[139.53736547975083,35.711320608836566],[139.55003310545712,35.71729331053927],[139.5545841336458,35.72077480764577],[139.5599414463561,35.72199719996316],[139.56563919030884,35.721656786912746],[139.5751175127963,35.71899537579134],[139.5820336422484,35.713951073317034],[139.5866563401723,35.71190859501455]]]],"type":"MultiPolygon"},"id":"geoshape:13:2010-10-01:5eb3590cf067649dd236","properties":{"administrativeCode":"13203","jurisdictionId":"geoshape:13:2010-10-01:5eb3590cf067649dd236","municipalityName":"武蔵野市","prefectureName":"東京都","snapshotDate":"2010-10-01","sourceDataset":"historical-administrative-areas-beta","sourceProvider":"Geoshape","sourceResourceId":"gci:13203A1968"},"type":"Feature"},{"geometry":{"coordinates":[[[[139.59418166237407,35.68213792642388],[139.60326580131763,35.680652487658435],[139.60837226995451,35.67636637788733],[139.60890979296894,35.6703472562232],[139.6161842710973,35.669898529929476],[139.6165605372074,35.672637307653254],[139.6120990961878,35.67463336599431],[139.61030735280642,35.67664489765585],[139.621021978227,35.67299319402414],[139.62503548340126,35.66914033722628],[139.63259664047064,35.66808815143409],[139.63910066894502,35.66584451996546],[139.6412686784365,35.66719069884664],[139.64773687204323,35.66842856448451],[139.65033489994622,35.669898529929476],[139.65511885477446,35.670548409389355],[139.66174830528553,35.67252899440994],[139.66205290166036,35.67144586197681],[139.6726958573457,35.67229689460284],[139.6728212793824,35.66740732533327],[139.67500720630767,35.66387940826535],[139.6794865647611,35.65733419370513],[139.6831596386929,35.65372891003485],[139.684306354457,35.64376409165003],[139.68608018040453,35.640545640991576],[139.68609809783837,35.6380389630749],[139.68203084036264,35.631137862143795],[139.679594069364,35.62507232051825],[139.67199707742697,35.62971431666025],[139.66384464504173,35.63194247480841],[139.66147954377834,35.631710375001305],[139.66180205758698,35.62748615851209],[139.6635221312331,35.62651133932227],[139.66649642524618,35.61852710595804],[139.66475843416623,35.61827953283046],[139.66321753485826,35.61563359502952],[139.66318169999064,35.60873249409842],[139.66830608606136,35.60648886262979],[139.67325129779394,35.608144507920436],[139.676996041461,35.608098087959014],[139.6792536381215,35.60568424996517],[139.6802749318489,35.60067089413182],[139.68066911539282,35.594899345595266],[139.67565223392498,35.59178920818013],[139.66975739820026,35.59901524884117],[139.66440008548997,35.599665128301055],[139.6626262595424,35.598427262663186],[139.6596161306617,35.59995912139004],[139.65578179982558,35.596477624283544],[139.65296876271682,35.59593605806698],[139.65705393762636,35.593413906829824],[139.6551367722083,35.59014903620996],[139.6504244871153,35.59257834752427],[139.64884775293967,35.594976712197635],[139.6399786232019,35.60006743463336],[139.6370043291888,35.60305378548471],[139.63179035594902,35.60579256320849],[139.6313603375375,35.60713874208967],[139.62478463932788,35.60983109985202],[139.62340499692422,35.61136295857889],[139.61851353749307,35.613792269893196],[139.6157900875534,35.613328070278996],[139.61218868335683,35.61585022151615],[139.60899938013802,35.61648462765555],[139.60473503089034,35.6158192748752],[139.60005858066498,35.61840331939425],[139.59310661634527,35.61756776008869],[139.59023982693506,35.618434266035194],[139.58932603781057,35.621219463720394],[139.59020399206744,35.62453075430169],[139.5922824143898,35.62422128789222],[139.59362622192586,35.62661965256558],[139.59140446013296,35.63305655388248],[139.58765971646588,35.63506808554402],[139.58443457837942,35.64107173388767],[139.58658467043708,35.64265001257595],[139.58764179903207,35.646162456323395],[139.58955896445013,35.64514121717215],[139.59206740518405,35.64591488319582],[139.59195990058117,35.65136149200243],[139.59308869891143,35.651531698527634],[139.59233616669127,35.65543097528692],[139.5898814782588,35.65725682710277],[139.58903935886954,35.66236302285897],[139.58654883556943,35.663956774867714],[139.59011440489837,35.66579810000404],[139.58887810196524,35.66940338367433],[139.58850183585514,35.67051746274841],[139.58248157809373,35.67339550035645],[139.5866384227385,35.67398348653443],[139.58678176220903,35.67780539669134],[139.58812556974505,35.68004902815998],[139.5853125326363,35.682045086501034],[139.59418166237407,35.68213792642388]]]],"type":"MultiPolygon"},"id":"geoshape:13:2010-10-01:658d120a4657dcd34102","properties":{"administrativeCode":"13112","jurisdictionId":"geoshape:13:2010-10-01:658d120a4657dcd34102","municipalityName":"世田谷区","prefectureName":"東京都","snapshotDate":"2010-10-01","sourceDataset":"historical-administrative-areas-beta","sourceProvider":"Geoshape","sourceResourceId":"gci:13112A1968"},"type":"Feature"},{"geometry":{"coordinates":[[[[139.80971047371906,35.72814010819107],[139.80842041848447,35.72037250131346],[139.80589406031675,35.71661248443844],[139.79700701314516,35.70777721844817],[139.79347727868387,35.701216530567486],[139.78890833306136,35.694702262648214],[139.7825476440575,35.69657453442549],[139.77996753358832,35.698075446511396],[139.78039755199984,35.70033455130051],[139.7731589087391,35.70188188334784],[139.77303348670242,35.70510033400629],[139.7701308624246,35.70534790713386],[139.77124174332104,35.70898413744509],[139.7666190453971,35.70870561767657],[139.76823161444034,35.71045410289006],[139.76762242169067,35.71296078080674],[139.765669421405,35.71357971362567],[139.7645047882071,35.717277837218795],[139.7686795502857,35.71582334509431],[139.76325056784015,35.72187341339937],[139.7649168891848,35.72721170896267],[139.76278471456098,35.73073962603059],[139.7647377148467,35.73013616653213],[139.7660456875151,35.727536648692606],[139.76977251374834,35.728124634870596],[139.77674239550186,35.72493713085309],[139.78145468059486,35.72461219112315],[139.78444689204176,35.72786158842255],[139.7894637735096,35.728743567689534],[139.79120176458952,35.731219298965264],[139.79505401285945,35.72897566749663],[139.80143261929715,35.72925418726515],[139.80971047371906,35.72814010819107]]]],"type":"MultiPolygon"},"id":"geoshape:13:2010-10-01:6bb78e6bd03423422bf2","properties":{"administrativeCode":"13106","jurisdictionId":"geoshape:13:2010-10-01:6bb78e6bd03423422bf2","municipalityName":"台東区","prefectureName":"東京都","snapshotDate":"2010-10-01","sourceDataset":"historical-administrative-areas-beta","sourceProvider":"Geoshape","sourceResourceId":"gci:13106A1968"},"type":"Feature"},{"geometry":{"coordinates":[[[[139.25686805339737,35.76071144778742],[139.2558646771038,35.75938074222671],[139.2618490999976,35.75558977871075],[139.26855022024392,35.7544602263162],[139.269213165295,35.75362466701064],[139.275466349696,35.75362466701064],[139.27989195584797,35.749338557239525],[139.28076991010485,35.74607368661965],[139.27930068053215,35.742066096617066],[139.28465799324243,35.7405961311721],[139.28363669951506,35.73768714692311],[139.28442506660286,35.731714445220405],[139.27878107495152,35.733308197229164],[139.26992986264756,35.73326177726774],[139.26294206346023,35.73233337803934],[139.25822977836722,35.73527330892927],[139.25285454822313,35.7363564413624],[139.2453829783228,35.73666590777187],[139.24403917078678,35.73880122599719],[139.23957772976715,35.73974509854607],[139.23221366446973,35.738925012560976],[139.22612173697308,35.74005456495553],[139.222090314365,35.743056389127354],[139.21857849733752,35.74443351464948],[139.2156758730597,35.74441804132901],[139.21237906523797,35.74862678449775],[139.21291658825237,35.75164408199005],[139.20510458710962,35.75377940021537],[139.20433413745562,35.7557909318769],[139.20001603590651,35.75806550998648],[139.19809887048845,35.7577096236156],[139.19367326433647,35.76077334106931],[139.18899681411108,35.76225877983475],[139.18147149190935,35.76289318597416],[139.18059353765247,35.76406915833013],[139.18061145508628,35.76866473451071],[139.16303445251503,35.77824271988369],[139.16656418697633,35.78091960432558],[139.1721365088924,35.78220388992487],[139.17561249105225,35.78486530104628],[139.1819552626223,35.78763502541101],[139.18609418983328,35.787774285295264],[139.19216819989612,35.78919783077881],[139.19551876001927,35.78683041274639],[139.19824220995895,35.78644357973456],[139.19888723757626,35.7844475213935],[139.20213029309653,35.78248240969339],[139.208240138027,35.77635497478595],[139.21056940442278,35.77316747076845],[139.2142424783546,35.774080396676375],[139.21798722202166,35.7729663176023],[139.2209077637333,35.77401850339448],[139.22257408507795,35.7724402247062],[139.2273401224724,35.77205339169437],[139.23172989375675,35.768881360997334],[139.23527754565188,35.76937650725248],[139.23826975709875,35.76704003586101],[139.24470211583787,35.767380448911425],[139.24945023579852,35.766606782887756],[139.25428794292822,35.76402273836871],[139.25686805339737,35.76071144778742]]]],"type":"MultiPolygon"},"id":"geoshape:13:2010-10-01:6d20979d7ec076b179c7","properties":{"administrativeCode":"13305","jurisdictionId":"geoshape:13:2010-10-01:6d20979d7ec076b179c7","municipalityName":"日の出町","parentJurisdictionName":"西多摩郡","prefectureName":"東京都","snapshotDate":"2010-10-01","sourceDataset":"historical-administrative-areas-beta","sourceProvider":"Geoshape","sourceResourceId":"gci:13305A1974"},"type":"Feature"},{"geometry":{"coordinates":[[[[139.27186494549946,34.530814569965166],[139.27396128525564,34.53223811544871],[139.28309917650063,34.53264042178102],[139.28772187442456,34.53101572313132],[139.29057074640096,34.52912797803357],[139.29295376509816,34.52536796115855],[139.2910186822463,34.5207569116575],[139.280949084443,34.51184427906487],[139.27632638651906,34.511055139720725],[139.27145284452172,34.51314403798463],[139.26812020183237,34.51732183451243],[139.2673676696122,34.521870990731585],[139.2686577248468,34.527286652897246],[139.27186494549946,34.530814569965166]]]],"type":"MultiPolygon"},"id":"geoshape:13:2010-10-01:6dc743ff0b20efd2dab9","properties":{"administrativeCode":"13362","jurisdictionId":"geoshape:13:2010-10-01:6dc743ff0b20efd2dab9","municipalityName":"利島村","prefectureName":"東京都","snapshotDate":"2010-10-01","sourceDataset":"historical-administrative-areas-beta","sourceProvider":"Geoshape","sourceResourceId":"gci:13362A1968"},"type":"Feature"},{"geometry":{"coordinates":[[[[139.88998057720443,35.75076210272307],[139.8807530987904,35.749725390251356],[139.88503536547185,35.74556306704403],[139.88186397968684,35.74435614804712],[139.87978555736444,35.7415245304005],[139.87758171300536,35.74092107090203],[139.87654250184417,35.737037267463236],[139.8729231802138,35.737377680513646],[139.87394447394118,35.736016028311994],[139.87191980392024,35.73244169128265],[139.8721706479936,35.73004332660929],[139.87027140000936,35.72875904101],[139.87054016151657,35.72470503104599],[139.8687305007014,35.72380757845854],[139.8662578948351,35.71853117617714],[139.86856924379705,35.71458547945644],[139.86659832607756,35.71291436084532],[139.86224438966082,35.71283699424295],[139.85625996676706,35.71446169289265],[139.8513505899021,35.710856409222366],[139.84215894635568,35.7193048422008],[139.82976008215658,35.73117287900384],[139.82381149413044,35.73770262024358],[139.8203534294044,35.74342774881872],[139.81716412618556,35.74913740407337],[139.81345521738612,35.75447569963667],[139.8135448045552,35.75965926199523],[139.81972631922093,35.760448401339374],[139.82024592480153,35.75597661172258],[139.82354273262325,35.75586829847927],[139.82436693457868,35.76177910690008],[139.8262482651291,35.761686266977236],[139.82542406317367,35.759133169099144],[139.8275383203637,35.757353737244706],[139.83099638508975,35.75908674913772],[139.8317309998761,35.76371327195925],[139.83746457869648,35.76318717906315],[139.83766167046844,35.765755750261725],[139.84169309307651,35.76643657636255],[139.84579618541986,35.76951576713674],[139.85129683760067,35.7698871268281],[139.85217479185752,35.765755750261725],[139.8565645631419,35.764425044701014],[139.8588042423686,35.76790654180752],[139.8577650312074,35.770830999376976],[139.84805378208037,35.78187895019493],[139.84525866240546,35.787712392013376],[139.8442552861119,35.79385530024128],[139.84674580941197,35.796501238042225],[139.8526406451367,35.792153234989215],[139.85647497597282,35.790961789312774],[139.85989720583123,35.79534073900672],[139.8638927935717,35.79484559275157],[139.867709206974,35.7966869178879],[139.8713464460382,35.797352270668256],[139.8747507584628,35.79654765800364],[139.87625582290315,35.79479917279016],[139.87595122652831,35.79218418163016],[139.87324569402244,35.79038927645526],[139.87118518913385,35.78662925958024],[139.87453574925703,35.78177063695161],[139.8772412817629,35.781167177453156],[139.88774089797772,35.784029741740724],[139.89377907317294,35.782745456141434],[139.89445993565786,35.779913838494814],[139.89342072449668,35.77832008648606],[139.88284943854657,35.773538830459806],[139.8807530987904,35.77166655868253],[139.8794630435558,35.76751970879568],[139.88267026420846,35.76201120670718],[139.88320778722286,35.75862254952352],[139.88998057720443,35.75076210272307]]]],"type":"MultiPolygon"},"id":"geoshape:13:2010-10-01:6e41880461ab618c4fa3","properties":{"administrativeCode":"13122","jurisdictionId":"geoshape:13:2010-10-01:6e41880461ab618c4fa3","municipalityName":"葛飾区","prefectureName":"東京都","snapshotDate":"2010-10-01","sourceDataset":"historical-administrative-areas-beta","sourceProvider":"Geoshape","sourceResourceId":"gci:13122A1968"},"type":"Feature"},{"geometry":{"coordinates":[[[[139.84674580941197,35.796501238042225],[139.8442552861119,35.79385530024128],[139.84525866240546,35.787712392013376],[139.84805378208037,35.78187895019493],[139.8577650312074,35.770830999376976],[139.8588042423686,35.76790654180752],[139.8565645631419,35.764425044701014],[139.85217479185752,35.765755750261725],[139.85129683760067,35.7698871268281],[139.84579618541986,35.76951576713674],[139.84169309307651,35.76643657636255],[139.83766167046844,35.765755750261725],[139.83746457869648,35.76318717906315],[139.8317309998761,35.76371327195925],[139.83099638508975,35.75908674913772],[139.8275383203637,35.757353737244706],[139.82542406317367,35.759133169099144],[139.8262482651291,35.761686266977236],[139.82436693457868,35.76177910690008],[139.82354273262325,35.75586829847927],[139.82024592480153,35.75597661172258],[139.81972631922093,35.760448401339374],[139.8135448045552,35.75965926199523],[139.81345521738612,35.75447569963667],[139.81716412618556,35.74913740407337],[139.8203534294044,35.74342774881872],[139.8165728508697,35.7414626371186],[139.81449442854733,35.73880122599719],[139.8130251989746,35.740735391056354],[139.8091012809694,35.740859177620145],[139.8024359955907,35.73863101947198],[139.79480316878607,35.73982246514843],[139.79242015008884,35.740781811017776],[139.7886754064218,35.74491318758415],[139.7886754064218,35.747017559168526],[139.79121968202332,35.74997296337893],[139.78880082845848,35.752510587936555],[139.7839810387626,35.75404244666342],[139.77034587163035,35.75364014033111],[139.7579649248651,35.7548625326485],[139.74927496946546,35.75688953763051],[139.74888078592156,35.75981399519996],[139.75816201663704,35.764595251226226],[139.76009709948895,35.76676151609249],[139.75792908999748,35.7701811199171],[139.75497271341823,35.76838621474219],[139.74640818005525,35.76700908922006],[139.7374315457146,35.76994902010999],[139.73589064640663,35.7710476258636],[139.73617732534765,35.77415776327874],[139.73787948155996,35.77742263389861],[139.73804073846426,35.78022330490428],[139.74260968408677,35.78169327034925],[139.74628275801857,35.78389048185646],[139.74669485899628,35.78681493942592],[139.75002750168562,35.78593296015894],[139.75499063085203,35.786892306028285],[139.7555998236017,35.790033390084375],[139.75997167745223,35.79433497317596],[139.76076004454004,35.79741416395015],[139.75529522722687,35.803185712486695],[139.75065461186912,35.80666720959319],[139.75190883223607,35.810937846043835],[139.7552056400578,35.81073669287768],[139.76126173268682,35.81288748442347],[139.76577692600787,35.81575004871104],[139.7662069444194,35.81746758728357],[139.77174343146783,35.81687960110559],[139.77923291880197,35.80824548828147],[139.78149051546248,35.80714688252787],[139.78722409428286,35.80688383607982],[139.79399688426446,35.80519724414823],[139.79883459139415,35.80618753665852],[139.8022926561202,35.80855495469094],[139.81329396048181,35.80832285488384],[139.81965464948567,35.81177340534939],[139.82105220932314,35.815084695930686],[139.8249223750269,35.81191266523365],[139.8207476129483,35.80553765719864],[139.81963673205186,35.79958042881641],[139.8204788514411,35.797537950513934],[139.82605117335714,35.793360153986136],[139.8330210551107,35.795913251864235],[139.83689122081444,35.80046240808339],[139.843377331855,35.79979705530304],[139.84674580941197,35.796501238042225]]]],"type":"MultiPolygon"},"id":"geoshape:13:2010-10-01:7237b8e0b85fb1fd371b","properties":{"administrativeCode":"13121","jurisdictionId":"geoshape:13:2010-10-01:7237b8e0b85fb1fd371b","municipalityName":"足立区","prefectureName":"東京都","snapshotDate":"2010-10-01","sourceDataset":"historical-administrative-areas-beta","sourceProvider":"Geoshape","sourceResourceId":"gci:13121A1968"},"type":"Feature"},{"geometry":{"coordinates":[[[[139.7467127764301,33.15611835915353],[139.75253594241954,33.15786684436702],[139.75685404396864,33.15830009734027],[139.75868162221764,33.159615329580504],[139.7681778621389,33.15771211116228],[139.77434145937082,33.15771211116228],[139.78389145159352,33.14861379872397],[139.79512568259472,33.142269737329904],[139.7960215542854,33.14242447053464],[139.79711451774804,33.13544600300117],[139.79813581147542,33.13365109782627],[139.8030989406418,33.13289290512307],[139.80499818862606,33.12955066790083],[139.80745287705855,33.13060285369302],[139.81121553815942,33.12848300878817],[139.81547988740707,33.127291563111726],[139.81703870414887,33.123841012646174],[139.81705662158268,33.12029762225779],[139.82262894349873,33.119879842605],[139.82553156777655,33.11816230403247],[139.83088888048687,33.11732674472691],[139.83767958790224,33.1180230441482],[139.84550950647883,33.11630550557567],[139.8493796721826,33.110843423448586],[139.85093848892438,33.10586101425617],[139.85746043483257,33.09866592023607],[139.85509533356915,33.09550936285952],[139.8545040582533,33.09122325308841],[139.85964636175785,33.083966265786415],[139.85771127890595,33.08054666196181],[139.8586967377657,33.07918500976016],[139.855113251003,33.077622204392355],[139.84882423173437,33.07805545736561],[139.84567076338317,33.07570351265366],[139.84269646937008,33.0763224454726],[139.8390233954383,33.07516194643709],[139.83979384509226,33.07412523396538],[139.83809168887996,33.07000933071948],[139.83407818370569,33.067440759520906],[139.8348665507935,33.06273687009701],[139.8338273396323,33.054814530014674],[139.83665829417487,33.05176628588143],[139.83714206488784,33.0494607611309],[139.83271645873586,33.045329384564525],[139.82445652174775,33.05359213769728],[139.81884836496405,33.05869833345348],[139.81332979534943,33.05962673268188],[139.81023007929966,33.05863644017158],[139.80553571164046,33.06040039870554],[139.80605531722108,33.06135974457489],[139.8024359955907,33.06369621596636],[139.79645157269692,33.062365510405655],[139.7935668658529,33.06569227430742],[139.79086133334704,33.066079107319254],[139.7842677177036,33.06956060442575],[139.78036171713222,33.07452754029769],[139.77975252438256,33.09233733216249],[139.7787670655228,33.09564862274378],[139.7752552484953,33.098990859966015],[139.77246012882037,33.09776846764862],[139.7680345226684,33.10151301120317],[139.75832327354138,33.10241046379062],[139.75398725455847,33.10550512788529],[139.75185507993464,33.110147124027286],[139.75248219011812,33.1120503424455],[139.75119213488352,33.115485419590584],[139.74429392286524,33.121411701331866],[139.74406099622567,33.124537312067474],[139.73983248184564,33.13114441990959],[139.73847075687578,33.13750395462412],[139.73856034404486,33.14576670775688],[139.7414808857565,33.14754613961131],[139.74440142746812,33.15385925436443],[139.7467127764301,33.15611835915353]]],[[[139.69921365938998,33.12073087523104],[139.70114874224186,33.11775999770016],[139.6979236041554,33.11681612515129],[139.6925842088789,33.117605264495424],[139.68882154777805,33.1161662456914],[139.6844496939275,33.11793020422537],[139.68084828973093,33.125589497859664],[139.67506095860912,33.13086590014107],[139.67681686712285,33.13648271547288],[139.6786981976733,33.134347397247566],[139.68305213409002,33.13663744867762],[139.6874598228082,33.13586378265395],[139.68776441918303,33.13372846442863],[139.69174208948968,33.130154127399294],[139.6972785765381,33.12769386944403],[139.6990882373533,33.12410405909422],[139.69921365938998,33.12073087523104]]]],"type":"MultiPolygon"},"id":"geoshape:13:2010-10-01:77be790eacddff347e4e","properties":{"administrativeCode":"13401","jurisdictionId":"geoshape:13:2010-10-01:77be790eacddff347e4e","municipalityName":"八丈町","prefectureName":"東京都","snapshotDate":"2010-10-01","sourceDataset":"historical-administrative-areas-beta","sourceProvider":"Geoshape","sourceResourceId":"gci:13401A1968"},"type":"Feature"},{"geometry":{"coordinates":[[[[139.75619109891755,32.47272368712865],[139.7595237416069,32.47335809326806],[139.76246220075234,32.47142392820889],[139.76991585321883,32.468963670253636],[139.7718151012031,32.46569879963376],[139.7774770102882,32.461675736310696],[139.7809709098819,32.45746699314195],[139.78034379969841,32.45356771638268],[139.7814009282934,32.45217511754008],[139.7794120931401,32.447471228116186],[139.77176134890166,32.44377310452306],[139.7673536601835,32.44299943849939],[139.76420019183226,32.44570726958223],[139.76011501692275,32.44640356900352],[139.75461436474194,32.451339558234515],[139.7548472913815,32.46294454858951],[139.7544351904038,32.46707592515589],[139.755187722624,32.471779814579776],[139.75619109891755,32.47272368712865]]]],"type":"MultiPolygon"},"id":"geoshape:13:2010-10-01:87a15511673638700641","properties":{"administrativeCode":"13402","jurisdictionId":"geoshape:13:2010-10-01:87a15511673638700641","municipalityName":"青ヶ島村","prefectureName":"東京都","snapshotDate":"2010-10-01","sourceDataset":"historical-administrative-areas-beta","sourceProvider":"Geoshape","sourceResourceId":"gci:13402A1968"},"type":"Feature"},{"geometry":{"coordinates":[[[[139.4407725940612,35.76700908922006],[139.4400021444072,35.763744218600195],[139.4405396674216,35.760216301532274],[139.44414107161816,35.75574451191548],[139.44620157650675,35.755651671992645],[139.44752746660896,35.7526034278594],[139.44754538404277,35.74924571731668],[139.4513797148789,35.74560948700545],[139.45069885239397,35.7419887300147],[139.450985531335,35.736990847501815],[139.44553863145563,35.73504120912217],[139.44247475027348,35.7363564413624],[139.42869624367074,35.73007427325024],[139.42643864701023,35.730167113173074],[139.425596527621,35.73101814579911],[139.4162257097364,35.73208580491177],[139.41441604892123,35.73302967746064],[139.413573929532,35.73643380796477],[139.41119091083476,35.737253893949855],[139.41061755295274,35.74776027855125],[139.4074461671677,35.74862678449775],[139.40748200203532,35.75322236067833],[139.40902290134332,35.75523389233986],[139.4092737454167,35.75823571651169],[139.40753575433678,35.76085070767168],[139.4049735613014,35.762073099989074],[139.402608460038,35.76108280747878],[139.4005300377156,35.76196478674576],[139.39167882541165,35.76335738558836],[139.39845161539324,35.76440957138055],[139.40027919364223,35.76775180860278],[139.40488397413236,35.769159880765855],[139.4095066720563,35.768695681151655],[139.41590319592777,35.76628184315781],[139.4204900589841,35.766219949875925],[139.4220847105935,35.76778275524373],[139.42762119764194,35.766452049683025],[139.43545111621853,35.76711740246338],[139.4396258782971,35.769159880765855],[139.4407725940612,35.76700908922006]]]],"type":"MultiPolygon"},"id":"geoshape:13:2010-10-01:88ea8a24ff1d41f55b3c","properties":{"administrativeCode":"13220","jurisdictionId":"geoshape:13:2010-10-01:88ea8a24ff1d41f55b3c","municipalityName":"東大和市","prefectureName":"東京都","snapshotDate":"2010-10-01","sourceDataset":"historical-administrative-areas-beta","sourceProvider":"Geoshape","sourceResourceId":"gci:13220A1970"},"type":"Feature"},{"geometry":{"coordinates":[[[[139.5208276883408,35.64619340296434],[139.52537871652947,35.64265001257595],[139.52338988137615,35.63881262909857],[139.52102478011275,35.63777591662685],[139.52349738597903,35.63239120110214],[139.51880301831986,35.631246175387105],[139.51659917396077,35.629590530096465],[139.5161512381154,35.625706726657654],[139.51039974186122,35.623354781945714],[139.5096113747734,35.62408202800796],[139.5034119426739,35.62285963569057],[139.49939843749962,35.62039937773531],[139.49803671252977,35.618434266035194],[139.4946682349728,35.61728924032017],[139.49577911586925,35.612353251089175],[139.5000255476831,35.607278001973924],[139.4975708592506,35.60486416398009],[139.4936290238116,35.60582350984944],[139.4890600781891,35.60466301081394],[139.48805670189554,35.60751010178103],[139.48350567370687,35.6086241808551],[139.48126599448014,35.61006319965912],[139.4796534254369,35.6132661769971],[139.47694789293104,35.613018603869534],[139.4762311955785,35.61888299232892],[139.46757707504648,35.6206314775424],[139.46415484518806,35.624515280981214],[139.46453111129816,35.62962147673741],[139.47159058022075,35.63352075349668],[139.4689029651487,35.64087058072152],[139.468777543112,35.644568704314636],[139.47377650714603,35.6467968624628],[139.47381234201364,35.649334487020425],[139.4739915163518,35.6507425591835],[139.4792413244592,35.65198042482136],[139.48646205028612,35.65266125092219],[139.49945218980105,35.65145433192527],[139.50131560291769,35.64917975381569],[139.50679833766466,35.650881819067756],[139.51208398063972,35.6512067587977],[139.51683210060034,35.64930354037948],[139.5208276883408,35.64619340296434]]]],"type":"MultiPolygon"},"id":"geoshape:13:2010-10-01:8eb85c2bd23717f70283","properties":{"administrativeCode":"13225","jurisdictionId":"geoshape:13:2010-10-01:8eb85c2bd23717f70283","municipalityName":"稲城市","prefectureName":"東京都","snapshotDate":"2010-10-01","sourceDataset":"historical-administrative-areas-beta","sourceProvider":"Geoshape","sourceResourceId":"gci:13225A1971"},"type":"Feature"},{"geometry":{"coordinates":[[[[140.28823137858151,30.486429011288365],[140.29167152587377,30.491906566735924],[140.2938216179314,30.493701471910832],[140.29806804974524,30.49411925156361],[140.29848015072295,30.495310697240058],[140.30464374795488,30.49592963005899],[140.30713427125497,30.495032177471536],[140.31284993264154,30.48955462202398],[140.31444458425096,30.486986050825408],[140.3138533089351,30.481988168312522],[140.3108252626206,30.4762011464555],[140.30890809720253,30.474638341087694],[140.29839056355388,30.473029115758468],[140.29557752644513,30.474545501164854],[140.29039938807298,30.47881613761549],[140.28986186505858,30.480595569469923],[140.28642171776633,30.483535500359856],[140.28823137858151,30.486429011288365]]],[[[142.0962975421557,27.72009330374681],[142.10092024007963,27.71947437092788],[142.10296282753438,27.716534440037947],[142.10143984566022,27.715822667296173],[142.0962975421557,27.72009330374681]]],[[[142.10618796562088,27.717725885714394],[142.10998646158936,27.71798893216244],[142.10969978264833,27.716286866910373],[142.10618796562088,27.717725885714394]]],[[[142.12550295927204,27.687073237856737],[142.13105736375428,27.689254976043475],[142.13259826306225,27.68555685245035],[142.13650426363364,27.68732081098431],[142.13872602542654,27.685634219052716],[142.1401056678302,27.688589623263123],[142.14248868652743,27.688852669711167],[142.14318746644614,27.686361465114963],[142.14813267817874,27.683622687391185],[142.1479355864068,27.679661517350013],[142.14883145809748,27.673487662481158],[142.14555256770956,27.670594151552645],[142.14091195235181,27.67150707746057],[142.13797349320637,27.674214908543405],[142.13953230994815,27.676133600282096],[142.1389589520661,27.678779538083035],[142.13299244660615,27.680992222910717],[142.13306411634142,27.678887851326348],[142.13102152888666,27.678423651712148],[142.12903269373334,27.681564735768234],[142.12720511548434,27.68173494229344],[142.12392622509643,27.685309279322777],[142.12550295927204,27.687073237856737]]],[[[142.12356787642014,27.679212791056287],[142.12656008786703,27.681750415613912],[142.1258792253821,27.677619039047535],[142.12356787642014,27.679212791056287]]],[[[142.15830978058491,27.65541482416831],[142.15891897333458,27.657256149304636],[142.1563388628654,27.658726114749605],[142.15782600987194,27.662362345060835],[142.15906231280508,27.662625391508882],[142.15814852368058,27.659112947761436],[142.15945649634898,27.656126596910084],[142.15830978058491,27.65541482416831]]],[[[142.17051155301203,27.633783122146603],[142.17293040657688,27.632993982802464],[142.17499091146547,27.63590296705145],[142.17818021468432,27.63372122886471],[142.1795956919556,27.63040993828342],[142.18203246295425,27.630796771295252],[142.18593846352564,27.626154775153253],[142.1854905276803,27.619470300708777],[142.1814232702046,27.621930558664037],[142.17823396698574,27.626232141755622],[142.1758330308547,27.62324579090427],[142.1734679295913,27.624297976696454],[142.17327083781936,27.626541608165088],[142.17051155301203,27.633783122146603]]],[[[142.20985823766694,27.49542069047413],[142.2053609617797,27.496410982984422],[142.2040888239789,27.498329674723117],[142.20532512691207,27.50044951962796],[142.2098224027993,27.500109106577547],[142.21134538467345,27.502275371443815],[142.21311921062102,27.498639141132582],[142.21211583432745,27.496178883177322],[142.21605766976646,27.49118100066444],[142.21510804577434,27.489618195296632],[142.21175748565116,27.49002050162894],[142.21199041229076,27.493486525414966],[142.20985823766694,27.49542069047413]]],[[[142.20475176903003,27.48819464981309],[142.20733187949918,27.489370622169062],[142.20862193473377,27.488272016415454],[142.20475176903003,27.48819464981309]]],[[[140.872447225511,27.246114551007913],[140.87526026261975,27.25004477440814],[140.87995463027892,27.247151263479626],[140.87592320767084,27.24394828614165],[140.872447225511,27.246114551007913]]],[[[142.19342795085976,27.19443366062701],[142.1953092814102,27.19644519228854],[142.19840899745998,27.19480502031837],[142.19487926299868,27.192886328579675],[142.19342795085976,27.19443366062701]]],[[[142.18473799546013,27.179424539767883],[142.18769437203937,27.18216331749166],[142.18769437203937,27.18419032247367],[142.1856338671508,27.184793781972125],[142.1842004724457,27.187300459888803],[142.1865297388415,27.187284986568333],[142.18907401444304,27.190132077535424],[142.18884108780347,27.187517086375433],[142.19253207916907,27.18501040845875],[142.19548845574835,27.18531987486822],[142.1945388317562,27.182906036874382],[142.20007531880464,27.182828670272016],[142.19993197933414,27.181420598108943],[142.1952913639764,27.179115073358417],[142.1945209143224,27.176453662237005],[142.19511218963825,27.17328163153997],[142.19760271293836,27.171053473391815],[142.1980506487837,27.168825315243655],[142.20217165856084,27.169181201614542],[142.2000036490694,27.165668757867095],[142.20030824544423,27.162620513733852],[142.19745937346784,27.15954132295966],[142.19941237375355,27.1582415640399],[142.19238873969857,27.15056679708513],[142.18803480328185,27.150303750637086],[142.18742561053216,27.147673286156618],[142.18885900523728,27.144655988664322],[142.18074240771966,27.14640447387781],[142.17970319655848,27.148013699207034],[142.1806528205506,27.150737003610338],[142.18454090368817,27.149514611292943],[142.18468424315867,27.152578328746664],[142.18635056450336,27.15465175369009],[142.1844513165191,27.156879911838246],[142.18192495835137,27.156539498787836],[142.1844692339529,27.16023762238096],[142.1832687658874,27.16605559087893],[142.18429005961477,27.16661263041597],[142.18387795863705,27.17182713941548],[142.1872106013264,27.171564092967433],[142.18755103256888,27.176701235364575],[142.18473799546013,27.179424539767883]]],[[[142.19224540022805,27.1439132692816],[142.1940192261756,27.143650222833553],[142.19457466662385,27.13784772765606],[142.19681434585056,27.135542202905533],[142.20098910792913,27.133081944950273],[142.2048592736329,27.13483043016376],[142.20691977852147,27.134010344178673],[142.20519970487535,27.131039466647795],[142.20604182426462,27.129120774909104],[142.21378215567213,27.13125609313442],[142.2166489450823,27.133608037846365],[142.2196411565292,27.132664165297495],[142.2187094499709,27.129693287766614],[142.22283045974805,27.126072530775858],[142.22403092781357,27.123008813322137],[142.22650353367985,27.12412289239622],[142.22601976296687,27.121152014865338],[142.22730981820146,27.11825850393683],[142.22601976296687,27.11621602563435],[142.22756066227487,27.114993633316956],[142.23255962630887,27.113786714320035],[142.23533682855,27.11417354733187],[142.23608936077017,27.111589502812826],[142.2338855164111,27.10909829821662],[142.2256614142906,27.110986043314366],[142.22274087257898,27.110119537367858],[142.2205728630875,27.11086225675058],[142.2197486611321,27.10868051856384],[142.21292211884906,27.109593444471766],[142.2066868518819,27.10914471817804],[142.2043217506185,27.110382583815905],[142.20077409872337,27.10979459763792],[142.20308544768534,27.11423544061376],[142.20634642063945,27.118010930809255],[142.20202831909035,27.11975941602274],[142.2019924842227,27.121384114672438],[142.19840899745998,27.12319449316782],[142.19278292324248,27.123039759963085],[142.19034615224382,27.12064139528972],[142.18712101415733,27.121538847877172],[142.19081200552296,27.124927505060832],[142.18828564735523,27.12681525015858],[142.18857232629625,27.13045148046981],[142.19299793244824,27.133406884680213],[142.18898442727397,27.13691932842766],[142.19224540022805,27.1439132692816]]],[[[142.176764737413,27.128532788731114],[142.17873565513253,27.129399294677622],[142.17955985708795,27.12701640332473],[142.176764737413,27.128532788731114]]],[[[142.1636491758614,27.11516383984216],[142.16578135048522,27.116989691658016],[142.16343416665563,27.12156979451812],[142.16646221297015,27.12027003559836],[142.16918566290983,27.121152014865338],[142.1715328467394,27.11640170548003],[142.16945442441704,27.11473058686891],[142.16732224979322,27.115132893201217],[142.16558425871327,27.112904735053057],[142.16158867097283,27.113276094744418],[142.1636491758614,27.11516383984216]]],[[[142.1841825550119,27.118150190693516],[142.1876047848703,27.11725273810606],[142.187443527966,27.115906559224882],[142.1841825550119,27.118150190693516]]],[[[142.19195872128705,27.105028814932133],[142.1941267307785,27.10366716273048],[142.19670684124767,27.105725114353433],[142.19769230010743,27.10459556195888],[142.20528929204443,27.105384701303024],[142.20570139302214,27.10332674968007],[142.2107361919238,27.10263045025877],[142.2111482929015,27.103790949294268],[142.21471386223044,27.10044871207203],[142.2175627342068,27.099767885971204],[142.21931864272057,27.096054289057605],[142.22308130382143,27.093067938206254],[142.2252672307467,27.087482069515385],[142.22313505612289,27.085253911367225],[142.22533890048197,27.083149539782852],[142.22610935013594,27.080580968584282],[142.2297107543325,27.08149389449221],[142.23252379144125,27.07810523730855],[142.2329717272866,27.07281336170667],[142.23078580036133,27.068790298383608],[142.23168167205202,27.06261644351475],[142.2301228553102,27.059506306099614],[142.23211169046354,27.056813948337254],[142.23508598447663,27.056117648915954],[142.23730774626952,27.054028750652055],[142.23784526928392,27.05139828617159],[142.23458429632984,27.04926296794627],[142.22809818528927,27.056535428568733],[142.2244967810927,27.053270557948863],[142.22197042292498,27.052961091539395],[142.2257689188935,27.05070198675029],[142.22587642349637,27.045332744546045],[142.22274087257898,27.04525537794368],[142.22440719392364,27.04254754686085],[142.22698730439282,27.041077581415884],[142.22533890048197,27.039174362997663],[142.2298361763692,27.037657977591277],[142.22926281848717,27.035801179134477],[142.2193903124558,27.036249905428203],[142.220429523617,27.03915888967719],[142.21982033086735,27.041309681222984],[142.21749106447157,27.041603674311975],[142.2137642382383,27.039096996395294],[142.21039576068134,27.040566961840263],[142.20794107224887,27.040381281994584],[142.20588056736028,27.044156772190075],[142.20165205298025,27.044357925356227],[142.19880318100388,27.045549371032674],[142.19600806132894,27.044110352228653],[142.19461050149147,27.0415882009915],[142.19122410650067,27.0422845004128],[142.18971904206032,27.043785412498714],[142.18635056450336,27.04409487890818],[142.1857413717537,27.040350335353637],[142.18409296784282,27.045549371032674],[142.18649390397385,27.04822625547456],[142.18864399603152,27.048535721884026],[142.1897011246265,27.050872193275495],[142.1887694180682,27.05308487810318],[142.18975487692796,27.05540587617418],[142.18756895000269,27.056024808993115],[142.18738977566454,27.06106911146742],[142.18979071179558,27.06157973104304],[142.1924245745662,27.05921231301062],[142.19441340971952,27.05941346617677],[142.19484342813104,27.062771176719483],[142.19143911570643,27.065169541392848],[142.19298001501443,27.067475066143373],[142.189557785156,27.06827967880799],[142.18712101415733,27.07160644270975],[142.18246248136577,27.07066257016088],[142.18178161888085,27.074051227344537],[142.18394962837232,27.07550571946903],[142.1871926838926,27.072720521783832],[142.1909732624273,27.07383460085791],[142.19301584988204,27.07559855939187],[142.20113244739966,27.074871313329623],[142.2036588055674,27.073262088000398],[142.20593431966174,27.07573781927613],[142.2048771910667,27.07731609796441],[142.20704520055818,27.078492070320383],[142.20734979693302,27.08570263766095],[142.20401715424367,27.085826424224738],[142.20192081448747,27.087590382758698],[142.20358713583212,27.08992685415017],[142.20376631017027,27.093454771218088],[142.2013116217378,27.0958840825324],[142.20272709900908,27.09859191361523],[142.201096612532,27.099396526279847],[142.19801481391607,27.098406233769552],[142.1987135938348,27.09676606179938],[142.19597222646132,27.094321277164596],[142.1936071251979,27.094073704037022],[142.19133161110355,27.09201575241407],[142.19254999660288,27.089911380829697],[142.18624305990048,27.088317628820946],[142.18635056450336,27.09043747372579],[142.18192495835137,27.094476010369327],[142.18325084845358,27.097354047977365],[142.18174578401323,27.100185665623982],[142.18292833464494,27.102785183463503],[142.18713893159116,27.105539434507754],[142.19195872128705,27.105028814932133]]],[[[142.24420595828778,27.092216905580223],[142.24076581099555,27.09574482264814],[142.2474669312419,27.094971156624474],[142.2488286562117,27.091536079479397],[142.24574685759578,27.090313687162002],[142.24420595828778,27.092216905580223]]],[[[142.23865155380554,27.047437116130418],[142.24142875604667,27.046678923427226],[142.2392249116876,27.045688630916935],[142.23865155380554,27.047437116130418]]],[[[142.17518800323742,27.03204116225946],[142.1739875351719,27.03598685898016],[142.17427421411293,27.038400696973998],[142.17158659904086,27.043708045896345],[142.17328875525317,27.04525537794368],[142.17771436140515,27.03683789160619],[142.17547468217845,27.034857306585607],[142.17687224201592,27.032876721565017],[142.17518800323742,27.03204116225946]]],[[[142.1228511790676,26.71155774861595],[142.12335286721438,26.714234633057835],[142.1253417023677,26.713399073752274],[142.12890727169662,26.708107198150397],[142.13139779499673,26.706188506411706],[142.13080651968087,26.70399129490449],[142.13324329067956,26.702149969768165],[142.13383456599541,26.699813498376695],[142.13922771357332,26.69973613177433],[142.14257827369647,26.697894806638004],[142.14125238359426,26.701592930231126],[142.14214825528495,26.703542568610764],[142.14091195235181,26.708354771277968],[142.14569590718006,26.706265873014072],[142.14960190775145,26.707395425408624],[142.15033652253783,26.705631466874664],[142.15252244946308,26.705940933284133],[142.15402751390343,26.709020124058323],[142.15820227598203,26.705879040002237],[142.15861437695975,26.70375919509739],[142.1649750659636,26.70239754289574],[142.16411502914056,26.700107491465687],[142.16074655158357,26.701577456910655],[142.15684055101218,26.699163618916813],[142.15126822909613,26.69718303389623],[142.150605284045,26.69405742316062],[142.1461259255916,26.69382532335352],[142.1454808979743,26.691659058487254],[142.14689637524557,26.689214273852468],[142.14684262294415,26.68494363740183],[142.14945856828095,26.683674825123017],[142.1543679451459,26.684278284621477],[142.15915189997415,26.686707595935786],[142.16603219455862,26.687434841998034],[142.16846896555728,26.68987962663282],[142.16773435077093,26.685980349873542],[142.16601427712482,26.68420091801911],[142.16689223138167,26.68079678751498],[142.16527966233843,26.678352002880192],[142.1611765699951,26.67476219253038],[142.16277122160452,26.669841676619864],[142.16200077195055,26.66690174572993],[142.16381043276573,26.66428675456994],[142.16409711170672,26.660387477810662],[142.16753725899898,26.658020059778245],[142.16993819513002,26.658174792982976],[142.17264372763586,26.65624062792381],[142.17601220519285,26.65679766746085],[142.1785743982282,26.655745481668664],[142.18215788499094,26.65702976726795],[142.18172786657942,26.659134138852323],[142.18842898682573,26.65973759835078],[142.18773020690702,26.65525033541352],[142.1848634174968,26.656116841360024],[142.18540094051122,26.65441477610796],[142.18016904983762,26.653130490508673],[142.17819813211813,26.654755189158372],[142.17420254437766,26.654167202980386],[142.17459672792157,26.647838614906796],[142.17337834242224,26.6447594241326],[142.17124616779842,26.64330493200811],[142.17332459012079,26.6385546226228],[142.17273331480493,26.636326464474642],[142.17701558148642,26.63428398617216],[142.18034822417576,26.631003642231818],[142.18033030674195,26.62455126759444],[142.18217580242475,26.622431422689594],[142.1810649215283,26.618439306007478],[142.18138743533694,26.614137722915892],[142.18249831623342,26.611971458049627],[142.18160244454273,26.609650459978628],[142.1784668936253,26.60746872179189],[142.1744892233187,26.610331286079454],[142.17832355415482,26.61542200851518],[142.1763347190015,26.61607188797506],[142.1773739301627,26.619692644965816],[142.17615554466335,26.623003935547107],[142.17328875525317,26.62566534666852],[142.16950817671847,26.632256981190157],[142.16526174490463,26.63134405528223],[142.16361334099378,26.62971935663253],[142.1615528361052,26.630570389258565],[142.16062112954688,26.635877738180916],[142.16115865256128,26.639544915133094],[142.15847103748925,26.638817669070846],[142.15664345924023,26.63566111169429],[142.153973761602,26.63581584489902],[142.15329289911708,26.64168023335841],[142.15142948600044,26.645270043708223],[142.15271954123503,26.646631695909875],[142.14922564164138,26.64814808131626],[142.1469142926794,26.656720300858485],[142.14499712726132,26.656163261321446],[142.14514046673185,26.65834499950818],[142.14893896270036,26.662151436344622],[142.14884937553128,26.6665149127181],[142.14698596241465,26.66776825167644],[142.14223784245402,26.66577219333538],[142.1418257414763,26.668588337661525],[142.14428042990878,26.67070818256637],[142.1435278976886,26.672657820946007],[142.1449612923937,26.674514619402807],[142.1439041637987,26.676974877358067],[142.14019525499927,26.678645995969184],[142.136181749825,26.681585926859118],[142.1365580159351,26.68401523817343],[142.13035858383554,26.68935353373673],[142.12998231772545,26.694181209724405],[142.12856684045417,26.69490845578665],[142.12806515230739,26.70123704386024],[142.12265408729564,26.706652706025906],[142.1228511790676,26.71155774861595]]],[[[142.12550295927204,26.602749359047525],[142.1227078395971,26.603724178237343],[142.1236395461554,26.607298515266685],[142.12632716122747,26.607809134842302],[142.12604048228644,26.609913506426675],[142.13275951996658,26.610099186272354],[142.1359309057516,26.601403180166347],[142.13352996962055,26.59676118402435],[142.12892518913046,26.595012698810862],[142.1279576477045,26.59821567614884],[142.12713344574908,26.595925624718788],[142.12525211519863,26.59560068498885],[142.12580755564687,26.5985870358402],[142.1274201246901,26.5992833352615],[142.12550295927204,26.602749359047525]]],[[[142.1754567647446,26.60220779283096],[142.17757102193463,26.60551908341225],[142.17812646238286,26.603151665379833],[142.1754567647446,26.60220779283096]]],[[[142.16323707488368,26.592475074253237],[142.16633679093346,26.590742062360224],[142.16501090083125,26.588730530698694],[142.16323707488368,26.592475074253237]]],[[[142.14714721931898,26.58247930922747],[142.14969149492052,26.586053646256808],[142.15198492644868,26.585434713437873],[142.1546367066531,26.587755711508873],[142.16209035911962,26.587987811315973],[142.16203660681816,26.58555850000166],[142.15816644111442,26.583361288494448],[142.153973761602,26.584274214402374],[142.15139365113282,26.582061529574688],[142.14714721931898,26.58247930922747]]],[[[142.22659312084892,26.570688639026795],[142.23040953425124,26.57574841482157],[142.23522932394712,26.57081242559058],[142.2388844804451,26.570100652848808],[142.23997744390775,26.56759397493213],[142.23607144333636,26.56796533462349],[142.23162791975057,26.56657273578089],[142.2286536257375,26.563803011416166],[142.2268260474885,26.56381848473664],[142.22582267119492,26.566541789139944],[142.22845653396556,26.56917225362041],[142.22659312084892,26.570688639026795]]],[[[142.21302962345194,26.564390997594153],[142.2180823397874,26.56330786516102],[142.2152872201125,26.556809070562224],[142.2108795313943,26.55625203102518],[142.21066452218855,26.554921325464477],[142.20473385159622,26.55485943218258],[142.20208207139177,26.55297168708484],[142.2014728786421,26.555911617974772],[142.20398131937603,26.558820602223754],[142.2031750348544,26.5621009461641],[142.20595223709554,26.561698639831793],[142.20953572385827,26.564004164582318],[142.21302962345194,26.564390997594153]]],[[[142.15400959646962,26.551439828357978],[142.15343623858757,26.554348812606964],[142.15472629382216,26.555694991488142],[142.15259411919834,26.556762650600803],[142.15284496327175,26.564251737709892],[142.15562216551285,26.564669517362674],[142.15676888127695,26.561946212959366],[142.16069279928215,26.561389173422327],[142.1613019920318,26.559362168440323],[142.15952816608424,26.557845783033937],[142.15904439537127,26.554410705888856],[142.16087197362026,26.552786007239156],[142.16092572592171,26.54814401109716],[142.1578797621734,26.546906145459296],[142.15809477137915,26.544260207658354],[142.15438586257972,26.543796008044154],[142.15331081655088,26.547757178085327],[142.15517422966752,26.55037216924532],[142.15400959646962,26.551439828357978]]],[[[141.27481903666524,25.421036401179204],[141.27197016468884,25.429144421107228],[141.27248977026946,25.439496072503882],[141.27340355939396,25.44175517729299],[141.27981800069927,25.448052818725632],[141.2832939828591,25.449012164594976],[141.28777334131254,25.447464832547645],[141.28990551593637,25.44385954887736],[141.28999510310544,25.441229084396895],[141.29219894746453,25.439341339299148],[141.2928439750818,25.43641688172969],[141.2919301859573,25.433476950839758],[141.2929693971185,25.42580218388499],[141.28990551593637,25.422243320176126],[141.2832581479915,25.419411702529505],[141.27644952314228,25.419226022683826],[141.27481903666524,25.421036401179204]]],[[[153.97075428837604,24.284845952143407],[153.97743749118857,24.290369927552383],[153.98304564797226,24.296930615433077],[153.9852136574637,24.297209135201594],[153.9851957400299,24.290493714116174],[153.9868978962422,24.283112940250398],[153.98410277656725,24.28071457557703],[153.97075428837604,24.284845952143407]]],[[[141.30637163761116,24.797848419116033],[141.30914883985227,24.80188695575957],[141.31344902396756,24.805244666302283],[141.31746252914184,24.80615759221021],[141.32124310767654,24.808478590281208],[141.32152978661753,24.811588727696346],[141.3285175858049,24.8117898808625],[141.33441242152958,24.8066836851063],[141.33580998136705,24.806173065530682],[141.34098811973922,24.79959690432952],[141.34398033118612,24.79303621644883],[141.34523455155306,24.787620554283166],[141.3472233867064,24.782870244897854],[141.34636334988332,24.77900191477952],[141.34435659729618,24.777794995782603],[141.34301278976017,24.774777698290304],[141.3354874675584,24.770646321723927],[141.32921636572362,24.771017681415287],[141.32307068592553,24.770460641878245],[141.31083307863076,24.761517062644664],[141.30452614192833,24.757942725615326],[141.2958541039625,24.7540125022151],[141.29329191092717,24.751985497233097],[141.29293356225088,24.749989438892037],[141.28857962583416,24.746244895337494],[141.28558741438727,24.746538888426485],[141.2851215611081,24.75139751105511],[141.28596368049736,24.755126581289183],[141.28832878176075,24.757803465731065],[141.29268271817747,24.767598077590684],[141.29365025960342,24.771698507516113],[141.29345316783147,24.780812293274902],[141.29250354383936,24.784061690574298],[141.28994135080399,24.787078988066597],[141.28779125874635,24.787450347757957],[141.28605326766643,24.78563996926258],[141.2858920107621,24.788688213395822],[141.2877554238787,24.789895132392743],[141.29071180045798,24.78955471934233],[141.29970635223245,24.79433597536859],[141.30203561862822,24.79481564830326],[141.30637163761116,24.797848419116033]]],[[[141.2847273775642,24.800014683982297],[141.286286194306,24.80659084518346],[141.2877195890111,24.80629685209447],[141.28528281801243,24.798095992243606],[141.2847273775642,24.800014683982297]]],[[[141.45472798958858,24.240762462114905],[141.4584010635204,24.24469268551513],[141.4620741374522,24.245110465167908],[141.4684706613237,24.242588313930757],[141.47223332242456,24.24190748782993],[141.47303960694617,24.239338916631358],[141.4716241296749,24.23195814276558],[141.46929486327912,24.227764872917312],[141.46748520246393,24.22679005372749],[141.4581681368808,24.22477852206596],[141.45474590702239,24.22570692129436],[141.45327667744968,24.22920389172133],[141.45340209948637,24.234727867130307],[141.45472798958858,24.240762462114905]]]],"type":"MultiPolygon"},"id":"geoshape:13:2010-10-01:8f3a3ebaeedb3de805af","properties":{"administrativeCode":"13421","jurisdictionId":"geoshape:13:2010-10-01:8f3a3ebaeedb3de805af","municipalityName":"小笠原村","prefectureName":"東京都","snapshotDate":"2010-10-01","sourceDataset":"historical-administrative-areas-beta","sourceProvider":"Geoshape","sourceResourceId":"gci:13421A1968"},"type":"Feature"},{"geometry":{"coordinates":[[[[139.58671009247377,35.69395954326549],[139.59405624033738,35.68899260739356],[139.5905623407437,35.686996549052495],[139.59360830449205,35.684133984764934],[139.59418166237407,35.68213792642388],[139.5853125326363,35.682045086501034],[139.58812556974505,35.68004902815998],[139.58678176220903,35.67780539669134],[139.5866384227385,35.67398348653443],[139.58248157809373,35.67339550035645],[139.58850183585514,35.67051746274841],[139.58887810196524,35.66940338367433],[139.5851691931658,35.671291128772076],[139.5804569080728,35.67071861591456],[139.57830681601513,35.672049321475264],[139.57979396302167,35.665535053556],[139.58214114685128,35.66502443398038],[139.57549377890638,35.66004202478797],[139.5730032556063,35.6641424547134],[139.5688464109615,35.66350804857399],[139.56614087845563,35.66425076795671],[139.56433121764044,35.669032023982965],[139.56445663967716,35.67226594796189],[139.5608731529144,35.682849699165644],[139.55673422570345,35.68272591260186],[139.55216528008094,35.68083816750411],[139.545428324967,35.68206055982151],[139.5429378016669,35.680466807812756],[139.5413969023589,35.669898529929476],[139.54193442537334,35.66796436487031],[139.5443891138058,35.66664913263008],[139.54159399413086,35.66426624127718],[139.5374550669199,35.665473160274104],[139.5384942780811,35.66712880556475],[139.5355916538033,35.66929507043101],[139.5344449380392,35.66754658521753],[139.53136313942326,35.66770131842226],[139.53243818545207,35.669898529929476],[139.52944597400517,35.67273014757609],[139.52944597400517,35.67560818518413],[139.52675835893314,35.67467978595573],[139.5265971020288,35.679136102252045],[139.52537871652947,35.68090006078601],[139.5286755243512,35.681194053875004],[139.52691961583744,35.684211351367296],[139.5248770283827,35.69010668646764],[139.52853218488067,35.690679199325146],[139.53215150651104,35.68877598090693],[139.53136313942326,35.69460942272538],[139.53419409396582,35.69488794249389],[139.5339253324586,35.69897289909885],[139.53641585575872,35.69829207299803],[139.5365233603616,35.69533666878762],[139.54218526944672,35.6952902488262],[139.5422748566158,35.69669832098927],[139.5506602156406,35.69501172905768],[139.5501585274938,35.706786925937884],[139.57051273230618,35.698926479137434],[139.57255531976094,35.698849112535065],[139.57665841210428,35.70143315705411],[139.57991938505836,35.69881816589412],[139.58482876192332,35.69725536052631],[139.58671009247377,35.69395954326549]]]],"type":"MultiPolygon"},"id":"geoshape:13:2010-10-01:94f437667db19f4872f4","properties":{"administrativeCode":"13204","jurisdictionId":"geoshape:13:2010-10-01:94f437667db19f4872f4","municipalityName":"三鷹市","prefectureName":"東京都","snapshotDate":"2010-10-01","sourceDataset":"historical-administrative-areas-beta","sourceProvider":"Geoshape","sourceResourceId":"gci:13204A1968"},"type":"Feature"},{"geometry":{"coordinates":[[[[139.69539724598766,35.60749462846056],[139.69821028309642,35.6035798783808],[139.70105915507278,35.60141361351454],[139.7118275327948,35.60065542081134],[139.71447931299926,35.59997459471052],[139.7153393498223,35.596910877256796],[139.71736401984327,35.59638478436071],[139.71917368065846,35.59185110146202],[139.72109084607652,35.59429588609681],[139.72823990216818,35.594388726019645],[139.73055125113015,35.59216056787149],[139.72893868208692,35.58883380396972],[139.7301033152848,35.58736383852476],[139.73587272897282,35.58736383852476],[139.74798491423087,35.590566815862736],[139.74859410698053,35.58900401049493],[139.7560119245794,35.5892515836225],[139.75595817227796,35.58493452721044],[139.76256970535522,35.58501189381281],[139.7625517879214,35.59460535250627],[139.7654185773316,35.59448156594249],[139.76679821973525,35.59256287420379],[139.77324849590818,35.59581227150319],[139.7769036524062,35.59016450953043],[139.76900206409434,35.58264447578039],[139.7707579726081,35.58136019018111],[139.7764019642594,35.58581650647743],[139.7786416434861,35.58643543929636],[139.7870270025109,35.58035442435034],[139.78536068116625,35.57775490651082],[139.78330017627766,35.57708955373047],[139.76674446743382,35.57708955373047],[139.76918123843248,35.57993664469756],[139.76749699965399,35.58128282357874],[139.76246220075234,35.577120500371414],[139.75586858510889,35.57713597369189],[139.75413059402896,35.57834289268881],[139.74599607907754,35.57506254874846],[139.74336221630693,35.57722881361473],[139.73977872954418,35.57424246276338],[139.74613941854807,35.56952310001901],[139.75529522722687,35.561523393334305],[139.75866370478383,35.56437048430139],[139.763841843156,35.560440260901174],[139.77109840385054,35.56890416720008],[139.78421396540216,35.570699072374985],[139.78584445187923,35.57028129272221],[139.80089509628272,35.54912926363517],[139.80390522516342,35.54589533965625],[139.80913711583702,35.53859193239283],[139.80514152809658,35.5324644974854],[139.80680784944124,35.5306076990286],[139.820102585331,35.542321002626906],[139.82305896191028,35.543481501662406],[139.82567490724708,35.541423550039454],[139.80207764691443,35.520673827284725],[139.79937211440856,35.522654412305315],[139.7982253986445,35.52195811288401],[139.76807035753603,35.539334651775555],[139.75647777785858,35.54454916077506],[139.75008125398708,35.54458010741601],[139.74533313402645,35.54391475463566],[139.73940246343412,35.54512167363258],[139.73463642603966,35.5409902970662],[139.73073042546827,35.54276972892063],[139.72610772754433,35.54346602834193],[139.7182061392325,35.538297939303845],[139.710752486766,35.536549454090355],[139.70478598130603,35.53628640764231],[139.69993035674253,35.53835983258574],[139.6979415215892,35.5414544966804],[139.69844320973598,35.5454001934011],[139.7035317609391,35.549407783403694],[139.70423054085782,35.551651414872325],[139.70229545800595,35.553972412943324],[139.69666938378845,35.5563088843348],[139.69136582337958,35.55674213730805],[139.68081245486331,35.56161623325714],[139.67640476614514,35.56604160291251],[139.67165664618452,35.577522806703726],[139.66930946235493,35.58471790072382],[139.66463301212954,35.58942179014771],[139.65879192870628,35.589437263468184],[139.6551367722083,35.59014903620996],[139.65705393762636,35.593413906829824],[139.65296876271682,35.59593605806698],[139.65578179982558,35.596477624283544],[139.6596161306617,35.59995912139004],[139.6626262595424,35.598427262663186],[139.66440008548997,35.599665128301055],[139.66975739820026,35.59901524884117],[139.67565223392498,35.59178920818013],[139.68066911539282,35.594899345595266],[139.6802749318489,35.60067089413182],[139.6804003538856,35.60439996436589],[139.68197708806122,35.60580803652896],[139.68475429030232,35.60534383691476],[139.68400175808216,35.613095970471896],[139.68613393270599,35.61168789830882],[139.69072079576227,35.61114633209226],[139.69539724598766,35.60749462846056]]],[[[139.74544063862933,35.57113232534824],[139.74628275801857,35.57421151612243],[139.75031418062665,35.575387488478405],[139.75384391508794,35.574520982531894],[139.75637027325567,35.56901248044339],[139.75017084115615,35.56731041519133],[139.74544063862933,35.57113232534824]]],[[[139.75719447521112,35.57144179175771],[139.75766032849026,35.57444361592953],[139.76520356812583,35.574876868902784],[139.77360684458446,35.57449003589095],[139.76561566910354,35.56489657719749],[139.75846661301188,35.56843996758588],[139.75719447521112,35.57144179175771]]]],"type":"MultiPolygon"},"id":"geoshape:13:2010-10-01:97503eb286df69d379bb","properties":{"administrativeCode":"13111","jurisdictionId":"geoshape:13:2010-10-01:97503eb286df69d379bb","municipalityName":"大田区","prefectureName":"東京都","snapshotDate":"2010-10-01","sourceDataset":"historical-administrative-areas-beta","sourceProvider":"Geoshape","sourceResourceId":"gci:13111A1968"},"type":"Feature"},{"geometry":{"coordinates":[[[[139.71919159809227,35.64184539991133],[139.7168981665641,35.639957654813585],[139.7178298731224,35.63505261222355],[139.71996204774624,35.63457293928887],[139.72220172697297,35.635981011451946],[139.72600022294145,35.63503713890307],[139.72632273675012,35.63285540071634],[139.73092751724022,35.63027135619729],[139.731142526446,35.62648039268132],[139.73393764612092,35.626109032989966],[139.73538895825985,35.623200048740976],[139.737969068729,35.624561700942635],[139.74332638143932,35.625134213800145],[139.74676652873154,35.623230995381924],[139.75158631842743,35.62530442032535],[139.75244635525047,35.623973714764645],[139.75755282388738,35.624097501328436],[139.7574274018507,35.62793488480582],[139.75941623700402,35.627996778087706],[139.76029419126087,35.615834748195674],[139.76199634747317,35.6146587758397],[139.7637164211193,35.60959900004492],[139.76299972376674,35.608686074137],[139.77122382588723,35.59777738320331],[139.77324849590818,35.59581227150319],[139.76679821973525,35.59256287420379],[139.7654185773316,35.59448156594249],[139.7625517879214,35.59460535250627],[139.76256970535522,35.58501189381281],[139.75595817227796,35.58493452721044],[139.7560119245794,35.5892515836225],[139.74859410698053,35.58900401049493],[139.74798491423087,35.590566815862736],[139.73587272897282,35.58736383852476],[139.7301033152848,35.58736383852476],[139.72893868208692,35.58883380396972],[139.73055125113015,35.59216056787149],[139.72823990216818,35.594388726019645],[139.72109084607652,35.59429588609681],[139.71917368065846,35.59185110146202],[139.71736401984327,35.59638478436071],[139.7153393498223,35.596910877256796],[139.71447931299926,35.59997459471052],[139.7118275327948,35.60065542081134],[139.70105915507278,35.60141361351454],[139.69821028309642,35.6035798783808],[139.69539724598766,35.60749462846056],[139.6955764203258,35.61210567796161],[139.70397969678442,35.621884816500746],[139.69613186077402,35.624824747390676],[139.7014533386167,35.62589240650334],[139.70401553165206,35.62470096082689],[139.70713316513564,35.62547462685056],[139.71462265246976,35.629048963879896],[139.7144434781316,35.63413968631562],[139.71322509263229,35.637559290140224],[139.71763278135046,35.641659720065654],[139.71919159809227,35.64184539991133]]],[[[139.77134924792392,35.62313815545909],[139.77358892715066,35.62030653781247],[139.77059671570376,35.61868183916277],[139.76765825655832,35.62213238962832],[139.7687153851533,35.626449446040375],[139.77134924792392,35.62313815545909]]]],"type":"MultiPolygon"},"id":"geoshape:13:2010-10-01:9961f9451fbf24f2e92c","properties":{"administrativeCode":"13109","jurisdictionId":"geoshape:13:2010-10-01:9961f9451fbf24f2e92c","municipalityName":"品川区","prefectureName":"東京都","snapshotDate":"2010-10-01","sourceDataset":"historical-administrative-areas-beta","sourceProvider":"Geoshape","sourceResourceId":"gci:13109A1968"},"type":"Feature"},{"geometry":{"coordinates":[[[[139.4895796837697,35.695444982030935],[139.48780585782214,35.69197895824491],[139.48902424332147,35.69095771909367],[139.49577911586925,35.688636721022675],[139.49543868462678,35.68690370912966],[139.4986996575809,35.68563489685084],[139.49988220821257,35.68718222889818],[139.50294608939473,35.687275068821016],[139.50111851114573,35.68458271105866],[139.50289233709327,35.68458271105866],[139.50518576862143,35.68698107573202],[139.51457450393983,35.68608362314457],[139.51527328385856,35.68999837322433],[139.51826549530543,35.69125171218266],[139.5222610830459,35.68736790874386],[139.52048725709832,35.681627306848256],[139.5243395053683,35.67969314178909],[139.52467993661074,35.67751140360235],[139.52209982614156,35.67718646387241],[139.52509203758845,35.676010491516436],[139.5264537625583,35.67238973452568],[139.5256653954705,35.66972832340427],[139.523210707038,35.6677941583451],[139.51943012850333,35.660444331120274],[139.5174592107838,35.65838637949732],[139.5170291923723,35.65530718872313],[139.52079185347316,35.65358965015059],[139.5208276883408,35.64619340296434],[139.51683210060034,35.64930354037948],[139.51208398063972,35.6512067587977],[139.50679833766466,35.650881819067756],[139.50131560291769,35.64917975381569],[139.49945218980105,35.65145433192527],[139.48646205028612,35.65266125092219],[139.4792413244592,35.65198042482136],[139.4739915163518,35.6507425591835],[139.47381234201364,35.649334487020425],[139.4678816714213,35.6512067587977],[139.45526779801648,35.65433236953331],[139.44200889699434,35.65796859984454],[139.4409159335317,35.659980131506074],[139.42982504200103,35.6708114558374],[139.43172428998528,35.67268372761467],[139.4360603089682,35.671523228579176],[139.44473234693402,35.671786275027216],[139.44569988835997,35.67350381359976],[139.45080635699685,35.67155417522012],[139.45351188950272,35.67160059518154],[139.45066301752635,35.67319434719029],[139.45071676982778,35.67664489765585],[139.4522935040034,35.67850169611264],[139.4513617974451,35.680652487658435],[139.45286686188544,35.68349957862553],[139.4536373115394,35.68790947496042],[139.45603824767045,35.69128265882361],[139.45940672522744,35.692381264577214],[139.46024884461667,35.699854878365834],[139.46297229455635,35.69987035168631],[139.46376066164416,35.695444982030935],[139.46680662539248,35.69533666878762],[139.46779208425224,35.69248957782053],[139.46377857907797,35.68979722005817],[139.4665378638853,35.688435567856516],[139.4773779113426,35.68933302044397],[139.47822003073182,35.690369732915684],[139.48646205028612,35.69216463809059],[139.4895796837697,35.695444982030935]]],[[[139.49669290499375,35.68760000855096],[139.49669290499375,35.68760000855096]]]],"type":"MultiPolygon"},"id":"geoshape:13:2010-10-01:998a1315683e28d1cde8","properties":{"administrativeCode":"13206","jurisdictionId":"geoshape:13:2010-10-01:998a1315683e28d1cde8","municipalityName":"府中市","prefectureName":"東京都","snapshotDate":"2010-10-01","sourceDataset":"historical-administrative-areas-beta","sourceProvider":"Geoshape","sourceResourceId":"gci:13206A1968"},"type":"Feature"},{"geometry":{"coordinates":[[[[139.62471296959262,35.77982099857198],[139.6251788228718,35.77793325347423],[139.629389419818,35.77688106768204],[139.62935358495037,35.77172845196443],[139.63021362177344,35.772331911462885],[139.6347288150945,35.76987165350763],[139.63481840226353,35.76880399439497],[139.6405161462163,35.769113460804434],[139.64295291721496,35.77092383929981],[139.64791604638137,35.768618314549286],[139.65112326703402,35.76917535408633],[139.66112119510206,35.76866473451071],[139.6690048659801,35.76654488960586],[139.67058160015569,35.7622897264757],[139.67369923363927,35.7584059230369],[139.673340884963,35.75450664627762],[139.67502512374148,35.751891655117625],[139.67206874716223,35.74522265399362],[139.6758314082631,35.74539286051883],[139.68083037229712,35.74381458183055],[139.67919988582008,35.74017835151932],[139.68075870256186,35.73875480603577],[139.67873403254092,35.73442227630324],[139.67796358288695,35.730677732748696],[139.67468469249903,35.73306062410159],[139.67145955441256,35.73354029703626],[139.66816274659084,35.73138950549047],[139.66506303054106,35.731296665567626],[139.6622499934323,35.726917715873675],[139.6596161306617,35.725834583440545],[139.6474322756684,35.72674750934847],[139.64739644080078,35.725494170390135],[139.64356210996462,35.72530849054445],[139.63992487090044,35.72631425637522],[139.6364309713068,35.73227148475745],[139.63506924633694,35.732302431398395],[139.63354626446278,35.73528878224975],[139.6271676580251,35.73510310240407],[139.62453379525448,35.7301516398526],[139.6153959040095,35.730290899736865],[139.60193991121542,35.72600478996575],[139.59978981915776,35.72391589170185],[139.5956508919468,35.72216740648837],[139.59384123113162,35.71829907637004],[139.58945145984725,35.72027966139062],[139.58681759707665,35.719753568494525],[139.58499001882765,35.71631849134945],[139.5866563401723,35.71190859501455],[139.5820336422484,35.713951073317034],[139.5751175127963,35.71899537579134],[139.56563919030884,35.721656786912746],[139.56599753898513,35.727041502437466],[139.56941976884355,35.734159229855194],[139.56732342908734,35.7363564413624],[139.56825513564564,35.738073979934946],[139.5681655484766,35.74276239603836],[139.56676798863913,35.747435338821305],[139.5688284935277,35.74759007202604],[139.56927642937305,35.749988436699404],[139.56553168570596,35.75832855643453],[139.56279031833247,35.7615934270544],[139.56931226424066,35.76363590535688],[139.5699931267256,35.76536891724989],[139.57457998978188,35.7662354231964],[139.5743291457085,35.768185061576034],[139.57689133874385,35.768076748332724],[139.57816347654463,35.77084647269745],[139.58223073402033,35.77120235906833],[139.5839866425341,35.77483858937957],[139.58653091813562,35.77517900242998],[139.58875267992852,35.77853671297269],[139.5934112127201,35.77719053409151],[139.59414582750645,35.77870691949789],[139.59719179125477,35.77836650644748],[139.5969409471814,35.77641686806784],[139.60437668221408,35.77502426922524],[139.59842809418794,35.77214623161721],[139.5986431033937,35.76909798748396],[139.60315829671475,35.770861946017924],[139.60634759993357,35.77095478594076],[139.6087485360646,35.76883494103592],[139.61127489423234,35.771063099184076],[139.6172234822585,35.7703513264423],[139.61772517040527,35.76665320284918],[139.6229928959465,35.7668698293358],[139.62408585940915,35.771248779029754],[139.62471296959262,35.77982099857198]]]],"type":"MultiPolygon"},"id":"geoshape:13:2010-10-01:9f1a271c76b28efe2cae","properties":{"administrativeCode":"13120","jurisdictionId":"geoshape:13:2010-10-01:9f1a271c76b28efe2cae","municipalityName":"練馬区","prefectureName":"東京都","snapshotDate":"2010-10-01","sourceDataset":"historical-administrative-areas-beta","sourceProvider":"Geoshape","sourceResourceId":"gci:13120A1968"},"type":"Feature"},{"geometry":{"coordinates":[[[[139.68398384064835,35.691994431565384],[139.68321339099435,35.68871408762504],[139.68597267580165,35.68789400163995],[139.6849872169419,35.68588246997842],[139.68767483201395,35.68159636020731],[139.69502097987757,35.686656136002085],[139.702098366234,35.68916281391876],[139.70270755898366,35.68777021507616],[139.7057714401658,35.688048734844685],[139.70740192664283,35.684458924494876],[139.7113975143833,35.683360318741265],[139.7147839093741,35.68086911414506],[139.71290257882364,35.67729477711572],[139.71288466138984,35.67461789267384],[139.71485557910935,35.67508209228804],[139.71655773532163,35.6734264469974],[139.7149272488446,35.67299319402414],[139.71381636794814,35.66934149039243],[139.70856655984073,35.66406508811103],[139.71378053308052,35.65976350501945],[139.71446139556545,35.657349667025606],[139.72216589210532,35.6556166551326],[139.7235634519428,35.64670402253996],[139.71919159809227,35.64184539991133],[139.71763278135046,35.641659720065654],[139.71546477185902,35.64260359261453],[139.7086203121422,35.64200013311607],[139.6996436778015,35.648127568023504],[139.69288880525374,35.65396100984195],[139.68686854749234,35.66189882324477],[139.67993450060644,35.663771095022035],[139.67500720630767,35.66387940826535],[139.6728212793824,35.66740732533327],[139.6726958573457,35.67229689460284],[139.66205290166036,35.67144586197681],[139.66174830528553,35.67252899440994],[139.66205290166036,35.675623658504605],[139.66411340654895,35.67635090456685],[139.6678402327822,35.679956188237135],[139.67129829750823,35.68148804696399],[139.68032868415034,35.68979722005817],[139.68398384064835,35.691994431565384]]]],"type":"MultiPolygon"},"id":"geoshape:13:2010-10-01:ac94d412bb35db70d97e","properties":{"administrativeCode":"13113","jurisdictionId":"geoshape:13:2010-10-01:ac94d412bb35db70d97e","municipalityName":"渋谷区","prefectureName":"東京都","snapshotDate":"2010-10-01","sourceDataset":"historical-administrative-areas-beta","sourceProvider":"Geoshape","sourceResourceId":"gci:13113A1968"},"type":"Feature"},{"geometry":{"coordinates":[[[[139.81449442854733,35.73880122599719],[139.81440484137826,35.736681381092346],[139.81137679506375,35.73298325749922],[139.80971047371906,35.72814010819107],[139.80143261929715,35.72925418726515],[139.79505401285945,35.72897566749663],[139.79120176458952,35.731219298965264],[139.7894637735096,35.728743567689534],[139.78444689204176,35.72786158842255],[139.78145468059486,35.72461219112315],[139.77674239550186,35.72493713085309],[139.76977251374834,35.728124634870596],[139.7660456875151,35.727536648692606],[139.7647377148467,35.73013616653213],[139.76278471456098,35.73073962603059],[139.76093921887818,35.73220959147555],[139.76131548498827,35.73380334348431],[139.77111632128435,35.73790377340974],[139.7681778621389,35.7414626371186],[139.76588443061075,35.74161737032334],[139.763841843156,35.744139521560484],[139.7603121086947,35.743458695459665],[139.75719447521112,35.74545475380072],[139.7578036679608,35.74760554534652],[139.754703951911,35.749183824034795],[139.74977665761224,35.75012769658366],[139.7508875385087,35.753702033613],[139.75758865875503,35.753175940716915],[139.7579649248651,35.7548625326485],[139.77034587163035,35.75364014033111],[139.7839810387626,35.75404244666342],[139.78880082845848,35.752510587936555],[139.79121968202332,35.74997296337893],[139.7886754064218,35.747017559168526],[139.7886754064218,35.74491318758415],[139.79242015008884,35.740781811017776],[139.79480316878607,35.73982246514843],[139.8024359955907,35.73863101947198],[139.8091012809694,35.740859177620145],[139.8130251989746,35.740735391056354],[139.81449442854733,35.73880122599719]]]],"type":"MultiPolygon"},"id":"geoshape:13:2010-10-01:beb0971c69b964894a01","properties":{"administrativeCode":"13118","jurisdictionId":"geoshape:13:2010-10-01:beb0971c69b964894a01","municipalityName":"荒川区","prefectureName":"東京都","snapshotDate":"2010-10-01","sourceDataset":"historical-administrative-areas-beta","sourceProvider":"Geoshape","sourceResourceId":"gci:13118A1968"},"type":"Feature"},{"geometry":{"coordinates":[[[[139.48572743549977,35.743876475112444],[139.48941842686537,35.74489771426368],[139.49133559228343,35.74150905708002],[139.49816213456646,35.744340674726644],[139.49810838226503,35.74585706013303],[139.50378820878396,35.74283976264073],[139.5047199153423,35.74102938414535],[139.50443323640127,35.73219411815508],[139.50559786959914,35.73205485827082],[139.50672666792943,35.742019676655644],[139.50857216361223,35.74126148395245],[139.50817798006833,35.73839891966489],[139.51263942108793,35.7379811400121],[139.51509410952042,35.739110692406655],[139.521096449848,35.738955959201924],[139.52016474328968,35.73344745711342],[139.51670667856365,35.73058489282586],[139.51767421998957,35.72744380876977],[139.52333612907472,35.7232505389215],[139.52466201917693,35.71939768212364],[139.52313903730277,35.7190727423937],[139.51493285261608,35.71724689057785],[139.50859008104604,35.71636491131087],[139.5082675672374,35.712481107872065],[139.5022831443436,35.71218711478307],[139.49590453790594,35.71316193397289],[139.49540284975916,35.70963401690497],[139.492338968577,35.709958956634914],[139.49162227122446,35.70807121153717],[139.48570951806593,35.708380677946636],[139.48022678331895,35.71436885296981],[139.47848879223903,35.70870561767657],[139.4719310114632,35.71102661574757],[139.47202059863227,35.71539009212105],[139.4584571012353,35.71808244988341],[139.45788374335328,35.72082122760719],[139.44611198933768,35.72287917923014],[139.43563029055665,35.724751451007414],[139.4335877031019,35.72708792239888],[139.42290891254893,35.73018258649355],[139.42643864701023,35.730167113173074],[139.42869624367074,35.73007427325024],[139.44247475027348,35.7363564413624],[139.44553863145563,35.73504120912217],[139.450985531335,35.736990847501815],[139.46664536848817,35.74404668163765],[139.4709993049049,35.74276239603836],[139.47725248930587,35.7398998317508],[139.47709123240156,35.7375788336798],[139.47882922348148,35.73522688896785],[139.48621120621272,35.734499642905604],[139.4873220871092,35.74092107090203],[139.48515407761772,35.74089012426109],[139.48572743549977,35.743876475112444]]]],"type":"MultiPolygon"},"id":"geoshape:13:2010-10-01:bee26e251eda96f949e4","properties":{"administrativeCode":"13211","jurisdictionId":"geoshape:13:2010-10-01:bee26e251eda96f949e4","municipalityName":"小平市","prefectureName":"東京都","snapshotDate":"2010-10-01","sourceDataset":"historical-administrative-areas-beta","sourceProvider":"Geoshape","sourceResourceId":"gci:13211A1968"},"type":"Feature"},{"geometry":{"coordinates":[[[[139.59061609304516,33.8973523031077],[139.59321412094815,33.89879132191172],[139.60039901190743,33.90075643361183],[139.60545172824288,33.900973060098465],[139.60982358209344,33.898837741873145],[139.6165784546412,33.8927722002476],[139.6185314549269,33.89243178719718],[139.6253400797761,33.883735781091175],[139.62998069513384,33.873941169231564],[139.63198744772097,33.87101671166211],[139.63127075036843,33.867473321273714],[139.624677134725,33.85619327064866],[139.6197319229924,33.85167506107045],[139.61378333496626,33.852448727094114],[139.61089862812227,33.85353185952725],[139.60251326909744,33.854506678717065],[139.59240783642653,33.85432099887139],[139.58025981630084,33.85905583493623],[139.57828889858132,33.86106736659776],[139.57673008183954,33.86640566216106],[139.57724968742014,33.875024301664695],[139.57662257723666,33.87742266633806],[139.5787905867281,33.88379767437307],[139.58214114685128,33.88822304402844],[139.59061609304516,33.8973523031077]]]],"type":"MultiPolygon"},"id":"geoshape:13:2010-10-01:bef0f52929f3f3afa8e6","properties":{"administrativeCode":"13382","jurisdictionId":"geoshape:13:2010-10-01:bef0f52929f3f3afa8e6","municipalityName":"御蔵島村","prefectureName":"東京都","snapshotDate":"2010-10-01","sourceDataset":"historical-administrative-areas-beta","sourceProvider":"Geoshape","sourceResourceId":"gci:13382A1968"},"type":"Feature"},{"geometry":{"coordinates":[[[[139.39350640366064,35.608206401202324],[139.39730489962915,35.610032253018176],[139.40069129461995,35.610450032670954],[139.401264652502,35.608717020777945],[139.40792993788068,35.61204378467971],[139.41049213091603,35.61009414630007],[139.4126959752751,35.61227588448681],[139.4173724255005,35.61153316510409],[139.4205258938517,35.60978467989061],[139.42310600432089,35.606628122514046],[139.4261519680692,35.605467623478546],[139.4282124729578,35.607974301395224],[139.4343760701897,35.60582350984944],[139.4388554286431,35.6100786729796],[139.44593281499954,35.60870154745747],[139.4492833751227,35.611780738231666],[139.45286686188544,35.607448208499136],[139.45351188950272,35.60447733096825],[139.4573820552065,35.607216108692036],[139.46259602844628,35.6079897747157],[139.46571366192987,35.609568053403976],[139.4665736987529,35.60658170255263],[139.47026469011854,35.60348703845796],[139.47105305720635,35.60115056706649],[139.47802293895987,35.59896882887975],[139.4801551135837,35.59486839895432],[139.4839356921184,35.59506955212047],[139.48345192140542,35.59344485347077],[139.49196270246694,35.58846244427836],[139.49303774849574,35.58918969034061],[139.49445322576702,35.58631165273257],[139.49391570275262,35.582783735664655],[139.4974096023463,35.582087436243356],[139.5022652269098,35.57821910612502],[139.50545453012865,35.57478402897994],[139.50688792483373,35.57582074145166],[139.5065654110251,35.57172031152623],[139.5004376486608,35.570312239363155],[139.5008318322047,35.56853280750872],[139.49805462996358,35.56789840136931],[139.4962628865822,35.56463353074945],[139.49445322576702,35.56471089735181],[139.4910309959086,35.56143055341146],[139.48923925252726,35.561801913102826],[139.48640829798467,35.5689505871615],[139.48286064608956,35.57137989847581],[139.48373860034644,35.57195241133333],[139.48612161904367,35.578451205932126],[139.48837921570419,35.5784666792526],[139.48986636271073,35.58357287500879],[139.4849928207134,35.58460958748051],[139.48219770103847,35.58171607655199],[139.47811252612894,35.58067936408028],[139.4764820396519,35.58201006964099],[139.4733464887345,35.57687292724384],[139.47325690156543,35.57385562975155],[139.46967341480268,35.569492153378064],[139.46965549736888,35.56529888352979],[139.4682579375314,35.56313261866353],[139.47012135064801,35.56064141406733],[139.47429611272662,35.559666594877505],[139.47642828735044,35.562560105806014],[139.4797609300398,35.55934165514756],[139.48178560006073,35.55607678452769],[139.48239479281042,35.54741172506263],[139.48033428792183,35.543141088611996],[139.48164226059023,35.539953584594485],[139.48495698584577,35.538065839496745],[139.48483156380908,35.53596146791237],[139.48676664666095,35.535590108221015],[139.48576327036739,35.531365891731795],[139.4877521055207,35.527992707868606],[139.48759084861638,35.524774257210154],[139.48574535293358,35.522344945895846],[139.48622912364655,35.51977637469727],[139.48454488486806,35.51996205454295],[139.47698372779868,35.51121962847552],[139.48112265500964,35.505308820054715],[139.48493906841196,35.50396264117354],[139.47637453504902,35.50134765001354],[139.467720414517,35.502368889164785],[139.4682579375314,35.50620627264217],[139.4648536251068,35.51089468874558],[139.46327689093118,35.51785768295858],[139.4605534409915,35.51943596164686],[139.45435400889198,35.52064288064378],[139.4583316791986,35.52785344798435],[139.4547481924359,35.53122663184753],[139.44808290705717,35.53576031474622],[139.44853084290253,35.53764805984396],[139.44609407190384,35.53955127826218],[139.4446965120664,35.54236742258833],[139.44095176839932,35.54249120915212],[139.43638282277684,35.54663805903897],[139.43342644619756,35.5463285926295],[139.43183179458816,35.54903642371233],[139.42808705092108,35.551264581860494],[139.4275853627743,35.553044013714924],[139.4239122888425,35.55589110468201],[139.42307016945324,35.559666594877505],[139.4162257097364,35.56187927970519],[139.41629737947167,35.56416933113525],[139.41283931474564,35.56622728275819],[139.41219428712833,35.56956951998043],[139.41016961710739,35.571271585232495],[139.40923791054908,35.57551127504219],[139.4030026435819,35.575341068516984],[139.40083463409044,35.57860593913686],[139.39929373478247,35.5835109817269],[139.39481437632904,35.58411444122536],[139.3942231010132,35.585599879990795],[139.3910875500958,35.585259466940386],[139.38861494422952,35.58853981088073],[139.38553314561355,35.58846244427836],[139.38065960361624,35.590473975939894],[139.37926204377877,35.58999430300523],[139.3752485386045,35.59429588609681],[139.36953287721792,35.594620825826745],[139.36723944568976,35.59692635057727],[139.36267050006728,35.599309241930165],[139.35666815973968,35.59855104922697],[139.3481932135458,35.601707606603526],[139.3439826165996,35.602372959383885],[139.33987952425625,35.60525099699192],[139.33774734963242,35.60413691791784],[139.33117165142278,35.60378103154696],[139.33009660539398,35.60292999892092],[139.32027785166406,35.60614844957937],[139.31450843797606,35.604028604674525],[139.30872110685422,35.60395123807216],[139.30768189569304,35.60509626378719],[139.30354296848208,35.60435354440447],[139.29909944489626,35.60619486954079],[139.29657308672853,35.60962994668587],[139.2923266549147,35.61164147834741],[139.28288416729487,35.61315786375379],[139.28028613939188,35.61168789830882],[139.27426588163047,35.61105349216942],[139.2688010643173,35.60935142691736],[139.2688010643173,35.612121151282075],[139.27335209250597,35.613792269893196],[139.2764876434234,35.616577467578395],[139.27790312069467,35.61945550518644],[139.28576887413888,35.620801684067615],[139.28702309450583,35.622024076385],[139.28929860860018,35.62018275124868],[139.2935271229802,35.62053863761957],[139.29465592131046,35.61722734703827],[139.29354504041402,35.61546338850432],[139.29804231630126,35.616113267964195],[139.30348921618062,35.61516939541532],[139.30761022595777,35.616237054527986],[139.31346922681485,35.61453498927592],[139.31529680506387,35.61291029062622],[139.31750064942293,35.61524676201769],[139.32278629239798,35.61481350904444],[139.32638769659454,35.61575738159331],[139.3373352486547,35.6141945762255],[139.33853571672023,35.61944003186596],[139.33695898254462,35.6224882759992],[139.3384102946835,35.62340120190713],[139.34129500152753,35.62007443800537],[139.33946742327853,35.61701072055165],[139.33991535912386,35.614210049545974],[139.34287173570314,35.61287934398527],[139.34756610336234,35.60877891405984],[139.35175878287473,35.60880986070079],[139.35349677395465,35.60735536857629],[139.36143419713412,35.605235523671446],[139.36542978487458,35.60904196050789],[139.37311636398067,35.60430712444305],[139.37775697933841,35.604044077995],[139.38187798911557,35.60228011946104],[139.38660819164238,35.59831894941987],[139.3883461827223,35.60240390602483],[139.38762948536976,35.60501889718482],[139.39350640366064,35.608206401202324]]]],"type":"MultiPolygon"},"id":"geoshape:13:2010-10-01:bf53343b594976173274","properties":{"administrativeCode":"13209","jurisdictionId":"geoshape:13:2010-10-01:bf53343b594976173274","municipalityName":"町田市","prefectureName":"東京都","snapshotDate":"2010-10-01","sourceDataset":"historical-administrative-areas-beta","sourceProvider":"Geoshape","sourceResourceId":"gci:13209A1968"},"type":"Feature"},{"geometry":{"coordinates":[[[[139.45940672522744,35.692381264577214],[139.45603824767045,35.69128265882361],[139.4536373115394,35.68790947496042],[139.45286686188544,35.68349957862553],[139.4513617974451,35.680652487658435],[139.4522935040034,35.67850169611264],[139.45071676982778,35.67664489765585],[139.45066301752635,35.67319434719029],[139.45351188950272,35.67160059518154],[139.45080635699685,35.67155417522012],[139.44569988835997,35.67350381359976],[139.44473234693402,35.671786275027216],[139.4360603089682,35.671523228579176],[139.43172428998528,35.67268372761467],[139.42982504200103,35.6708114558374],[139.42240722440215,35.679136102252045],[139.41756951727245,35.68275685924281],[139.42149343527765,35.68857482774078],[139.4247006559303,35.68671802928398],[139.42840956472975,35.691112452298405],[139.43120468440466,35.69027689299284],[139.4299146291701,35.69380481006076],[139.43165262025002,35.69693042079638],[139.42738827100234,35.69844680620276],[139.425596527621,35.70188188334784],[139.42726284896565,35.70363036856132],[139.43030881271397,35.703537528638485],[139.43199305149247,35.70164978354074],[139.44100552070077,35.701324843810795],[139.44161471345043,35.70036549794145],[139.4484054208658,35.700938010798964],[139.45560822925893,35.69473320928916],[139.45940672522744,35.692381264577214]]]],"type":"MultiPolygon"},"id":"geoshape:13:2010-10-01:c039c896e10500a7b6f2","properties":{"administrativeCode":"13215","jurisdictionId":"geoshape:13:2010-10-01:c039c896e10500a7b6f2","municipalityName":"国立市","prefectureName":"東京都","snapshotDate":"2010-10-01","sourceDataset":"historical-administrative-areas-beta","sourceProvider":"Geoshape","sourceResourceId":"gci:13215A1968"},"type":"Feature"},{"geometry":{"coordinates":[[[[139.79010880112688,35.595549225055144],[139.79896001343084,35.60684474900067],[139.81058842797594,35.61315786375379],[139.81911712647127,35.60876344073937],[139.79152427839816,35.59387810644402],[139.79010880112688,35.595549225055144]]],[[[139.7934056089486,35.59211414791007],[139.79349519611768,35.59285686729279],[139.80379772056054,35.598458209304134],[139.80562529880953,35.59623005115597],[139.8074170421909,35.59718939702532],[139.80566113367718,35.59944850181442],[139.8203355119706,35.60735536857629],[139.82696496248167,35.59697277053869],[139.8059478126182,35.58556893334985],[139.79478525135227,35.59209867458959],[139.7934056089486,35.59211414791007]]]],"type":"MultiPolygon"},"id":"geoshape:13:2010-10-01:c0e8ba40b2572e7830e6","properties":{"jurisdictionId":"geoshape:13:2010-10-01:c0e8ba40b2572e7830e6","municipalityName":"所属未定地","prefectureName":"東京都","snapshotDate":"2010-10-01","sourceDataset":"historical-administrative-areas-beta","sourceProvider":"Geoshape","sourceResourceId":"gci:13B9990001"},"type":"Feature"},{"geometry":{"coordinates":[[[[139.13416946664117,34.235088469078974],[139.13685708171323,34.2373939938295],[139.13703625605137,34.24152537039588],[139.13997471519681,34.24335122221173],[139.14332527531997,34.24386184178735],[139.14592330322296,34.2427322893928],[139.14932761564756,34.23926626560677],[139.15427282738014,34.23990067174618],[139.16185190188332,34.236248968114474],[139.16767506787278,34.234160069850574],[139.17023726090815,34.231251085601585],[139.17131230693698,34.22619130980681],[139.17197525198807,34.21933662883713],[139.17570207822132,34.21641217126767],[139.17407159174428,34.21525167223217],[139.17346239899462,34.21190943500993],[139.1761679315005,34.20776258512308],[139.17391033483995,34.20528685384735],[139.17048810498153,34.20460602774652],[139.168714279034,34.20870645767195],[139.16556081068276,34.20831962466012],[139.15753380033422,34.20514759396309],[139.15416532277726,34.202254083034575],[139.1543444971154,34.198849952530445],[139.15715753422415,34.19767398017447],[139.1539323961377,34.19368186349236],[139.1517106343448,34.19272251762301],[139.14900510183892,34.19682294754844],[139.14631748676686,34.19437816291365],[139.1466579180093,34.189596906887395],[139.14567245914958,34.187631795187286],[139.1430744312466,34.1879103149558],[139.13807546721256,34.18546553032102],[139.13377528309726,34.186502242792734],[139.13004845686402,34.18473828425877],[139.1283104657841,34.187043809009296],[139.12576619018256,34.18692002244551],[139.1249240707933,34.18968974681024],[139.12264855669898,34.18829714796764],[139.11945925348013,34.19004563318112],[139.12031929030317,34.195786235076724],[139.12186018961117,34.19932962546512],[139.12917050260714,34.20149589033139],[139.1322164663555,34.201526836972334],[139.13332734725194,34.20598315326865],[139.1327898242375,34.21048588952639],[139.13074723678275,34.21254384114934],[139.13063973217987,34.2165669044724],[139.1339186225678,34.21729415053465],[139.12983344765826,34.22024955474505],[139.12823879604883,34.22280265262315],[139.13343485185482,34.223591791967294],[139.1361762192283,34.22489155088705],[139.13698250374992,34.228079054904555],[139.1359074577211,34.23290673089224],[139.13416946664117,34.235088469078974]]],[[[139.1866854651491,34.21158449527999],[139.18933724535356,34.21252836782887],[139.18838762136141,34.209418230413725],[139.1866854651491,34.21158449527999]]],[[[139.18922974075068,34.20853625114675],[139.19258030087383,34.209309917170415],[139.19209653016085,34.2059522066277],[139.18922974075068,34.20853625114675]]],[[[139.07489859558547,34.186610556036044],[139.07695910047403,34.18814241476291],[139.07640366002582,34.18577499673049],[139.07489859558547,34.186610556036044]]]],"type":"MultiPolygon"},"id":"geoshape:13:2010-10-01:c576ea9010c55438120a","properties":{"administrativeCode":"13364","jurisdictionId":"geoshape:13:2010-10-01:c576ea9010c55438120a","municipalityName":"神津島村","prefectureName":"東京都","snapshotDate":"2010-10-01","sourceDataset":"historical-administrative-areas-beta","sourceProvider":"Geoshape","sourceResourceId":"gci:13364A1968"},"type":"Feature"},{"geometry":{"coordinates":[[[[139.39167882541165,35.76335738558836],[139.4005300377156,35.76196478674576],[139.402608460038,35.76108280747878],[139.4049735613014,35.762073099989074],[139.40753575433678,35.76085070767168],[139.4092737454167,35.75823571651169],[139.40902290134332,35.75523389233986],[139.40748200203532,35.75322236067833],[139.4074461671677,35.74862678449775],[139.41061755295274,35.74776027855125],[139.41119091083476,35.737253893949855],[139.413573929532,35.73643380796477],[139.41441604892123,35.73302967746064],[139.40947083718865,35.73262737112833],[139.40853913063034,35.733741450202416],[139.40262637747182,35.73422112313709],[139.40040461567892,35.73355577035673],[139.3982724410551,35.734932895878856],[139.395298147042,35.733509350395316],[139.38805950378128,35.739389212175176],[139.3836338976293,35.74381458183055],[139.38490603543008,35.74150905708002],[139.38508520976822,35.73764072696169],[139.3872890541273,35.7370527407837],[139.39112338496344,35.73366408360005],[139.38861494422952,35.73366408360005],[139.38433267754803,35.73544351545448],[139.3834905581588,35.73302967746064],[139.38116129176302,35.734855529276494],[139.37847367669096,35.733509350395316],[139.37795407111037,35.735087629083594],[139.37026749200427,35.73736220719317],[139.36944329004885,35.7358922417482],[139.36546561974222,35.73906427244523],[139.35987538039234,35.739574892020855],[139.35491225122595,35.74276239603836],[139.35466140715255,35.74559401368498],[139.356542737703,35.75071568276165],[139.35811947187858,35.75076210272307],[139.35751027912892,35.753516353767324],[139.35901534356927,35.754491172957145],[139.35881825179732,35.75792625010222],[139.36095042642117,35.76109828079925],[139.36288550927304,35.76191836678434],[139.3673827851603,35.7677982285642],[139.36851158349054,35.7710476258636],[139.36815323481426,35.774111343317315],[139.37091251962158,35.77143445887543],[139.37320595114974,35.77134161895259],[139.3734388777893,35.76875757443355],[139.37902911713917,35.77120235906833],[139.38021166777088,35.766374683080656],[139.38524646667253,35.76527607732705],[139.39166090797784,35.76741139555237],[139.39049627477993,35.76377516524114],[139.39167882541165,35.76335738558836]],[[139.35665024230588,35.745578540364505],[139.35665024230588,35.745578540364505]]]],"type":"MultiPolygon"},"id":"geoshape:13:2010-10-01:c67938a61a5659237412","properties":{"administrativeCode":"13223","jurisdictionId":"geoshape:13:2010-10-01:c67938a61a5659237412","municipalityName":"武蔵村山市","prefectureName":"東京都","snapshotDate":"2010-10-01","sourceDataset":"historical-administrative-areas-beta","sourceProvider":"Geoshape","sourceResourceId":"gci:13223A1970"},"type":"Feature"},{"geometry":{"coordinates":[[[[139.7701308624246,35.70534790713386],[139.77303348670242,35.70510033400629],[139.7731589087391,35.70188188334784],[139.78039755199984,35.70033455130051],[139.77996753358832,35.698075446511396],[139.7825476440575,35.69657453442549],[139.78258347892512,35.69471773596869],[139.77751284515585,35.69170043847639],[139.76819577957272,35.68845104117699],[139.77100881668147,35.68401019820115],[139.7700054403879,35.68179751337346],[139.7642539441337,35.673333607074554],[139.75963124620978,35.67167796178391],[139.75801867716655,35.668691610932555],[139.7491853822964,35.670780509196454],[139.74316512453498,35.67144586197681],[139.73906203219164,35.67401443317538],[139.73676860066348,35.678873055804004],[139.73383014151804,35.678873055804004],[139.73150087512226,35.68148804696399],[139.7299958106819,35.68554205692801],[139.73157254485753,35.68958059357154],[139.73628482995053,35.692195584731536],[139.74587065704085,35.702918595819554],[139.7480207490985,35.70316616894712],[139.75719447521112,35.70171167682263],[139.76129756755444,35.70158789025884],[139.76602777008128,35.69963825187921],[139.76850037594755,35.70014887145483],[139.76640403619135,35.701789043424995],[139.76989793578502,35.70336732211328],[139.7701308624246,35.70534790713386]]]],"type":"MultiPolygon"},"id":"geoshape:13:2010-10-01:c67986438214a5b39f47","properties":{"administrativeCode":"13101","jurisdictionId":"geoshape:13:2010-10-01:c67986438214a5b39f47","municipalityName":"千代田区","prefectureName":"東京都","snapshotDate":"2010-10-01","sourceDataset":"historical-administrative-areas-beta","sourceProvider":"Geoshape","sourceResourceId":"gci:13101A1968"},"type":"Feature"},{"geometry":{"coordinates":[[[[139.47381234201364,35.649334487020425],[139.47377650714603,35.6467968624628],[139.468777543112,35.644568704314636],[139.4689029651487,35.64087058072152],[139.47159058022075,35.63352075349668],[139.46453111129816,35.62962147673741],[139.46415484518806,35.624515280981214],[139.46216601003474,35.6248711673521],[139.46073261532965,35.62216333626927],[139.4551602934136,35.618093852984785],[139.45301020135594,35.618558052598985],[139.452329338871,35.61566454167047],[139.4492833751227,35.611780738231666],[139.44593281499954,35.60870154745747],[139.4388554286431,35.6100786729796],[139.4343760701897,35.60582350984944],[139.4282124729578,35.607974301395224],[139.4261519680692,35.605467623478546],[139.42310600432089,35.606628122514046],[139.4205258938517,35.60978467989061],[139.4173724255005,35.61153316510409],[139.4126959752751,35.61227588448681],[139.41049213091603,35.61009414630007],[139.40792993788068,35.61204378467971],[139.401264652502,35.608717020777945],[139.40069129461995,35.610450032670954],[139.39730489962915,35.610032253018176],[139.39350640366064,35.608206401202324],[139.39535189934347,35.61128559197652],[139.3995624962897,35.613359016919944],[139.40470479979422,35.62077073742667],[139.41552692981767,35.625907879823814],[139.4201317103078,35.62886328403422],[139.42285516024748,35.629126330482265],[139.43027297784636,35.63226741453835],[139.42679699568652,35.637977069793],[139.42398395857776,35.63944703523797],[139.42023921491068,35.6430832655492],[139.41771285674295,35.64311421219015],[139.41500732423708,35.6470289622699],[139.41679906761846,35.649055967251904],[139.42140384810858,35.64625529624623],[139.42735243613473,35.643795038290975],[139.4275674453405,35.645234057094996],[139.43052382191976,35.64605414308008],[139.42978920713338,35.64738484864078],[139.4326739139774,35.648019254780195],[139.4339818866458,35.650773505824446],[139.43781621748192,35.650030786441725],[139.43833582306252,35.65457994266088],[139.44200889699434,35.65796859984454],[139.45526779801648,35.65433236953331],[139.4678816714213,35.6512067587977],[139.47381234201364,35.649334487020425]]]],"type":"MultiPolygon"},"id":"geoshape:13:2010-10-01:c75c3293a9f569fb21e1","properties":{"administrativeCode":"13224","jurisdictionId":"geoshape:13:2010-10-01:c75c3293a9f569fb21e1","municipalityName":"多摩市","prefectureName":"東京都","snapshotDate":"2010-10-01","sourceDataset":"historical-administrative-areas-beta","sourceProvider":"Geoshape","sourceResourceId":"gci:13224A1971"},"type":"Feature"},{"geometry":{"coordinates":[[[[139.5264537625583,35.717277837218795],[139.52521745962514,35.71305362072958],[139.5273854691166,35.712821520922475],[139.52715254247704,35.70991253667349],[139.53254569005495,35.709107924008876],[139.5321873413787,35.702918595819554],[139.5339253324586,35.69897289909885],[139.53419409396582,35.69488794249389],[139.53136313942326,35.69460942272538],[139.53215150651104,35.68877598090693],[139.52853218488067,35.690679199325146],[139.5248770283827,35.69010668646764],[139.52691961583744,35.684211351367296],[139.5245007622726,35.68794042160137],[139.5222610830459,35.68736790874386],[139.51826549530543,35.69125171218266],[139.51527328385856,35.68999837322433],[139.51457450393983,35.68608362314457],[139.50518576862143,35.68698107573202],[139.50289233709327,35.68458271105866],[139.50111851114573,35.68458271105866],[139.50294608939473,35.687275068821016],[139.49988220821257,35.68718222889818],[139.4986996575809,35.68563489685084],[139.49543868462678,35.68690370912966],[139.49577911586925,35.688636721022675],[139.48902424332147,35.69095771909367],[139.48780585782214,35.69197895824491],[139.4895796837697,35.695444982030935],[139.49144309688631,35.700241711377664],[139.484455297699,35.702253243039195],[139.48742959171207,35.70646198620794],[139.48570951806593,35.708380677946636],[139.49162227122446,35.70807121153717],[139.492338968577,35.709958956634914],[139.49540284975916,35.70963401690497],[139.49590453790594,35.71316193397289],[139.5022831443436,35.71218711478307],[139.5082675672374,35.712481107872065],[139.50859008104604,35.71636491131087],[139.51493285261608,35.71724689057785],[139.52313903730277,35.7190727423937],[139.52301361526605,35.71760277694874],[139.5264537625583,35.717277837218795]],[[139.49669290499375,35.68760000855096],[139.49669290499375,35.68760000855096]]]],"type":"MultiPolygon"},"id":"geoshape:13:2010-10-01:c9affbd8faff1b2954c8","properties":{"administrativeCode":"13210","jurisdictionId":"geoshape:13:2010-10-01:c9affbd8faff1b2954c8","municipalityName":"小金井市","prefectureName":"東京都","snapshotDate":"2010-10-01","sourceDataset":"historical-administrative-areas-beta","sourceProvider":"Geoshape","sourceResourceId":"gci:13210A1968"},"type":"Feature"},{"geometry":{"coordinates":[[[[139.35536018707128,35.725293017223976],[139.36247340829533,35.7241789381499],[139.36186421554567,35.726298783054744],[139.36541186744077,35.725029970775935],[139.37028540943808,35.725834583440545],[139.3700524827985,35.72450387787984],[139.37635941950094,35.725447750428714],[139.37770322703696,35.724209884790845],[139.3800862457342,35.72558701031297],[139.3817884019465,35.72311127903724],[139.3793157960802,35.72171868019464],[139.3820571634537,35.7202332414292],[139.38549731074593,35.720449867915825],[139.38884787086909,35.717896770037726],[139.38709196235536,35.71667437772034],[139.3889912103396,35.71439979961076],[139.39103379779436,35.71532819883916],[139.39458144968947,35.711630075246035],[139.39569233058592,35.71288341420437],[139.39852328512848,35.71156818196414],[139.39404392667507,35.70514675396771],[139.39295096321243,35.699081212342165],[139.39024543070656,35.698849112535065],[139.38857910936187,35.69306209067804],[139.38508520976822,35.69128265882361],[139.37626983233187,35.69163854519449],[139.3687445101301,35.69194801160396],[139.36331552768456,35.69374291677887],[139.3552168476008,35.69323229720325],[139.3464731398997,35.69197895824491],[139.34038121240303,35.69365007685603],[139.3360272759863,35.69611033481129],[139.33566892731002,35.69922047222643],[139.33681564307412,35.70151052365648],[139.33303506453942,35.70466708103304],[139.33153000009906,35.709695910186866],[139.3325871286941,35.71288341420437],[139.33887614796268,35.71594713165809],[139.33887614796268,35.719645255251216],[139.34324800181324,35.72154847366943],[139.35267257199922,35.72218287980884],[139.353174260146,35.72504544409641],[139.35536018707128,35.725293017223976]]]],"type":"MultiPolygon"},"id":"geoshape:13:2010-10-01:ce135c58b6082b202782","properties":{"administrativeCode":"13207","jurisdictionId":"geoshape:13:2010-10-01:ce135c58b6082b202782","municipalityName":"昭島市","prefectureName":"東京都","snapshotDate":"2010-10-01","sourceDataset":"historical-administrative-areas-beta","sourceProvider":"Geoshape","sourceResourceId":"gci:13207A1968"},"type":"Feature"},{"geometry":{"coordinates":[[[[139.7225063233478,35.71226448138544],[139.72325885556796,35.71040768292864],[139.72598230550764,35.70921623725219],[139.73184130636471,35.709262657213614],[139.7324504991144,35.70739038543634],[139.73585481153899,35.709185290611245],[139.74280677585872,35.70813310481906],[139.74587065704085,35.702918595819554],[139.73628482995053,35.692195584731536],[139.73157254485753,35.68958059357154],[139.7299958106819,35.68554205692801],[139.73150087512226,35.68148804696399],[139.7285265811092,35.68283422584517],[139.72675275516164,35.67929083545678],[139.71958578163617,35.67831601626696],[139.7194782770333,35.67449410611005],[139.71655773532163,35.6734264469974],[139.71485557910935,35.67508209228804],[139.71288466138984,35.67461789267384],[139.71290257882364,35.67729477711572],[139.7147839093741,35.68086911414506],[139.7113975143833,35.683360318741265],[139.70740192664283,35.684458924494876],[139.7057714401658,35.688048734844685],[139.70270755898366,35.68777021507616],[139.702098366234,35.68916281391876],[139.69502097987757,35.686656136002085],[139.68767483201395,35.68159636020731],[139.6849872169419,35.68588246997842],[139.68597267580165,35.68789400163995],[139.68321339099435,35.68871408762504],[139.68398384064835,35.691994431565384],[139.68840944680034,35.69932878546974],[139.6874956576758,35.704001728252685],[139.68887530007947,35.70749869867966],[139.69421469535595,35.711042089068044],[139.690075768145,35.71149081536177],[139.68278337258283,35.71012916316012],[139.68034660158415,35.71125871555467],[139.6818516660245,35.71316193397289],[139.6790923812172,35.71523535891632],[139.6790923812172,35.718283603049564],[139.67368131620546,35.720264188070146],[139.67575973852786,35.72195078000174],[139.6751863806458,35.723699265215224],[139.67733647270344,35.72937797382894],[139.68134997787772,35.727041502437466],[139.68271170284757,35.723637371933336],[139.68661770341896,35.72272444602541],[139.6957197597963,35.72174962683559],[139.69980493470584,35.72354453201049],[139.70458888953408,35.7230184391144],[139.70593269707012,35.71885611590707],[139.70455305466646,35.71586976505572],[139.70535933918808,35.71370350018946],[139.71053747756025,35.713533293664256],[139.71211421173584,35.71475568598164],[139.714407643264,35.713177407293365],[139.7225063233478,35.71226448138544]]]],"type":"MultiPolygon"},"id":"geoshape:13:2010-10-01:d1da4394e0bc67c707be","properties":{"administrativeCode":"13104","jurisdictionId":"geoshape:13:2010-10-01:d1da4394e0bc67c707be","municipalityName":"新宿区","prefectureName":"東京都","snapshotDate":"2010-10-01","sourceDataset":"historical-administrative-areas-beta","sourceProvider":"Geoshape","sourceResourceId":"gci:13104A1968"},"type":"Feature"},{"geometry":{"coordinates":[[[[139.84554534134645,35.6567152608862],[139.8468891488825,35.673844226650175],[139.8482150389847,35.679136102252045],[139.84550950647883,35.68128689379784],[139.84789252517606,35.69053993944089],[139.8476954334041,35.69496530909626],[139.84380735026653,35.69952993863589],[139.83540407380792,35.70301143574239],[139.83438278008052,35.70472897431493],[139.83888005596776,35.7091543439703],[139.83931007437928,35.71087188254284],[139.83363024786036,35.71401296659892],[139.83314647714738,35.71576145181241],[139.83549366097697,35.71786582339678],[139.8390413128721,35.71710763069359],[139.84215894635568,35.7193048422008],[139.8513505899021,35.710856409222366],[139.85625996676706,35.71446169289265],[139.86224438966082,35.71283699424295],[139.86659832607756,35.71291436084532],[139.86856924379705,35.71458547945644],[139.8662578948351,35.71853117617714],[139.8687305007014,35.72380757845854],[139.87054016151657,35.72470503104599],[139.87027140000936,35.72875904101],[139.8721706479936,35.73004332660929],[139.87191980392024,35.73244169128265],[139.87394447394118,35.736016028311994],[139.8729231802138,35.737377680513646],[139.87654250184417,35.737037267463236],[139.87758171300536,35.74092107090203],[139.87978555736444,35.7415245304005],[139.88186397968684,35.74435614804712],[139.88503536547185,35.74556306704403],[139.8807530987904,35.749725390251356],[139.88998057720443,35.75076210272307],[139.89286528404844,35.74808521828119],[139.89666378001695,35.746708092759064],[139.89944098225806,35.744387094688065],[139.90096396413225,35.740070038276],[139.90087437696317,35.737455047116015],[139.8979359178177,35.73186917842514],[139.89720130303135,35.72674750934847],[139.89865261517028,35.72345169208765],[139.90397409301295,35.71958336196932],[139.9081130202239,35.71385823339419],[139.91621170030768,35.70800931825527],[139.9187380584754,35.69770408682004],[139.9138465990443,35.69092677245273],[139.9086505432383,35.68551111028706],[139.903777001241,35.68311274561369],[139.89354614653337,35.68199866653961],[139.88793798974967,35.67998713487808],[139.88643292530932,35.678563589394535],[139.88564455822151,35.67208026811621],[139.88722129239713,35.6687844508554],[139.88738254930144,35.65617369466963],[139.8868987785885,35.65372891003485],[139.88349446616388,35.64512574385168],[139.87378321703684,35.6398338682498],[139.8708089230238,35.638874522380455],[139.8631402613515,35.63839484944579],[139.8564391411052,35.63978744828838],[139.84957676395453,35.64275832581926],[139.85049055307906,35.65652958104052],[139.84554534134645,35.6567152608862]]],[[[139.8496663511236,35.63582627824721],[139.84995303006463,35.63912209550803],[139.85237188362947,35.64025164790258],[139.859055086442,35.637667603383534],[139.85875049006717,35.63599648477242],[139.854342801349,35.638379376125314],[139.8500426172337,35.63851863600957],[139.8496663511236,35.63582627824721]]]],"type":"MultiPolygon"},"id":"geoshape:13:2010-10-01:d44d58c6c5709b3c3c17","properties":{"administrativeCode":"13123","jurisdictionId":"geoshape:13:2010-10-01:d44d58c6c5709b3c3c17","municipalityName":"江戸川区","prefectureName":"東京都","snapshotDate":"2010-10-01","sourceDataset":"historical-administrative-areas-beta","sourceProvider":"Geoshape","sourceResourceId":"gci:13123A1968"},"type":"Feature"},{"geometry":{"coordinates":[[[[139.51636624732117,35.76557007041605],[139.50859008104604,35.762042153348126],[139.50479158507753,35.76109828079925],[139.49719459314053,35.76242898635996],[139.5012080983148,35.765631963697935],[139.4992550980291,35.77168203200301],[139.4976783638535,35.77214623161721],[139.49678249216282,35.77870691949789],[139.49938052006578,35.782172943283925],[139.50669083306178,35.78277640278238],[139.50846465900935,35.78466414788013],[139.51190480630157,35.78508192753291],[139.5140369809254,35.78850153135751],[139.52027224789256,35.788362271473254],[139.52258359685453,35.78924425074023],[139.52338988137615,35.79184376857975],[139.52550413856616,35.791890188541174],[139.52926679966706,35.794133820009804],[139.53686379160405,35.80394390518989],[139.54168358129994,35.8073016157326],[139.54428160920293,35.80663626295225],[139.54720215091456,35.80265961959061],[139.5462166920548,35.799240015766],[139.54408451743097,35.796501238042225],[139.53982016818333,35.79374698699797],[139.5375804889566,35.790760636146615],[139.54379783848995,35.78819206494805],[139.54379783848995,35.78283829606428],[139.54297363653453,35.77982099857198],[139.53749090178752,35.77688106768204],[139.5343195160025,35.774188709919684],[139.52281652349413,35.77189865848963],[139.51636624732117,35.76557007041605]]]],"type":"MultiPolygon"},"id":"geoshape:13:2010-10-01:d4c14b8a82ffd2becf1d","properties":{"administrativeCode":"13221","jurisdictionId":"geoshape:13:2010-10-01:d4c14b8a82ffd2becf1d","municipalityName":"清瀬市","prefectureName":"東京都","snapshotDate":"2010-10-01","sourceDataset":"historical-administrative-areas-beta","sourceProvider":"Geoshape","sourceResourceId":"gci:13221A1970"},"type":"Feature"},{"geometry":{"coordinates":[[[[139.3325871286941,35.71288341420437],[139.33153000009906,35.709695910186866],[139.33303506453942,35.70466708103304],[139.33681564307412,35.70151052365648],[139.33566892731002,35.69922047222643],[139.3360272759863,35.69611033481129],[139.34038121240303,35.69365007685603],[139.3464731398997,35.69197895824491],[139.3552168476008,35.69323229720325],[139.36331552768456,35.69374291677887],[139.3687445101301,35.69194801160396],[139.37626983233187,35.69163854519449],[139.3787782730658,35.68848198781794],[139.37519478630304,35.68578963005558],[139.37505144683254,35.68175109341204],[139.3767177681772,35.67837790954886],[139.3764310892362,35.676319957925905],[139.37241758406194,35.67238973452568],[139.37046458377623,35.668567824368765],[139.37241758406194,35.665751680042625],[139.35888992153258,35.65936119868714],[139.35940952711317,35.65682357412952],[139.35740277452604,35.6553845553255],[139.36129085766362,35.650541406017346],[139.36680942727824,35.64537331697925],[139.37050041864387,35.64376409165003],[139.37637733693475,35.6454042636202],[139.37856326386003,35.64410450470044],[139.37718362145637,35.641009840605776],[139.37807949314706,35.63932324867418],[139.38202132858606,35.641319307015245],[139.38985124716265,35.64116457381051],[139.3920013392203,35.63958629512223],[139.39936540451774,35.641195520451454],[139.40629945140364,35.645187637133574],[139.40905873621094,35.64467701755795],[139.41500732423708,35.6470289622699],[139.41771285674295,35.64311421219015],[139.42023921491068,35.6430832655492],[139.42398395857776,35.63944703523797],[139.42679699568652,35.637977069793],[139.43027297784636,35.63226741453835],[139.42285516024748,35.629126330482265],[139.4201317103078,35.62886328403422],[139.41552692981767,35.625907879823814],[139.40470479979422,35.62077073742667],[139.3995624962897,35.613359016919944],[139.39535189934347,35.61128559197652],[139.39350640366064,35.608206401202324],[139.38762948536976,35.60501889718482],[139.3883461827223,35.60240390602483],[139.38660819164238,35.59831894941987],[139.38187798911557,35.60228011946104],[139.37775697933841,35.604044077995],[139.37311636398067,35.60430712444305],[139.36542978487458,35.60904196050789],[139.36143419713412,35.605235523671446],[139.35349677395465,35.60735536857629],[139.35175878287473,35.60880986070079],[139.34756610336234,35.60877891405984],[139.34287173570314,35.61287934398527],[139.33991535912386,35.614210049545974],[139.33946742327853,35.61701072055165],[139.34129500152753,35.62007443800537],[139.3384102946835,35.62340120190713],[139.33695898254462,35.6224882759992],[139.33853571672023,35.61944003186596],[139.3373352486547,35.6141945762255],[139.32638769659454,35.61575738159331],[139.32278629239798,35.61481350904444],[139.31750064942293,35.61524676201769],[139.31529680506387,35.61291029062622],[139.31346922681485,35.61453498927592],[139.30761022595777,35.616237054527986],[139.30348921618062,35.61516939541532],[139.29804231630126,35.616113267964195],[139.29354504041402,35.61546338850432],[139.29465592131046,35.61722734703827],[139.2935271229802,35.62053863761957],[139.28929860860018,35.62018275124868],[139.28702309450583,35.622024076385],[139.28576887413888,35.620801684067615],[139.27790312069467,35.61945550518644],[139.2764876434234,35.616577467578395],[139.27335209250597,35.613792269893196],[139.2688010643173,35.612121151282075],[139.2688010643173,35.60935142691736],[139.26614928411288,35.60811356127949],[139.26476964170922,35.60246579930672],[139.25771017278663,35.604229757840685],[139.25222743803963,35.60166118664211],[139.24681637302788,35.605235523671446],[139.23835934426782,35.60730894861487],[139.2378039038196,35.60980015321108],[139.22988439807395,35.614565935916865],[139.23038608622073,35.61713450711544],[139.22886310434657,35.6202291712101],[139.22544087448816,35.62375708827802],[139.22022690124837,35.6255674667734],[139.2194743690282,35.626681545847475],[139.2214632041815,35.62915727712321],[139.21664341448562,35.634727672493604],[139.21442165269272,35.6416906667066],[139.21574754279493,35.64545068358162],[139.21146527611347,35.6491178605338],[139.20695008279242,35.649876053236994],[139.20211237566272,35.6530016639726],[139.1980272007532,35.65295524401118],[139.1941212001818,35.65182569161663],[139.19152317227883,35.64740032196126],[139.18423077671665,35.64507932389026],[139.17903472091066,35.64558994346588],[139.17548706901556,35.64955111350705],[139.16944889382034,35.65150075188669],[139.1670121228217,35.651005605631546],[139.16858885699727,35.65669978756573],[139.16692253565262,35.659624245135184],[139.167173379726,35.661836929962874],[139.16514870970505,35.66496254069848],[139.16160105780995,35.66790247158841],[139.16475452616115,35.670316309582255],[139.16597291166048,35.675113038928984],[139.17000433426858,35.680110921441866],[139.17141981153986,35.688745034265985],[139.1789451337416,35.68922470720066],[139.18199109748994,35.68806420816516],[139.1840695198123,35.689054500675454],[139.18962392429458,35.68760000855096],[139.19336866796164,35.6890854473164],[139.19938892572304,35.68824988801084],[139.200159375377,35.690137633108584],[139.20048188918568,35.699158578944534],[139.20488957790383,35.699777511763465],[139.20533751374919,35.70324353554949],[139.2044595594923,35.7072975455135],[139.2069142479248,35.71275962764059],[139.21012146857746,35.71362613358709],[139.21481583623662,35.716504171195126],[139.21723468980147,35.71887158922755],[139.21904435061666,35.71682911092507],[139.23561797689433,35.71483305258401],[139.23766056434908,35.71320835393431],[139.2403840142888,35.714214119765074],[139.24307162936083,35.71254300115396],[139.24506046451415,35.71334761381857],[139.2465296940869,35.71088735586331],[139.24962941013663,35.710500522851476],[139.2519407590986,35.71226448138544],[139.25810435633053,35.712249008064965],[139.26072030166733,35.710485049531],[139.26898023865544,35.7100208499168],[139.27414045959378,35.71500325910922],[139.27681015723203,35.71396654663751],[139.28537469059498,35.71334761381857],[139.29426173776656,35.71337856045952],[139.29583847194218,35.71145986872082],[139.3013570415568,35.71176933513029],[139.30375797768784,35.713827286753244],[139.30494052831955,35.711552708643666],[139.30848818021465,35.715885238376195],[139.31359464885156,35.713951073317034],[139.3158880803797,35.71424506640602],[139.31923864050287,35.71905726907323],[139.3226787877951,35.71673627100223],[139.3245063660441,35.71296078080674],[139.32873488042412,35.7112432422342],[139.32939782547524,35.71206332821929],[139.3325871286941,35.71288341420437]]]],"type":"MultiPolygon"},"id":"geoshape:13:2010-10-01:d737b556a296a5df80fe","properties":{"administrativeCode":"13201","jurisdictionId":"geoshape:13:2010-10-01:d737b556a296a5df80fe","municipalityName":"八王子市","prefectureName":"東京都","snapshotDate":"2010-10-01","sourceDataset":"historical-administrative-areas-beta","sourceProvider":"Geoshape","sourceResourceId":"gci:13201A1968"},"type":"Feature"},{"geometry":{"coordinates":[[[[139.56279031833247,35.7615934270544],[139.56553168570596,35.75832855643453],[139.56927642937305,35.749988436699404],[139.5688284935277,35.74759007202604],[139.56676798863913,35.747435338821305],[139.5681655484766,35.74276239603836],[139.56825513564564,35.738073979934946],[139.56732342908734,35.7363564413624],[139.56941976884355,35.734159229855194],[139.56599753898513,35.727041502437466],[139.56563919030884,35.721656786912746],[139.5599414463561,35.72199719996316],[139.5545841336458,35.72077480764577],[139.55003310545712,35.71729331053927],[139.53736547975083,35.711320608836566],[139.52941013913755,35.71279057428153],[139.5300014144534,35.71749446370542],[139.52690169840363,35.71851570285666],[139.5264537625583,35.717277837218795],[139.52301361526605,35.71760277694874],[139.52313903730277,35.7190727423937],[139.52466201917693,35.71939768212364],[139.52333612907472,35.7232505389215],[139.51767421998957,35.72744380876977],[139.51670667856365,35.73058489282586],[139.52016474328968,35.73344745711342],[139.52971473551239,35.73972962522559],[139.5313093871218,35.740271191442154],[139.52717045991085,35.74365984862582],[139.5284246802778,35.744727507738475],[139.53319071767226,35.74463466781563],[139.54458620557776,35.754754219405186],[139.54714839861313,35.75337709388306],[139.55203985804425,35.75596113840211],[139.5552470786969,35.75572903859501],[139.55539041816743,35.757740570256544],[139.55777343686464,35.75958189539287],[139.56184069434036,35.75961284203382],[139.56279031833247,35.7615934270544]]]],"type":"MultiPolygon"},"id":"geoshape:13:2010-10-01:e516a12f600e9d4a4e0a","properties":{"administrativeCode":"13229","jurisdictionId":"geoshape:13:2010-10-01:e516a12f600e9d4a4e0a","municipalityName":"西東京市","prefectureName":"東京都","snapshotDate":"2010-10-01","sourceDataset":"historical-administrative-areas-beta","sourceProvider":"Geoshape","sourceResourceId":"gci:13229A2001"},"type":"Feature"},{"geometry":{"coordinates":[[[[139.32106621875187,35.77722148073246],[139.32878863272558,35.77134161895259],[139.33151208266526,35.772919897640875],[139.33364425728908,35.77095478594076],[139.33319632144375,35.76759707539805],[139.33642145953021,35.76604974335072],[139.33477305561934,35.76492019095616],[139.33584810164817,35.759287902303875],[139.34036329496922,35.75371750693348],[139.34301507517364,35.75384129349726],[139.34263880906357,35.74984917681515],[139.33873280849218,35.750112223263194],[139.33217502771635,35.751736921912894],[139.3312970734595,35.75303668083265],[139.32733732058665,35.75294384090981],[139.3249184670218,35.75484705932803],[139.32205167761163,35.75359372036969],[139.32094079671518,35.7500503299813],[139.31879070465752,35.75070020944118],[139.31386341035875,35.74712587241184],[139.309993244655,35.75139650886248],[139.30261126192374,35.75520294569891],[139.2965372518609,35.75453759291857],[139.2974331235516,35.76007704164802],[139.29669850876525,35.76604974335072],[139.2949426002515,35.770243013198986],[139.29307918713488,35.77205339169437],[139.29212956314274,35.775349208955184],[139.29549804069973,35.77765473370571],[139.2975585455883,35.78076487112085],[139.2999057294179,35.78115170413268],[139.30248583988705,35.77853671297269],[139.3080223269355,35.77723695405293],[139.3091869601334,35.775705095326074],[139.31228667618316,35.77553488880086],[139.31843235598126,35.778412926408905],[139.32106621875187,35.77722148073246]]]],"type":"MultiPolygon"},"id":"geoshape:13:2010-10-01:e83ce4684fc90b7034dd","properties":{"administrativeCode":"13227","jurisdictionId":"geoshape:13:2010-10-01:e83ce4684fc90b7034dd","municipalityName":"羽村市","prefectureName":"東京都","snapshotDate":"2010-10-01","sourceDataset":"historical-administrative-areas-beta","sourceProvider":"Geoshape","sourceResourceId":"gci:13227A1991"},"type":"Feature"},{"geometry":{"coordinates":[[[[139.8203534294044,35.74342774881872],[139.82381149413044,35.73770262024358],[139.82976008215658,35.73117287900384],[139.84215894635568,35.7193048422008],[139.8390413128721,35.71710763069359],[139.83549366097697,35.71786582339678],[139.83314647714738,35.71576145181241],[139.83363024786036,35.71401296659892],[139.83931007437928,35.71087188254284],[139.83888005596776,35.7091543439703],[139.83438278008052,35.70472897431493],[139.83540407380792,35.70301143574239],[139.83067387128108,35.70301143574239],[139.81868710805972,35.70800931825527],[139.8196904843533,35.69303114403709],[139.81338354765086,35.69267525766621],[139.8114663822328,35.69190159164254],[139.81187848321053,35.688559354420306],[139.80945962964566,35.686996549052495],[139.80499818862606,35.686779922565876],[139.8048010968541,35.68849746113841],[139.800482995305,35.68829630797226],[139.7991571052028,35.689719853455806],[139.79672033420414,35.68854388109983],[139.79347727868387,35.69081845920941],[139.7903954800679,35.689286600482546],[139.78914125970093,35.69101961237556],[139.78890833306136,35.694702262648214],[139.79347727868387,35.701216530567486],[139.79700701314516,35.70777721844817],[139.80589406031675,35.71661248443844],[139.80842041848447,35.72037250131346],[139.80971047371906,35.72814010819107],[139.81137679506375,35.73298325749922],[139.81440484137826,35.736681381092346],[139.81449442854733,35.73880122599719],[139.8165728508697,35.7414626371186],[139.8203534294044,35.74342774881872]]]],"type":"MultiPolygon"},"id":"geoshape:13:2010-10-01:ec838d6ae7092a87c19f","properties":{"administrativeCode":"13107","jurisdictionId":"geoshape:13:2010-10-01:ec838d6ae7092a87c19f","municipalityName":"墨田区","prefectureName":"東京都","snapshotDate":"2010-10-01","sourceDataset":"historical-administrative-areas-beta","sourceProvider":"Geoshape","sourceResourceId":"gci:13107A1968"},"type":"Feature"},{"geometry":{"coordinates":[[[[139.58764179903207,35.646162456323395],[139.58658467043708,35.64265001257595],[139.58443457837942,35.64107173388767],[139.58765971646588,35.63506808554402],[139.59140446013296,35.63305655388248],[139.59362622192586,35.62661965256558],[139.5922824143898,35.62422128789222],[139.59020399206744,35.62453075430169],[139.58932603781057,35.621219463720394],[139.59023982693506,35.618434266035194],[139.58638757866512,35.6204612710172],[139.58004480709508,35.622024076385],[139.5765509075014,35.62197765642358],[139.57112192505585,35.6244069677379],[139.56769969519743,35.62694459229552],[139.56562127287503,35.62720763874357],[139.56617671332327,35.6294512702122],[139.56196611637705,35.63259235426828],[139.5632024193102,35.63738908361502],[139.56336367621452,35.64136572697666],[139.56574669491175,35.64716822215416],[139.56877474122626,35.647477688563626],[139.569473521145,35.64902502061096],[139.5743112282747,35.6507425591835],[139.57651507263378,35.650340252851194],[139.58160362383686,35.647199168795105],[139.5838433030636,35.64849892771487],[139.5855812941435,35.64551257686351],[139.58764179903207,35.646162456323395]]]],"type":"MultiPolygon"},"id":"geoshape:13:2010-10-01:ed1ca1e1b465fe2ab4a9","properties":{"administrativeCode":"13219","jurisdictionId":"geoshape:13:2010-10-01:ed1ca1e1b465fe2ab4a9","municipalityName":"狛江市","prefectureName":"東京都","snapshotDate":"2010-10-01","sourceDataset":"historical-administrative-areas-beta","sourceProvider":"Geoshape","sourceResourceId":"gci:13219A1970"},"type":"Feature"},{"geometry":{"coordinates":[[[[139.78890833306136,35.694702262648214],[139.78914125970093,35.69101961237556],[139.7903954800679,35.689286600482546],[139.7923663977874,35.68710486229581],[139.7926351592946,35.68438155789251],[139.7890875073995,35.67916704889299],[139.78717034198144,35.67450957943053],[139.78729576401813,35.671476808617754],[139.7890695899657,35.66564336679931],[139.78973253501678,35.65501319563413],[139.77423395476794,35.644259237905175],[139.76762242169067,35.65109844555438],[139.76486313688338,35.65150075188669],[139.7656873388388,35.6555547618507],[139.75998959488604,35.65860300598395],[139.75941623700402,35.660026551467496],[139.76222927411277,35.66295100903695],[139.7621396869437,35.66688123243718],[139.75801867716655,35.668691610932555],[139.75963124620978,35.67167796178391],[139.7642539441337,35.673333607074554],[139.7700054403879,35.68179751337346],[139.77100881668147,35.68401019820115],[139.76819577957272,35.68845104117699],[139.77751284515585,35.69170043847639],[139.78258347892512,35.69471773596869],[139.7825476440575,35.69657453442549],[139.78890833306136,35.694702262648214]]]],"type":"MultiPolygon"},"id":"geoshape:13:2010-10-01:f5ed4e14c4bbbc9f228b","properties":{"administrativeCode":"13102","jurisdictionId":"geoshape:13:2010-10-01:f5ed4e14c4bbbc9f228b","municipalityName":"中央区","prefectureName":"東京都","snapshotDate":"2010-10-01","sourceDataset":"historical-administrative-areas-beta","sourceProvider":"Geoshape","sourceResourceId":"gci:13102A1968"},"type":"Feature"},{"geometry":{"coordinates":[[[[139.33036536690116,35.79362320043418],[139.332784220466,35.791890188541174],[139.33488056022222,35.79370056703655],[139.3382490377792,35.79458254630353],[139.3426746439312,35.79402550676649],[139.34670606653927,35.79640839811938],[139.35025371843437,35.79340657394756],[139.35491225122595,35.793716040357026],[139.35983954552472,35.79162714209312],[139.36990914332802,35.79171998201596],[139.3687086752625,35.790296436532415],[139.36987330846037,35.78760407877006],[139.36783072100562,35.787047039233016],[139.36749028976317,35.78438562811161],[139.3730088593778,35.77971268532866],[139.3755173001117,35.78045540471138],[139.38013999803565,35.778753339459314],[139.38148380557166,35.77426607652205],[139.37902911713917,35.77120235906833],[139.3734388777893,35.76875757443355],[139.37320595114974,35.77134161895259],[139.37091251962158,35.77143445887543],[139.36815323481426,35.774111343317315],[139.36851158349054,35.7710476258636],[139.3673827851603,35.7677982285642],[139.36288550927304,35.76191836678434],[139.36095042642117,35.76109828079925],[139.35881825179732,35.75792625010222],[139.35901534356927,35.754491172957145],[139.35751027912892,35.753516353767324],[139.35811947187858,35.75076210272307],[139.356542737703,35.75071568276165],[139.35466140715255,35.74559401368498],[139.34989536975812,35.7477293319103],[139.35043289277252,35.74514528739125],[139.35333551705034,35.742530296231266],[139.35206337924956,35.741246010631976],[139.34552351590756,35.74707945245042],[139.3423342126887,35.746166526542495],[139.34263880906357,35.74984917681515],[139.34301507517364,35.75384129349726],[139.34036329496922,35.75371750693348],[139.33584810164817,35.759287902303875],[139.33477305561934,35.76492019095616],[139.33642145953021,35.76604974335072],[139.33319632144375,35.76759707539805],[139.33364425728908,35.77095478594076],[139.33151208266526,35.772919897640875],[139.32878863272558,35.77134161895259],[139.32106621875187,35.77722148073246],[139.3241121825002,35.78108981085079],[139.32065411777415,35.783364388960365],[139.3205824480389,35.789909603520584],[139.32275045753036,35.7863043198503],[139.32205167761163,35.789785816956794],[139.32626227455785,35.78703156591254],[139.33006077052633,35.790605902941884],[139.32848403635074,35.791766401977384],[139.33036536690116,35.79362320043418]]],[[[139.35665024230588,35.745578540364505],[139.35665024230588,35.745578540364505]]]],"type":"MultiPolygon"},"id":"geoshape:13:2010-10-01:f784d3b0b1dbe2052f17","properties":{"administrativeCode":"13303","jurisdictionId":"geoshape:13:2010-10-01:f784d3b0b1dbe2052f17","municipalityName":"瑞穂町","parentJurisdictionName":"西多摩郡","prefectureName":"東京都","snapshotDate":"2010-10-01","sourceDataset":"historical-administrative-areas-beta","sourceProvider":"Geoshape","sourceResourceId":"gci:13303A1968"},"type":"Feature"},{"geometry":{"coordinates":[[[[139.50934261326623,34.121142937113405],[139.51378613685202,34.12060137089684],[139.52068434887028,34.12479464074511],[139.52586248724245,34.12414476128523],[139.5295713960419,34.1250886338341],[139.5399276727862,34.123665088350556],[139.54695130684118,34.119642025027495],[139.54782926109803,34.116702094137565],[139.55134107812552,34.11622242120289],[139.5545841336458,34.11334438359485],[139.559565180246,34.11091507228054],[139.56311283214112,34.10622665617712],[139.56375785975843,34.1026987391092],[139.56587211694844,34.10226548613595],[139.56456414428004,34.10026942779489],[139.56558543800742,34.098273369453835],[139.56560335544123,34.09390989308035],[139.5628261532001,34.089948723039186],[139.56323825417783,34.08806097794144],[139.56112399698782,34.08484252728299],[139.56366827258935,34.07930307855354],[139.5630949147073,34.077554593340054],[139.56352493311883,34.07182946476492],[139.56275448346486,34.068641960747414],[139.56119566672305,34.06879669395215],[139.55883056545966,34.06440227093772],[139.5509468945816,34.05836767595313],[139.54472954504826,34.05767137653183],[139.54155815926325,34.05655729745774],[139.53910347083078,34.05392683297728],[139.53415825909818,34.05254970745516],[139.53383574528954,34.04875874393919],[139.53193649730528,34.046577005752454],[139.52820967107203,34.046391325906775],[139.5262208359187,34.04911463031008],[139.5225119271193,34.048279071004515],[139.52115020214944,34.04653058579103],[139.51937637620188,34.04769108482653],[139.51439532960168,34.048480224170675],[139.50685208996612,34.04748993166038],[139.50194271310116,34.04513798694843],[139.4959762076412,34.04854211745256],[139.49224938140796,34.048480224170675],[139.49067264723234,34.05132731513776],[139.4851182427501,34.052503287493735],[139.4812122421787,34.051652254867705],[139.48117640731107,34.0567584506239],[139.47841712250377,34.05764042989088],[139.4777720948865,34.06379881143926],[139.4818751872298,34.06751240835286],[139.47934882906208,34.0715509449964],[139.4752994890202,34.07280428395474],[139.4729702226244,34.0763631476636],[139.47331065386686,34.07787953306999],[139.47811252612894,34.080231477781936],[139.48209019643556,34.083403508478966],[139.48071055403193,34.086730272380734],[139.48327274706728,34.09155794836841],[139.48870172951283,34.09562743165289],[139.48780585782214,34.098536415901876],[139.4887733992481,34.100517000922466],[139.4914072620187,34.10076457405004],[139.49422029912745,34.10344145849192],[139.49414862939219,34.10543751683298],[139.48940050943156,34.11260166421213],[139.49294816132667,34.11920877205424],[139.50104684141047,34.12132861695909],[139.50742544784814,34.12247364267411],[139.50934261326623,34.121142937113405]]]],"type":"MultiPolygon"},"id":"geoshape:13:2010-10-01:fc720cec60985d4cfdae","properties":{"administrativeCode":"13381","jurisdictionId":"geoshape:13:2010-10-01:fc720cec60985d4cfdae","municipalityName":"三宅村","prefectureName":"東京都","snapshotDate":"2010-10-01","sourceDataset":"historical-administrative-areas-beta","sourceProvider":"Geoshape","sourceResourceId":"gci:13381A1968"},"type":"Feature"}],"type":"FeatureCollection"}
