{"features":[{"geometry":{"coordinates":[[[[139.74671277639865,33.15611835915439],[139.75190883220455,33.157650217881255],[139.75685404393707,33.15830009734113],[139.75868162218603,33.159615329581364],[139.76873330255538,33.157696637842676],[139.77434145933898,33.15771211116315],[139.77527316589726,33.15608741251345],[139.78161593746722,33.15133710312814],[139.78389145156154,33.14861379872484],[139.7950540128273,33.14230068397172],[139.79602155425323,33.1424244705355],[139.79711451771584,33.13544600300204],[139.79813581144322,33.13365109782713],[139.80309894060954,33.13289290512394],[139.80499818859377,33.129550667901704],[139.8074528770262,33.13060285369389],[139.8154798873746,33.1272915631126],[139.81703870411638,33.12384101264705],[139.8170566215502,33.12029762225866],[139.82262894346619,33.119879842605876],[139.82553156774395,33.11816230403334],[139.83088888045418,33.11732674472778],[139.83674788131117,33.11811588407192],[139.84550950644592,33.11630550557654],[139.84937967214964,33.11084342344946],[139.85093848889142,33.10586101425705],[139.8574604347995,33.098665920236954],[139.85509533353613,33.0955093628604],[139.85450405822027,33.09122325308929],[139.85964636172474,33.0839662657873],[139.85771127887287,33.0805466619627],[139.85867882029882,33.0791540631201],[139.85511325096994,33.077622204393236],[139.84882423170143,33.078055457366496],[139.84567076335026,33.07570351265455],[139.84269646933723,33.07632244547348],[139.83902339540546,33.07516194643798],[139.83979384505946,33.07412523396627],[139.83809168884716,33.07000933072037],[139.83384525703337,33.067255079676116],[139.83486655076075,33.06273687009791],[139.83382733959957,33.05481453001556],[139.8371778997227,33.05051294692398],[139.83271645870315,33.04532938456542],[139.8254598980087,33.05263279182883],[139.81884836493154,33.05869833345437],[139.813329795317,33.05962673268277],[139.81023007926728,33.05863644017248],[139.80553571160817,33.060400398706435],[139.80605531718876,33.06135974457578],[139.80243599555843,33.063696215967255],[139.79645157266475,33.06236551040655],[139.7935668658208,33.06569227430831],[139.79086133331495,33.06607910732014],[139.7842677176716,33.06956060442664],[139.78036171710028,33.074527540298575],[139.78054089143842,33.07972657597761],[139.779716689483,33.08545170455274],[139.77975252435064,33.09233733216337],[139.77876706549088,33.09564862274466],[139.77525524846345,33.0989908599669],[139.77246012878857,33.0977684676495],[139.76803452263664,33.10151301120405],[139.75832327350977,33.1024104637915],[139.7556894107392,33.10363285610889],[139.75185507990312,33.11014712402816],[139.7524821900866,33.11205034244638],[139.75099504308008,33.11573299271903],[139.74429392283383,33.12141170133274],[139.74404307876046,33.12459920535024],[139.7398324818143,33.131144419910456],[139.73845283941066,33.13755037458641],[139.73856034401354,33.145766707757744],[139.7406208489021,33.14657132042235],[139.74364889521655,33.15330221482825],[139.74671277639865,33.15611835915439]]],[[[139.69921365935926,33.120730875231914],[139.70016328335134,33.1164447654608],[139.69258420884827,33.1176052644963],[139.68882154774747,33.116166245692284],[139.68380466627968,33.118564610365645],[139.68084828970046,33.12558949786053],[139.6752580503507,33.13108252662856],[139.67681686709244,33.13648271547375],[139.67869819764286,33.13434739724843],[139.68305213405952,33.136637448678485],[139.68719106127043,33.13572452277056],[139.68964574970286,33.131484832960865],[139.6966335488901,33.12834374890478],[139.6990165675873,33.12458373202977],[139.69921365935926,33.120730875231914]]]],"type":"MultiPolygon"},"id":"geoshape:13:2014-04-01:01a97eae4d1f90dad4ff","properties":{"administrativeCode":"13401","jurisdictionId":"geoshape:13:2014-04-01:01a97eae4d1f90dad4ff","municipalityName":"八丈町","prefectureName":"東京都","snapshotDate":"2014-04-01","sourceDataset":"historical-administrative-areas-beta","sourceProvider":"Geoshape","sourceResourceId":"gci:13401A1968"},"type":"Feature"},{"geometry":{"coordinates":[[[[139.71763278131945,35.64165972006575],[139.71322509260136,35.637559290140324],[139.71444347810066,35.63413968631572],[139.7146226524388,35.629048963879995],[139.70713316510478,35.62547462685066],[139.70401553162125,35.62470096082699],[139.70145333858594,35.62589240650344],[139.69613186074332,35.62482474739078],[139.7039796967536,35.62188481650085],[139.6955764202951,35.61210567796171],[139.695397245957,35.60749462846066],[139.6912941536137,35.61092970560574],[139.68613393267543,35.61168789830893],[139.68400175805164,35.613095970472],[139.6847542902718,35.60534383691487],[139.68197708803072,35.60580803652907],[139.68040035385513,35.604399964365996],[139.68027493181845,35.60067089413192],[139.67925363809107,35.60568424996528],[139.67724688550396,35.60794335475438],[139.67339463723408,35.60817545456149],[139.66830608603107,35.606488862629895],[139.66318169996043,35.608732494098525],[139.66321753482805,35.61563359502963],[139.66475843413602,35.61827953283056],[139.6664964252159,35.61852710595814],[139.66352213120288,35.62651133932237],[139.6618020575568,35.62748615851219],[139.66147954374816,35.631710375001404],[139.66384464501152,35.63194247480851],[139.67199707739664,35.62971431666035],[139.67959406933355,35.625072320518356],[139.68203084033217,35.631137862143895],[139.68609809780781,35.638038963075],[139.686080180374,35.640545640991675],[139.68430635442647,35.64376409165013],[139.6831596386624,35.65372891003494],[139.67948656473067,35.657334193705225],[139.6750072062773,35.663879408265444],[139.679934500576,35.66377109502213],[139.68686854746178,35.661898823244854],[139.69294255752453,35.65388364323967],[139.69964367777078,35.6481275680236],[139.7086203121113,35.64200013311617],[139.71546477182804,35.64260359261463],[139.71763278131945,35.64165972006575]]]],"type":"MultiPolygon"},"id":"geoshape:13:2014-04-01:034e01155f7296ab6c4d","properties":{"administrativeCode":"13110","jurisdictionId":"geoshape:13:2014-04-01:034e01155f7296ab6c4d","municipalityName":"目黒区","prefectureName":"東京都","snapshotDate":"2014-04-01","sourceDataset":"historical-administrative-areas-beta","sourceProvider":"Geoshape","sourceResourceId":"gci:13110A1968"},"type":"Feature"},{"geometry":{"coordinates":[[[[139.8097104736867,35.72814010819114],[139.80842041845213,35.720372501313534],[139.80589406028443,35.716612484438514],[139.79700701311296,35.70777721844825],[139.79347727865172,35.701216530567564],[139.7889083330293,35.69470226264829],[139.78254764402553,35.696574534425565],[139.7799675335564,35.69807544651148],[139.78039755196792,35.700334551300585],[139.77315890870727,35.701881883347916],[139.77303348667058,35.70510033400637],[139.77013086239282,35.70534790713394],[139.77124174328924,35.70898413744517],[139.7666190453654,35.70870561767665],[139.7682316144086,35.71045410289014],[139.76762242165893,35.71296078080681],[139.76566942137327,35.71357971362575],[139.7645047881754,35.71727783721887],[139.76867955025392,35.71582334509438],[139.76325056780846,35.72187341339945],[139.7649168891531,35.72721170896274],[139.76278471452932,35.730739626030655],[139.76473771481497,35.7301361665322],[139.76604568748334,35.72753664869268],[139.76977251371656,35.72812463487067],[139.77674239546997,35.724937130853164],[139.78145468056292,35.72461219112323],[139.78444689200975,35.72786158842262],[139.7894637734775,35.7287435676896],[139.79120176455743,35.73121929896533],[139.7950540128273,35.7289756674967],[139.8014326192649,35.72925418726522],[139.8097104736867,35.72814010819114]]]],"type":"MultiPolygon"},"id":"geoshape:13:2014-04-01:0871f6d100628b6a5280","properties":{"administrativeCode":"13106","jurisdictionId":"geoshape:13:2014-04-01:0871f6d100628b6a5280","municipalityName":"台東区","prefectureName":"東京都","snapshotDate":"2014-04-01","sourceDataset":"historical-administrative-areas-beta","sourceProvider":"Geoshape","sourceResourceId":"gci:13106A1968"},"type":"Feature"},{"geometry":{"coordinates":[[[[139.71919159806123,35.64184539991143],[139.7168981665331,35.639957654813685],[139.7178298730914,35.635052612223646],[139.7199620477152,35.63457293928897],[139.72220172694188,35.635981011452046],[139.72600022291033,35.63503713890317],[139.72632273671897,35.63285540071644],[139.730927517209,35.63027135619739],[139.73114252641477,35.62648039268143],[139.7339376460897,35.626109032990065],[139.73538895822855,35.62320004874108],[139.73778989435957,35.62453075430179],[139.7433263814079,35.625134213800244],[139.7467665287001,35.62323099538203],[139.7515863183959,35.62530442032545],[139.75244635521895,35.623973714764745],[139.75755282385578,35.624097501328535],[139.7574274018191,35.62793488480592],[139.75941623697238,35.62799677808781],[139.76029419122924,35.61583474819578],[139.7619963474415,35.61465877583981],[139.7637164210876,35.60959900004503],[139.76299972373508,35.608686074137104],[139.77122382585543,35.597777383203415],[139.77324849587635,35.595812271503306],[139.76679821970353,35.59256287420391],[139.7654185772999,35.5944815659426],[139.76255178788972,35.594605352506385],[139.76256970532356,35.585011893812926],[139.75595817224638,35.584934527210564],[139.75601192454783,35.58925158362261],[139.74859410694907,35.589004010495046],[139.7479849141994,35.59056681586285],[139.73587272894153,35.58736383852487],[139.73010331525361,35.58736383852487],[139.72893868205574,35.588833803969834],[139.73055125109894,35.5921605678716],[139.728239902137,35.59438872601976],[139.72109084604546,35.594295886096916],[139.71917368062742,35.59185110146213],[139.71757902901803,35.59616815787419],[139.71533934979135,35.59691087725691],[139.71447931296828,35.59997459471063],[139.7118275327639,35.60065542081145],[139.70105915504203,35.601413613514644],[139.6982102830657,35.60357987838091],[139.695397245957,35.60749462846066],[139.6955764202951,35.61210567796171],[139.7039796967536,35.62188481650085],[139.69613186074332,35.62482474739078],[139.70145333858594,35.62589240650344],[139.70401553162125,35.62470096082699],[139.70713316510478,35.62547462685066],[139.7146226524388,35.629048963879995],[139.71444347810066,35.63413968631572],[139.71322509260136,35.637559290140324],[139.71763278131945,35.64165972006575],[139.71919159806123,35.64184539991143]]],[[[139.77134924789212,35.62313815545919],[139.77358892711882,35.62030653781257],[139.77059671567196,35.618681839162875],[139.76765825652657,35.62213238962842],[139.76871538512157,35.62644944604048],[139.77134924789212,35.62313815545919]]]],"type":"MultiPolygon"},"id":"geoshape:13:2014-04-01:0c70b943a18550b530f4","properties":{"administrativeCode":"13109","jurisdictionId":"geoshape:13:2014-04-01:0c70b943a18550b530f4","municipalityName":"品川区","prefectureName":"東京都","snapshotDate":"2014-04-01","sourceDataset":"historical-administrative-areas-beta","sourceProvider":"Geoshape","sourceResourceId":"gci:13109A1968"},"type":"Feature"},{"geometry":{"coordinates":[[[[139.59061609301602,33.897352303108335],[139.59398457057296,33.89906984168088],[139.60039901187815,33.90075643361247],[139.60545172821355,33.90097306009909],[139.60982358206402,33.89883774187378],[139.6165784546117,33.89277220024823],[139.61853145489735,33.89243178719782],[139.62534007974645,33.883735781091815],[139.62998069510414,33.873941169232204],[139.63198744769124,33.871047658303695],[139.6316828513164,33.86851003374607],[139.62467713469536,33.85619327064931],[139.61973192296284,33.85167506107109],[139.61378333493678,33.85244872709476],[139.61089862809283,33.85353185952789],[139.60251326906814,33.85450667871771],[139.59240783639737,33.85432099887203],[139.58025981627185,33.85905583493687],[139.5782888985524,33.861067366598405],[139.5767300818106,33.8664056621617],[139.5772496873912,33.875024301665334],[139.57665841207535,33.878412958849],[139.57879058669914,33.88379767437371],[139.58214114682227,33.888223044029075],[139.59061609301602,33.897352303108335]]]],"type":"MultiPolygon"},"id":"geoshape:13:2014-04-01:168d5702303637ff156d","properties":{"administrativeCode":"13382","jurisdictionId":"geoshape:13:2014-04-01:168d5702303637ff156d","municipalityName":"御蔵島村","prefectureName":"東京都","snapshotDate":"2014-04-01","sourceDataset":"historical-administrative-areas-beta","sourceProvider":"Geoshape","sourceResourceId":"gci:13382A1968"},"type":"Feature"},{"geometry":{"coordinates":[[[[139.51636624729315,35.7655700704161],[139.5213831287609,35.76756612875716],[139.53030601080002,35.7683552681013],[139.54782926106955,35.77398755675359],[139.54700505911413,35.76815411493514],[139.5476321692976,35.76617352991456],[139.5469692242465,35.760309141455174],[139.5445862055493,35.75475421940525],[139.53319071764398,35.7446346678157],[139.5284246802496,35.74472750773854],[139.52717045988265,35.74365984862588],[139.53130938709356,35.740271191442226],[139.52971473548416,35.73972962522566],[139.5201647432616,35.73344745711349],[139.5210964498199,35.73895595920199],[139.5150941094924,35.739110692406726],[139.51263942105996,35.737981140012174],[139.50817798004041,35.73839891966495],[139.50857216358432,35.74126148395251],[139.50672666790152,35.74201967665571],[139.5055978695713,35.73205485827089],[139.50443323637342,35.73219411815515],[139.5047199153144,35.74102938414542],[139.50378820875613,35.7428397626408],[139.49810838223726,35.74585706013309],[139.49816213453872,35.74434067472671],[139.49133559225578,35.74150905708009],[139.48941842683774,35.74489771426374],[139.48572743547217,35.74387647511251],[139.48730416964776,35.7489826708687],[139.4938798678573,35.75382582017685],[139.49475782211414,35.75828213647317],[139.50479158504967,35.76109828079932],[139.50859008101813,35.76204215334818],[139.51636624729315,35.7655700704161]]]],"type":"MultiPolygon"},"id":"geoshape:13:2014-04-01:18f6eb915e88d6a7bb94","properties":{"administrativeCode":"13222","jurisdictionId":"geoshape:13:2014-04-01:18f6eb915e88d6a7bb94","municipalityName":"東久留米市","prefectureName":"東京都","snapshotDate":"2014-04-01","sourceDataset":"historical-administrative-areas-beta","sourceProvider":"Geoshape","sourceResourceId":"gci:13222A1970"},"type":"Feature"},{"geometry":{"coordinates":[[[[139.81449442851488,35.73880122599726],[139.8144048413458,35.73668138109241],[139.81137679503135,35.73298325749929],[139.8097104736867,35.72814010819114],[139.8014326192649,35.72925418726522],[139.7950540128273,35.7289756674967],[139.79120176455743,35.73121929896533],[139.7894637734775,35.7287435676896],[139.78444689200975,35.72786158842262],[139.78145468056292,35.72461219112323],[139.77674239546997,35.724937130853164],[139.76977251371656,35.72812463487067],[139.76604568748334,35.72753664869268],[139.76473771481497,35.7301361665322],[139.76278471452932,35.730739626030655],[139.76093921884652,35.73220959147562],[139.7613154849566,35.733803343484375],[139.77111632125255,35.737903773409805],[139.76817786210717,35.74146263711867],[139.76588443057904,35.741617370323404],[139.7638418431243,35.744139521560555],[139.76031210866304,35.74345869545973],[139.75719447517952,35.745454753800786],[139.75780366792918,35.74760554534657],[139.75470395187946,35.74918382403486],[139.74977665758075,35.75012769658373],[139.7508875384772,35.75370203361307],[139.75758865872342,35.75317594071697],[139.7579649248335,35.754862532648566],[139.77034587159858,35.75364014033117],[139.7839810387306,35.754042446663476],[139.78880082842642,35.75251058793662],[139.79121968199124,35.749972963378994],[139.78867540638973,35.74701755916859],[139.78867540638973,35.74491318758422],[139.79242015005673,35.74078181101784],[139.7948031687539,35.7398224651485],[139.80243599555843,35.73863101947205],[139.80910128093703,35.74085917762021],[139.81302519894217,35.740735391056425],[139.81449442851488,35.73880122599726]]]],"type":"MultiPolygon"},"id":"geoshape:13:2014-04-01:1ce9d4150575bf5baf73","properties":{"administrativeCode":"13118","jurisdictionId":"geoshape:13:2014-04-01:1ce9d4150575bf5baf73","municipalityName":"荒川区","prefectureName":"東京都","snapshotDate":"2014-04-01","sourceDataset":"historical-administrative-areas-beta","sourceProvider":"Geoshape","sourceResourceId":"gci:13118A1968"},"type":"Feature"},{"geometry":{"coordinates":[[[[139.1635182232052,35.85087448618552],[139.16256859921307,35.84954378062481],[139.16642084748298,35.844561371432405],[139.16611625110815,35.84296761942365],[139.17199316939895,35.83996579525183],[139.17532581208826,35.83606651849255],[139.17735048210918,35.835153592584625],[139.17842552813798,35.830588963044995],[139.175254142353,35.82720030586134],[139.1774042344106,35.820484884775915],[139.1742149311918,35.812825591141625],[139.17550498642638,35.80683741611845],[139.17356990357453,35.806760049516086],[139.17145564638454,35.80347970557574],[139.16473660870452,35.801561013837045],[139.15837591970075,35.7982806698967],[139.15640500198126,35.79863655626759],[139.14981138633792,35.796377451478484],[139.14692667949396,35.79303521425625],[139.14757170711124,35.78901215093318],[139.14647874364863,35.785747280313316],[139.1478046337508,35.781987263438296],[139.1427160825478,35.78102791756895],[139.14053015562257,35.77903185922789],[139.13716167806564,35.77797967343571],[139.13762753134478,35.772424751385785],[139.13608663203684,35.770258486519516],[139.13074723676044,35.76512134412238],[139.12820296115893,35.76697814257918],[139.12513907997683,35.76759707539811],[139.11501572987223,35.77259495791099],[139.11435278482114,35.77353883045986],[139.10754415997204,35.776834647720676],[139.10584200375976,35.779109225830254],[139.1022047646956,35.778381979768014],[139.09661452534584,35.77592172181275],[139.09340730469324,35.76996449343053],[139.08846209296073,35.77019659323763],[139.08677785418226,35.77124877902981],[139.0828181013095,35.76988712682816],[139.07502401760064,35.77199149841253],[139.07359062289558,35.770026386712416],[139.06649531910546,35.76564743701847],[139.0636106122615,35.76560101705705],[139.0609409146233,35.764100104971135],[139.05660489564045,35.763295492306526],[139.05488482199434,35.76016988157092],[139.04916916060787,35.7600615683276],[139.04311306797894,35.757678676974706],[139.04270096700122,35.75511010577614],[139.03967292068674,35.75011222326326],[139.04141091176663,35.74618199986303],[139.03967292068674,35.7444025680086],[139.03445894744704,35.74245292962896],[139.03182508467646,35.744294254765286],[139.02831326764903,35.744526354572386],[139.02711279958353,35.7423755630266],[139.02168381713807,35.74013193155796],[139.01229508181981,35.738661966113],[139.0103958338356,35.74229819642423],[139.00568354874267,35.74813163824267],[139.00514602572827,35.75045263631367],[139.0021538142814,35.75011222326326],[138.9988211715921,35.751133462414494],[138.99242464772072,35.755512412108445],[138.98936076653862,35.76349664547268],[138.9843976373723,35.76776728192331],[138.98366302258594,35.77202244505348],[138.9853114264968,35.77440533640637],[138.9864223073932,35.782250309886344],[138.98504266498958,35.78526760737864],[138.9818712792046,35.78707798587402],[138.97952409537504,35.787093459194494],[138.97687231517065,35.789027624253656],[138.97710524181022,35.79275669448773],[138.97180168140144,35.79899244263848],[138.97031453439493,35.804578311329344],[138.97108498404893,35.809993973495004],[138.97221378237916,35.811123525889556],[138.9714791675928,35.814790702841734],[138.96975909394672,35.8158583619544],[138.9697232590791,35.82450794809898],[138.97047579129926,35.82732409242512],[138.96929324066758,35.83137810238914],[138.964258441766,35.829382044048074],[138.96223377174508,35.829583197214234],[138.95325713740456,35.83651524478628],[138.9474698062828,35.842704572975606],[138.9485448523116,35.84954378062481],[138.94574973263673,35.85409293684397],[138.94392215438776,35.85482018290622],[138.94286502579277,35.860158478469515],[138.9465380997245,35.86435174831778],[138.94514053988706,35.867926085347115],[138.9497274029433,35.86924131758735],[138.95445760547005,35.87490455288059],[138.9652080657581,35.87778259048862],[138.96802110286683,35.882207960143994],[138.97248254388637,35.881975860336894],[138.9789328200592,35.88500863114966],[138.98525767419534,35.88118672099275],[138.98875157378896,35.88114030103134],[138.9953272719985,35.884219491805524],[139.00116835542167,35.88420401848505],[139.0066510901686,35.88961968065071],[139.0067944296391,35.89364274397378],[139.01032416410033,35.89717066104169],[139.01337012784862,35.89825379347482],[139.0184049267502,35.898424000000034],[139.02399516609998,35.89729444760548],[139.0293345613764,35.89291549791153],[139.0376124157982,35.889093587754616],[139.04035378317167,35.88630839006942],[139.04302348080986,35.88548830408433],[139.04832704121864,35.881202194313225],[139.04983210565896,35.87883477628081],[139.05782328113975,35.87750407072011],[139.06144260277006,35.87371310720414],[139.07006088843434,35.87157778897882],[139.0720497235876,35.87157778897882],[139.0777653849741,35.87533780585384],[139.08253142236848,35.87487360623964],[139.08398273450737,35.87343458743562],[139.0892325426147,35.87103622276226],[139.09154389157663,35.86896279781883],[139.0957544885228,35.86941152411256],[139.0989437917416,35.86871522469126],[139.10129097557115,35.86571340051943],[139.10267061797478,35.86657990646594],[139.1157682620924,35.86446006156109],[139.1291167502834,35.865574140635175],[139.1312310074734,35.864475534881564],[139.13535201725048,35.86538846078949],[139.13979554083622,35.86377923546027],[139.14678334002346,35.86285083623187],[139.15948680059716,35.85694002781106],[139.1635182232052,35.85087448618552]]]],"type":"MultiPolygon"},"id":"geoshape:13:2014-04-01:23832a594d576ec1e626","properties":{"administrativeCode":"13308","jurisdictionId":"geoshape:13:2014-04-01:23832a594d576ec1e626","municipalityName":"奥多摩町","parentJurisdictionName":"西多摩郡","prefectureName":"東京都","snapshotDate":"2014-04-01","sourceDataset":"historical-administrative-areas-beta","sourceProvider":"Geoshape","sourceResourceId":"gci:13308A1968"},"type":"Feature"},{"geometry":{"coordinates":[[[[139.3210662187267,35.777221480732514],[139.3287886327003,35.77134161895265],[139.33151208263996,35.77291989764093],[139.33364425726376,35.770954785940816],[139.33319632141843,35.76759707539811],[139.33642145950483,35.76604974335078],[139.334773055594,35.764920190956225],[139.33584810162282,35.75928790230394],[139.34036329494378,35.75371750693354],[139.34301507514817,35.753841293497324],[139.3426388090381,35.74984917681521],[139.33873280846677,35.75011222326326],[139.33217502769105,35.75173692191295],[139.3312970734342,35.753036680832714],[139.3273373205614,35.75294384090987],[139.32491846699662,35.75484705932809],[139.32205167758647,35.75359372036975],[139.32094079669002,35.75005032998136],[139.31879070463242,35.75070020944124],[139.3138634103337,35.74712587241191],[139.30999324463002,35.75139650886254],[139.30261126189887,35.755202945698976],[139.29653725183613,35.75453759291862],[139.29743312352682,35.760077041648074],[139.29669850874046,35.76604974335078],[139.29494260022673,35.77024301319905],[139.29307918711015,35.77205339169443],[139.29212956311804,35.77534920895524],[139.29549804067494,35.777654733705766],[139.2975585455635,35.7807648711209],[139.29990572939306,35.78115170413274],[139.3024858398622,35.778536712972745],[139.30802232691053,35.77723695405299],[139.3091869601084,35.77570509532613],[139.31228667615815,35.77553488880092],[139.31843235595616,35.77841292640896],[139.3210662187267,35.777221480732514]]]],"type":"MultiPolygon"},"id":"geoshape:13:2014-04-01:24efe2cb8edc55e97966","properties":{"administrativeCode":"13227","jurisdictionId":"geoshape:13:2014-04-01:24efe2cb8edc55e97966","municipalityName":"羽村市","prefectureName":"東京都","snapshotDate":"2014-04-01","sourceDataset":"historical-administrative-areas-beta","sourceProvider":"Geoshape","sourceResourceId":"gci:13227A1991"},"type":"Feature"},{"geometry":{"coordinates":[[[[139.84674580937906,35.79650123804227],[139.844255286079,35.79385530024133],[139.84525866237254,35.787712392013425],[139.84805378204743,35.78187895019498],[139.85776503117432,35.77083099937703],[139.8588042423355,35.76790654180758],[139.85656456310883,35.76442504470108],[139.85217479182452,35.76575575026178],[139.85129683756767,35.76988712682816],[139.84579618538694,35.769515767136795],[139.84169309304366,35.76643657636261],[139.83766167043564,35.76575575026178],[139.8374645786637,35.76318717906321],[139.83173099984342,35.763713271959304],[139.83099638505706,35.75908674913778],[139.82753832033106,35.75735373724477],[139.82542406314107,35.7591331690992],[139.8262482650965,35.7616862669773],[139.82436693454608,35.761779106900136],[139.82354273259065,35.75586829847933],[139.82024592476898,35.755976611722645],[139.8197263191884,35.76044840133943],[139.81354480452276,35.759659261995296],[139.8134552173537,35.75447569963673],[139.81716412615307,35.74913740407344],[139.82035342937186,35.74342774881878],[139.81657285083725,35.74146263711867],[139.81449442851488,35.73880122599726],[139.81302519894217,35.740735391056425],[139.80910128093703,35.74085917762021],[139.80243599555843,35.73863101947205],[139.7948031687539,35.7398224651485],[139.79242015005673,35.74078181101784],[139.78867540638973,35.74491318758422],[139.78867540638973,35.74701755916859],[139.79121968199124,35.749972963378994],[139.78880082842642,35.75251058793662],[139.7839810387306,35.754042446663476],[139.77034587159858,35.75364014033117],[139.7579649248335,35.754862532648566],[139.74927496943397,35.75688953763057],[139.7488807858901,35.75981399520003],[139.75816201660544,35.76459525122628],[139.76009709945728,35.76676151609255],[139.75792908996587,35.770181119917154],[139.75497271338665,35.76838621474225],[139.74640818002382,35.767009089220124],[139.7374315456833,35.769949020110055],[139.73589064637534,35.77104762586366],[139.73617732531636,35.774157763278794],[139.73787948152864,35.77742263389867],[139.73804073843294,35.78022330490434],[139.7426096840554,35.7816932703493],[139.74628275798713,35.78389048185652],[139.74669485896484,35.78681493942597],[139.75002750165413,35.785932960158995],[139.75499063082046,35.786892306028335],[139.75559982357012,35.790033390084425],[139.7599716774206,35.79433497317601],[139.7607600445084,35.797414163950194],[139.7552952271953,35.803185712486744],[139.7506546118376,35.80666720959324],[139.75190883220455,35.81093784604388],[139.75520564002622,35.810736692877725],[139.76126173265516,35.81288748442351],[139.76577692597616,35.81575004871108],[139.76620694438768,35.817467587283616],[139.77174343143602,35.81687960110563],[139.77923291877005,35.80824548828152],[139.78149051543053,35.80714688252792],[139.78722409425083,35.80688383607987],[139.7939968842323,35.805197244148275],[139.79883459136192,35.80618753665857],[139.80229265608793,35.80855495469099],[139.81329396044939,35.80832285488388],[139.81965464945316,35.81177340534944],[139.8210522092906,35.81508469593073],[139.8249223749943,35.8119126652337],[139.82074761291577,35.80553765719869],[139.81963673201935,35.79958042881646],[139.82047885140855,35.797537950513984],[139.82605117332454,35.793360153986185],[139.83302105507798,35.795913251864285],[139.83689122078167,35.80046240808344],[139.84337733182213,35.79979705530309],[139.84674580937906,35.79650123804227]]]],"type":"MultiPolygon"},"id":"geoshape:13:2014-04-01:2dc9746e264b63d521b9","properties":{"administrativeCode":"13121","jurisdictionId":"geoshape:13:2014-04-01:2dc9746e264b63d521b9","municipalityName":"足立区","prefectureName":"東京都","snapshotDate":"2014-04-01","sourceDataset":"historical-administrative-areas-beta","sourceProvider":"Geoshape","sourceResourceId":"gci:13121A1968"},"type":"Feature"},{"geometry":{"coordinates":[[[[139.33258712866876,35.71288341420445],[139.33153000007377,35.709695910186944],[139.3330350645141,35.704667081033115],[139.33681564304874,35.70151052365655],[139.33566892728467,35.69922047222651],[139.33602727596093,35.696110334811365],[139.3403812123776,35.69365007685611],[139.34647313987418,35.69197895824499],[139.35521684757512,35.69323229720333],[139.3633155276588,35.69374291677895],[139.36874451010428,35.69194801160404],[139.37626983230592,35.69163854519458],[139.37877827303979,35.68848198781802],[139.37519478627712,35.685789630055666],[139.3750514468066,35.681751093412124],[139.37671776815125,35.67837790954894],[139.37643108921023,35.67631995792599],[139.37241758403601,35.672389734525765],[139.37046458375036,35.66856782436886],[139.37241758403601,35.66575168004271],[139.3588899215069,35.65936119868723],[139.35940952708748,35.656823574129604],[139.35740277450037,35.65538455532559],[139.36129085763787,35.65054140601744],[139.3659673078632,35.64597677647781],[139.37050041861798,35.64376409165013],[139.3763773369088,35.64540426362029],[139.37856326383402,35.644104504700536],[139.3771836214304,35.641009840605875],[139.37807949312108,35.63932324867428],[139.38202132856003,35.64131930701534],[139.3898512471365,35.641164573810606],[139.3920013391941,35.63958629512233],[139.39936540449142,35.641195520451554],[139.40629945137724,35.645187637133674],[139.4090587361845,35.64467701755805],[139.41500732421056,35.64702896226999],[139.41771285671638,35.64311421219024],[139.42023921488408,35.6430832655493],[139.42398395855108,35.639447035238064],[139.4267969956598,35.6379770697931],[139.4302729778196,35.63226741453845],[139.42285516022085,35.629126330482364],[139.4201317102812,35.62886328403432],[139.41552692979116,35.62590787982391],[139.40470479976784,35.62077073742677],[139.39956249626337,35.61335901692005],[139.39535189931723,35.611285591976625],[139.39350640363443,35.60820640120244],[139.38762948534364,35.605018897184934],[139.38834618269615,35.60240390602494],[139.38660819161626,35.59831894941998],[139.38187798908953,35.602280119461156],[139.37775697931244,35.60404407799511],[139.37311636395475,35.60430712444315],[139.36542978484877,35.609041960507994],[139.3614341971084,35.60523552367155],[139.35349677392904,35.6073553685764],[139.35175878284915,35.608809860700894],[139.3475661033368,35.60877891405995],[139.34287173567768,35.61287934398538],[139.33991535909846,35.61421004954608],[139.33946742325313,35.617010720551754],[139.3412950015021,35.620074438005474],[139.33841029465813,35.623401201907235],[139.33695898251923,35.62248827599931],[139.33853571669482,35.61944003186606],[139.33733524862933,35.61419457622561],[139.32638769656933,35.61575738159341],[139.32278629237283,35.61481350904454],[139.31750064939786,35.61524676201779],[139.3152968050388,35.612910290626324],[139.31346922678983,35.614534989276024],[139.30761022593285,35.616237054528085],[139.30348921615575,35.61516939541543],[139.29804231627645,35.6161132679643],[139.2935450403893,35.61546338850442],[139.29474550845478,35.61691788062891],[139.29352712295548,35.620538637619674],[139.2892986085755,35.620182751248784],[139.28702309448119,35.62202407638511],[139.28576887411427,35.620801684067715],[139.27790312067017,35.61945550518654],[139.2764876433989,35.6165774675785],[139.27335209248156,35.6137922698933],[139.26880106429294,35.61212115128218],[139.26880106429294,35.609351426917456],[139.26614928408856,35.608113561279595],[139.26476964168492,35.60246579930683],[139.25771017276242,35.60422975784079],[139.25222743801552,35.60166118664222],[139.24681637300387,35.60523552367155],[139.23835934424392,35.607308948614985],[139.2378039037957,35.60980015321118],[139.22988439805016,35.61456593591697],[139.23045775593218,35.61660841421945],[139.22886310432278,35.620229171210205],[139.22544087446443,35.62375708827812],[139.22022690122472,35.625567466773504],[139.21947436900456,35.626681545847575],[139.22146320415786,35.62915727712331],[139.21678675393252,35.63448009936613],[139.21442165266916,35.6416906667067],[139.21574754277137,35.645450683581714],[139.21146527608994,35.64911786053389],[139.20695008276897,35.64987605323709],[139.20211237563933,35.653001663972695],[139.19802720072988,35.65295524401128],[139.19412120015855,35.65182569161672],[139.1915231722556,35.647400321961356],[139.18423077669354,35.64507932389036],[139.17903472088764,35.64558994346598],[139.17548706899257,35.649551113507144],[139.16944889379744,35.651500751886786],[139.1670121227988,35.65100560563164],[139.1685888569744,35.65669978756582],[139.16692253562974,35.65962424513528],[139.16717337970314,35.66183692996296],[139.16514870968223,35.664962540698575],[139.16160105778715,35.667902471588505],[139.16475452613832,35.67031630958234],[139.16597291163765,35.67511303892907],[139.17000433424568,35.68011092144195],[139.17141981151693,35.68874503426606],[139.17894513371857,35.68922470720074],[139.18199109746683,35.688064208165244],[139.1840695197892,35.68905450067553],[139.18962392427136,35.687600008551044],[139.1933686679384,35.68908544731648],[139.19938892569968,35.68824988801092],[139.20015937535368,35.69013763310866],[139.20048188916232,35.69915857894461],[139.2048895778804,35.69977751176354],[139.20533751372577,35.70324353554957],[139.2044595594689,35.707297545513576],[139.20691424790132,35.71275962764066],[139.21012146855395,35.71362613358717],[139.21723468977788,35.71887158922762],[139.21904435059304,35.71682911092515],[139.23561797687046,35.71483305258408],[139.23766056432518,35.713208353934384],[139.24038401426483,35.71421411976515],[139.24307162933684,35.71254300115403],[139.24506046449014,35.71334761381865],[139.24652969406284,35.71088735586339],[139.24962941011256,35.710500522851554],[139.2519407590745,35.71226448138552],[139.25810435630632,35.712249008065044],[139.2607203016431,35.71048504953108],[139.26898023863106,35.71002084991688],[139.27414045956934,35.715003259109295],[139.27681015720754,35.71396654663758],[139.28537469057036,35.71334761381865],[139.29426173774183,35.71337856045959],[139.29583847191742,35.7114598687209],[139.30135704153196,35.71176933513037],[139.30375797766294,35.71382728675332],[139.30494052829462,35.71155270864374],[139.3084881801897,35.71588523837627],[139.31359464882652,35.713951073317105],[139.31588808035465,35.7142450664061],[139.319310310213,35.719103689034725],[139.32267878776995,35.716736271002304],[139.3245063660189,35.71296078080681],[139.32873488039888,35.711243242234275],[139.32939782544997,35.71206332821936],[139.33258712866876,35.71288341420445]]]],"type":"MultiPolygon"},"id":"geoshape:13:2014-04-01:2ed36da7db5b510ace64","properties":{"administrativeCode":"13201","jurisdictionId":"geoshape:13:2014-04-01:2ed36da7db5b510ace64","municipalityName":"八王子市","prefectureName":"東京都","snapshotDate":"2014-04-01","sourceDataset":"historical-administrative-areas-beta","sourceProvider":"Geoshape","sourceResourceId":"gci:13201A1968"},"type":"Feature"},{"geometry":{"coordinates":[[[[139.47381234198625,35.64933448702052],[139.47377650711863,35.64679686246289],[139.46877754308468,35.644568704314736],[139.46890296512137,35.64087058072161],[139.47159058019338,35.63352075349678],[139.4645311112709,35.62962147673751],[139.4641548451608,35.62451528098131],[139.4621660100075,35.6248711673522],[139.46073261530245,35.62216333626937],[139.45516029338646,35.618093852984885],[139.45301020132885,35.618558052599084],[139.45232933884395,35.615664541670576],[139.44928337509566,35.61178073823177],[139.44593281497254,35.60870154745758],[139.43885542861625,35.610078672979704],[139.43437607016287,35.60582350984954],[139.42821247293105,35.60797430139533],[139.42615196804252,35.60546762347866],[139.42310600429423,35.60662812251415],[139.4205258938251,35.60978467989071],[139.41737242547393,35.6115331651042],[139.41269597524862,35.61227588448692],[139.41049213088957,35.61009414630018],[139.40792993785425,35.61204378467982],[139.40126465247565,35.60871702077805],[139.40069129459363,35.61045003267107],[139.3973048996029,35.61003225301829],[139.39350640363443,35.60820640120244],[139.39535189931723,35.611285591976625],[139.39956249626337,35.61335901692005],[139.40470479976784,35.62077073742677],[139.41552692979116,35.62590787982391],[139.4201317102812,35.62886328403432],[139.42285516022085,35.629126330482364],[139.4302729778196,35.63226741453845],[139.4267969956598,35.6379770697931],[139.42398395855108,35.639447035238064],[139.42023921488408,35.6430832655493],[139.41771285671638,35.64311421219024],[139.41500732421056,35.64702896226999],[139.4167990675919,35.649055967251996],[139.42140384808195,35.64625529624633],[139.427352436108,35.643795038291074],[139.42756744531377,35.64523405709509],[139.430523821893,35.64605414308018],[139.42978920710664,35.64738484864088],[139.4326739139506,35.64801925478029],[139.433981886619,35.65077350582454],[139.43781621745507,35.65003078644182],[139.43833582303566,35.65457994266097],[139.4420088969674,35.65796859984464],[139.4692075614962,35.65078897914501],[139.47381234198625,35.64933448702052]]]],"type":"MultiPolygon"},"id":"geoshape:13:2014-04-01:30506a1ca69d6b8386a2","properties":{"administrativeCode":"13224","jurisdictionId":"geoshape:13:2014-04-01:30506a1ca69d6b8386a2","municipalityName":"多摩市","prefectureName":"東京都","snapshotDate":"2014-04-01","sourceDataset":"historical-administrative-areas-beta","sourceProvider":"Geoshape","sourceResourceId":"gci:13224A1971"},"type":"Feature"},{"geometry":{"coordinates":[[[[139.8899805771709,35.75076210272314],[139.88075309875697,35.74972539025142],[139.88503536543837,35.7455630670441],[139.8818639796534,35.74435614804718],[139.87978555733102,35.74152453040056],[139.877581712972,35.740921070902104],[139.8765425018108,35.7370372674633],[139.8729231801805,35.73737768051372],[139.87394447390784,35.736016028312065],[139.87191980388693,35.73244169128272],[139.87217064796033,35.73004332660936],[139.8702713999761,35.72875904101007],[139.8705401614833,35.724705031046064],[139.86873050066814,35.72380757845861],[139.8662578948019,35.71853117617721],[139.86856924376383,35.71458547945651],[139.86659832604434,35.712914360845396],[139.86224438962768,35.71283699424303],[139.856259966734,35.714461692892726],[139.8513505898691,35.710856409222444],[139.84215894632283,35.71930484220088],[139.82976008212393,35.731172879003914],[139.82381149409787,35.73770262024365],[139.82035342937186,35.74342774881878],[139.81716412615307,35.74913740407344],[139.8134552173537,35.75447569963673],[139.81354480452276,35.759659261995296],[139.8197263191884,35.76044840133943],[139.82024592476898,35.755976611722645],[139.82354273259065,35.75586829847933],[139.82436693454608,35.761779106900136],[139.8262482650965,35.7616862669773],[139.82542406314107,35.7591331690992],[139.82753832033106,35.75735373724477],[139.83099638505706,35.75908674913778],[139.83173099984342,35.763713271959304],[139.8374645786637,35.76318717906321],[139.83766167043564,35.76575575026178],[139.84169309304366,35.76643657636261],[139.84579618538694,35.769515767136795],[139.85129683756767,35.76988712682816],[139.85217479182452,35.76575575026178],[139.85656456310883,35.76442504470108],[139.8588042423355,35.76790654180758],[139.85776503117432,35.77083099937703],[139.84805378204743,35.78187895019498],[139.84525866237254,35.787712392013425],[139.844255286079,35.79385530024133],[139.84674580937906,35.79650123804227],[139.8526406451037,35.79215323498927],[139.85647497593976,35.790961789312824],[139.85989720579812,35.795340739006775],[139.86389279353853,35.79484559275163],[139.8677092069408,35.79668691788795],[139.8713464460049,35.797352270668306],[139.87475075842946,35.79654765800369],[139.87625582286978,35.794799172790206],[139.87595122649495,35.79218418163021],[139.87324569398913,35.79038927645531],[139.87118518910057,35.786629259580295],[139.8745357492237,35.78177063695167],[139.8772412817295,35.78116717745321],[139.88774089794418,35.784029741740774],[139.8937790731393,35.78274545614149],[139.89445993562424,35.77991383849487],[139.89342072446306,35.77832008648612],[139.88284943851312,35.77353883045986],[139.88075309875697,35.77166655868259],[139.87946304352238,35.76751970879574],[139.882670264175,35.76201120670724],[139.8832077871894,35.75862254952358],[139.8899805771709,35.75076210272314]]]],"type":"MultiPolygon"},"id":"geoshape:13:2014-04-01:35733cc09a4852c2edb9","properties":{"administrativeCode":"13122","jurisdictionId":"geoshape:13:2014-04-01:35733cc09a4852c2edb9","municipalityName":"葛飾区","prefectureName":"東京都","snapshotDate":"2014-04-01","sourceDataset":"historical-administrative-areas-beta","sourceProvider":"Geoshape","sourceResourceId":"gci:13122A1968"},"type":"Feature"},{"geometry":{"coordinates":[[[[139.77013086239282,35.70534790713394],[139.77303348667058,35.70510033400637],[139.77315890870727,35.701881883347916],[139.78039755196792,35.700334551300585],[139.7799675335564,35.69807544651148],[139.78254764402553,35.696574534425565],[139.78258347889314,35.694717735968766],[139.77751284512397,35.691700438476474],[139.76819577954097,35.688451041177075],[139.77100881664967,35.68401019820123],[139.77000544035613,35.681797513373546],[139.76425394410202,35.67333360707464],[139.75963124617815,35.67167796178399],[139.75801867713494,35.66869161093264],[139.74918538226493,35.67078050919654],[139.7431651245036,35.67144586197689],[139.73906203216032,35.674014433175465],[139.7367686006322,35.67887305580409],[139.7338301414868,35.67887305580409],[139.73150087509106,35.68148804696408],[139.72999581065073,35.685542056928085],[139.73157254482632,35.68958059357163],[139.73628482991924,35.69219558473162],[139.74587065700942,35.702918595819625],[139.74802074906705,35.7031661689472],[139.75719447517952,35.70171167682271],[139.7612975675228,35.70158789025892],[139.76602777004953,35.699638251879286],[139.7685003759158,35.7001488714549],[139.76640403615963,35.70178904342508],[139.76989793575325,35.70336732211335],[139.77013086239282,35.70534790713394]]]],"type":"MultiPolygon"},"id":"geoshape:13:2014-04-01:40fe85ab3c54a6bd1446","properties":{"administrativeCode":"13101","jurisdictionId":"geoshape:13:2014-04-01:40fe85ab3c54a6bd1446","municipalityName":"千代田区","prefectureName":"東京都","snapshotDate":"2014-04-01","sourceDataset":"historical-administrative-areas-beta","sourceProvider":"Geoshape","sourceResourceId":"gci:13101A1968"},"type":"Feature"},{"geometry":{"coordinates":[[[[139.5264537625301,35.71727783721887],[139.525217459597,35.71305362072965],[139.52738546908841,35.71282152092255],[139.52715254244885,35.70991253667357],[139.5325456900267,35.709107924008954],[139.53225901108567,35.702191349757385],[139.53392533243033,35.69897289909893],[139.53419409393751,35.69488794249398],[139.53136313939498,35.694609422725456],[139.5321515064828,35.68877598090701],[139.52853218485248,35.69067919932523],[139.52487702835452,35.690106686467715],[139.52691961580928,35.68421135136738],[139.52450076224446,35.68794042160145],[139.52226108301778,35.68736790874394],[139.51826549527738,35.69125171218275],[139.51527328383054,35.689998373224405],[139.5145745039118,35.686083623144654],[139.50518576859358,35.686981075732106],[139.50289233706545,35.684582711058745],[139.5011185111179,35.684582711058745],[139.5029460893669,35.6872750688211],[139.4998822081848,35.687182228898266],[139.49869965755312,35.68563489685093],[139.49543868459907,35.68690370912974],[139.49577911584151,35.68863672102275],[139.48902424329384,35.69095771909375],[139.48780585779454,35.69197895824499],[139.48957968374208,35.69544498203101],[139.49144309685866,35.70024171137774],[139.48445529767142,35.70225324303927],[139.48742959168445,35.70646198620802],[139.48570951803836,35.70838067794671],[139.4916222711968,35.708071211537245],[139.49233896854935,35.70995895663499],[139.49540284973145,35.70963401690505],[139.4959045378782,35.71316193397297],[139.50228314431578,35.71218711478315],[139.5082675672095,35.71248110787214],[139.50859008101813,35.71636491131095],[139.5149328525881,35.717246890577925],[139.52313903727463,35.71907274239378],[139.52301361523794,35.71760277694881],[139.5264537625301,35.71727783721887]],[[139.496692904966,35.687600008551044],[139.496692904966,35.687600008551044]]]],"type":"MultiPolygon"},"id":"geoshape:13:2014-04-01:44fcf98dca7fdfd56a45","properties":{"administrativeCode":"13210","jurisdictionId":"geoshape:13:2014-04-01:44fcf98dca7fdfd56a45","municipalityName":"小金井市","prefectureName":"東京都","snapshotDate":"2014-04-01","sourceDataset":"historical-administrative-areas-beta","sourceProvider":"Geoshape","sourceResourceId":"gci:13210A1968"},"type":"Feature"},{"geometry":{"coordinates":[[[[139.44077259403429,35.767009089220124],[139.4400021443803,35.76374421860025],[139.4405396673947,35.76021630153233],[139.4441410715912,35.755744511915545],[139.44620157647975,35.7556516719927],[139.44752746658193,35.75260342785946],[139.44754538401574,35.749245717316754],[139.45137971485184,35.74560948700552],[139.4506988523669,35.74198873001476],[139.45098553130794,35.73699084750188],[139.44553863142866,35.735041209122244],[139.44247475024656,35.736356441362474],[139.42869624364403,35.73007427325031],[139.42643864698354,35.730167113173145],[139.4266715736231,35.731482345413376],[139.4231955914633,35.73108003908107],[139.41622570970986,35.73208580491184],[139.4144160488947,35.733029677460706],[139.41357392950547,35.73643380796484],[139.4111909108083,35.73725389394993],[139.41061755292625,35.74776027855131],[139.4074461671413,35.748626784497816],[139.40748200200892,35.75322236067839],[139.40902290131686,35.75523389233992],[139.40927374539027,35.75823571651175],[139.40753575431035,35.760850707671736],[139.40497356127503,35.76207309998913],[139.40260846001166,35.76108280747884],[139.4005300376893,35.76196478674582],[139.39167882538547,35.76335738558842],[139.39845161536695,35.764409571380604],[139.40027919361592,35.76775180860284],[139.40488397410596,35.76915988076591],[139.40950667202983,35.76869568115171],[139.41590319590122,35.76628184315788],[139.41955835239918,35.76591048346651],[139.42208471056685,35.767782755243786],[139.42762119761522,35.76645204968308],[139.43545111619167,35.767117402463434],[139.43962587827022,35.76915988076591],[139.44077259403429,35.767009089220124]]]],"type":"MultiPolygon"},"id":"geoshape:13:2014-04-01:479b9af1f2ddd1a6efff","properties":{"administrativeCode":"13220","jurisdictionId":"geoshape:13:2014-04-01:479b9af1f2ddd1a6efff","municipalityName":"東大和市","prefectureName":"東京都","snapshotDate":"2014-04-01","sourceDataset":"historical-administrative-areas-beta","sourceProvider":"Geoshape","sourceResourceId":"gci:13220A1970"},"type":"Feature"},{"geometry":{"coordinates":[[[[139.38508520974213,35.691282658823695],[139.39513689011144,35.68917828723932],[139.4125347183443,35.683576945227976],[139.41756951724588,35.68275685924289],[139.42240722437552,35.67913610225214],[139.42982504197425,35.67081145583749],[139.44091593350478,35.65998013150616],[139.4420088969674,35.65796859984464],[139.43833582303566,35.65457994266097],[139.43781621745507,35.65003078644182],[139.433981886619,35.65077350582454],[139.4326739139506,35.64801925478029],[139.42978920710664,35.64738484864088],[139.430523821893,35.64605414308018],[139.42756744531377,35.64523405709509],[139.427352436108,35.643795038291074],[139.42140384808195,35.64625529624633],[139.4167990675919,35.649055967251996],[139.41500732421056,35.64702896226999],[139.4090587361845,35.64467701755805],[139.40629945137724,35.645187637133674],[139.39936540449142,35.641195520451554],[139.3920013391941,35.63958629512233],[139.3898512471365,35.641164573810606],[139.38202132856003,35.64131930701534],[139.37807949312108,35.63932324867428],[139.3771836214304,35.641009840605875],[139.37856326383402,35.644104504700536],[139.3763773369088,35.64540426362029],[139.37050041861798,35.64376409165013],[139.3659673078632,35.64597677647781],[139.36129085763787,35.65054140601744],[139.35740277450037,35.65538455532559],[139.35940952708748,35.656823574129604],[139.3588899215069,35.65936119868723],[139.37241758403601,35.66575168004271],[139.37046458375036,35.66856782436886],[139.37241758403601,35.672389734525765],[139.37643108921023,35.67631995792599],[139.37671776815125,35.67837790954894],[139.3750514468066,35.681751093412124],[139.37519478627712,35.685789630055666],[139.37877827303979,35.68848198781802],[139.37626983230592,35.69163854519458],[139.38508520974213,35.691282658823695]]]],"type":"MultiPolygon"},"id":"geoshape:13:2014-04-01:49473b77575632ca09bc","properties":{"administrativeCode":"13212","jurisdictionId":"geoshape:13:2014-04-01:49473b77575632ca09bc","municipalityName":"日野市","prefectureName":"東京都","snapshotDate":"2014-04-01","sourceDataset":"historical-administrative-areas-beta","sourceProvider":"Geoshape","sourceResourceId":"gci:13212A1968"},"type":"Feature"},{"geometry":{"coordinates":[[[[139.82035342937186,35.74342774881878],[139.82381149409787,35.73770262024365],[139.82976008212393,35.731172879003914],[139.84215894632283,35.71930484220088],[139.83904131283927,35.71710763069366],[139.83549366094422,35.717865823396856],[139.83314647711467,35.71576145181248],[139.8336302478276,35.714012966599],[139.83931007434649,35.71087188254292],[139.83888005593496,35.709154343970376],[139.8343827800478,35.704728974315],[139.83540407377515,35.70301143574247],[139.83067387124842,35.70301143574247],[139.81868710802723,35.70800931825535],[139.81969048432077,35.69303114403718],[139.81338354761846,35.69267525766629],[139.81146638220042,35.691901591642626],[139.8118784831781,35.688559354420384],[139.80945962961331,35.68699654905258],[139.80499818859377,35.686779922565954],[139.80480109682182,35.688497461138496],[139.80048299527277,35.68829630797234],[139.7991571051706,35.689719853455884],[139.79672033417197,35.68854388109992],[139.79347727865172,35.690818459209495],[139.7903954800358,35.68928660048263],[139.78914125966887,35.69101961237564],[139.7889083330293,35.69470226264829],[139.79347727865172,35.701216530567564],[139.79700701311296,35.70777721844825],[139.80589406028443,35.716612484438514],[139.80842041845213,35.720372501313534],[139.8097104736867,35.72814010819114],[139.81137679503135,35.73298325749929],[139.8144048413458,35.73668138109241],[139.81449442851488,35.73880122599726],[139.81657285083725,35.74146263711867],[139.82035342937186,35.74342774881878]]]],"type":"MultiPolygon"},"id":"geoshape:13:2014-04-01:497adcaa3ecc1ecd659b","properties":{"administrativeCode":"13107","jurisdictionId":"geoshape:13:2014-04-01:497adcaa3ecc1ecd659b","municipalityName":"墨田区","prefectureName":"東京都","snapshotDate":"2014-04-01","sourceDataset":"historical-administrative-areas-beta","sourceProvider":"Geoshape","sourceResourceId":"gci:13107A1968"},"type":"Feature"},{"geometry":{"coordinates":[[[[139.48572743547217,35.74387647511251],[139.48941842683774,35.74489771426374],[139.49133559225578,35.74150905708009],[139.49816213453872,35.74434067472671],[139.49810838223726,35.74585706013309],[139.50378820875613,35.7428397626408],[139.5047199153144,35.74102938414542],[139.50443323637342,35.73219411815515],[139.5055978695713,35.73205485827089],[139.50672666790152,35.74201967665571],[139.50857216358432,35.74126148395251],[139.50817798004041,35.73839891966495],[139.51263942105996,35.737981140012174],[139.5150941094924,35.739110692406726],[139.5210964498199,35.73895595920199],[139.5201647432616,35.73344745711349],[139.5167066785356,35.730584892825924],[139.51767421996152,35.72744380876984],[139.52333612904658,35.72325053892157],[139.52466201914876,35.71939768212371],[139.52313903727463,35.71907274239378],[139.5149328525881,35.717246890577925],[139.50859008101813,35.71636491131095],[139.5082675672095,35.71248110787214],[139.50228314431578,35.71218711478315],[139.4959045378782,35.71316193397297],[139.49540284973145,35.70963401690505],[139.49233896854935,35.70995895663499],[139.4916222711968,35.708071211537245],[139.48570951803836,35.70838067794671],[139.48022678329144,35.71436885296988],[139.47848879221155,35.70870561767665],[139.47193101143583,35.71102661574765],[139.4720205986049,35.715390092121126],[139.45845710120813,35.71808244988348],[139.4578837433261,35.72082122760726],[139.44611198931068,35.72287917923021],[139.43563029052982,35.724751451007485],[139.4335877030751,35.72708792239895],[139.42290891252227,35.73018258649362],[139.42643864698354,35.730167113173145],[139.42869624364403,35.73007427325031],[139.44247475024656,35.736356441362474],[139.44553863142866,35.735041209122244],[139.45098553130794,35.73699084750188],[139.46664536846086,35.74404668163771],[139.47099930487755,35.74276239603843],[139.4772524892784,35.73989983175086],[139.4770912323741,35.73757883367986],[139.478829223454,35.73522688896792],[139.48621120618515,35.734499642905675],[139.48732208708157,35.740921070902104],[139.48515407759015,35.740890124261156],[139.48572743547217,35.74387647511251]]]],"type":"MultiPolygon"},"id":"geoshape:13:2014-04-01:49ca33c80630df5348ee","properties":{"administrativeCode":"13211","jurisdictionId":"geoshape:13:2014-04-01:49ca33c80630df5348ee","municipalityName":"小平市","prefectureName":"東京都","snapshotDate":"2014-04-01","sourceDataset":"historical-administrative-areas-beta","sourceProvider":"Geoshape","sourceResourceId":"gci:13211A1968"},"type":"Feature"},{"geometry":{"coordinates":[[[[139.76093921884652,35.73220959147562],[139.76278471452932,35.730739626030655],[139.7649168891531,35.72721170896274],[139.76325056780846,35.72187341339945],[139.76867955025392,35.71582334509438],[139.7645047881754,35.71727783721887],[139.76566942137327,35.71357971362575],[139.76762242165893,35.71296078080681],[139.7682316144086,35.71045410289014],[139.7666190453654,35.70870561767665],[139.77124174328924,35.70898413744517],[139.77013086239282,35.70534790713394],[139.76989793575325,35.70336732211335],[139.76640403615963,35.70178904342508],[139.7685003759158,35.7001488714549],[139.76602777004953,35.699638251879286],[139.7612975675228,35.70158789025892],[139.75719447517952,35.70171167682271],[139.74802074906705,35.7031661689472],[139.74587065700942,35.702918595819625],[139.74280677582732,35.70813310481914],[139.73585481150772,35.70918529061132],[139.73245049908317,35.70739038543642],[139.7318413063335,35.70926265721369],[139.72598230547652,35.70921623725227],[139.72325885553687,35.71040768292872],[139.7225063233167,35.71226448138552],[139.71747152441515,35.71461642609746],[139.71831364380438,35.71775751015355],[139.72472808510958,35.72001661494265],[139.72273924995628,35.72515375733979],[139.7264839936233,35.72705697575801],[139.72987038861402,35.72628330973434],[139.7319667283702,35.72410157154761],[139.73737779338185,35.72690224255327],[139.7359623161106,35.72934702718806],[139.73907994959413,35.73185370510474],[139.74085377554167,35.730352793018824],[139.74352347317986,35.73289041757645],[139.74244842715106,35.7337878701639],[139.74461643664247,35.73583034846638],[139.74918538226493,35.732874944255975],[139.75275095159378,35.73505668244272],[139.75993584255298,35.73157518533622],[139.76093921884652,35.73220959147562]]]],"type":"MultiPolygon"},"id":"geoshape:13:2014-04-01:4d6f285226c868f60ae5","properties":{"administrativeCode":"13105","jurisdictionId":"geoshape:13:2014-04-01:4d6f285226c868f60ae5","municipalityName":"文京区","prefectureName":"東京都","snapshotDate":"2014-04-01","sourceDataset":"historical-administrative-areas-beta","sourceProvider":"Geoshape","sourceResourceId":"gci:13105A1968"},"type":"Feature"},{"geometry":{"coordinates":[[[[139.66411340651874,35.67635090456694],[139.66158704835104,35.674757152558186],[139.66174830525534,35.67252899441003],[139.6551188547444,35.67054840938944],[139.6503348999162,35.66989852992956],[139.64773687201324,35.6684285644846],[139.6412686784066,35.66719069884673],[139.63910066891518,35.66584451996555],[139.6325966404409,35.66808815143418],[139.62503548337162,35.66914033722637],[139.62102197819743,35.67299319402423],[139.610307352777,35.67664489765593],[139.61209909615832,35.674633365994396],[139.61656053717786,35.67263730765334],[139.6161842710678,35.66989852992956],[139.60890979293953,35.67034725622329],[139.60837226992513,35.67636637788741],[139.6032658012883,35.68065248765852],[139.5941816623449,35.68213792642396],[139.59360830446286,35.68413398476502],[139.59056234071457,35.68699654905258],[139.5940562403082,35.688992607393644],[139.5867100924447,35.69395954326558],[139.58828682662028,35.69561518855622],[139.59025774433977,35.69482604921208],[139.5928378548089,35.70109274400377],[139.59547171757947,35.705440747056784],[139.58665634014326,35.71190859501463],[139.5849900187986,35.716318491349526],[139.58681759704757,35.7197535684946],[139.58945145981815,35.72027966139069],[139.59384123110243,35.71829907637011],[139.5956508919176,35.72216740648844],[139.5997898191285,35.72391589170192],[139.60193991118612,35.72600478996582],[139.61539590398002,35.73029089973693],[139.62453379522486,35.73015163985267],[139.62439045575434,35.72926966058569],[139.6289952362444,35.72100690745294],[139.63186202565456,35.719722621853656],[139.6321845394632,35.71695289748893],[139.63696849429138,35.716504171195204],[139.64178828398718,35.714755685981714],[139.64284541258218,35.71150628868232],[139.6506036614234,35.709340023816054],[139.6582185707941,35.70921623725227],[139.6582006533603,35.70503844072447],[139.6609061858661,35.70468255435359],[139.66108536020425,35.70143315705419],[139.66253667234315,35.699235945546974],[139.66061950692512,35.696528114464144],[139.66115702993952,35.69519740890344],[139.66509886537847,35.69542950871054],[139.6675356363771,35.691746858437895],[139.66122869967478,35.68685728916832],[139.65922194708767,35.68668708264312],[139.6592756993891,35.681905826616855],[139.66257250721077,35.679430095341125],[139.66411340651874,35.67635090456694]]]],"type":"MultiPolygon"},"id":"geoshape:13:2014-04-01:53d7af4927c31985501f","properties":{"administrativeCode":"13115","jurisdictionId":"geoshape:13:2014-04-01:53d7af4927c31985501f","municipalityName":"杉並区","prefectureName":"東京都","snapshotDate":"2014-04-01","sourceDataset":"historical-administrative-areas-beta","sourceProvider":"Geoshape","sourceResourceId":"gci:13115A1968"},"type":"Feature"},{"geometry":{"coordinates":[[[[139.26880106429294,35.609351426917456],[139.26880106429294,35.61212115128218],[139.27335209248156,35.6137922698933],[139.2764876433989,35.6165774675785],[139.27790312067017,35.61945550518654],[139.28576887411427,35.620801684067715],[139.28702309448119,35.62202407638511],[139.2892986085755,35.620182751248784],[139.29352712295548,35.620538637619674],[139.29474550845478,35.61691788062891],[139.2935450403893,35.61546338850442],[139.29804231627645,35.6161132679643],[139.30348921615575,35.61516939541543],[139.30761022593285,35.616237054528085],[139.31346922678983,35.614534989276024],[139.3152968050388,35.612910290626324],[139.31750064939786,35.61524676201779],[139.32278629237283,35.61481350904454],[139.32638769656933,35.61575738159341],[139.33733524862933,35.61419457622561],[139.33853571669482,35.61944003186606],[139.33695898251923,35.62248827599931],[139.33841029465813,35.623401201907235],[139.3412950015021,35.620074438005474],[139.33946742325313,35.617010720551754],[139.33991535909846,35.61421004954608],[139.34287173567768,35.61287934398538],[139.3475661033368,35.60877891405995],[139.35175878284915,35.608809860700894],[139.35349677392904,35.6073553685764],[139.3614341971084,35.60523552367155],[139.36542978484877,35.609041960507994],[139.37311636395475,35.60430712444315],[139.37775697931244,35.60404407799511],[139.38187798908953,35.602280119461156],[139.38660819161626,35.59831894941998],[139.38834618269615,35.60240390602494],[139.38762948534364,35.605018897184934],[139.39350640363443,35.60820640120244],[139.3973048996029,35.61003225301829],[139.40069129459363,35.61045003267107],[139.40126465247565,35.60871702077805],[139.40792993785425,35.61204378467982],[139.41049213088957,35.61009414630018],[139.41269597524862,35.61227588448692],[139.41737242547393,35.6115331651042],[139.4205258938251,35.60978467989071],[139.42310600429423,35.60662812251415],[139.42615196804252,35.60546762347866],[139.42821247293105,35.60797430139533],[139.43437607016287,35.60582350984954],[139.43885542861625,35.610078672979704],[139.44593281497254,35.60870154745758],[139.44928337509566,35.61178073823177],[139.45286686185835,35.60744820849924],[139.45351188947564,35.604477330968365],[139.45738205517932,35.60721610869214],[139.46259602841903,35.607989774715804],[139.46571366190258,35.60956805340409],[139.46657369872563,35.60658170255273],[139.4702646900912,35.60348703845807],[139.47105305717898,35.6011505670666],[139.4780229389324,35.59896882887986],[139.4801551135562,35.59486839895443],[139.48393569209082,35.595069552120584],[139.48345192137788,35.593444853470885],[139.49196270243925,35.58846244427848],[139.49303774846805,35.589189690340724],[139.49445322573933,35.58631165273269],[139.4939157027249,35.58278373566477],[139.49740960231853,35.58208743624347],[139.50226522688197,35.57821910612514],[139.50545453010076,35.57478402898006],[139.50688792480585,35.57582074145178],[139.5065654109972,35.57172031152634],[139.500437648633,35.570312239363275],[139.5008318321769,35.56853280750884],[139.49805462993584,35.56789840136943],[139.4962628865545,35.56463353074956],[139.49445322573933,35.56471089735193],[139.49103099588095,35.56143055341158],[139.4892392524996,35.56180191310295],[139.4864082979571,35.56895058716162],[139.48286064606202,35.57137989847593],[139.4837386003189,35.57195241133344],[139.48612161901607,35.57845120593224],[139.48837921567656,35.57846667925271],[139.48986636268307,35.58357287500891],[139.48499282068582,35.58460958748062],[139.48219770101093,35.58171607655211],[139.47811252610148,35.580679364080396],[139.47648203962444,35.5820100696411],[139.47323898410423,35.57667177407781],[139.47325690153804,35.57385562975166],[139.46967341477534,35.569492153378185],[139.46965549734153,35.56529888352992],[139.4682579375041,35.56313261866365],[139.47012135062067,35.56064141406745],[139.47429611269922,35.559666594877626],[139.47642828732302,35.56256010580614],[139.4797609300123,35.55934165514769],[139.48178560003322,35.55607678452782],[139.48239479278288,35.54741172506276],[139.48033428789432,35.54314108861212],[139.48164226056272,35.53995358459461],[139.4849569858182,35.53806583949687],[139.4848315637815,35.5359614679125],[139.48676664663336,35.53559010822114],[139.48576327033982,35.53136589173192],[139.4877521054931,35.52799270786874],[139.48759084858878,35.52477425721029],[139.485745352906,35.52234494589598],[139.48622912361895,35.51977637469741],[139.4845448848405,35.519962054543086],[139.47698372777123,35.51121962847566],[139.48112265498213,35.50530882005485],[139.4849390683844,35.50396264117367],[139.47637453502156,35.501347650013685],[139.4677204144897,35.50236888916492],[139.4682579375041,35.5062062726423],[139.46485362507954,35.51089468874572],[139.46327689090396,35.51785768295872],[139.4605534409643,35.51943596164699],[139.45435400886487,35.52064288064391],[139.45826000943617,35.52803912783016],[139.45474819240874,35.531226631847666],[139.44808290703017,35.53576031474635],[139.4485308428755,35.537648059844095],[139.44609407187687,35.53955127826231],[139.44469651203943,35.542367422588455],[139.4409517683724,35.542491209152246],[139.43638282274998,35.54663805903909],[139.43342644617076,35.54632859262962],[139.43183179456136,35.54903642371246],[139.42808705089436,35.551264581860615],[139.42758536274758,35.553044013715045],[139.42391228881584,35.55589110468214],[139.4230701694266,35.559666594877626],[139.41622570970986,35.56187927970531],[139.41629737944513,35.56416933113536],[139.41289306702058,35.566165389476424],[139.41219428710184,35.569569519980554],[139.41016961708092,35.571271585232616],[139.40923791052262,35.57551127504231],[139.40300264355557,35.575341068517105],[139.40083463406413,35.57860593913697],[139.39929373475618,35.58351098172702],[139.3948143763028,35.58411444122547],[139.39422310098698,35.58559987999091],[139.3910875500696,35.5852594669405],[139.38861494420337,35.588539810880846],[139.38553314558746,35.58846244427848],[139.3806596035902,35.59047397594001],[139.37926204375276,35.589994303005334],[139.37524853857855,35.594295886096916],[139.36953287719206,35.59462082582686],[139.36723944566396,35.596926350577384],[139.3626705000415,35.59930924193027],[139.35906909584503,35.59833442274046],[139.3439826165741,35.60237295938399],[139.33987952423084,35.60525099699203],[139.33774734960704,35.60413691791795],[139.3311716513975,35.603781031547065],[139.33009660536868,35.60292999892103],[139.32027785163893,35.60614844957948],[139.31450843795102,35.60402860467464],[139.30872110682927,35.60395123807227],[139.30768189566808,35.605096263787296],[139.30354296845718,35.604353544404574],[139.29909944487144,35.6061948695409],[139.29657308670375,35.60962994668598],[139.2923445723238,35.61161053170656],[139.28288416727028,35.6131578637539],[139.28028613936735,35.61168789830893],[139.27426588160603,35.611053492169525],[139.26880106429294,35.609351426917456]]]],"type":"MultiPolygon"},"id":"geoshape:13:2014-04-01:5bb1039ba3b1a1774ca6","properties":{"administrativeCode":"13209","jurisdictionId":"geoshape:13:2014-04-01:5bb1039ba3b1a1774ca6","municipalityName":"町田市","prefectureName":"東京都","snapshotDate":"2014-04-01","sourceDataset":"historical-administrative-areas-beta","sourceProvider":"Geoshape","sourceResourceId":"gci:13209A1968"},"type":"Feature"},{"geometry":{"coordinates":[[[[139.3426388090381,35.74984917681521],[139.34233421266327,35.74616652654256],[139.34552351588206,35.747079452450485],[139.35206337922398,35.74124601063204],[139.3533355170247,35.74253029623133],[139.35043289274694,35.745145287391324],[139.34989536973254,35.747729331910364],[139.3546614071269,35.74559401368505],[139.3549122512003,35.74276239603843],[139.35987538036662,35.739574892020926],[139.35899742610977,35.737331260552295],[139.35290549861318,35.73606244827348],[139.35254714993692,35.732874944255975],[139.35335343445854,35.72795442834546],[139.35536018704565,35.72529301722405],[139.35312050781894,35.72501449745553],[139.3526725719736,35.72218287980891],[139.34324800178774,35.72154847366951],[139.33887614793727,35.71964525525129],[139.33887614793727,35.71594713165816],[139.33258712866876,35.71288341420445],[139.32939782544997,35.71206332821936],[139.32941574288378,35.71962978193081],[139.32841236659024,35.72337432548536],[139.32873488039888,35.72749022873126],[139.3219800078512,35.732720211051245],[139.3200986773008,35.7333236705497],[139.31669436487624,35.74331943557547],[139.3138634103337,35.74712587241191],[139.31879070463242,35.75070020944124],[139.32094079669002,35.75005032998136],[139.32205167758647,35.75359372036975],[139.32491846699662,35.75484705932809],[139.3273373205614,35.75294384090987],[139.3312970734342,35.753036680832714],[139.33217502769105,35.75173692191295],[139.33873280846677,35.75011222326326],[139.3426388090381,35.74984917681521]]]],"type":"MultiPolygon"},"id":"geoshape:13:2014-04-01:5c70d94393f7058fa3bf","properties":{"administrativeCode":"13218","jurisdictionId":"geoshape:13:2014-04-01:5c70d94393f7058fa3bf","municipalityName":"福生市","prefectureName":"東京都","snapshotDate":"2014-04-01","sourceDataset":"historical-administrative-areas-beta","sourceProvider":"Geoshape","sourceResourceId":"gci:13218A1970"},"type":"Feature"},{"geometry":{"coordinates":[[[[139.4144160488947,35.733029677460706],[139.41622570970986,35.73208580491184],[139.4231955914633,35.73108003908107],[139.4266715736231,35.731482345413376],[139.42643864698354,35.730167113173145],[139.42290891252227,35.73018258649362],[139.4335877030751,35.72708792239895],[139.43563029052982,35.724751451007485],[139.44611198931068,35.72287917923021],[139.443872310084,35.71173838848942],[139.44161471342352,35.71582334509438],[139.4365440796543,35.71477115930219],[139.4333368590017,35.71840738961342],[139.4282662252325,35.717355203821235],[139.43563029052982,35.70372320848424],[139.43030881268723,35.70353752863856],[139.42726284893894,35.7036303685614],[139.4255965275943,35.701881883347916],[139.42738827097563,35.69844680620284],[139.43165262022325,35.696930420796456],[139.42991462914333,35.69380481006084],[139.4312046843779,35.69027689299293],[139.428409564703,35.69111245229848],[139.42470065590362,35.686718029284066],[139.42149343525102,35.68857482774086],[139.41756951724588,35.68275685924289],[139.4125347183443,35.683576945227976],[139.39513689011144,35.68917828723932],[139.38508520974213,35.691282658823695],[139.38857910933575,35.693062090678126],[139.39024543068038,35.69884911253514],[139.39295096318622,35.69908121234224],[139.39404392664883,35.70514675396779],[139.3983978630655,35.711088509029544],[139.39569233055968,35.71288341420445],[139.39458144966324,35.711630075246106],[139.3910337977682,35.71532819883923],[139.38899121031346,35.71439979961083],[139.38709196232924,35.71667437772041],[139.38884787084294,35.717896770037804],[139.38549731071984,35.7204498679159],[139.38205716342765,35.72023324142927],[139.3793157960542,35.72171868019471],[139.38178840192046,35.72311127903731],[139.38008624570818,35.72558701031304],[139.37770322701098,35.724209884790916],[139.37635941947497,35.725447750428785],[139.37005248277265,35.72450387787991],[139.37028540941222,35.725834583440616],[139.36541186741496,35.725029970776006],[139.36186421551992,35.726298783054816],[139.36247340826958,35.72417893814997],[139.35536018704565,35.72529301722405],[139.35335343445854,35.72795442834546],[139.35254714993692,35.732874944255975],[139.35290549861318,35.73606244827348],[139.35899742610977,35.737331260552295],[139.35987538036662,35.739574892020926],[139.36546561971642,35.739064272445304],[139.36944329002299,35.735892241748275],[139.3702674919784,35.73736220719324],[139.3779540710844,35.735087629083665],[139.37847367666495,35.73350935039538],[139.381161291737,35.73485552927656],[139.38349055813273,35.733029677460706],[139.38433267752197,35.73544351545455],[139.38861494420337,35.73366408360012],[139.39112338493726,35.73366408360012],[139.3872890541012,35.737052740783774],[139.38508520974213,35.73764072696176],[139.384906035404,35.74150905708009],[139.38354431043416,35.74396931503534],[139.38805950375516,35.73938921217524],[139.39529814701578,35.73350935039538],[139.3982724410288,35.73493289587893],[139.4004046156526,35.7335557703568],[139.40262637744547,35.734221123137154],[139.4085391306039,35.73374145020248],[139.40947083716222,35.7326273711284],[139.4144160488947,35.733029677460706]]]],"type":"MultiPolygon"},"id":"geoshape:13:2014-04-01:5d6c6223a55d26caeda1","properties":{"administrativeCode":"13202","jurisdictionId":"geoshape:13:2014-04-01:5d6c6223a55d26caeda1","municipalityName":"立川市","prefectureName":"東京都","snapshotDate":"2014-04-01","sourceDataset":"historical-administrative-areas-beta","sourceProvider":"Geoshape","sourceResourceId":"gci:13202A1968"},"type":"Feature"},{"geometry":{"coordinates":[[[[139.1341694666188,34.2350884690795],[139.1368570816908,34.237393993830025],[139.13771711851385,34.242422822983855],[139.1420352200629,34.24392373506977],[139.14592330320042,34.242732289393324],[139.14932761562497,34.2392662656073],[139.15144187281496,34.239947091708125],[139.15654834145178,34.239297212248246],[139.16154730548573,34.236357281358316],[139.16767506784993,34.2341600698511],[139.17023726088524,34.23125108560212],[139.17131230691405,34.22619130980735],[139.17188566479606,34.219475888721924],[139.17570207819833,34.2164121712682],[139.17407159172132,34.21525167223271],[139.17346239897165,34.21190943501047],[139.1761679314775,34.20780900508504],[139.17391033481698,34.20528685384789],[139.17048810495862,34.20460602774706],[139.1689830405183,34.20861361774965],[139.16556081065994,34.20831962466066],[139.1575338003115,34.20514759396363],[139.15416532275458,34.202254083035115],[139.15434449709272,34.198849952530985],[139.15715753420142,34.19767398017501],[139.153932396115,34.1936818634929],[139.15171063432214,34.19272251762355],[139.14900510181633,34.19682294754898],[139.1463174867443,34.1943781629142],[139.14665791798674,34.18959690688794],[139.145672459127,34.187631795187826],[139.14307443122408,34.18791031495635],[139.13807546719013,34.185465530321565],[139.1337752830749,34.18650224279328],[139.1300484568417,34.18473828425932],[139.1283104657618,34.18704380900984],[139.1257661901603,34.18692002244606],[139.12492407077107,34.189689746810785],[139.12264855667675,34.188297147968186],[139.11945925345796,34.19004563318167],[139.120319290281,34.19578623507727],[139.12171685011845,34.19922131222235],[139.12926008975393,34.2015113636524],[139.13246731040653,34.201836303382336],[139.13334526466338,34.20490002083606],[139.13262856731083,34.21071798933402],[139.13074723676044,34.21254384114987],[139.13063973215753,34.21656690447294],[139.1339186225454,34.21729415053518],[139.12983344763595,34.22024955474559],[139.12823879602655,34.222802652623685],[139.13343485183245,34.22359179196783],[139.1361762192059,34.224891550887584],[139.1359074576987,34.232906730892765],[139.1341694666188,34.2350884690795]]],[[[139.18922974072748,34.20853625114729],[139.19222195217432,34.20935633713237],[139.19209653013763,34.20595220662824],[139.18922974072748,34.20853625114729]]],[[[139.07489859556395,34.18661055603659],[139.0769591004525,34.18814241476345],[139.07640366000427,34.18577499673103],[139.07489859556395,34.18661055603659]]]],"type":"MultiPolygon"},"id":"geoshape:13:2014-04-01:609f26a8b6280706ff2c","properties":{"administrativeCode":"13364","jurisdictionId":"geoshape:13:2014-04-01:609f26a8b6280706ff2c","municipalityName":"神津島村","prefectureName":"東京都","snapshotDate":"2014-04-01","sourceDataset":"historical-administrative-areas-beta","sourceProvider":"Geoshape","sourceResourceId":"gci:13364A1968"},"type":"Feature"},{"geometry":{"coordinates":[[[[139.73150087509106,35.68148804696408],[139.7338301414868,35.67887305580409],[139.7367686006322,35.67887305580409],[139.73906203216032,35.674014433175465],[139.7431651245036,35.67144586197689],[139.74918538226493,35.67078050919654],[139.75801867713494,35.66869161093264],[139.76213968691204,35.66688123243726],[139.76222927408108,35.662951009037045],[139.75941623697238,35.66002655146758],[139.7599895948544,35.65860300598404],[139.76568733880708,35.655554761850794],[139.76486313685166,35.651500751886786],[139.76097505371416,35.65182569161672],[139.7590399708623,35.64500195728799],[139.7603837783983,35.64501743060846],[139.76045544813357,35.636862990719024],[139.7547756216147,35.63884357573961],[139.7526434469909,35.634418206084234],[139.75918331033282,35.633613593419625],[139.75941623697238,35.62799677808781],[139.7574274018191,35.62793488480592],[139.75755282385578,35.624097501328535],[139.75244635521895,35.623973714764745],[139.7515863183959,35.62530442032545],[139.7467665287001,35.62323099538203],[139.7433263814079,35.625134213800244],[139.73778989435957,35.62453075430179],[139.73538895822855,35.62320004874108],[139.7339376460897,35.626109032990065],[139.73114252641477,35.62648039268143],[139.730927517209,35.63027135619739],[139.72632273671897,35.63285540071644],[139.72600022291033,35.63503713890317],[139.72220172694188,35.635981011452046],[139.7199620477152,35.63457293928897],[139.7178298730914,35.635052612223646],[139.7168981665331,35.639957654813685],[139.71919159806123,35.64184539991143],[139.7235634519117,35.64670402254006],[139.72216589207426,35.65561665513269],[139.71446139553447,35.6573496670257],[139.71378053304957,35.65976350501954],[139.70856655980987,35.66406508811112],[139.7138163679172,35.669341490392526],[139.71492724881364,35.67299319402423],[139.71655773529065,35.67342644699748],[139.71947827700225,35.67449410611014],[139.71958578160513,35.67831601626705],[139.7267527551305,35.67929083545687],[139.72852658107803,35.682834225845255],[139.73150087509106,35.68148804696408]]],[[[139.76871538512157,35.62644944604048],[139.77749492769013,35.63181868824472],[139.7748968997872,35.63486693237797],[139.77267513799433,35.632530460986494],[139.77084755974536,35.63305655388258],[139.77701115697718,35.63604290473394],[139.78235055225358,35.62949769017372],[139.77134924789212,35.62313815545919],[139.76871538512157,35.62644944604048]]]],"type":"MultiPolygon"},"id":"geoshape:13:2014-04-01:69419cfa1fd7b0dd2ae9","properties":{"administrativeCode":"13103","jurisdictionId":"geoshape:13:2014-04-01:69419cfa1fd7b0dd2ae9","municipalityName":"港区","prefectureName":"東京都","snapshotDate":"2014-04-01","sourceDataset":"historical-administrative-areas-beta","sourceProvider":"Geoshape","sourceResourceId":"gci:13103A1968"},"type":"Feature"},{"geometry":{"coordinates":[[[[139.49678249213508,35.77870691949795],[139.49767836382574,35.77214623161726],[139.49925509800133,35.77168203200306],[139.50120809828698,35.765631963698],[139.49719459311277,35.76242898636002],[139.50479158504967,35.76109828079932],[139.49475782211414,35.75828213647317],[139.4938798678573,35.75382582017685],[139.48730416964776,35.7489826708687],[139.48572743547217,35.74387647511251],[139.48515407759015,35.740890124261156],[139.48732208708157,35.740921070902104],[139.48621120618515,35.734499642905675],[139.478829223454,35.73522688896792],[139.4770912323741,35.73757883367986],[139.4772524892784,35.73989983175086],[139.47099930487755,35.74276239603843],[139.46664536846086,35.74404668163771],[139.45098553130794,35.73699084750188],[139.4506988523669,35.74198873001476],[139.45137971485184,35.74560948700552],[139.44754538401574,35.749245717316754],[139.44752746658193,35.75260342785946],[139.44620157647975,35.7556516719927],[139.4441410715912,35.755744511915545],[139.4405396673947,35.76021630153233],[139.4400021443803,35.76374421860025],[139.44077259403429,35.767009089220124],[139.44496527354661,35.766653202849234],[139.44580739293585,35.76765896868],[139.4513438799842,35.769330087291124],[139.458564605811,35.76967050034153],[139.4594783949355,35.77244022470626],[139.46134180805208,35.77343051721655],[139.46983467167968,35.774204183240215],[139.47116056178186,35.773399570575606],[139.47965342540942,35.78002215173818],[139.4854765913988,35.78070297783901],[139.4886838120514,35.779387745598775],[139.49038596826367,35.780904131005165],[139.4937544458206,35.779573425444454],[139.49348568431338,35.7816932703493],[139.49597620761347,35.781600430426465],[139.49678249213508,35.77870691949795]]]],"type":"MultiPolygon"},"id":"geoshape:13:2014-04-01:6c30217602da78fc36a7","properties":{"administrativeCode":"13213","jurisdictionId":"geoshape:13:2014-04-01:6c30217602da78fc36a7","municipalityName":"東村山市","prefectureName":"東京都","snapshotDate":"2014-04-01","sourceDataset":"historical-administrative-areas-beta","sourceProvider":"Geoshape","sourceResourceId":"gci:13213A1968"},"type":"Feature"},{"geometry":{"coordinates":[[[[139.67733647267303,35.729377973829],[139.67518638061543,35.7236992652153],[139.67575973849745,35.72195078000181],[139.6736813161751,35.72026418807022],[139.67909238118676,35.718283603049635],[139.67909238118676,35.71523535891639],[139.68185166599403,35.71316193397297],[139.6803466015537,35.71125871555475],[139.68278337255234,35.7101291631602],[139.69007576811438,35.71149081536185],[139.6942146953253,35.71104208906812],[139.6888753000489,35.70749869867973],[139.68749565764526,35.70400172825276],[139.68840944676975,35.69932878546982],[139.68398384061783,35.69199443156546],[139.6803286841199,35.68979722005825],[139.6712982974779,35.68148804696408],[139.66784023275193,35.67995618823722],[139.66411340651874,35.67635090456694],[139.66257250721077,35.679430095341125],[139.6592756993891,35.681905826616855],[139.65922194708767,35.68668708264312],[139.66122869967478,35.68685728916832],[139.6675356363771,35.691746858437895],[139.66509886537847,35.69542950871054],[139.66115702993952,35.69519740890344],[139.66061950692512,35.696528114464144],[139.66253667234315,35.699235945546974],[139.66108536020425,35.70143315705419],[139.6609061858661,35.70468255435359],[139.6582006533603,35.70503844072447],[139.6582185707941,35.70921623725227],[139.6506036614234,35.709340023816054],[139.64284541258218,35.71150628868232],[139.64178828398718,35.714755685981714],[139.63696849429138,35.716504171195204],[139.6321845394632,35.71695289748893],[139.63186202565456,35.719722621853656],[139.6289952362444,35.72100690745294],[139.62439045575434,35.72926966058569],[139.62453379522486,35.73015163985267],[139.62716765799541,35.73510310240414],[139.63354626443302,35.73528878224981],[139.63506924630715,35.732302431398466],[139.63643097127698,35.73227148475752],[139.6399248708706,35.72631425637529],[139.64356210993472,35.72530849054452],[139.6473964407708,35.725494170390206],[139.6474322756384,35.72674750934854],[139.65961613063155,35.725834583440616],[139.66224999340213,35.726917715873746],[139.66479426900364,35.73112645904249],[139.66816274656057,35.73138950549054],[139.67145955438224,35.73354029703633],[139.67468469246865,35.733060624101654],[139.6779635828565,35.73067773274877],[139.67733647267303,35.729377973829]]]],"type":"MultiPolygon"},"id":"geoshape:13:2014-04-01:73c4405f27c14718c457","properties":{"administrativeCode":"13114","jurisdictionId":"geoshape:13:2014-04-01:73c4405f27c14718c457","municipalityName":"中野区","prefectureName":"東京都","snapshotDate":"2014-04-01","sourceDataset":"historical-administrative-areas-beta","sourceProvider":"Geoshape","sourceResourceId":"gci:13114A1968"},"type":"Feature"},{"geometry":{"coordinates":[[[[139.62471296956298,35.779820998572035],[139.62517882284214,35.77793325347429],[139.62938941978828,35.7768810676821],[139.62935358492066,35.771728451964485],[139.6302136217437,35.77233191146294],[139.6347288150647,35.769871653507685],[139.63481840223378,35.76880399439503],[139.64051614618643,35.76911346080449],[139.64295291718506,35.77092383929987],[139.64791604635138,35.76861831454934],[139.65112326700398,35.769175354086386],[139.66112119507187,35.768664734510764],[139.6690048659498,35.766544889605925],[139.67068910472827,35.76204215334818],[139.67369923360891,35.75840592303695],[139.67334088493266,35.754506646277676],[139.67502512371112,35.75189165511769],[139.6720687471319,35.745222653993686],[139.6758314082327,35.74539286051889],[139.68083037226666,35.74381458183061],[139.67919988578964,35.74017835151938],[139.68075870253142,35.73875480603584],[139.67873403251048,35.734422276303306],[139.6779635828565,35.73067773274877],[139.67468469246865,35.733060624101654],[139.67145955438224,35.73354029703633],[139.66816274656057,35.73138950549054],[139.66479426900364,35.73112645904249],[139.66224999340213,35.726917715873746],[139.65961613063155,35.725834583440616],[139.6474322756384,35.72674750934854],[139.6473964407708,35.725494170390206],[139.64356210993472,35.72530849054452],[139.6399248708706,35.72631425637529],[139.63643097127698,35.73227148475752],[139.63506924630715,35.732302431398466],[139.63354626443302,35.73528878224981],[139.62716765799541,35.73510310240414],[139.62453379522486,35.73015163985267],[139.61539590398002,35.73029089973693],[139.60193991118612,35.72600478996582],[139.5997898191285,35.72391589170192],[139.5956508919176,35.72216740648844],[139.59384123110243,35.71829907637011],[139.58945145981815,35.72027966139069],[139.58681759704757,35.7197535684946],[139.5849900187986,35.716318491349526],[139.58665634014326,35.71190859501463],[139.57943561431645,35.71556029864633],[139.5751175127674,35.71899537579141],[139.5656391902801,35.72165678691282],[139.56599753895637,35.72704150243754],[139.56941976881473,35.734159229855265],[139.56732342905855,35.736356441362474],[139.56825513561685,35.73807397993501],[139.56816554844778,35.74276239603843],[139.56676798861034,35.74743533882137],[139.5688284934989,35.74759007202611],[139.56927642934423,35.74998843669947],[139.56553168567723,35.75832855643459],[139.56279031830377,35.76159342705446],[139.56931226421185,35.763635905356935],[139.56999312669677,35.76536891724995],[139.574579989753,35.766235423196456],[139.5743291456796,35.76818506157609],[139.57689133871494,35.76807674833278],[139.5781634765157,35.77084647269751],[139.58223073399134,35.77120235906839],[139.58398664250504,35.77483858937962],[139.58653091810655,35.775179002430036],[139.58875267989941,35.778536712972745],[139.5934112126909,35.77719053409157],[139.59414582747726,35.77870691949795],[139.59719179122555,35.77836650644754],[139.59694094715218,35.7764168680679],[139.60437668218475,35.7750242692253],[139.5984280941587,35.77214623161726],[139.59864310336445,35.76909798748402],[139.60315829668542,35.77086194601798],[139.6063475999042,35.770954785940816],[139.60874853603522,35.768834941035976],[139.61127489420292,35.77106309918413],[139.61722348222898,35.77035132644236],[139.61772517037573,35.766653202849234],[139.6229928959169,35.76686982933586],[139.6240858593795,35.77124877902981],[139.62471296956298,35.779820998572035]]]],"type":"MultiPolygon"},"id":"geoshape:13:2014-04-01:74aabfd7af110a3a0b44","properties":{"administrativeCode":"13120","jurisdictionId":"geoshape:13:2014-04-01:74aabfd7af110a3a0b44","municipalityName":"練馬区","prefectureName":"東京都","snapshotDate":"2014-04-01","sourceDataset":"historical-administrative-areas-beta","sourceProvider":"Geoshape","sourceResourceId":"gci:13120A1968"},"type":"Feature"},{"geometry":{"coordinates":[[[[139.48570951803836,35.70838067794671],[139.48742959168445,35.70646198620802],[139.48445529767142,35.70225324303927],[139.49144309685866,35.70024171137774],[139.48957968374208,35.69544498203101],[139.48646205025852,35.692164638090674],[139.47822003070436,35.69036973291577],[139.47737791131513,35.68933302044405],[139.46653786385798,35.6884355678566],[139.4637785790507,35.68979722005825],[139.46781000165873,35.69219558473162],[139.4668066253652,35.695336668787704],[139.4637606616169,35.69544498203101],[139.46297229452912,35.699870351686386],[139.46024884458947,35.69985487836591],[139.45940672520024,35.69238126457729],[139.45560822923179,35.69473320928924],[139.4484054208388,35.70093801079904],[139.44161471342352,35.70036549794153],[139.44100552067385,35.70132484381088],[139.4319930514657,35.701649783540816],[139.43030881268723,35.70353752863856],[139.43563029052982,35.70372320848424],[139.4282662252325,35.717355203821235],[139.4333368590017,35.71840738961342],[139.4365440796543,35.71477115930219],[139.44161471342352,35.71582334509438],[139.443872310084,35.71173838848942],[139.44611198931068,35.72287917923021],[139.4578837433261,35.72082122760726],[139.45845710120813,35.71808244988348],[139.4720205986049,35.715390092121126],[139.47193101143583,35.71102661574765],[139.47848879221155,35.70870561767665],[139.48022678329144,35.71436885296988],[139.48570951803836,35.70838067794671]]]],"type":"MultiPolygon"},"id":"geoshape:13:2014-04-01:7bba88ae50967b4481bc","properties":{"administrativeCode":"13214","jurisdictionId":"geoshape:13:2014-04-01:7bba88ae50967b4481bc","municipalityName":"国分寺市","prefectureName":"東京都","snapshotDate":"2014-04-01","sourceDataset":"historical-administrative-areas-beta","sourceProvider":"Geoshape","sourceResourceId":"gci:13214A1968"},"type":"Feature"},{"geometry":{"coordinates":[[[[139.84554534131357,35.656715260886294],[139.84688914884956,35.67384422665026],[139.84821503895176,35.67913610225214],[139.84550950644592,35.681286893797925],[139.84789252514312,35.690539939440974],[139.84769543337117,35.69496530909634],[139.84380735023365,35.69952993863597],[139.83540407377515,35.70301143574247],[139.8343827800478,35.704728974315],[139.83888005593496,35.709154343970376],[139.83931007434649,35.71087188254292],[139.8336302478276,35.714012966599],[139.83314647711467,35.71576145181248],[139.83549366094422,35.717865823396856],[139.83904131283927,35.71710763069366],[139.84215894632283,35.71930484220088],[139.8513505898691,35.710856409222444],[139.856259966734,35.714461692892726],[139.86224438962768,35.71283699424303],[139.86659832604434,35.712914360845396],[139.86856924376383,35.71458547945651],[139.8662578948019,35.71853117617721],[139.86873050066814,35.72380757845861],[139.8705401614833,35.724705031046064],[139.8702713999761,35.72875904101007],[139.87217064796033,35.73004332660936],[139.87191980388693,35.73244169128272],[139.87394447390784,35.736016028312065],[139.8729231801805,35.73737768051372],[139.8765425018108,35.7370372674633],[139.877581712972,35.740921070902104],[139.87978555733102,35.74152453040056],[139.8818639796534,35.74435614804718],[139.88503536543837,35.7455630670441],[139.88075309875697,35.74972539025142],[139.8899805771709,35.75076210272314],[139.89286528401485,35.74808521828125],[139.8966637799833,35.74670809275912],[139.89944098222438,35.74438709468813],[139.9009639640985,35.74007003827607],[139.90087437692944,35.73745504711608],[139.89793591778405,35.731869178425214],[139.8972013029977,35.72674750934854],[139.89865261513657,35.72345169208772],[139.90397409297915,35.7195833619694],[139.90811302019006,35.71385823339426],[139.91621170027375,35.70800931825535],[139.91873805844145,35.69770408682012],[139.91384659901036,35.690926772452805],[139.9086505432045,35.685511110287145],[139.90377700120723,35.683112745613776],[139.89354614649974,35.6819986665397],[139.88793798971614,35.67998713487817],[139.8864329252758,35.67856358939462],[139.88564455818803,35.672080268116304],[139.88722129236362,35.66878445085548],[139.88738254926793,35.656173694669725],[139.88689877855498,35.65372891003494],[139.8834944661304,35.64512574385178],[139.87378321700353,35.6398338682499],[139.8708089229905,35.638874522380554],[139.86314026131836,35.63839484944588],[139.85643914107212,35.63978744828848],[139.8495767639216,35.64275832581936],[139.85049055304606,35.656529581040616],[139.84554534131357,35.656715260886294]]],[[[139.84966635109066,35.63582627824731],[139.84995303003166,35.63912209550813],[139.85237188359648,35.64025164790268],[139.8590550864089,35.63766760338363],[139.85875049003405,35.63599648477252],[139.85434280131597,35.63837937612541],[139.85004261720073,35.63851863600967],[139.84966635109066,35.63582627824731]]]],"type":"MultiPolygon"},"id":"geoshape:13:2014-04-01:7e11d2d04087eeab7831","properties":{"administrativeCode":"13123","jurisdictionId":"geoshape:13:2014-04-01:7e11d2d04087eeab7831","municipalityName":"江戸川区","prefectureName":"東京都","snapshotDate":"2014-04-01","sourceDataset":"historical-administrative-areas-beta","sourceProvider":"Geoshape","sourceResourceId":"gci:13123A1968"},"type":"Feature"},{"geometry":{"coordinates":[[[[139.13608663203684,35.770258486519516],[139.13913259578513,35.76799938173041],[139.14370154140755,35.76617352991456],[139.14721335843498,35.762134993271026],[139.14465116539967,35.760200828211865],[139.1421785595334,35.75998420172523],[139.1399209628729,35.75763225701329],[139.14072724739452,35.75545051882655],[139.14934553305878,35.754243599829636],[139.15398614841646,35.750096749942784],[139.1565662588856,35.74469656109759],[139.16409158108723,35.74132337723441],[139.16457535180018,35.737594307000336],[139.16584748960094,35.736170761516796],[139.1643245077268,35.73255000452603],[139.16624167314484,35.729083980740015],[139.1655428932261,35.72455029784133],[139.16726296687222,35.7218424667585],[139.16572206756425,35.71842286293389],[139.16638501261534,35.71373444683048],[139.16511287481458,35.71127418887522],[139.16530996658653,35.70627630636234],[139.1700580865471,35.70336732211335],[139.17240527037666,35.70093801079904],[139.17227984833997,35.69361913021516],[139.169681820437,35.690880352491384],[139.17141981151693,35.68874503426606],[139.17000433424568,35.68011092144195],[139.16597291163765,35.67511303892907],[139.16475452613832,35.67031630958234],[139.16160105778715,35.667902471588505],[139.15359196487256,35.66601472649076],[139.14715960613353,35.666819339155374],[139.14289525688594,35.669356963713],[139.13893550401318,35.67054840938944],[139.13692875142607,35.672312367923396],[139.1335065215677,35.67290035410139],[139.13103391570144,35.672049321475356],[139.1287225667395,35.67537608537712],[139.11971009753134,35.680126394762425],[139.11634161997443,35.683886411637445],[139.11361817003478,35.68436608457212],[139.1081533527217,35.6898281666992],[139.105626994554,35.69101961237564],[139.0970982960588,35.69227295133398],[139.09224267149537,35.690570886081915],[139.08439483548509,35.6930775639986],[139.08201181678788,35.69555329527433],[139.0765469994748,35.69490341581445],[139.07210347588907,35.695414035390066],[139.07068799861779,35.69759577357681],[139.06486483262844,35.69815281311384],[139.0627147405708,35.700721384312416],[139.05262722533385,35.704821814237846],[139.0506742250482,35.707374912115945],[139.0466965547416,35.70947928370032],[139.04406269197102,35.70944833705937],[139.03870537926082,35.711289662195696],[139.03478146125568,35.714956839147874],[139.02897621270012,35.71676721764325],[139.0248372854892,35.71970714853318],[139.02207800068194,35.722662552743586],[139.02198841351287,35.72504544409648],[139.01795699090485,35.73111098572202],[139.01380014626014,35.73499478916082],[139.01229508181981,35.738661966113],[139.02168381713807,35.74013193155796],[139.02711279958353,35.7423755630266],[139.02831326764903,35.744526354572386],[139.03182508467646,35.744294254765286],[139.03445894744704,35.74245292962896],[139.03967292068674,35.7444025680086],[139.04141091176663,35.74618199986303],[139.03967292068674,35.75011222326326],[139.04270096700122,35.75511010577614],[139.04311306797894,35.757678676974706],[139.04916916060787,35.7600615683276],[139.05488482199434,35.76016988157092],[139.05660489564045,35.763295492306526],[139.0609409146233,35.764100104971135],[139.0636106122615,35.76560101705705],[139.06649531910546,35.76564743701847],[139.07359062289558,35.770026386712416],[139.07502401760064,35.77199149841253],[139.0828181013095,35.76988712682816],[139.08677785418226,35.77124877902981],[139.08846209296073,35.77019659323763],[139.09340730469324,35.76996449343053],[139.09661452534584,35.77592172181275],[139.1022047646956,35.778381979768014],[139.10584200375976,35.779109225830254],[139.10754415997204,35.776834647720676],[139.11435278482114,35.77353883045986],[139.11501572987223,35.77259495791099],[139.12513907997683,35.76759707539811],[139.12820296115893,35.76697814257918],[139.13074723676044,35.76512134412238],[139.13608663203684,35.770258486519516]]]],"type":"MultiPolygon"},"id":"geoshape:13:2014-04-01:801285566e239b0ad94d","properties":{"administrativeCode":"13307","jurisdictionId":"geoshape:13:2014-04-01:801285566e239b0ad94d","municipalityName":"檜原村","parentJurisdictionName":"西多摩郡","prefectureName":"東京都","snapshotDate":"2014-04-01","sourceDataset":"historical-administrative-areas-beta","sourceProvider":"Geoshape","sourceResourceId":"gci:13307A1968"},"type":"Feature"},{"geometry":{"coordinates":[[[[139.7889083330293,35.69470226264829],[139.78914125966887,35.69101961237564],[139.7903954800358,35.68928660048263],[139.7923663977553,35.6871048622959],[139.7926351592625,35.68438155789259],[139.78908750736744,35.67916704889308],[139.7871703419494,35.67450957943061],[139.7872957639861,35.67147680861784],[139.7890695899336,35.6656433667994],[139.78973253498472,35.655013195634226],[139.7742339547361,35.644259237905274],[139.76762242165893,35.65109844555448],[139.76486313685166,35.651500751886786],[139.76568733880708,35.655554761850794],[139.7599895948544,35.65860300598404],[139.75941623697238,35.66002655146758],[139.76222927408108,35.662951009037045],[139.76213968691204,35.66688123243726],[139.75801867713494,35.66869161093264],[139.75963124617815,35.67167796178399],[139.76425394410202,35.67333360707464],[139.77000544035613,35.681797513373546],[139.77100881664967,35.68401019820123],[139.76819577954097,35.688451041177075],[139.77751284512397,35.691700438476474],[139.78258347889314,35.694717735968766],[139.78254764402553,35.696574534425565],[139.7889083330293,35.69470226264829]]]],"type":"MultiPolygon"},"id":"geoshape:13:2014-04-01:81032030243655064109","properties":{"administrativeCode":"13102","jurisdictionId":"geoshape:13:2014-04-01:81032030243655064109","municipalityName":"中央区","prefectureName":"東京都","snapshotDate":"2014-04-01","sourceDataset":"historical-administrative-areas-beta","sourceProvider":"Geoshape","sourceResourceId":"gci:13102A1968"},"type":"Feature"},{"geometry":{"coordinates":[[[[139.7225063233167,35.71226448138552],[139.72325885553687,35.71040768292872],[139.72598230547652,35.70921623725227],[139.7318413063335,35.70926265721369],[139.73245049908317,35.70739038543642],[139.73585481150772,35.70918529061132],[139.74280677582732,35.70813310481914],[139.74587065700942,35.702918595819625],[139.73628482991924,35.69219558473162],[139.73157254482632,35.68958059357163],[139.72999581065073,35.685542056928085],[139.73150087509106,35.68148804696408],[139.72852658107803,35.682834225845255],[139.7267527551305,35.67929083545687],[139.71958578160513,35.67831601626705],[139.71947827700225,35.67449410611014],[139.71655773529065,35.67342644699748],[139.71485557907837,35.67508209228812],[139.71288466135888,35.67461789267392],[139.71290257879272,35.67729477711581],[139.7147839093431,35.680869114145146],[139.71139751435237,35.68336031874135],[139.707401926612,35.684458924494955],[139.70577144013495,35.68804873484477],[139.70270755895285,35.68777021507625],[139.70209836620322,35.68916281391885],[139.6950209798469,35.68665613600217],[139.6876748319834,35.681596360207394],[139.68498721691137,35.6858824699785],[139.68597267577113,35.68789400164003],[139.68321339096386,35.68871408762512],[139.68398384061783,35.69199443156546],[139.68840944676975,35.69932878546982],[139.68749565764526,35.70400172825276],[139.6888753000489,35.70749869867973],[139.6942146953253,35.71104208906812],[139.69007576811438,35.71149081536185],[139.68278337255234,35.7101291631602],[139.6803466015537,35.71125871555475],[139.68185166599403,35.71316193397297],[139.67909238118676,35.71523535891639],[139.67909238118676,35.718283603049635],[139.6736813161751,35.72026418807022],[139.67575973849745,35.72195078000181],[139.67518638061543,35.7236992652153],[139.67733647267303,35.729377973829],[139.68134997784725,35.72704150243754],[139.68271170281707,35.72363737193341],[139.6866177033884,35.72272444602548],[139.69571975976564,35.72174962683566],[139.6998049346751,35.723544532010564],[139.70458888950327,35.72301843911447],[139.7059326970393,35.718856115907144],[139.70455305463565,35.7158697650558],[139.70535933915724,35.71370350018953],[139.71053747752933,35.71353329366433],[139.71211421170491,35.714755685981714],[139.71440764323305,35.71317740729344],[139.7225063233167,35.71226448138552]]]],"type":"MultiPolygon"},"id":"geoshape:13:2014-04-01:8ba1921884024b23a2be","properties":{"administrativeCode":"13104","jurisdictionId":"geoshape:13:2014-04-01:8ba1921884024b23a2be","municipalityName":"新宿区","prefectureName":"東京都","snapshotDate":"2014-04-01","sourceDataset":"historical-administrative-areas-beta","sourceProvider":"Geoshape","sourceResourceId":"gci:13104A1968"},"type":"Feature"},{"geometry":{"coordinates":[[[[139.83540407377515,35.70301143574247],[139.84380735023365,35.69952993863597],[139.84769543337117,35.69496530909634],[139.84789252514312,35.690539939440974],[139.84550950644592,35.681286893797925],[139.84821503895176,35.67913610225214],[139.84688914884956,35.67384422665026],[139.84554534131357,35.656715260886294],[139.84289356110918,35.656823574129604],[139.8420156068523,35.654208582969616],[139.8403851203753,35.633567173458204],[139.8216076497388,35.63194247480851],[139.82123138362874,35.63341244025347],[139.83366608269526,35.63465030589134],[139.83449028465068,35.64402713809817],[139.8227902003705,35.64292853234456],[139.82081928265103,35.642046553077584],[139.80643158329883,35.6405920609531],[139.80695118887942,35.636862990719024],[139.80134303209582,35.63633689782293],[139.8014684541325,35.63271614083217],[139.80032173836844,35.63099860225964],[139.80220306891886,35.6262018729129],[139.79858374728855,35.62180744989848],[139.79202596651282,35.629853576544605],[139.78725992911845,35.62736237194841],[139.7817413595039,35.633149393805425],[139.77871331318946,35.63720340376943],[139.77921500133624,35.6396636617247],[139.7742339547361,35.644259237905274],[139.78973253498472,35.655013195634226],[139.7890695899336,35.6656433667994],[139.7872957639861,35.67147680861784],[139.7871703419494,35.67450957943061],[139.78908750736744,35.67916704889308],[139.7926351592625,35.68438155789259],[139.7923663977553,35.6871048622959],[139.7903954800358,35.68928660048263],[139.79347727865172,35.690818459209495],[139.79672033417197,35.68854388109992],[139.7991571051706,35.689719853455884],[139.80048299527277,35.68829630797234],[139.80480109682182,35.688497461138496],[139.80499818859377,35.686779922565954],[139.80945962961331,35.68699654905258],[139.8118784831781,35.688559354420384],[139.81146638220042,35.691901591642626],[139.81338354761846,35.69267525766629],[139.81969048432077,35.69303114403718],[139.81868710802723,35.70800931825535],[139.83067387124842,35.70301143574247],[139.83540407377515,35.70301143574247]]],[[[139.8203892642395,35.63909114886718],[139.82286187010575,35.64229412620516],[139.82614076049362,35.64263453925557],[139.8248148703914,35.63958629512233],[139.8329314679089,35.64034448782552],[139.83278812843838,35.63819369627973],[139.82513738420005,35.63745097689701],[139.82556740261157,35.63444915272518],[139.82112387902586,35.6340313730724],[139.8203892642395,35.63909114886718]]],[[[139.8258899164202,35.63062724256827],[139.8401163588681,35.631988894769925],[139.83857545956013,35.61410173630277],[139.8355653306795,35.6124615643326],[139.83060220151316,35.618480685996715],[139.8329314679089,35.619718551634584],[139.83165933010815,35.62121946372049],[139.827448733162,35.61985781151884],[139.8258899164202,35.63062724256827]]],[[[139.78235055225358,35.62949769017372],[139.7849306627227,35.62637207943811],[139.781060497019,35.6239427681238],[139.7926530766963,35.60956805340409],[139.7870449199127,35.602078966295],[139.78550402060475,35.603502511778544],[139.773284330744,35.618480685996715],[139.77358892711882,35.62030653781257],[139.77134924789212,35.62313815545919],[139.78235055225358,35.62949769017372]]],[[[139.7853069288328,35.625103267159304],[139.7898579570214,35.62762541839645],[139.79797455453888,35.617707019973054],[139.79442690264383,35.61388510981614],[139.7853069288328,35.625103267159304]]]],"type":"MultiPolygon"},"id":"geoshape:13:2014-04-01:8ce83a3be407905eea13","properties":{"administrativeCode":"13108","jurisdictionId":"geoshape:13:2014-04-01:8ce83a3be407905eea13","municipalityName":"江東区","prefectureName":"東京都","snapshotDate":"2014-04-01","sourceDataset":"historical-administrative-areas-beta","sourceProvider":"Geoshape","sourceResourceId":"gci:13108A1968"},"type":"Feature"},{"geometry":{"coordinates":[[[[139.68398384061783,35.69199443156546],[139.68321339096386,35.68871408762512],[139.68597267577113,35.68789400164003],[139.68498721691137,35.6858824699785],[139.6876748319834,35.681596360207394],[139.6950209798469,35.68665613600217],[139.70209836620322,35.68916281391885],[139.70270755895285,35.68777021507625],[139.70577144013495,35.68804873484477],[139.707401926612,35.684458924494955],[139.71139751435237,35.68336031874135],[139.7147839093431,35.680869114145146],[139.71290257879272,35.67729477711581],[139.71288466135888,35.67461789267392],[139.71485557907837,35.67508209228812],[139.71655773529065,35.67342644699748],[139.71492724881364,35.67299319402423],[139.7138163679172,35.669341490392526],[139.70856655980987,35.66406508811112],[139.71378053304957,35.65976350501954],[139.71446139553447,35.6573496670257],[139.72216589207426,35.65561665513269],[139.7235634519117,35.64670402254006],[139.71919159806123,35.64184539991143],[139.71763278131945,35.64165972006575],[139.71546477182804,35.64260359261463],[139.7086203121113,35.64200013311617],[139.69964367777078,35.6481275680236],[139.69294255752453,35.65388364323967],[139.68686854746178,35.661898823244854],[139.679934500576,35.66377109502213],[139.6750072062773,35.663879408265444],[139.67282127935206,35.66740732533336],[139.67269585731538,35.67229689460292],[139.66205290163018,35.67144586197689],[139.66174830525534,35.67252899441003],[139.66158704835104,35.674757152558186],[139.66411340651874,35.67635090456694],[139.66784023275193,35.67995618823722],[139.6712982974779,35.68148804696408],[139.6803286841199,35.68979722005825],[139.68398384061783,35.69199443156546]]]],"type":"MultiPolygon"},"id":"geoshape:13:2014-04-01:8e25ed7b6acf3f85e5ac","properties":{"administrativeCode":"13113","jurisdictionId":"geoshape:13:2014-04-01:8e25ed7b6acf3f85e5ac","municipalityName":"渋谷区","prefectureName":"東京都","snapshotDate":"2014-04-01","sourceDataset":"historical-administrative-areas-beta","sourceProvider":"Geoshape","sourceResourceId":"gci:13113A1968"},"type":"Feature"},{"geometry":{"coordinates":[[[[139.29166370983887,34.47077808652912],[139.2894598654798,34.47506419630023],[139.28644973659917,34.47797318054921],[139.29565929757928,34.473919170585205],[139.29906361000383,34.47147438595042],[139.29847233468797,34.469896107262144],[139.29166370983887,34.47012820706924],[139.29166370983887,34.47077808652912]]],[[[139.27876315749322,34.4175498641009],[139.28107450645513,34.42100041456645],[139.28177328637386,34.42384750553354],[139.28016071733066,34.42698858958963],[139.28033989166877,34.42961905407009],[139.278494395986,34.43130564600168],[139.28326043338038,34.430810499746535],[139.28397713073292,34.42896917461021],[139.28813397537763,34.42762299572903],[139.28883275529637,34.42524010437614],[139.29094701248633,34.42452833163436],[139.29123369142735,34.41945308251911],[139.29230873745615,34.41912814278918],[139.28666474580493,34.414284993481026],[139.28641390173155,34.412149675255705],[139.29125160886116,34.4083277650988],[139.2894240306122,34.406393600039635],[139.2899794710604,34.403144202740236],[139.28863566352442,34.40121003768107],[139.2851775987984,34.40021974517078],[139.2783331390817,34.39147731910335],[139.276863909509,34.38555103736207],[139.27627263419313,34.379377182493215],[139.2758426157816,34.362743362984396],[139.27586053321542,34.35072059297663],[139.2767564049061,34.347997288573325],[139.2756813588773,34.343664758840795],[139.27335209248156,34.34038441490045],[139.27211578954842,34.33001729018332],[139.27068239484333,34.33091474277077],[139.25815810860774,34.335525792271824],[139.25679638363795,34.33756827057431],[139.25226327288314,34.33957980223583],[139.2487514558557,34.34519661756765],[139.24445127174047,34.3480127618938],[139.24411084049802,34.35013260679864],[139.24550840033547,34.35431040332644],[139.24511421679156,34.358441779892814],[139.24351956518217,34.36210895684499],[139.24162031719797,34.36243389657493],[139.24335830827786,34.367849558740595],[139.24163823463178,34.37041812993917],[139.24536506086497,34.36752461901065],[139.24905605223054,34.371300109206146],[139.25378625475727,34.37931528921132],[139.255542163271,34.3846071648132],[139.2572980717847,34.39421609682713],[139.25480754848465,34.39769759393363],[139.2562409431897,34.39882714632818],[139.2551300622933,34.400900571271606],[139.25853437471784,34.402014650345684],[139.2598244299524,34.404258281814315],[139.26677639427203,34.4083277650988],[139.2660955317871,34.410540449926486],[139.26785144030083,34.4117473689234],[139.26693765117633,34.41365058734162],[139.2692848350059,34.416559571590604],[139.27216954184985,34.41693093128197],[139.2738358631945,34.41553833243937],[139.27876315749322,34.4175498641009]]],[[[139.22746554448534,34.36706041939645],[139.2259425626112,34.367725772176804],[139.22778805829398,34.3712072692833],[139.22375663568596,34.37433288001891],[139.2248675165824,34.37575642550246],[139.22916770069762,34.372986701137734],[139.22746554448534,34.36706041939645]]],[[[139.20716509197473,34.33377730705834],[139.20917184456184,34.33671723794827],[139.2125761569864,34.33691839111442],[139.21558628586703,34.33544842566946],[139.21544294639654,34.33352973393077],[139.22323703010537,34.331549148910184],[139.22269950709097,34.33021844334948],[139.2269817737724,34.33041959651563],[139.226730929699,34.32611801342405],[139.221929057437,34.322961456047494],[139.21949228643837,34.32228062994666],[139.21707343287355,34.31833493322597],[139.21338244150797,34.31630792824396],[139.21133985405325,34.31847419311023],[139.20712925710708,34.31777789368893],[139.2074159360481,34.321212970834004],[139.20338451344008,34.32112013091117],[139.20130609111774,34.31643171480775],[139.19585919123844,34.31701970098574],[139.19403161298948,34.32020720500324],[139.1975255125831,34.32433858156962],[139.20078648553715,34.3256228671689],[139.2007685681033,34.32958403721007],[139.20476415584372,34.32676789288393],[139.20626922028404,34.32986255697859],[139.20856265181217,34.3313634690645],[139.20716509197473,34.33377730705834]]],[[[139.2750184138262,34.32656673971778],[139.2770430838471,34.32758797886901],[139.2806444880436,34.32509677427281],[139.27716850588382,34.324044588480625],[139.2750184138262,34.32656673971778]]]],"type":"MultiPolygon"},"id":"geoshape:13:2014-04-01:951ebd2c52f33ddddfde","properties":{"administrativeCode":"13363","jurisdictionId":"geoshape:13:2014-04-01:951ebd2c52f33ddddfde","municipalityName":"新島村","prefectureName":"東京都","snapshotDate":"2014-04-01","sourceDataset":"historical-administrative-areas-beta","sourceProvider":"Geoshape","sourceResourceId":"gci:13363A1992"},"type":"Feature"},{"geometry":{"coordinates":[[[[139.56279031830377,35.76159342705446],[139.56553168567723,35.75832855643459],[139.56927642934423,35.74998843669947],[139.5688284934989,35.74759007202611],[139.56676798861034,35.74743533882137],[139.56816554844778,35.74276239603843],[139.56825513561685,35.73807397993501],[139.56732342905855,35.736356441362474],[139.56941976881473,35.734159229855265],[139.56599753895637,35.72704150243754],[139.5656391902801,35.72165678691282],[139.55994144632743,35.72199719996323],[139.5545841336172,35.72077480764584],[139.55003310542858,35.71729331053935],[139.5373654797225,35.711320608836644],[139.52941013910933,35.712790574281605],[139.5300014144252,35.71749446370549],[139.52690169837544,35.718515702856735],[139.5264537625301,35.71727783721887],[139.52301361523794,35.71760277694881],[139.52313903727463,35.71907274239378],[139.52466201914876,35.71939768212371],[139.52333612904658,35.72325053892157],[139.51767421996152,35.72744380876984],[139.5167066785356,35.730584892825924],[139.5201647432616,35.73344745711349],[139.52971473548416,35.73972962522566],[139.53130938709356,35.740271191442226],[139.52717045988265,35.74365984862588],[139.5284246802496,35.74472750773854],[139.53319071764398,35.7446346678157],[139.5445862055493,35.75475421940525],[139.54714839858462,35.753377093883124],[139.5520398580157,35.75596113840217],[139.55524707866832,35.75572903859507],[139.5553904181388,35.7577405702566],[139.557773436836,35.75958189539293],[139.56182277687785,35.7595973687134],[139.56279031830377,35.76159342705446]]]],"type":"MultiPolygon"},"id":"geoshape:13:2014-04-01:976c8c7602e739ddc7b2","properties":{"administrativeCode":"13229","jurisdictionId":"geoshape:13:2014-04-01:976c8c7602e739ddc7b2","municipalityName":"西東京市","prefectureName":"東京都","snapshotDate":"2014-04-01","sourceDataset":"historical-administrative-areas-beta","sourceProvider":"Geoshape","sourceResourceId":"gci:13229A2001"},"type":"Feature"},{"geometry":{"coordinates":[[[[139.7901088010948,35.59554922505526],[139.79896001339864,35.606844749000786],[139.81058842794354,35.6131578637539],[139.81911712643875,35.60876344073947],[139.79152427836607,35.59387810644414],[139.7901088010948,35.59554922505526]]],[[[139.82300520957625,35.60317757204861],[139.83223268799017,35.58901948381552],[139.81976215405604,35.58216480284584],[139.81358063939038,35.58968483659587],[139.80594781258588,35.58556893334997],[139.79349519608553,35.5928568672929],[139.80379772052825,35.59845820930424],[139.80562529877722,35.596230051156084],[139.80741704215856,35.59718939702543],[139.80566113364486,35.599448501814535],[139.82033551193805,35.6073553685764],[139.82300520957625,35.60317757204861]],[[139.8294734031829,35.59254740088343],[139.81702078668258,35.58580103315707],[139.81979798892365,35.582304062730095],[139.83182058701246,35.58898853717457],[139.8294734031829,35.59254740088343]]]],"type":"MultiPolygon"},"id":"geoshape:13:2014-04-01:9ebdcc3e4b8e80931750","properties":{"jurisdictionId":"geoshape:13:2014-04-01:9ebdcc3e4b8e80931750","municipalityName":"所属未定地","prefectureName":"東京都","snapshotDate":"2014-04-01","sourceDataset":"historical-administrative-areas-beta","sourceProvider":"Geoshape","sourceResourceId":"gci:13B9990001"},"type":"Feature"},{"geometry":{"coordinates":[[[[139.25686805337318,35.76071144778748],[139.25586467707964,35.759380742226774],[139.26184909997332,35.755589778710814],[139.26855022021954,35.754460226316255],[139.26921316527066,35.7536246670107],[139.27546634967155,35.7536246670107],[139.27989195582344,35.74933855723959],[139.28076991008032,35.74607368661972],[139.27930068050762,35.74206609661713],[139.28465799321782,35.74059613117216],[139.28363669949047,35.73768714692318],[139.28442506657825,35.731714445220476],[139.27878107492702,35.73330819722923],[139.26992986262317,35.73326177726781],[139.26294206343596,35.732333378039414],[139.258229778343,35.735273308929344],[139.25285454819897,35.736356441362474],[139.24538297829878,35.736665907771936],[139.24403917076276,35.73880122599726],[139.23957772974322,35.73974509854613],[139.23479377491503,35.73881669931773],[139.22612173694932,35.7400545649556],[139.2220903143413,35.74305638912742],[139.21857849731387,35.74443351464954],[139.2156758730361,35.74441804132907],[139.21237906521444,35.748626784497816],[139.21291658822884,35.751644081990115],[139.20510458708617,35.753779400215436],[139.2043341374322,35.755790931876966],[139.20001603588315,35.758065509986544],[139.19809887046512,35.75770962361565],[139.19367326431322,35.760773341069374],[139.18899681408791,35.76225877983481],[139.18147149188627,35.76289318597422],[139.18036061098982,35.7658021702232],[139.180826464269,35.768324321460355],[139.17704588573434,35.77076910609514],[139.16303445249224,35.77824271988375],[139.16656418695348,35.78091960432564],[139.17213650886947,35.78220388992492],[139.17561249102926,35.78486530104633],[139.18195526259922,35.787635025411056],[139.18609418981012,35.78777428529531],[139.19216819987287,35.78919783077886],[139.195518759996,35.78683041274645],[139.19824220993564,35.78644357973461],[139.19888723755292,35.78444752139355],[139.20213029307314,35.78248240969344],[139.20824013800353,35.77635497478601],[139.21056940439928,35.7731674707685],[139.21424247833102,35.774080396676425],[139.21798722199804,35.772966317602354],[139.22090776370962,35.77401850339454],[139.22257408505428,35.77244022470626],[139.22734012244865,35.77205339169443],[139.23172989373293,35.7688813609974],[139.235277545628,35.76937650725254],[139.23826975707485,35.76704003586107],[139.24470211581388,35.76738044891148],[139.24945023577442,35.76660678288781],[139.25428794290406,35.76402273836877],[139.25686805337318,35.76071144778748]]]],"type":"MultiPolygon"},"id":"geoshape:13:2014-04-01:a3d54f6352bb6d0454d8","properties":{"administrativeCode":"13305","jurisdictionId":"geoshape:13:2014-04-01:a3d54f6352bb6d0454d8","municipalityName":"日の出町","parentJurisdictionName":"西多摩郡","prefectureName":"東京都","snapshotDate":"2014-04-01","sourceDataset":"historical-administrative-areas-beta","sourceProvider":"Geoshape","sourceResourceId":"gci:13305A1974"},"type":"Feature"},{"geometry":{"coordinates":[[[[139.27186494547504,34.5308145699656],[139.2739612852312,34.53223811544915],[139.28309917647604,34.53264042178145],[139.28772187439992,34.53101572313176],[139.29057074637626,34.52912797803401],[139.29295376507343,34.52536796115899],[139.2910186822216,34.52075691165795],[139.280895332117,34.51181333242437],[139.27607554242118,34.511101559682594],[139.27145284449733,34.51314403798507],[139.26812020180802,34.51732183451287],[139.26736766958786,34.521870990732026],[139.26865772482242,34.527286652897686],[139.27186494547504,34.5308145699656]]]],"type":"MultiPolygon"},"id":"geoshape:13:2014-04-01:a46dd9fdd510e53e641e","properties":{"administrativeCode":"13362","jurisdictionId":"geoshape:13:2014-04-01:a46dd9fdd510e53e641e","municipalityName":"利島村","prefectureName":"東京都","snapshotDate":"2014-04-01","sourceDataset":"historical-administrative-areas-beta","sourceProvider":"Geoshape","sourceResourceId":"gci:13362A1968"},"type":"Feature"},{"geometry":{"coordinates":[[[[139.3602516464767,34.798595854076886],[139.361183353035,34.79923026021629],[139.36671984008336,34.79644506253109],[139.3714500426101,34.79828638766742],[139.37356429980008,34.79780671473275],[139.37630566717354,34.79455731743335],[139.3805162641197,34.79423237770341],[139.38302470485357,34.79067351399455],[139.38922413695303,34.7886155623716],[139.39117713723869,34.788878608819644],[139.39148173361352,34.791122240288274],[139.39454561479562,34.7887857688968],[139.39760949597772,34.7880894694755],[139.40662196518588,34.78737769673373],[139.40943500229457,34.786248144339176],[139.41326933313064,34.786944443760476],[139.4143802140271,34.78394261958866],[139.42032880205315,34.781188368544406],[139.42247889411075,34.78162162151766],[139.42452148156548,34.77896021039624],[139.43296059289162,34.77275540888644],[139.43686659346295,34.767711106412136],[139.43738619904354,34.764894962086],[139.44150720882064,34.75536339667443],[139.4407905114681,34.75455878400982],[139.4438543926502,34.74739463663067],[139.44541320939194,34.747626736437766],[139.44826208136828,34.744191659292696],[139.4490683658899,34.741545721491754],[139.4481366593316,34.73801780442384],[139.44501902584807,34.73504692689296],[139.44394397981927,34.73185942287546],[139.44580739293585,34.728006566077596],[139.44485776894373,34.72526778835382],[139.44604031957542,34.7224980639891],[139.4490683658899,34.71974381294485],[139.44878168694888,34.712796292052325],[139.4445531725689,34.70971710127814],[139.4436035485768,34.70375987289591],[139.4501434119187,34.696858771964806],[139.44702577843518,34.69374863454967],[139.44475026434085,34.68940063149667],[139.4449473561128,34.684743162034195],[139.4394825387997,34.68553230137834],[139.43924961216013,34.687992559333594],[139.43729661187447,34.68878169867773],[139.43657991452193,34.6867701670162],[139.4407905114681,34.682499530565565],[139.4402529884537,34.67976075284179],[139.43442982246432,34.67799679430783],[139.43068507879732,34.67819794747398],[139.4282662252325,34.681292611568644],[139.4246827384698,34.68279352365456],[139.4165123886509,34.68068915207019],[139.41502524164437,34.681524711375744],[139.40698031386214,34.68084388527492],[139.404400203393,34.68243763728367],[139.40017168901304,34.68243763728367],[139.39990292750582,34.683768342844374],[139.39608651410356,34.68361360963964],[139.39486812860426,34.68704868678472],[139.3914638161797,34.686445227286264],[139.38924205438684,34.68904474512578],[139.38628567780762,34.6902516641227],[139.38406391601475,34.693454641460676],[139.37107377650003,34.699520183086214],[139.36458766545957,34.70037121571225],[139.35953494912417,34.702042334323366],[139.36120127046883,34.709237428343464],[139.36016205930764,34.71132632660736],[139.35381928773768,34.716711042132076],[139.35247548020166,34.71883088703692],[139.35235005816497,34.72477264209868],[139.35324592985566,34.73093102364706],[139.35673982944928,34.73492314032917],[139.35673982944928,34.742288440874475],[139.35365803083337,34.74426902589506],[139.3526188196722,34.74693043701647],[139.3531921775542,34.750025101111135],[139.3504866450484,34.75691072872176],[139.34898158060804,34.758891313742346],[139.34882032370373,34.76611735440339],[139.35107792036422,34.76695291370895],[139.35140043417286,34.771703223094256],[139.34930409441668,34.77501451367554],[139.35027163584263,34.784081879472915],[139.35199170948871,34.78426755931859],[139.3542493061492,34.790317627623665],[139.35860324256586,34.793025458706495],[139.3602516464767,34.798595854076886]]]],"type":"MultiPolygon"},"id":"geoshape:13:2014-04-01:a4e7c1064bb94bd9bea0","properties":{"administrativeCode":"13361","jurisdictionId":"geoshape:13:2014-04-01:a4e7c1064bb94bd9bea0","municipalityName":"大島町","prefectureName":"東京都","snapshotDate":"2014-04-01","sourceDataset":"historical-administrative-areas-beta","sourceProvider":"Geoshape","sourceResourceId":"gci:13361A1968"},"type":"Feature"},{"geometry":{"coordinates":[[[[139.75619109888598,32.47272368712972],[139.75952374157526,32.47335809326913],[139.76246220072068,32.471423928209965],[139.76989793575325,32.469025563536604],[139.77181510117128,32.465698799634836],[139.77747701025632,32.461675736311776],[139.78115008418808,32.457405099861134],[139.78034379966647,32.45356771638375],[139.78140092826146,32.45217511754115],[139.77941209310816,32.447471228117266],[139.7717255140022,32.44375763120367],[139.76735366015174,32.44299943850048],[139.76420019180057,32.44570726958331],[139.76011501689112,32.4464035690046],[139.7546143647104,32.451339558235595],[139.75484729134996,32.462944548590585],[139.75443519037225,32.46707592515696],[139.7551877225924,32.47177981458085],[139.75619109888598,32.47272368712972]]]],"type":"MultiPolygon"},"id":"geoshape:13:2014-04-01:b06eb183dd5985fde82e","properties":{"administrativeCode":"13402","jurisdictionId":"geoshape:13:2014-04-01:b06eb183dd5985fde82e","municipalityName":"青ケ島村","prefectureName":"東京都","snapshotDate":"2014-04-01","sourceDataset":"historical-administrative-areas-beta","sourceProvider":"Geoshape","sourceResourceId":"gci:13402A1968"},"type":"Feature"},{"geometry":{"coordinates":[[[[139.3303653668759,35.79362320043423],[139.32848403632548,35.79176640197743],[139.33006077050106,35.790605902941934],[139.3262622745326,35.7870315659126],[139.32205167758647,35.78978581695685],[139.32275045750518,35.78630431985035],[139.32058244801377,35.789909603520634],[139.320654117749,35.78336438896042],[139.324112182475,35.781089810850844],[139.3210662187267,35.777221480732514],[139.31843235595616,35.77841292640896],[139.31228667615815,35.77553488880092],[139.3091869601084,35.77570509532613],[139.30802232691053,35.77723695405299],[139.3024858398622,35.778536712972745],[139.29990572939306,35.78115170413274],[139.2975585455635,35.7807648711209],[139.29549804067494,35.777654733705766],[139.29212956311804,35.77534920895524],[139.29307918711015,35.77205339169443],[139.29494260022673,35.77024301319905],[139.29669850874046,35.76604974335078],[139.29743312352682,35.760077041648074],[139.29653725183613,35.75453759291862],[139.29008697566329,35.760077041648074],[139.28772187439992,35.76091260095363],[139.27611137728883,35.761624373695405],[139.26932066987354,35.76112922744026],[139.26718849524974,35.76004609500713],[139.26152658616468,35.7598294685205],[139.25686805337318,35.76071144778748],[139.25428794290406,35.76402273836877],[139.24945023577442,35.76660678288781],[139.24470211581388,35.76738044891148],[139.23826975707485,35.76704003586107],[139.235277545628,35.76937650725254],[139.23172989373293,35.7688813609974],[139.22734012244865,35.77205339169443],[139.22257408505428,35.77244022470626],[139.22090776370962,35.77401850339454],[139.21798722199804,35.772966317602354],[139.21424247833102,35.774080396676425],[139.21056940439928,35.7731674707685],[139.20824013800353,35.77635497478601],[139.20213029307314,35.78248240969344],[139.19888723755292,35.78444752139355],[139.19824220993564,35.78644357973461],[139.195518759996,35.78683041274645],[139.19216819987287,35.78919783077886],[139.18609418981012,35.78777428529531],[139.18195526259922,35.787635025411056],[139.17561249102926,35.78486530104633],[139.17213650886947,35.78220388992492],[139.16656418695348,35.78091960432564],[139.16303445249224,35.77824271988375],[139.16120687424328,35.77706674752778],[139.15823258023025,35.77759284042387],[139.15782047925254,35.77321389072992],[139.1545953411661,35.773229364050394],[139.14913052385302,35.77883070606174],[139.14823465216233,35.775287315673346],[139.1444540736277,35.77695843428447],[139.14282358715067,35.77638592142695],[139.13929385268943,35.772006971733006],[139.13762753134478,35.772424751385785],[139.13716167806564,35.77797967343571],[139.14053015562257,35.77903185922789],[139.1427160825478,35.78102791756895],[139.1478046337508,35.781987263438296],[139.14647874364863,35.785747280313316],[139.14757170711124,35.78901215093318],[139.14692667949396,35.79303521425625],[139.14981138633792,35.796377451478484],[139.15640500198126,35.79863655626759],[139.15837591970075,35.7982806698967],[139.16473660870452,35.801561013837045],[139.17145564638454,35.80347970557574],[139.17356990357453,35.806760049516086],[139.17550498642638,35.80683741611845],[139.1742149311918,35.812825591141625],[139.1774042344106,35.820484884775915],[139.175254142353,35.82720030586134],[139.17842552813798,35.830588963044995],[139.17735048210918,35.835153592584625],[139.17532581208826,35.83606651849255],[139.17199316939895,35.83996579525183],[139.16611625110815,35.84296761942365],[139.16642084748298,35.844561371432405],[139.16256859921307,35.84954378062481],[139.1635182232052,35.85087448618552],[139.16909054512118,35.84999250691854],[139.17435827066234,35.848305914986945],[139.18362158394388,35.84357107892211],[139.18648837335402,35.84296761942365],[139.19281322749018,35.840228841699876],[139.19580543893701,35.8400431618542],[139.19929933853064,35.84125008085111],[139.2031336693667,35.84120366088969],[139.20494333018186,35.844669684675715],[139.20746968834956,35.846418169889205],[139.21264782672162,35.84660384973488],[139.21933102953403,35.84251889312993],[139.22008356175422,35.84135839409443],[139.22773430599256,35.8390528693439],[139.23004565495447,35.83690207779811],[139.23253617825455,35.83663903135006],[139.2370155367079,35.84015147509751],[139.24108279418354,35.84012052845656],[139.24307162933684,35.836592611388646],[139.25224535544933,35.83824825667929],[139.25880313622503,35.83727343748947],[139.26050529243733,35.836004625210656],[139.26346166901652,35.837397224053255],[139.27152451423257,35.83968727548331],[139.27999946042632,35.83931591579195],[139.28026822193354,35.840693041314076],[139.28494467215884,35.836004625210656],[139.2909111776187,35.8379542635903],[139.29560554527782,35.833838360344394],[139.2966089215714,35.83544758567362],[139.30137495896577,35.83485959949563],[139.30259334446507,35.82404374848478],[139.3047613539565,35.82240357651461],[139.31214333668763,35.82545182064786],[139.3149205389287,35.8252506674817],[139.31615684186184,35.82367238879342],[139.3164972731043,35.81935533238136],[139.31499220866397,35.81434197654801],[139.3167481171777,35.81268633125737],[139.32260711803468,35.80019936163539],[139.3257247515182,35.795216952442985],[139.3303653668759,35.79362320043423]]]],"type":"MultiPolygon"},"id":"geoshape:13:2014-04-01:b18c17bf08e6564c711a","properties":{"administrativeCode":"13205","jurisdictionId":"geoshape:13:2014-04-01:b18c17bf08e6564c711a","municipalityName":"青梅市","prefectureName":"東京都","snapshotDate":"2014-04-01","sourceDataset":"historical-administrative-areas-beta","sourceProvider":"Geoshape","sourceResourceId":"gci:13205A1968"},"type":"Feature"},{"geometry":{"coordinates":[[[[139.73804073843294,35.78022330490434],[139.73787948152864,35.77742263389867],[139.73617732531636,35.774157763278794],[139.73589064637534,35.77104762586366],[139.7374315456833,35.769949020110055],[139.74640818002382,35.767009089220124],[139.75497271338665,35.76838621474225],[139.75792908996587,35.770181119917154],[139.76009709945728,35.76676151609255],[139.75816201660544,35.76459525122628],[139.7488807858901,35.75981399520003],[139.74927496943397,35.75688953763057],[139.7579649248335,35.754862532648566],[139.75758865872342,35.75317594071697],[139.7508875384772,35.75370203361307],[139.74977665758075,35.75012769658373],[139.75470395187946,35.74918382403486],[139.75780366792918,35.74760554534657],[139.75719447517952,35.745454753800786],[139.76031210866304,35.74345869545973],[139.7638418431243,35.744139521560555],[139.76588443057904,35.741617370323404],[139.76817786210717,35.74146263711867],[139.77111632125255,35.737903773409805],[139.7613154849566,35.733803343484375],[139.76093921884652,35.73220959147562],[139.75993584255298,35.73157518533622],[139.75275095159378,35.73505668244272],[139.749561648375,35.73654212120815],[139.74656943692816,35.73985341178944],[139.74388182185615,35.7395903653414],[139.74366681265036,35.74133885055488],[139.74099711501216,35.74232914306518],[139.7352993710595,35.7405187645698],[139.73178755403208,35.74331943557547],[139.7326296734213,35.74508339410943],[139.72789947089456,35.744712034418065],[139.72361720421316,35.73993077839181],[139.72001580001665,35.74178757684861],[139.71951411186987,35.74503697414801],[139.7214133598541,35.74630578642682],[139.72270341508866,35.75322236067839],[139.72042790099434,35.75506368581472],[139.71628897378343,35.76072692110795],[139.7131713402999,35.76326454566558],[139.71089582620561,35.76362043203646],[139.70639855031843,35.76666867616971],[139.70566393553207,35.77070721281325],[139.7023850451442,35.78107433753037],[139.70215211850464,35.784076161702195],[139.69844320970526,35.78212652332255],[139.69496722754545,35.7826216695777],[139.6912762361799,35.784416574752605],[139.68946657536475,35.7867994661055],[139.69063120856262,35.790574956300986],[139.69684855809587,35.798899602715636],[139.70525183455436,35.79340657394761],[139.70919366999334,35.79201397510501],[139.71924535036266,35.79179734861838],[139.72223756180952,35.790729689505724],[139.72445932360236,35.78727913904017],[139.73386597635442,35.7900488634049],[139.73852450914592,35.787402925603956],[139.73804073843294,35.78022330490434]]]],"type":"MultiPolygon"},"id":"geoshape:13:2014-04-01:b2573eb879d187a1b844","properties":{"administrativeCode":"13117","jurisdictionId":"geoshape:13:2014-04-01:b2573eb879d187a1b844","municipalityName":"北区","prefectureName":"東京都","snapshotDate":"2014-04-01","sourceDataset":"historical-administrative-areas-beta","sourceProvider":"Geoshape","sourceResourceId":"gci:13117A1968"},"type":"Feature"},{"geometry":{"coordinates":[[[[139.5208276883127,35.646193402964435],[139.5253787165013,35.64265001257604],[139.523389881348,35.63881262909866],[139.52102478008464,35.63777591662695],[139.5234973859509,35.63239120110224],[139.51880301829178,35.631246175387204],[139.51659917393272,35.629590530096564],[139.5161512380874,35.62570672665776],[139.51039974183328,35.623354781945814],[139.50961137474548,35.62408202800806],[139.50341194264604,35.622859635690666],[139.49939843747183,35.62039937773541],[139.498036712502,35.6184342660353],[139.4946682349451,35.617289240320275],[139.49577911584151,35.61235325108928],[139.5000255476553,35.60727800197404],[139.49757085922286,35.604864163980196],[139.4936290237839,35.60582350984954],[139.4890600781615,35.60466301081404],[139.48805670186792,35.60751010178113],[139.4835056736793,35.608624180855216],[139.48126599445263,35.61006319965923],[139.47965342540942,35.61326617699721],[139.4769478929036,35.613018603869634],[139.47623119555107,35.61888299232903],[139.46757707501916,35.62063147754251],[139.4641548451608,35.62451528098131],[139.4645311112709,35.62962147673751],[139.47159058019338,35.63352075349678],[139.46890296512137,35.64087058072161],[139.46877754308468,35.644568704314736],[139.47377650711863,35.64679686246289],[139.47381234198625,35.64933448702052],[139.4739915163244,35.65074255918359],[139.4792413244317,35.65198042482146],[139.48646205025852,35.652661250922286],[139.49945218977328,35.651454331925365],[139.50131560288986,35.64917975381579],[139.50679833763678,35.65088181906785],[139.51208398061175,35.65120675879779],[139.5168321005723,35.64930354037958],[139.5208276883127,35.646193402964435]]]],"type":"MultiPolygon"},"id":"geoshape:13:2014-04-01:b26f9fd057d14e9b1610","properties":{"administrativeCode":"13225","jurisdictionId":"geoshape:13:2014-04-01:b26f9fd057d14e9b1610","municipalityName":"稲城市","prefectureName":"東京都","snapshotDate":"2014-04-01","sourceDataset":"historical-administrative-areas-beta","sourceProvider":"Geoshape","sourceResourceId":"gci:13225A1971"},"type":"Feature"},{"geometry":{"coordinates":[[[[139.71951411186987,35.74503697414801],[139.72001580001665,35.74178757684861],[139.72361720421316,35.73993077839181],[139.72789947089456,35.744712034418065],[139.7326296734213,35.74508339410943],[139.73178755403208,35.74331943557547],[139.7352993710595,35.7405187645698],[139.74099711501216,35.74232914306518],[139.74366681265036,35.74133885055488],[139.74388182185615,35.7395903653414],[139.74656943692816,35.73985341178944],[139.749561648375,35.73654212120815],[139.75275095159378,35.73505668244272],[139.74918538226493,35.732874944255975],[139.74461643664247,35.73583034846638],[139.74244842715106,35.7337878701639],[139.74352347317986,35.73289041757645],[139.74085377554167,35.730352793018824],[139.73907994959413,35.73185370510474],[139.7359623161106,35.72934702718806],[139.73737779338185,35.72690224255327],[139.7319667283702,35.72410157154761],[139.72987038861402,35.72628330973434],[139.7264839936233,35.72705697575801],[139.72273924995628,35.72515375733979],[139.72472808510958,35.72001661494265],[139.71831364380438,35.71775751015355],[139.71747152441515,35.71461642609746],[139.7225063233167,35.71226448138552],[139.71440764323305,35.71317740729344],[139.71211421170491,35.714755685981714],[139.71053747752933,35.71353329366433],[139.70535933915724,35.71370350018953],[139.70455305463565,35.7158697650558],[139.7059326970393,35.718856115907144],[139.70458888950327,35.72301843911447],[139.6998049346751,35.723544532010564],[139.69571975976564,35.72174962683566],[139.6866177033884,35.72272444602548],[139.68271170281707,35.72363737193341],[139.68134997784725,35.72704150243754],[139.67733647267303,35.729377973829],[139.6779635828565,35.73067773274877],[139.67873403251048,35.734422276303306],[139.68075870253142,35.73875480603584],[139.68960991483524,35.74132337723441],[139.69256629141447,35.743628901984934],[139.69453720913393,35.74222082982186],[139.69885531068297,35.74239103634707],[139.69921365935926,35.73972962522566],[139.70098748530677,35.739915305071335],[139.70233129284279,35.73615528819632],[139.70829779830265,35.74163284364388],[139.71042997292645,35.745795166851195],[139.71951411186987,35.74503697414801]]]],"type":"MultiPolygon"},"id":"geoshape:13:2014-04-01:b655b1b5c6887c66afc9","properties":{"administrativeCode":"13116","jurisdictionId":"geoshape:13:2014-04-01:b655b1b5c6887c66afc9","municipalityName":"豊島区","prefectureName":"東京都","snapshotDate":"2014-04-01","sourceDataset":"historical-administrative-areas-beta","sourceProvider":"Geoshape","sourceResourceId":"gci:13116A1968"},"type":"Feature"},{"geometry":{"coordinates":[[[[139.69684855809587,35.798899602715636],[139.69063120856262,35.790574956300986],[139.68946657536475,35.7867994661055],[139.6912762361799,35.784416574752605],[139.69496722754545,35.7826216695777],[139.69844320970526,35.78212652332255],[139.70215211850464,35.784076161702195],[139.7023850451442,35.78107433753037],[139.70566393553207,35.77070721281325],[139.70639855031843,35.76666867616971],[139.71089582620561,35.76362043203646],[139.7131713402999,35.76326454566558],[139.71628897378343,35.76072692110795],[139.72042790099434,35.75506368581472],[139.72270341508866,35.75322236067839],[139.7214133598541,35.74630578642682],[139.71951411186987,35.74503697414801],[139.71042997292645,35.745795166851195],[139.70829779830265,35.74163284364388],[139.70233129284279,35.73615528819632],[139.70098748530677,35.739915305071335],[139.69921365935926,35.73972962522566],[139.69885531068297,35.74239103634707],[139.69453720913393,35.74222082982186],[139.69256629141447,35.743628901984934],[139.68960991483524,35.74132337723441],[139.68075870253142,35.73875480603584],[139.67919988578964,35.74017835151938],[139.68083037226666,35.74381458183061],[139.6758314082327,35.74539286051889],[139.6720687471319,35.745222653993686],[139.67502512371112,35.75189165511769],[139.67334088493266,35.754506646277676],[139.67369923360891,35.75840592303695],[139.67068910472827,35.76204215334818],[139.6690048659498,35.766544889605925],[139.66112119507187,35.768664734510764],[139.65112326700398,35.769175354086386],[139.64791604635138,35.76861831454934],[139.64295291718506,35.77092383929987],[139.64051614618643,35.76911346080449],[139.63481840223378,35.76880399439503],[139.6347288150647,35.769871653507685],[139.6302136217437,35.77233191146294],[139.62935358492066,35.771728451964485],[139.62938941978828,35.7768810676821],[139.62517882284214,35.77793325347429],[139.62471296956298,35.779820998572035],[139.62906690597964,35.78573180699284],[139.6316828513164,35.7863352664913],[139.63155742927972,35.78820753826857],[139.63422712691792,35.790342856493886],[139.6375418521734,35.79085347606951],[139.63940526529,35.792849534410564],[139.64056989848788,35.797692683718715],[139.6436875319714,35.79821877661481],[139.64823856016002,35.79763079043683],[139.65336294623066,35.80023030827634],[139.65777063494878,35.80050882804486],[139.66975739816996,35.800245781596814],[139.67841151870184,35.79882223611327],[139.6866177033884,35.800632614608645],[139.69059537369498,35.80080282113386],[139.69684855809587,35.798899602715636]]]],"type":"MultiPolygon"},"id":"geoshape:13:2014-04-01:befd7c10ff8c58f6e94d","properties":{"administrativeCode":"13119","jurisdictionId":"geoshape:13:2014-04-01:befd7c10ff8c58f6e94d","municipalityName":"板橋区","prefectureName":"東京都","snapshotDate":"2014-04-01","sourceDataset":"historical-administrative-areas-beta","sourceProvider":"Geoshape","sourceResourceId":"gci:13119A1968"},"type":"Feature"},{"geometry":{"coordinates":[[[[139.5867100924447,35.69395954326558],[139.5940562403082,35.688992607393644],[139.59056234071457,35.68699654905258],[139.59360830446286,35.68413398476502],[139.5941816623449,35.68213792642396],[139.58531253260725,35.68204508650112],[139.58812556971594,35.68004902816006],[139.58678176217995,35.677805396691426],[139.58663842270943,35.67398348653452],[139.58248157806472,35.673395500356534],[139.58850183582604,35.67051746274849],[139.58887810193613,35.669403383674414],[139.58516919313675,35.67129112877216],[139.5804569080438,35.67071861591465],[139.5783068159862,35.672049321475356],[139.5797939629927,35.665535053556084],[139.58214114682227,35.66502443398046],[139.57549377887747,35.660042024788055],[139.57300325557742,35.664142454713485],[139.5688464109327,35.66350804857408],[139.56614087842686,35.6642507679568],[139.5643312176117,35.66903202398306],[139.5644566396484,35.67226594796198],[139.56087315288573,35.68284969916573],[139.55673422567483,35.682725912601946],[139.5521652800524,35.6808381675042],[139.54542832493854,35.68206055982159],[139.5429378016385,35.68046680781284],[139.54139690233052,35.66989852992956],[139.54193442534492,35.6679643648704],[139.54438911377736,35.66664913263016],[139.54159399410247,35.664266241277275],[139.53745506689157,35.66547316027419],[139.53849427805275,35.667128805564836],[139.53559165377496,35.669295070431104],[139.53444493801092,35.66754658521762],[139.53136313939498,35.66770131842235],[139.5324381854238,35.66989852992956],[139.52942805654314,35.67279204085807],[139.52944597397695,35.67560818518422],[139.52675835890494,35.67467978595582],[139.52659710200064,35.67913610225214],[139.5253787165013,35.680900060786094],[139.52867552432298,35.68119405387509],[139.52691961580928,35.68421135136738],[139.52487702835452,35.690106686467715],[139.52853218485248,35.69067919932523],[139.5321515064828,35.68877598090701],[139.53136313939498,35.694609422725456],[139.53419409393751,35.69488794249398],[139.53392533243033,35.69897289909893],[139.53641585573038,35.69829207299811],[139.53652336033326,35.695336668787704],[139.5421852694183,35.69529024882628],[139.54227485658737,35.696698320989356],[139.55066021561206,35.69501172905776],[139.5501585274653,35.70678692593796],[139.57051273227734,35.69892647913751],[139.5725553197321,35.69884911253514],[139.57665841207535,35.70143315705419],[139.5799193850294,35.698818165894195],[139.58482876189427,35.69725536052639],[139.5867100924447,35.69395954326558]]]],"type":"MultiPolygon"},"id":"geoshape:13:2014-04-01:cbcabd907bd9dfbb6740","properties":{"administrativeCode":"13204","jurisdictionId":"geoshape:13:2014-04-01:cbcabd907bd9dfbb6740","municipalityName":"三鷹市","prefectureName":"東京都","snapshotDate":"2014-04-01","sourceDataset":"historical-administrative-areas-beta","sourceProvider":"Geoshape","sourceResourceId":"gci:13204A1968"},"type":"Feature"},{"geometry":{"coordinates":[[[[139.695397245957,35.60749462846066],[139.6982102830657,35.60357987838091],[139.70105915504203,35.601413613514644],[139.7118275327639,35.60065542081145],[139.71447931296828,35.59997459471063],[139.71533934979135,35.59691087725691],[139.71757902901803,35.59616815787419],[139.71917368062742,35.59185110146213],[139.72109084604546,35.594295886096916],[139.728239902137,35.59438872601976],[139.73055125109894,35.5921605678716],[139.72893868205574,35.588833803969834],[139.73010331525361,35.58736383852487],[139.73587272894153,35.58736383852487],[139.7479849141994,35.59056681586285],[139.74859410694907,35.589004010495046],[139.75601192454783,35.58925158362261],[139.75595817224638,35.584934527210564],[139.76256970532356,35.585011893812926],[139.76255178788972,35.594605352506385],[139.7654185772999,35.5944815659426],[139.76679821970353,35.59256287420391],[139.77324849587635,35.595812271503306],[139.7769036523743,35.59016450953054],[139.76900206406256,35.58264447578051],[139.7707579725763,35.58136019018122],[139.77640196422752,35.58581650647754],[139.7786416434542,35.58643543929647],[139.78702700247888,35.58035442435046],[139.78536068113422,35.57775490651094],[139.7833001762457,35.57708955373059],[139.76674446740208,35.57708955373059],[139.7691812384007,35.579936644697675],[139.76749699962224,35.58128282357886],[139.76246220072068,35.577120500371535],[139.75586858507734,35.57713597369201],[139.75413059399742,35.57834289268892],[139.7459960790461,35.57506254874858],[139.74336221627556,35.577228813614845],[139.73977872951286,35.57424246276349],[139.74613941851663,35.56952310001913],[139.7552952271953,35.561523393334426],[139.75866370475222,35.56437048430152],[139.7638418431243,35.560440260901295],[139.77109840381874,35.5689041672002],[139.78421396537018,35.570699072375106],[139.7858444518472,35.57028129272233],[139.80089509625049,35.549129263635294],[139.80390522513113,35.54589533965637],[139.80913711580467,35.53859193239296],[139.80514152806427,35.53246449748553],[139.80680784940893,35.530607699028735],[139.82010258529849,35.542321002627034],[139.8230589618777,35.543481501662534],[139.82567490721445,35.54142355003958],[139.80207764688217,35.52067382728486],[139.79937211437635,35.52265441230544],[139.7982253986123,35.52195811288415],[139.76807035750429,35.53933465177568],[139.75647777782697,35.54454916077519],[139.75008125395559,35.54458010741614],[139.74533313399502,35.543914754635786],[139.73940246340277,35.54512167363271],[139.7346364260084,35.54099029706633],[139.7307304254371,35.54276972892076],[139.7261077275132,35.54346602834206],[139.7182061392015,35.53829793930397],[139.71014329398545,35.53645661416765],[139.70478598127522,35.536286407642436],[139.69993035671177,35.53835983258587],[139.6979415215585,35.54145449668053],[139.69844320970526,35.54540019340123],[139.70353176090828,35.549407783403815],[139.704230540827,35.551651414872445],[139.70229545797517,35.553972412943445],[139.69666938375775,35.55630888433492],[139.69136582334897,35.55674213730817],[139.68081245483285,35.56161623325727],[139.67640476611476,35.566041602912634],[139.6716566461542,35.57752280670384],[139.66930946232463,35.58471790072393],[139.66463301209933,35.589421790147824],[139.65879192867615,35.5894372634683],[139.6551367721782,35.590149036210065],[139.65705393759623,35.59341390682994],[139.65296876268678,35.59593605806709],[139.65578179979548,35.59647762428366],[139.65961613063155,35.59995912139016],[139.66262625951222,35.59842726266329],[139.66440008545973,35.59966512830116],[139.66975739816996,35.59901524884128],[139.67565223389457,35.591789208180245],[139.6806153630609,35.59485292563396],[139.68027493181845,35.60067089413192],[139.68040035385513,35.604399964365996],[139.68197708803072,35.60580803652907],[139.6847542902718,35.60534383691487],[139.68400175805164,35.613095970472],[139.68613393267543,35.61168789830893],[139.6912941536137,35.61092970560574],[139.695397245957,35.60749462846066]]],[[[139.7454406385979,35.57113232534836],[139.74628275798713,35.574211516122546],[139.75031418059515,35.57538748847852],[139.7538439150564,35.574520982532015],[139.7563702732241,35.56901248044351],[139.75017084112466,35.56731041519145],[139.7454406385979,35.57113232534836]]],[[[139.75719447517952,35.57144179175782],[139.75766032845866,35.57444361592965],[139.76520356809414,35.574876868902905],[139.77360684455263,35.57449003589107],[139.76561566907182,35.56489657719761],[139.75846661298027,35.568439967586],[139.75719447517952,35.57144179175782]]]],"type":"MultiPolygon"},"id":"geoshape:13:2014-04-01:cd54c828cc2c0a0f5be3","properties":{"administrativeCode":"13111","jurisdictionId":"geoshape:13:2014-04-01:cd54c828cc2c0a0f5be3","municipalityName":"大田区","prefectureName":"東京都","snapshotDate":"2014-04-01","sourceDataset":"historical-administrative-areas-beta","sourceProvider":"Geoshape","sourceResourceId":"gci:13111A1968"},"type":"Feature"},{"geometry":{"coordinates":[[[[139.5093426132383,34.12114293711397],[139.51378613682402,34.120601370897404],[139.5206843488422,34.12479464074568],[139.52586248721428,34.1241447612858],[139.52957139601367,34.125088633834665],[139.53820759911173,34.1239126614787],[139.54695130681267,34.11964202502806],[139.54782926106955,34.11670209413813],[139.55134107809698,34.11622242120345],[139.55693131744675,34.111858944829976],[139.55956518021733,34.1109150722811],[139.5636503551268,34.10495784389888],[139.5637578597297,34.102698739109776],[139.56587211691968,34.10226548613652],[139.56456414425128,34.10026942779546],[139.56637380506643,34.093012440493474],[139.5628261531714,34.089948723039754],[139.5632382541491,34.088060977942014],[139.5611239969591,34.08484252728356],[139.56366827256062,34.07930307855411],[139.5639011992002,34.07445992924596],[139.56275448343612,34.068641960747996],[139.56119566669437,34.06879669395273],[139.55883056543098,34.0644022709383],[139.55094689455308,34.05836767595371],[139.5447295450198,34.05767137653241],[139.54155815923485,34.05655729745833],[139.5391034708024,34.053926832977865],[139.5341582590699,34.05254970745574],[139.53383574526126,34.04875874393978],[139.53193649727703,34.046577005753036],[139.5291234601683,34.046081859497896],[139.52622083589054,34.04911463031067],[139.52252984452497,34.04831001764605],[139.52115020212133,34.04653058579162],[139.5193763761738,34.04769108482712],[139.5143953295737,34.04848022417126],[139.50568745674033,34.04728877849482],[139.50194271307333,34.04513798694902],[139.49597620761347,34.04854211745315],[139.49224938138028,34.04848022417126],[139.4906726472047,34.05132731513835],[139.48511824272254,34.05250328749432],[139.48160642569508,34.05234855428959],[139.48117640728356,34.056758450624486],[139.4784171224763,34.057640429891464],[139.477772094859,34.063798811439845],[139.4818751872023,34.067512408353444],[139.4793488290346,34.07155094499698],[139.47529948899276,34.07280428395532],[139.47331065383946,34.07787953307057],[139.47811252610148,34.08023147778251],[139.48209019640805,34.08340350847954],[139.48071055400442,34.0867302723813],[139.48327274703973,34.09155794836899],[139.4887017294852,34.09562743165347],[139.48784169266216,34.09862925582529],[139.48877339922046,34.100517000923034],[139.49140726199104,34.10076457405061],[139.49422029909974,34.10344145849249],[139.4941486293645,34.105437516833554],[139.48940050940394,34.1126016642127],[139.49294816129898,34.119208772054805],[139.49654956549549,34.11988959815563],[139.49823380427395,34.121576190087225],[139.50119018085317,34.12139051024155],[139.50679833763678,34.122736689122725],[139.5093426132383,34.12114293711397]]]],"type":"MultiPolygon"},"id":"geoshape:13:2014-04-01:cdbaf4a880e0669bd5bc","properties":{"administrativeCode":"13381","jurisdictionId":"geoshape:13:2014-04-01:cdbaf4a880e0669bd5bc","municipalityName":"三宅村","prefectureName":"東京都","snapshotDate":"2014-04-01","sourceDataset":"historical-administrative-areas-beta","sourceProvider":"Geoshape","sourceResourceId":"gci:13381A1968"},"type":"Feature"},{"geometry":{"coordinates":[[[[139.5941816623449,35.68213792642396],[139.6032658012883,35.68065248765852],[139.60837226992513,35.67636637788741],[139.60890979293953,35.67034725622329],[139.6161842710678,35.66989852992956],[139.61656053717786,35.67263730765334],[139.61209909615832,35.674633365994396],[139.610307352777,35.67664489765593],[139.62102197819743,35.67299319402423],[139.62503548337162,35.66914033722637],[139.6325966404409,35.66808815143418],[139.63910066891518,35.66584451996555],[139.6412686784066,35.66719069884673],[139.64773687201324,35.6684285644846],[139.6503348999162,35.66989852992956],[139.6551188547444,35.67054840938944],[139.66174830525534,35.67252899441003],[139.66205290163018,35.67144586197689],[139.67269585731538,35.67229689460292],[139.67282127935206,35.66740732533336],[139.6750072062773,35.663879408265444],[139.67948656473067,35.657334193705225],[139.6831596386624,35.65372891003494],[139.68430635442647,35.64376409165013],[139.686080180374,35.640545640991675],[139.68609809780781,35.638038963075],[139.68203084033217,35.631137862143895],[139.67959406933355,35.625072320518356],[139.67199707739664,35.62971431666035],[139.66384464501152,35.63194247480851],[139.66147954374816,35.631710375001404],[139.6618020575568,35.62748615851219],[139.66352213120288,35.62651133932237],[139.6664964252159,35.61852710595814],[139.66475843413602,35.61827953283056],[139.66321753482805,35.61563359502963],[139.66318169996043,35.608732494098525],[139.66830608603107,35.606488862629895],[139.67339463723408,35.60817545456149],[139.67724688550396,35.60794335475438],[139.67925363809107,35.60568424996528],[139.68027493181845,35.60067089413192],[139.6806153630609,35.59485292563396],[139.67565223389457,35.591789208180245],[139.66975739816996,35.59901524884128],[139.66440008545973,35.59966512830116],[139.66262625951222,35.59842726266329],[139.65961613063155,35.59995912139016],[139.65578179979548,35.59647762428366],[139.65296876268678,35.59593605806709],[139.65705393759623,35.59341390682994],[139.6551367721782,35.590149036210065],[139.65042448708527,35.59257834752438],[139.6488477529097,35.59497671219775],[139.63997862317203,35.600067434633466],[139.637004329159,35.60305378548482],[139.6317903559193,35.605792563208595],[139.63136033750777,35.607138742089774],[139.62478463929824,35.60983109985213],[139.6234049968946,35.611362958578994],[139.61851353746354,35.6137922698933],[139.6157900875239,35.6133280702791],[139.6121886833274,35.615850221516254],[139.6089993801086,35.61648462765566],[139.604735030861,35.61581927487531],[139.6000585806357,35.61840331939435],[139.59310661631608,35.61756776008879],[139.59023982690593,35.6184342660353],[139.58932603778146,35.62121946372049],[139.5902039920383,35.62453075430179],[139.59228241436068,35.62422128789232],[139.59362622189667,35.62661965256569],[139.5914044601038,35.63305655388258],[139.5876597164368,35.63506808554412],[139.5844345783504,35.64107173388777],[139.586584670408,35.64265001257604],[139.587641799003,35.64616245632349],[139.58955896442103,35.64514121717225],[139.59206740515492,35.645914883195914],[139.59195990055204,35.65136149200252],[139.59308869888227,35.651531698527734],[139.5923361666621,35.655430975287004],[139.58988147822967,35.657256827102856],[139.58903935884044,35.662363022859054],[139.58654883554038,35.663956774867806],[139.59011440486924,35.66579810000413],[139.58887810193613,35.669403383674414],[139.58850183582604,35.67051746274849],[139.58248157806472,35.673395500356534],[139.58663842270943,35.67398348653452],[139.58678176217995,35.677805396691426],[139.58812556971594,35.68004902816006],[139.58531253260725,35.68204508650112],[139.5941816623449,35.68213792642396]]]],"type":"MultiPolygon"},"id":"geoshape:13:2014-04-01:d11838524b27429d52ed","properties":{"administrativeCode":"13112","jurisdictionId":"geoshape:13:2014-04-01:d11838524b27429d52ed","municipalityName":"世田谷区","prefectureName":"東京都","snapshotDate":"2014-04-01","sourceDataset":"historical-administrative-areas-beta","sourceProvider":"Geoshape","sourceResourceId":"gci:13112A1968"},"type":"Feature"},{"geometry":{"coordinates":[[[[139.39167882538547,35.76335738558842],[139.4005300376893,35.76196478674582],[139.40260846001166,35.76108280747884],[139.40497356127503,35.76207309998913],[139.40753575431035,35.760850707671736],[139.40927374539027,35.75823571651175],[139.40902290131686,35.75523389233992],[139.40748200200892,35.75322236067839],[139.4074461671413,35.748626784497816],[139.41061755292625,35.74776027855131],[139.4111909108083,35.73725389394993],[139.41357392950547,35.73643380796484],[139.4144160488947,35.733029677460706],[139.40947083716222,35.7326273711284],[139.4085391306039,35.73374145020248],[139.40262637744547,35.734221123137154],[139.4004046156526,35.7335557703568],[139.3982724410288,35.73493289587893],[139.39529814701578,35.73350935039538],[139.38805950375516,35.73938921217524],[139.38354431043416,35.74396931503534],[139.384906035404,35.74150905708009],[139.38508520974213,35.73764072696176],[139.3872890541012,35.737052740783774],[139.39112338493726,35.73366408360012],[139.38861494420337,35.73366408360012],[139.38433267752197,35.73544351545455],[139.38349055813273,35.733029677460706],[139.381161291737,35.73485552927656],[139.37847367666495,35.73350935039538],[139.3779540710844,35.735087629083665],[139.3702674919784,35.73736220719324],[139.36944329002299,35.735892241748275],[139.36546561971642,35.739064272445304],[139.35987538036662,35.739574892020926],[139.3549122512003,35.74276239603843],[139.3546614071269,35.74559401368505],[139.35654273767733,35.750715682761715],[139.35811947185292,35.75076210272314],[139.35751027910325,35.75351635376739],[139.35901534354358,35.7544911729572],[139.35881825177162,35.75792625010229],[139.36095042639542,35.76109828079932],[139.3628855092473,35.7619183667844],[139.36738278513445,35.76779822856426],[139.3685115834647,35.77104762586366],[139.36815323478842,35.77411134331737],[139.3709125195957,35.77143445887549],[139.37320595112382,35.77134161895265],[139.3734388777634,35.76875757443361],[139.3790291171132,35.77120235906839],[139.38021166774487,35.76637468308071],[139.38524646664644,35.76527607732711],[139.39166090795166,35.76741139555243],[139.3904962747538,35.7637751652412],[139.39167882538547,35.76335738558842]],[[139.3566502422802,35.745578540364576],[139.3566502422802,35.745578540364576]]]],"type":"MultiPolygon"},"id":"geoshape:13:2014-04-01:d385a733a7c9d55f5266","properties":{"administrativeCode":"13223","jurisdictionId":"geoshape:13:2014-04-01:d385a733a7c9d55f5266","municipalityName":"武蔵村山市","prefectureName":"東京都","snapshotDate":"2014-04-01","sourceDataset":"historical-administrative-areas-beta","sourceProvider":"Geoshape","sourceResourceId":"gci:13223A1970"},"type":"Feature"},{"geometry":{"coordinates":[[[[139.51636624729315,35.7655700704161],[139.50859008101813,35.76204215334818],[139.50479158504967,35.76109828079932],[139.49719459311277,35.76242898636002],[139.50120809828698,35.765631963698],[139.49925509800133,35.77168203200306],[139.49767836382574,35.77214623161726],[139.49678249213508,35.77870691949795],[139.49938052003802,35.782172943283975],[139.5066908330339,35.78277640278243],[139.50846465898144,35.78466414788018],[139.5119048062736,35.78508192753296],[139.5140369808974,35.78850153135757],[139.52027224786448,35.788362271473304],[139.52258359682642,35.78924425074028],[139.523389881348,35.7918437685798],[139.525504138538,35.79189018854122],[139.52926679963883,35.794133820009854],[139.5368637915757,35.80394390518994],[139.54168358127154,35.80730161573265],[139.54428160917448,35.806636262952296],[139.54720215088608,35.80265961959065],[139.54621669202632,35.799240015766046],[139.54408451740252,35.79650123804227],[139.53982016815493,35.793746986998016],[139.53758048892826,35.79076063614667],[139.54379783846153,35.7881920649481],[139.54379783846153,35.78283829606433],[139.5429736365061,35.779820998572035],[139.53749090175918,35.7768810676821],[139.5343195159742,35.77418870991974],[139.522816523466,35.77189865848969],[139.51636624729315,35.7655700704161]]]],"type":"MultiPolygon"},"id":"geoshape:13:2014-04-01:d6058884962c712fb0c3","properties":{"administrativeCode":"13221","jurisdictionId":"geoshape:13:2014-04-01:d6058884962c712fb0c3","municipalityName":"清瀬市","prefectureName":"東京都","snapshotDate":"2014-04-01","sourceDataset":"historical-administrative-areas-beta","sourceProvider":"Geoshape","sourceResourceId":"gci:13221A1970"},"type":"Feature"},{"geometry":{"coordinates":[[[[139.16303445249224,35.77824271988375],[139.17704588573434,35.77076910609514],[139.180826464269,35.768324321460355],[139.18036061098982,35.7658021702232],[139.18147149188627,35.76289318597422],[139.18899681408791,35.76225877983481],[139.19367326431322,35.760773341069374],[139.19809887046512,35.75770962361565],[139.20001603588315,35.758065509986544],[139.2043341374322,35.755790931876966],[139.20510458708617,35.753779400215436],[139.21291658822884,35.751644081990115],[139.21237906521444,35.748626784497816],[139.2156758730361,35.74441804132907],[139.21857849731387,35.74443351464954],[139.2220903143413,35.74305638912742],[139.22612173694932,35.7400545649556],[139.23479377491503,35.73881669931773],[139.23957772974322,35.73974509854613],[139.24403917076276,35.73880122599726],[139.24538297829878,35.736665907771936],[139.25285454819897,35.736356441362474],[139.258229778343,35.735273308929344],[139.26294206343596,35.732333378039414],[139.26992986262317,35.73326177726781],[139.27878107492702,35.73330819722923],[139.28442506657825,35.731714445220476],[139.28363669949047,35.73768714692318],[139.28465799321782,35.74059613117216],[139.27930068050762,35.74206609661713],[139.28076991008032,35.74607368661972],[139.27989195582344,35.74933855723959],[139.27546634967155,35.7536246670107],[139.26921316527066,35.7536246670107],[139.26855022021954,35.754460226316255],[139.26184909997332,35.755589778710814],[139.25586467707964,35.759380742226774],[139.25686805337318,35.76071144778748],[139.26152658616468,35.7598294685205],[139.26718849524974,35.76004609500713],[139.26932066987354,35.76112922744026],[139.27611137728883,35.761624373695405],[139.28772187439992,35.76091260095363],[139.29008697566329,35.760077041648074],[139.29653725183613,35.75453759291862],[139.30261126189887,35.755202945698976],[139.30999324463002,35.75139650886254],[139.3138634103337,35.74712587241191],[139.31669436487624,35.74331943557547],[139.3200986773008,35.7333236705497],[139.3219800078512,35.732720211051245],[139.32873488039888,35.72749022873126],[139.32841236659024,35.72337432548536],[139.32941574288378,35.71962978193081],[139.32939782544997,35.71206332821936],[139.32873488039888,35.711243242234275],[139.3245063660189,35.71296078080681],[139.32267878776995,35.716736271002304],[139.319310310213,35.719103689034725],[139.31588808035465,35.7142450664061],[139.31359464882652,35.713951073317105],[139.3084881801897,35.71588523837627],[139.30494052829462,35.71155270864374],[139.30375797766294,35.71382728675332],[139.30135704153196,35.71176933513037],[139.29583847191742,35.7114598687209],[139.29426173774183,35.71337856045959],[139.28537469057036,35.71334761381865],[139.27681015720754,35.71396654663758],[139.27414045956934,35.715003259109295],[139.26898023863106,35.71002084991688],[139.2607203016431,35.71048504953108],[139.25810435630632,35.712249008065044],[139.2519407590745,35.71226448138552],[139.24962941011256,35.710500522851554],[139.24652969406284,35.71088735586339],[139.24506046449014,35.71334761381865],[139.24307162933684,35.71254300115403],[139.24038401426483,35.71421411976515],[139.23766056432518,35.713208353934384],[139.23561797687046,35.71483305258408],[139.21904435059304,35.71682911092515],[139.21723468977788,35.71887158922762],[139.21012146855395,35.71362613358717],[139.20691424790132,35.71275962764066],[139.2044595594689,35.707297545513576],[139.20533751372577,35.70324353554957],[139.2048895778804,35.69977751176354],[139.20048188916232,35.69915857894461],[139.20015937535368,35.69013763310866],[139.19938892569968,35.68824988801092],[139.1933686679384,35.68908544731648],[139.18962392427136,35.687600008551044],[139.1840695197892,35.68905450067553],[139.18199109746683,35.688064208165244],[139.17894513371857,35.68922470720074],[139.17141981151693,35.68874503426606],[139.169681820437,35.690880352491384],[139.17227984833997,35.69361913021516],[139.17240527037666,35.70093801079904],[139.1700580865471,35.70336732211335],[139.16530996658653,35.70627630636234],[139.16511287481458,35.71127418887522],[139.16638501261534,35.71373444683048],[139.16572206756425,35.71842286293389],[139.16726296687222,35.7218424667585],[139.1655428932261,35.72455029784133],[139.16624167314484,35.729083980740015],[139.1643245077268,35.73255000452603],[139.16584748960094,35.736170761516796],[139.16457535180018,35.737594307000336],[139.16409158108723,35.74132337723441],[139.1565662588856,35.74469656109759],[139.15398614841646,35.750096749942784],[139.14934553305878,35.754243599829636],[139.14072724739452,35.75545051882655],[139.1399209628729,35.75763225701329],[139.1421785595334,35.75998420172523],[139.14465116539967,35.760200828211865],[139.14721335843498,35.762134993271026],[139.14370154140755,35.76617352991456],[139.13913259578513,35.76799938173041],[139.13608663203684,35.770258486519516],[139.13762753134478,35.772424751385785],[139.13929385268943,35.772006971733006],[139.14282358715067,35.77638592142695],[139.1444540736277,35.77695843428447],[139.14823465216233,35.775287315673346],[139.14913052385302,35.77883070606174],[139.1545953411661,35.773229364050394],[139.15782047925254,35.77321389072992],[139.15823258023025,35.77759284042387],[139.16120687424328,35.77706674752778],[139.16303445249224,35.77824271988375]]]],"type":"MultiPolygon"},"id":"geoshape:13:2014-04-01:e171f95425c0a65aa2e5","properties":{"administrativeCode":"13228","jurisdictionId":"geoshape:13:2014-04-01:e171f95425c0a65aa2e5","municipalityName":"あきる野市","prefectureName":"東京都","snapshotDate":"2014-04-01","sourceDataset":"historical-administrative-areas-beta","sourceProvider":"Geoshape","sourceResourceId":"gci:13228A1995"},"type":"Feature"},{"geometry":{"coordinates":[[[[139.48957968374208,35.69544498203101],[139.48780585779454,35.69197895824499],[139.48902424329384,35.69095771909375],[139.49577911584151,35.68863672102275],[139.49543868459907,35.68690370912974],[139.49869965755312,35.68563489685093],[139.4998822081848,35.687182228898266],[139.5029460893669,35.6872750688211],[139.5011185111179,35.684582711058745],[139.50289233706545,35.684582711058745],[139.50518576859358,35.686981075732106],[139.5145745039118,35.686083623144654],[139.51527328383054,35.689998373224405],[139.51826549527738,35.69125171218275],[139.52226108301778,35.68736790874394],[139.52048725707024,35.68162730684834],[139.52433950534012,35.67969314178917],[139.52467993658257,35.67751140360244],[139.52209982611345,35.677186463872495],[139.52509203756028,35.67601049151652],[139.5264537625301,35.672389734525765],[139.52566539544233,35.66972832340436],[139.5232107070099,35.66779415834519],[139.51943012847525,35.66044433112036],[139.51745921075576,35.658386379497415],[139.51702919234424,35.65530718872322],[139.52079185344508,35.65358965015068],[139.5208276883127,35.646193402964435],[139.5168321005723,35.64930354037958],[139.51208398061175,35.65120675879779],[139.50679833763678,35.65088181906785],[139.50131560288986,35.64917975381579],[139.49945218977328,35.651454331925365],[139.48646205025852,35.652661250922286],[139.4792413244317,35.65198042482146],[139.4739915163244,35.65074255918359],[139.47381234198625,35.64933448702052],[139.4692075614962,35.65078897914501],[139.4420088969674,35.65796859984464],[139.44091593350478,35.65998013150616],[139.42982504197425,35.67081145583749],[139.43172428995848,35.67268372761476],[139.43606030894134,35.67152322857926],[139.44473234690705,35.67178627502731],[139.44569988833297,35.673503813599844],[139.4508063569698,35.67155417522021],[139.45351188947564,35.67160059518163],[139.4506630174993,35.67319434719038],[139.45071676980072,35.67664489765593],[139.4522935039763,35.67850169611273],[139.451361797418,35.68065248765852],[139.45286686185835,35.683499578625614],[139.45363731151232,35.687909474960506],[139.45603824764333,35.691282658823695],[139.45940672520024,35.69238126457729],[139.46024884458947,35.69985487836591],[139.46297229452912,35.699870351686386],[139.4637606616169,35.69544498203101],[139.4668066253652,35.695336668787704],[139.46781000165873,35.69219558473162],[139.4637785790507,35.68979722005825],[139.46653786385798,35.6884355678566],[139.47737791131513,35.68933302044405],[139.47822003070436,35.69036973291577],[139.48646205025852,35.692164638090674],[139.48957968374208,35.69544498203101]]],[[[139.496692904966,35.687600008551044],[139.496692904966,35.687600008551044]]]],"type":"MultiPolygon"},"id":"geoshape:13:2014-04-01:e1f963ed4849a4c719b5","properties":{"administrativeCode":"13206","jurisdictionId":"geoshape:13:2014-04-01:e1f963ed4849a4c719b5","municipalityName":"府中市","prefectureName":"東京都","snapshotDate":"2014-04-01","sourceDataset":"historical-administrative-areas-beta","sourceProvider":"Geoshape","sourceResourceId":"gci:13206A1968"},"type":"Feature"},{"geometry":{"coordinates":[[[[139.45940672520024,35.69238126457729],[139.45603824764333,35.691282658823695],[139.45363731151232,35.687909474960506],[139.45286686185835,35.683499578625614],[139.451361797418,35.68065248765852],[139.4522935039763,35.67850169611273],[139.45071676980072,35.67664489765593],[139.4506630174993,35.67319434719038],[139.45351188947564,35.67160059518163],[139.4508063569698,35.67155417522021],[139.44569988833297,35.673503813599844],[139.44473234690705,35.67178627502731],[139.43606030894134,35.67152322857926],[139.43172428995848,35.67268372761476],[139.42982504197425,35.67081145583749],[139.42240722437552,35.67913610225214],[139.41756951724588,35.68275685924289],[139.42149343525102,35.68857482774086],[139.42470065590362,35.686718029284066],[139.428409564703,35.69111245229848],[139.4312046843779,35.69027689299293],[139.42991462914333,35.69380481006084],[139.43165262022325,35.696930420796456],[139.42738827097563,35.69844680620284],[139.4255965275943,35.701881883347916],[139.42726284893894,35.7036303685614],[139.43030881268723,35.70353752863856],[139.4319930514657,35.701649783540816],[139.44100552067385,35.70132484381088],[139.44161471342352,35.70036549794153],[139.4484054208388,35.70093801079904],[139.45560822923179,35.69473320928924],[139.45940672520024,35.69238126457729]]]],"type":"MultiPolygon"},"id":"geoshape:13:2014-04-01:e40e18c263d3ae37dee0","properties":{"administrativeCode":"13215","jurisdictionId":"geoshape:13:2014-04-01:e40e18c263d3ae37dee0","municipalityName":"国立市","prefectureName":"東京都","snapshotDate":"2014-04-01","sourceDataset":"historical-administrative-areas-beta","sourceProvider":"Geoshape","sourceResourceId":"gci:13215A1968"},"type":"Feature"},{"geometry":{"coordinates":[[[[139.52691961580928,35.68421135136738],[139.52867552432298,35.68119405387509],[139.5253787165013,35.680900060786094],[139.52659710200064,35.67913610225214],[139.52675835890494,35.67467978595582],[139.52944597397695,35.67560818518422],[139.52942805654314,35.67279204085807],[139.5324381854238,35.66989852992956],[139.53136313939498,35.66770131842235],[139.53444493801092,35.66754658521762],[139.53559165377496,35.669295070431104],[139.53849427805275,35.667128805564836],[139.53745506689157,35.66547316027419],[139.54159399410247,35.664266241277275],[139.54438911377736,35.66664913263016],[139.54193442534492,35.6679643648704],[139.54139690233052,35.66989852992956],[139.5429378016385,35.68046680781284],[139.54542832493854,35.68206055982159],[139.5521652800524,35.6808381675042],[139.55673422567483,35.682725912601946],[139.56087315288573,35.68284969916573],[139.5644566396484,35.67226594796198],[139.5643312176117,35.66903202398306],[139.56614087842686,35.6642507679568],[139.5688464109327,35.66350804857408],[139.57300325557742,35.664142454713485],[139.57549377887747,35.660042024788055],[139.58214114682227,35.66502443398046],[139.5797939629927,35.665535053556084],[139.5783068159862,35.672049321475356],[139.5804569080438,35.67071861591465],[139.58516919313675,35.67129112877216],[139.58887810193613,35.669403383674414],[139.59011440486924,35.66579810000413],[139.58654883554038,35.663956774867806],[139.58903935884044,35.662363022859054],[139.58988147822967,35.657256827102856],[139.5923361666621,35.655430975287004],[139.59308869888227,35.651531698527734],[139.59195990055204,35.65136149200252],[139.59206740515492,35.645914883195914],[139.58955896442103,35.64514121717225],[139.587641799003,35.64616245632349],[139.58558129411443,35.64551257686361],[139.58384330303454,35.64849892771496],[139.58160362380787,35.6471991687952],[139.5765867423401,35.65026288624892],[139.5743112282458,35.65074255918359],[139.56947352111618,35.64902502061105],[139.56877474119744,35.647477688563725],[139.565746694883,35.64716822215426],[139.5633636761858,35.64136572697676],[139.56320241928148,35.63738908361512],[139.56196611634834,35.63259235426838],[139.5585618039238,35.63375285330389],[139.54942391267895,35.63437178612282],[139.54772175646667,35.63669278419382],[139.53595000245124,35.63947798187901],[139.53087936868204,35.64195371315475],[139.5253787165013,35.64265001257604],[139.5208276883127,35.646193402964435],[139.52079185344508,35.65358965015068],[139.51702919234424,35.65530718872322],[139.51745921075576,35.658386379497415],[139.51943012847525,35.66044433112036],[139.5232107070099,35.66779415834519],[139.52566539544233,35.66972832340436],[139.5264537625301,35.672389734525765],[139.52509203756028,35.67601049151652],[139.52209982611345,35.677186463872495],[139.52467993658257,35.67751140360244],[139.52433950534012,35.67969314178917],[139.52048725707024,35.68162730684834],[139.52226108301778,35.68736790874394],[139.52450076224446,35.68794042160145],[139.52691961580928,35.68421135136738]]]],"type":"MultiPolygon"},"id":"geoshape:13:2014-04-01:e8339ee24733d9afe5bd","properties":{"administrativeCode":"13208","jurisdictionId":"geoshape:13:2014-04-01:e8339ee24733d9afe5bd","municipalityName":"調布市","prefectureName":"東京都","snapshotDate":"2014-04-01","sourceDataset":"historical-administrative-areas-beta","sourceProvider":"Geoshape","sourceResourceId":"gci:13208A1968"},"type":"Feature"},{"geometry":{"coordinates":[[[[139.58665634014326,35.71190859501463],[139.59547171757947,35.705440747056784],[139.5928378548089,35.70109274400377],[139.59025774433977,35.69482604921208],[139.58828682662028,35.69561518855622],[139.5867100924447,35.69395954326558],[139.58482876189427,35.69725536052639],[139.5799193850294,35.698818165894195],[139.57665841207535,35.70143315705419],[139.5725553197321,35.69884911253514],[139.57051273227734,35.69892647913751],[139.5501585274653,35.70678692593796],[139.55066021561206,35.69501172905776],[139.54227485658737,35.696698320989356],[139.5421852694183,35.69529024882628],[139.53652336033326,35.695336668787704],[139.53641585573038,35.69829207299811],[139.53392533243033,35.69897289909893],[139.53225901108567,35.702191349757385],[139.5325456900267,35.709107924008954],[139.52715254244885,35.70991253667357],[139.52738546908841,35.71282152092255],[139.525217459597,35.71305362072965],[139.5264537625301,35.71727783721887],[139.52690169837544,35.718515702856735],[139.5300014144252,35.71749446370549],[139.52941013910933,35.712790574281605],[139.5373654797225,35.711320608836644],[139.55003310542858,35.71729331053935],[139.5545841336172,35.72077480764584],[139.55994144632743,35.72199719996323],[139.5656391902801,35.72165678691282],[139.5751175127674,35.71899537579141],[139.57943561431645,35.71556029864633],[139.58665634014326,35.71190859501463]]]],"type":"MultiPolygon"},"id":"geoshape:13:2014-04-01:e9a8490145c2782b83bc","properties":{"administrativeCode":"13203","jurisdictionId":"geoshape:13:2014-04-01:e9a8490145c2782b83bc","municipalityName":"武蔵野市","prefectureName":"東京都","snapshotDate":"2014-04-01","sourceDataset":"historical-administrative-areas-beta","sourceProvider":"Geoshape","sourceResourceId":"gci:13203A1968"},"type":"Feature"},{"geometry":{"coordinates":[[[[139.35536018704565,35.72529301722405],[139.36247340826958,35.72417893814997],[139.36186421551992,35.726298783054816],[139.36541186741496,35.725029970776006],[139.37028540941222,35.725834583440616],[139.37005248277265,35.72450387787991],[139.37635941947497,35.725447750428785],[139.37770322701098,35.724209884790916],[139.38008624570818,35.72558701031304],[139.38178840192046,35.72311127903731],[139.3793157960542,35.72171868019471],[139.38205716342765,35.72023324142927],[139.38549731071984,35.7204498679159],[139.38884787084294,35.717896770037804],[139.38709196232924,35.71667437772041],[139.38899121031346,35.71439979961083],[139.3910337977682,35.71532819883923],[139.39458144966324,35.711630075246106],[139.39569233055968,35.71288341420445],[139.3983978630655,35.711088509029544],[139.39404392664883,35.70514675396779],[139.39295096318622,35.69908121234224],[139.39024543068038,35.69884911253514],[139.38857910933575,35.693062090678126],[139.38508520974213,35.691282658823695],[139.37626983230592,35.69163854519458],[139.36874451010428,35.69194801160404],[139.3633155276588,35.69374291677895],[139.35521684757512,35.69323229720333],[139.34647313987418,35.69197895824499],[139.3403812123776,35.69365007685611],[139.33602727596093,35.696110334811365],[139.33566892728467,35.69922047222651],[139.33681564304874,35.70151052365655],[139.3330350645141,35.704667081033115],[139.33153000007377,35.709695910186944],[139.33258712866876,35.71288341420445],[139.33887614793727,35.71594713165816],[139.33887614793727,35.71964525525129],[139.34324800178774,35.72154847366951],[139.3526725719736,35.72218287980891],[139.35312050781894,35.72501449745553],[139.35536018704565,35.72529301722405]]]],"type":"MultiPolygon"},"id":"geoshape:13:2014-04-01:f27b24936f2bdaaf043c","properties":{"administrativeCode":"13207","jurisdictionId":"geoshape:13:2014-04-01:f27b24936f2bdaaf043c","municipalityName":"昭島市","prefectureName":"東京都","snapshotDate":"2014-04-01","sourceDataset":"historical-administrative-areas-beta","sourceProvider":"Geoshape","sourceResourceId":"gci:13207A1968"},"type":"Feature"},{"geometry":{"coordinates":[[[[140.28823137854206,30.48642901129005],[140.29274657186306,30.493020645811683],[140.29806804970565,30.49411925156529],[140.29848015068336,30.495310697241734],[140.30460791304756,30.495945103381143],[140.30713427121523,30.495032177473217],[140.31284993260172,30.48955462202566],[140.31444458421112,30.486986050827092],[140.3138533088953,30.48198816831421],[140.3108252625808,30.476201146457186],[140.30890809716277,30.47463834108938],[140.2983905635143,30.473029115760156],[140.29557752640557,30.47454550116654],[140.29009479165867,30.47931128387232],[140.2864217177269,30.48353550036154],[140.28823137854206,30.48642901129005]]],[[[142.0962975420895,27.720093303749344],[142.10092024001335,27.719474370930413],[142.1029628274681,27.716534440040483],[142.10143984559394,27.71582266729871],[142.0962975420895,27.720093303749344]]],[[[142.1061879655545,27.717725885716927],[142.10998646152296,27.717988932164975],[142.10969978258194,27.71628686691291],[142.1061879655545,27.717725885716927]]],[[[142.1255029592054,27.68707323785928],[142.13105736368755,27.68925497604602],[142.13259826299551,27.685556852452894],[142.13650426356685,27.687320810986854],[142.13872602535972,27.68563421905526],[142.14010566776335,27.688589623265667],[142.14248868646052,27.68885266971371],[142.14318746637926,27.686361465117507],[142.14813267811175,27.68362268739373],[142.14793558633983,27.67966151735256],[142.1488314580305,27.673487662483705],[142.14555256764262,27.670594151555193],[142.13969356678564,27.672079590320635],[142.13797349313955,27.674214908545952],[142.1395323098813,27.676133600284643],[142.13895895199929,27.678779538085582],[142.13299244653942,27.680992222913265],[142.13102152881993,27.678423651714695],[142.12903269366663,27.681564735770777],[142.12720511541767,27.681734942295986],[142.12582547301403,27.684303513494555],[142.1239262250298,27.683514374150416],[142.1255029592054,27.68707323785928]]],[[[142.12356787635355,27.679212791058834],[142.12681093187376,27.68151831580936],[142.1258792253155,27.677619039050082],[142.12356787635355,27.679212791058834]]],[[[142.15830978051778,27.65541482417087],[142.15891897326745,27.65725614930719],[142.15633886279832,27.658726114752156],[142.15782600980484,27.662362345063386],[142.15906231273794,27.662625391511433],[142.15814852361348,27.65911294776399],[142.15945649628185,27.65612659691264],[142.15830978051778,27.65541482417087]]],[[[142.17081614931956,27.63328797589402],[142.17293040650955,27.632993982805026],[142.1749909113981,27.635902967054008],[142.1781802146169,27.633721228867273],[142.17959569188815,27.63040993828598],[142.18176370137957,27.63082771793876],[142.18593846345811,27.62615477515582],[142.18549052761279,27.619470300711342],[142.18142327013712,27.6219305586666],[142.17823396691833,27.626232141758184],[142.17583303078735,27.623245790906836],[142.17346792952395,27.62429797669902],[142.173270837752,27.62654160816765],[142.17081614931956,27.63328797589402]]],[[[142.20985823759904,27.495420690476735],[142.20536096171188,27.496410982987026],[142.20408882391112,27.498329674725717],[142.20532512684423,27.500449519630564],[142.20982240273142,27.500109106580148],[142.21134538460555,27.502275371446416],[142.2131192105531,27.498639141135186],[142.21211583425952,27.496178883179926],[142.2160576696985,27.491181000667044],[142.2151080457064,27.489618195299236],[142.21175748558326,27.490020501631545],[142.21199041222283,27.493486525417566],[142.20985823759904,27.495420690476735]]],[[[142.2047517689622,27.488194649815693],[142.20733187943134,27.489370622171666],[142.20862193466593,27.48827201641806],[142.2047517689622,27.488194649815693]]],[[[140.8724472254629,27.246114551010592],[140.8752602625716,27.250044774410817],[140.8799546302307,27.24715126348231],[140.8759232076227,27.24394828614433],[140.8724472254629,27.246114551010592]]],[[[142.1934279507921,27.194433660629706],[142.19530928134253,27.196445192291236],[142.19840899739225,27.194805020321063],[142.1951301070044,27.19291727522332],[142.1934279507921,27.194433660629706]]],[[[142.1847379953926,27.179424539770583],[142.18769437197182,27.18216331749436],[142.18771228940562,27.184468842244886],[142.18563386708328,27.184793781974825],[142.1842004723782,27.187300459891503],[142.18642223417106,27.18774918618523],[142.18907401437545,27.19013207753812],[142.18884108773588,27.18751708637813],[142.19253207910145,27.18501040846145],[142.19548845568067,27.18531987487092],[142.19453883168856,27.18290603687708],[142.2000753187369,27.182828670274713],[142.1999319792664,27.181420598111643],[142.19529136390872,27.179115073361118],[142.19452091425475,27.176453662239705],[142.19511218957058,27.173281631542675],[142.1980685661498,27.171007053433097],[142.198050648716,27.16882531524636],[142.20217165849309,27.169181201617246],[142.20000364900164,27.165668757869803],[142.20030824537648,27.162620513736556],[142.19745937340014,27.159541322962365],[142.19941237368582,27.15824156404261],[142.19238873963096,27.15056679708784],[142.1880348032143,27.150303750639793],[142.18742561046463,27.14767328615933],[142.1888590051697,27.144655988667033],[142.18074240765222,27.146404473880516],[142.17970319649103,27.14801369920974],[142.18065282048315,27.150737003613045],[142.18454090362067,27.149514611295654],[142.18468424309117,27.15257832874937],[142.18635056443583,27.154651753692796],[142.1844513164516,27.156879911840957],[142.1809753342918,27.157622631223674],[142.18455882105448,27.15946395636],[142.18326876581992,27.166055590881633],[142.18429005954727,27.166612630418673],[142.18387795856955,27.171827139418184],[142.18721060125887,27.171564092970137],[142.18755103250132,27.17670123536728],[142.1847379953926,27.179424539770583]]],[[[142.19224540016043,27.14391326928431],[142.19401922610797,27.143650222836264],[142.19427007018135,27.14023061901166],[142.1959543089598,27.140385352216395],[142.19457466655618,27.137847727658773],[142.19681434578285,27.135542202908248],[142.19944820855343,27.134876850127895],[142.20012907103836,27.13257132537737],[142.2048592735651,27.134830430166474],[142.20691977845365,27.134010344181387],[142.20519970480754,27.13103946665051],[142.20604182419677,27.12912077491182],[142.21645185324238,27.132540378736422],[142.21964115646117,27.13266416530021],[142.2187094499029,27.12969328776933],[142.22283045967998,27.126072530778575],[142.22403092774547,27.12300881332486],[142.22650353361172,27.124122892398937],[142.22585850599444,27.120239088960133],[142.22730981813334,27.118258503939547],[142.22601976289877,27.11621602563707],[142.22920906611756,27.1143437538598],[142.23533682848173,27.11417354733459],[142.2360893607019,27.111589502815548],[142.23388551634287,27.109098298219344],[142.2256614142225,27.110986043317087],[142.2227408725109,27.11011953737058],[142.22057286301947,27.1108622567533],[142.21974866106405,27.108680518566562],[142.2167564496172,27.108417472118514],[142.21306545825163,27.109531551192596],[142.2067406041155,27.10914471818076],[142.20034408024412,27.110800363471405],[142.20269126407368,27.114235440616483],[142.20519970480754,27.11565898610003],[142.2063464205716,27.118010930811973],[142.20202831902256,27.11975941602546],[142.2023329153974,27.120935388381433],[142.19840899739225,27.123194493170537],[142.1939117215051,27.12330280641385],[142.19002363836756,27.121043701624746],[142.1871210140898,27.12153884787989],[142.1902028127057,27.12324091313196],[142.19081200545537,27.12492750506355],[142.18828564728767,27.126815250161293],[142.1885723262287,27.130451480472523],[142.1929979323806,27.133406884682927],[142.18898442720638,27.13696574839179],[142.19224540016043,27.14391326928431]]],[[[142.17676473734562,27.128532788733832],[142.1787356550651,27.12939929468034],[142.18027655437305,27.12679977684082],[142.17676473734562,27.128532788733832]]],[[[142.1636491757942,27.115163839844882],[142.165781350418,27.11697421834026],[142.1632370748165,27.121476954598],[142.16717891025544,27.12050213540818],[142.16918566284255,27.12115201486806],[142.1715328466721,27.11640170548275],[142.16945442434974,27.11473058687163],[142.16732224972594,27.115132893203935],[142.16558425864605,27.11290473505578],[142.16158867090564,27.11327609474714],[142.1636491757942,27.115163839844882]]],[[[142.18418255494439,27.118150190696234],[142.18760478480277,27.117252738108782],[142.18744352789844,27.115906559227604],[142.18418255494439,27.118150190696234]]],[[[142.18341210529042,27.103342223003267],[142.1871389315236,27.105539434510476],[142.19063283111723,27.104549142000185],[142.19357129026264,27.10569416771521],[142.19563179515117,27.103899262540306],[142.20261959433842,27.105585854471897],[142.2052892919766,27.105384701305745],[142.20570139295432,27.103326749682793],[142.21073619185591,27.102630450261493],[142.2111482928336,27.103790949296993],[142.21471386216248,27.100448712074755],[142.21756273413882,27.09976788597393],[142.21931864265252,27.096054289060334],[142.22410259748074,27.09128850635455],[142.22526723067858,27.087482069518114],[142.2231350560548,27.085253911369954],[142.22533890041385,27.083149539785584],[142.22610935006782,27.08058096858701],[142.22971075426432,27.081493894494937],[142.23252379137304,27.07810523731128],[142.233007562086,27.072859781670825],[142.23078580029312,27.068790298386343],[142.23187876375576,27.06383883583488],[142.23012285524203,27.05950630610235],[142.23211169039533,27.056813948339993],[142.23499639723929,27.05619501552106],[142.23745108567172,27.0537347575658],[142.23789902151708,27.05149112609717],[142.23458429626157,27.049262967949012],[142.2280981852211,27.056535428571472],[142.2244967810246,27.053270557951603],[142.2219704228569,27.052961091542137],[142.22576891882537,27.05070198675303],[142.22625268953834,27.045920730726774],[142.2227408725109,27.04525537794642],[142.22440719385554,27.04254754686359],[142.2269873043247,27.041077581418627],[142.22533890041385,27.039174363000406],[142.22983617630103,27.037657977594023],[142.229262818419,27.035801179137223],[142.2219345879893,27.035955912341954],[142.2188707068072,27.03747229774834],[142.22042952354897,27.039158889679932],[142.21956948672593,27.041417994469036],[142.2164697706762,27.041185894661936],[142.21376423817037,27.03909699639804],[142.21039576061344,27.040566961843005],[142.207941072181,27.040381281997327],[142.20588056729247,27.044156772192814],[142.2016520529125,27.04435792535897],[142.1990181901419,27.045518424394466],[142.19600806126127,27.044110352231396],[142.19461050142382,27.041588200994244],[142.18971904199273,27.043785412501457],[142.18635056443583,27.044094878910922],[142.18574137168616,27.04035033535638],[142.1840571329077,27.045410111151156],[142.18649390390632,27.0482262554773],[142.18864399596393,27.048535721886765],[142.18970112455892,27.050872193278238],[142.18876941800062,27.05308487810592],[142.18975487686038,27.05540587617692],[142.18790938117758,27.056117648918693],[142.18733602329556,27.06099174486779],[142.189790711728,27.061579731045775],[142.19242457449857,27.059212313013354],[142.19441340965187,27.05941346617951],[142.1948434280634,27.062802123363166],[142.19143911563884,27.065169541395584],[142.1924604093662,27.06784642583747],[142.1887515005668,27.068093998965043],[142.1871210140898,27.071606442712486],[142.1824624812983,27.070662570163613],[142.1817816188134,27.07405122734727],[142.18394962830482,27.075505719471764],[142.18719268382506,27.072720521786565],[142.19097326235968,27.073834600860643],[142.1930158498144,27.075598559394603],[142.2011324473319,27.074871313332356],[142.2036588054996,27.073262088003133],[142.2059343195939,27.075737819278864],[142.2074035491666,27.082716286812328],[142.20734979686517,27.08570263766368],[142.20401715417586,27.085826424227466],[142.20192081441968,27.087590382761427],[142.20358713576434,27.0899268541529],[142.20376631010248,27.093454771220813],[142.20131162167004,27.095884082535125],[142.2027270989413,27.09859191361796],[142.20109661246428,27.09939652628257],[142.19801481384837,27.098406233772277],[142.19871359376708,27.096766061802107],[142.19597222639362,27.09432127716732],[142.19360712513026,27.094073704039747],[142.19133161103596,27.092015752416795],[142.19254999653526,27.089911380832426],[142.18624305983295,27.088317628823674],[142.18635056443583,27.090437473728517],[142.1819249582839,27.094476010372055],[142.18325084838608,27.09735404798009],[142.18174578394576,27.10018566562671],[142.18341210529042,27.103342223003267]]],[[[142.2442059582194,27.092216905582948],[142.24076581092723,27.095744822650865],[142.24746693117345,27.0949711566272],[142.24882865614327,27.091536079482122],[142.24574685752737,27.09031368716473],[142.2442059582194,27.092216905582948]]],[[[142.23865155373724,27.04743711613316],[142.24142875597832,27.046678923429965],[142.23922491161926,27.045688630919674],[142.23865155373724,27.04743711613316]]],[[[142.17518800317004,27.032041162262207],[142.17398753510454,27.035986858982902],[142.17427421404557,27.03840069697674],[142.17158659897353,27.043708045899088],[142.17328875518584,27.04525537794642],[142.17771436133773,27.036837891608936],[142.1768722419485,27.032876721567767],[142.17518800317004,27.032041162262207]]],[[[142.122851179001,26.711557748618795],[142.1233528671478,26.714234633060677],[142.12534170230109,26.713399073755117],[142.12756346409395,26.709855683366726],[142.12971355615156,26.709437903713948],[142.1317740610401,26.70264511602616],[142.13383456592865,26.69981349837954],[142.13946064014607,26.700710950966993],[142.1425782736296,26.69789480664085],[142.14125238352742,26.701592930233975],[142.14214825521807,26.703542568613614],[142.14091195228494,26.708354771280817],[142.14569590711312,26.706265873016918],[142.14960190768446,26.70739542541147],[142.1503365224708,26.705631466877513],[142.15252244939606,26.70594093328698],[142.15402751383638,26.70902012406117],[142.1577901749372,26.70628134633739],[142.15861437689261,26.70375919510024],[142.1617678452438,26.704331707957753],[142.16497506589639,26.702397542898588],[142.1637745978309,26.6999527582638],[142.1607465515164,26.7015774569135],[142.1568405509451,26.699163618919663],[142.1512682290291,26.69718303389908],[142.15060528397802,26.694057423163468],[142.14664553110524,26.694181209727255],[142.14542714560594,26.691442432003477],[142.14689637517864,26.689214273855317],[142.1468426228772,26.684943637404682],[142.14945856821396,26.68367482512587],[142.15436794507883,26.684278284624327],[142.15915189990702,26.68670759593864],[142.16603219449138,26.687434842000886],[142.16846896549,26.689879626635673],[142.16773435070365,26.685980349876395],[142.16601427705757,26.68420091802196],[142.16689223131442,26.68079678751783],[142.16117656992793,26.674762192533237],[142.16277122153733,26.66984167662272],[142.16200077188336,26.66690174573279],[142.1638104326985,26.6642867545728],[142.16409711163953,26.660387477813522],[142.16742975432882,26.658035533101575],[142.1699381950627,26.658174792985836],[142.17264372756853,26.65624062792667],[142.17601220512546,26.65679766746371],[142.17889691196942,26.65577642831247],[142.18215788492347,26.65702976727081],[142.18172786651195,26.659134138855183],[142.18842898675817,26.659737598353644],[142.18773020683946,26.65525033541638],[142.1848634174293,26.656116841362884],[142.1854009404437,26.65441477611082],[142.18016904977017,26.653130490511536],[142.1781981320507,26.654755189161232],[142.1742025443103,26.654167202983245],[142.17450714068514,26.647621988423033],[142.17323500288438,26.64463563757168],[142.17124616773108,26.643304932010977],[142.17332459005345,26.638554622625666],[142.1727333147376,26.63632646447751],[142.17701558141903,26.63428398617503],[142.18034822410831,26.63100364223469],[142.18113659119612,26.62865169752274],[142.1803303066745,26.62455126759731],[142.18217580235728,26.622462369333412],[142.18106492146086,26.61843930601035],[142.18240872899685,26.612064297975344],[142.18160244447526,26.609650459981502],[142.1784668935579,26.607468721794767],[142.17662139787512,26.609511200097245],[142.17355751669302,26.608087654613698],[142.1752596729053,26.612776070717114],[142.1783235540874,26.615422008518053],[142.1763347189341,26.61607188797793],[142.17737393009529,26.619692644968687],[142.17413087457504,26.62221479620584],[142.1763347189341,26.6239787547398],[142.17328875518584,26.62566534667139],[142.1695081766512,26.632256981193024],[142.1652617448374,26.631344055285098],[142.16400752447046,26.629889563160607],[142.1612303222294,26.63100364223469],[142.16062112947972,26.635877738183783],[142.16115865249412,26.639544915135957],[142.15847103742212,26.638817669073713],[142.15664345917315,26.635661111697154],[142.15397376153493,26.635815844901888],[142.1515190731025,26.645393830274873],[142.152719541168,26.64663169591274],[142.1492256415744,26.648148081319125],[142.1485806139571,26.650840439081485],[142.14626926499517,26.652821024102067],[142.1487060359938,26.65391962985567],[142.14499712719442,26.656163261324306],[142.1451404666649,26.658344999511044],[142.14902854980244,26.662306169552213],[142.1488493754643,26.666514912720956],[142.1469859623477,26.667768251679295],[142.14223784238715,26.66577219333824],[142.14182574140943,26.66858833766438],[142.14428042984187,26.67070818256923],[142.14354581505552,26.672100781411824],[142.14501504462822,26.674839559135602],[142.1439041637318,26.67697487736092],[142.14019525493242,26.67864599597204],[142.1361817497582,26.68158592686197],[142.13655801586827,26.684015238176283],[142.13496336425888,26.68605771647876],[142.13035858376884,26.689384480380525],[142.12998231765874,26.694181209727255],[142.1285668403875,26.6949084557895],[142.1279218127702,26.69924098552203],[142.12265408722905,26.70665270602875],[142.122851179001,26.711557748618795]]],[[[142.1255029592054,26.602749359050403],[142.1227078395305,26.60372417824022],[142.1236395460888,26.60729851526956],[142.12632716116082,26.60780913484518],[142.1260404822198,26.60991350642955],[142.13275951989985,26.61009918627523],[142.13594882311864,26.601356760207803],[142.13352996955382,26.59676118402723],[142.12892518906375,26.595012698813743],[142.12795764763783,26.59821567615172],[142.12713344568243,26.59592562472167],[142.125252115132,26.59560068499173],[142.12580755558022,26.59858703584308],[142.12742012462343,26.59928333526438],[142.1255029592054,26.602749359050403]]],[[[142.17545676467725,26.602207792833838],[142.17757102186724,26.60551908341513],[142.17812646231545,26.60315166538271],[142.17545676467725,26.602207792833838]]],[[[142.1632370748165,26.592475074256118],[142.16569176324893,26.5912681552592],[142.16501090076403,26.588730530701575],[142.1632370748165,26.592475074256118]]],[[[142.14714721925202,26.582479309230354],[142.14969149485353,26.58605364625969],[142.15198492638166,26.58543471344076],[142.15461878915224,26.58774023819128],[142.16209035905243,26.587987811318854],[142.16203660675097,26.585558500004545],[142.15816644104729,26.583361288497333],[142.15449336711552,26.584367054328098],[142.1513936510658,26.582061529577572],[142.14714721925202,26.582479309230354]]],[[[142.2265931207808,26.570688639029683],[142.22951366249237,26.575160428646473],[142.23522932387885,26.57081242559347],[142.2388844803768,26.570100652851696],[142.23997744383942,26.56759397493502],[142.2360714432681,26.56796533462638],[142.23162791968235,26.56657273578378],[142.22865362566932,26.563803011419054],[142.22682604742036,26.563818484739528],[142.22582267112682,26.566541789142832],[142.2284565338974,26.569172253623297],[142.2265931207808,26.570688639029683]]],[[[142.15400959640257,26.551439828360873],[142.15343623852053,26.554348812609856],[142.15472629375512,26.555694991491038],[142.15259411913132,26.556762650603694],[142.1528449632047,26.56425173771278],[142.15562216544578,26.564669517365562],[142.15676888120984,26.56194621296226],[142.16069279921498,26.56138917342522],[142.16130199196465,26.55936216844321],[142.1595281660171,26.557845783036825],[142.15904439530414,26.55441070589175],[142.16087197355313,26.55278600724205],[142.16090780842075,26.548097591138635],[142.15787976210626,26.546906145462188],[142.15809477131202,26.544260207661253],[142.15438586251264,26.543796008047053],[142.15331081648384,26.547757178088222],[142.15517422960045,26.550372169248213],[142.15400959640257,26.551439828360873]]],[[[142.20820983368822,26.56353996497101],[142.21251001780342,26.56448383751988],[142.21808233971942,26.56330786516391],[142.2152872200445,26.556809070565116],[142.21066452212065,26.55492132546737],[142.2047338515284,26.554859432185477],[142.202082071324,26.55297168708773],[142.20147287857435,26.555911617977664],[142.20398131930824,26.558820602226646],[142.20317503478663,26.56210094616699],[142.2059522370277,26.561698639834685],[142.20820983368822,26.56353996497101]]],[[[141.27481903661118,25.421036401182448],[141.27197016463484,25.429144421110465],[141.27248977021543,25.43949607250712],[141.27340355933993,25.441755177296223],[141.27981800064512,25.448052818728865],[141.28329398280493,25.44901216459821],[141.28773750639067,25.447480305871352],[141.28990551588208,25.443859548880596],[141.28999510305115,25.44122908440013],[141.2921989474102,25.439341339302384],[141.2928439750275,25.436416881732928],[141.291930185903,25.433476950842994],[141.29296939706418,25.42580218388823],[141.28990551588208,25.422243320179366],[141.28325814793732,25.41941170253275],[141.27644952308822,25.41922602268707],[141.27481903661118,25.421036401182448]]],[[[141.30637163755665,24.797848419119465],[141.30914883979773,24.801886955763003],[141.31377153772158,24.805337506228554],[141.31746252908715,24.806157592213637],[141.3212431076218,24.808478590284636],[141.3215297865628,24.811588727699775],[141.32851758575003,24.811789880865927],[141.33441242147467,24.806683685109732],[141.3358099813121,24.80617306553411],[141.3409881196842,24.79959690433295],[141.34398033113104,24.793036216452265],[141.34523455149798,24.7876205542866],[141.34722338665128,24.78287024490129],[141.3463633498282,24.77900191478296],[141.34435659724113,24.777794995786042],[141.3430127897051,24.774777698293747],[141.33548746750347,24.77064632172737],[141.32932387027165,24.771017681418726],[141.32307068587076,24.770460641881687],[141.3108330785762,24.76151706264811],[141.30452614187385,24.757942725618772],[141.29585410390814,24.75401250221855],[141.29329191087282,24.751985497236543],[141.29293356219657,24.749989438895486],[141.28682371726617,24.745099869625918],[141.2855336620316,24.746368681904727],[141.2851215610539,24.751397511058556],[141.28596368044313,24.75512658129263],[141.28832878170653,24.75780346573451],[141.2926827181232,24.767598077594123],[141.2936502595491,24.771698507519552],[141.29345316777716,24.780812293278338],[141.29250354378505,24.784061690577737],[141.28994135074973,24.787078988070036],[141.28662662549422,24.785810175791223],[141.2858920107079,24.78868821339926],[141.28775542382448,24.78989513239618],[141.2907118004037,24.789554719345766],[141.29970635217805,24.79433597537202],[141.30212520574287,24.794846594947643],[141.30637163755665,24.797848419119465]]],[[[141.28472737751002,24.80001468398573],[141.28573075380356,24.80501256649861],[141.28771958895686,24.806296852097898],[141.28528281795823,24.79809599224704],[141.28472737751002,24.80001468398573]]],[[[153.97075428813417,24.284845952147],[153.97956966557038,24.292365985897032],[153.9830456477302,24.29693061543666],[153.9852136572216,24.297209135205183],[153.9851957397878,24.290493714119762],[153.98689789600007,24.283236726817773],[153.9841027763252,24.280714575580625],[153.97075428813417,24.284845952147]]],[[[141.45472798953188,24.24076246211851],[141.4584010634636,24.244692685518732],[141.46207413739538,24.245110465171514],[141.46847066126676,24.242588313934363],[141.4722333223676,24.241907487833537],[141.4730396068892,24.239338916634964],[141.47162412961794,24.23195814276919],[141.4692948632222,24.227764872920922],[141.46748520240703,24.2267900537311],[141.45816813682404,24.22477852206957],[141.4550146684729,24.225443874849923],[141.45327667739298,24.22920389172494],[141.45340209942967,24.234727867133913],[141.45472798953188,24.24076246211851]]]],"type":"MultiPolygon"},"id":"geoshape:13:2014-04-01:f56c058c54d1616ed399","properties":{"administrativeCode":"13421","jurisdictionId":"geoshape:13:2014-04-01:f56c058c54d1616ed399","municipalityName":"小笠原村","prefectureName":"東京都","snapshotDate":"2014-04-01","sourceDataset":"historical-administrative-areas-beta","sourceProvider":"Geoshape","sourceResourceId":"gci:13421A1968"},"type":"Feature"},{"geometry":{"coordinates":[[[[139.3303653668759,35.79362320043423],[139.33278422044071,35.79189018854122],[139.3348805601969,35.7937005670366],[139.3384998818272,35.794598019624054],[139.34267464390572,35.79402550676654],[139.34670606651375,35.79640839811943],[139.3502537184088,35.79340657394761],[139.3549122512003,35.79371604035707],[139.359839545499,35.791627142093176],[139.36990914330215,35.79171998201601],[139.36870867523663,35.79029643653247],[139.3698733084345,35.78760407877011],[139.36783072097978,35.78704703923307],[139.36749028973733,35.784385628111664],[139.37300885935187,35.77971268532872],[139.37551730008576,35.78045540471144],[139.3801399980096,35.77875333945937],[139.38148380554563,35.77426607652211],[139.3790291171132,35.77120235906839],[139.3734388777634,35.76875757443361],[139.37320595112382,35.77134161895265],[139.3709125195957,35.77143445887549],[139.36815323478842,35.77411134331737],[139.3685115834647,35.77104762586366],[139.36738278513445,35.76779822856426],[139.3628855092473,35.7619183667844],[139.36095042639542,35.76109828079932],[139.35881825177162,35.75792625010229],[139.35901534354358,35.7544911729572],[139.35751027910325,35.75351635376739],[139.35811947185292,35.75076210272314],[139.35654273767733,35.750715682761715],[139.3546614071269,35.74559401368505],[139.34989536973254,35.747729331910364],[139.35043289274694,35.745145287391324],[139.3533355170247,35.74253029623133],[139.35206337922398,35.74124601063204],[139.34552351588206,35.747079452450485],[139.34233421266327,35.74616652654256],[139.3426388090381,35.74984917681521],[139.34301507514817,35.753841293497324],[139.34036329494378,35.75371750693354],[139.33584810162282,35.75928790230394],[139.334773055594,35.764920190956225],[139.33642145950483,35.76604974335078],[139.33319632141843,35.76759707539811],[139.33364425726376,35.770954785940816],[139.33151208263996,35.77291989764093],[139.3287886327003,35.77134161895265],[139.3210662187267,35.777221480732514],[139.324112182475,35.781089810850844],[139.320654117749,35.78336438896042],[139.32058244801377,35.789909603520634],[139.32275045750518,35.78630431985035],[139.32205167758647,35.78978581695685],[139.3262622745326,35.7870315659126],[139.33006077050106,35.790605902941934],[139.32848403632548,35.79176640197743],[139.3303653668759,35.79362320043423]]],[[[139.3566502422802,35.745578540364576],[139.3566502422802,35.745578540364576]]]],"type":"MultiPolygon"},"id":"geoshape:13:2014-04-01:f70d6de8b1734b9beaf2","properties":{"administrativeCode":"13303","jurisdictionId":"geoshape:13:2014-04-01:f70d6de8b1734b9beaf2","municipalityName":"瑞穂町","parentJurisdictionName":"西多摩郡","prefectureName":"東京都","snapshotDate":"2014-04-01","sourceDataset":"historical-administrative-areas-beta","sourceProvider":"Geoshape","sourceResourceId":"gci:13303A1968"},"type":"Feature"},{"geometry":{"coordinates":[[[[139.587641799003,35.64616245632349],[139.586584670408,35.64265001257604],[139.5844345783504,35.64107173388777],[139.5876597164368,35.63506808554412],[139.5914044601038,35.63305655388258],[139.59362622189667,35.62661965256569],[139.59228241436068,35.62422128789232],[139.5902039920383,35.62453075430179],[139.58932603778146,35.62121946372049],[139.59023982690593,35.6184342660353],[139.58638757863605,35.620461271017305],[139.5800448070661,35.62202407638511],[139.57655090747247,35.62197765642369],[139.571121925027,35.624406967738],[139.56769969516864,35.62694459229562],[139.56562127284627,35.62720763874367],[139.5661767132945,35.6294512702123],[139.56196611634834,35.63259235426838],[139.56320241928148,35.63738908361512],[139.5633636761858,35.64136572697676],[139.565746694883,35.64716822215426],[139.56877474119744,35.647477688563725],[139.56947352111618,35.64902502061105],[139.5743112282458,35.65074255918359],[139.5765867423401,35.65026288624892],[139.58160362380787,35.6471991687952],[139.58384330303454,35.64849892771496],[139.58558129411443,35.64551257686361],[139.587641799003,35.64616245632349]]]],"type":"MultiPolygon"},"id":"geoshape:13:2014-04-01:ffcc530ae9f634531c47","properties":{"administrativeCode":"13219","jurisdictionId":"geoshape:13:2014-04-01:ffcc530ae9f634531c47","municipalityName":"狛江市","prefectureName":"東京都","snapshotDate":"2014-04-01","sourceDataset":"historical-administrative-areas-beta","sourceProvider":"Geoshape","sourceResourceId":"gci:13219A1970"},"type":"Feature"}],"type":"FeatureCollection"}
