{"features":[{"geometry":{"coordinates":[[[[139.7380421733215,35.7802206563948],[139.7378809172443,35.777435031643705],[139.73574875355686,35.77163164674557],[139.736734207362,35.77022335867695],[139.7464095719941,35.76700441452012],[139.75497406142773,35.76838175120261],[139.7579304228431,35.77017693159777],[139.76000883450482,35.76652466803521],[139.75816334828795,35.764590206402495],[139.74888216517786,35.75980821724643],[139.74999304037638,35.756496418931235],[139.75796625752693,35.75485599546669],[139.75758999334678,35.753169144922964],[139.75088890747193,35.75371079418012],[139.74977803227344,35.75012043338981],[139.75470530129905,35.74919189180611],[139.75780500144973,35.74761337111382],[139.75719581182474,35.74546224977824],[139.7603134293173,35.74345040968022],[139.76384314567383,35.74413134017494],[139.76588572265172,35.74162427789894],[139.7681791424164,35.74146952096832],[139.77111758648985,35.73789463587107],[139.76131680046433,35.733809052902785],[139.7609405362842,35.73219958082437],[139.75993716513716,35.73158055310191],[139.75275231103072,35.73506258404079],[139.7495630241705,35.73654825057471],[139.7465708280713,35.73984457319685],[139.74107020410452,35.74235163547284],[139.73555166279584,35.740540979384626],[139.73178902099446,35.74331112844267],[139.73263113606427,35.745090833144765],[139.72790095779968,35.74471941651128],[139.72361871308289,35.739937427355216],[139.7200173273587,35.74177903482956],[139.71951564178516,35.745044406065574],[139.7214148800278,35.74631341289664],[139.72261534193584,35.75075493680534],[139.72171947484028,35.75385007541768],[139.7167026191051,35.76024153665216],[139.71326248945812,35.76308906417551],[139.71089740032582,35.763615237739614],[139.7064001475061,35.76666394927276],[139.70446507457964,35.77495892075383],[139.70238666291795,35.7810718195132],[139.70226124152455,35.784105055353294],[139.69844484769743,35.782124166641395],[139.69498680070856,35.78261938881937],[139.6912779109329,35.784414569214526],[139.68946825939986,35.786797825946024],[139.6906328866241,35.79057389505308],[139.69686812160924,35.79889981792027],[139.70525343762375,35.79340594688337],[139.70919525284424,35.79201313450782],[139.7192647989984,35.791796474804954],[139.7222390777557,35.7907286519837],[139.7244608281527,35.78727757243094],[139.73386743265615,35.79004772148898],[139.738543858895,35.787401377975435],[139.7380421733215,35.7802206563948]]]],"type":"MultiPolygon"},"id":"geoshape:13:2015-01-01:01160b5309d291ba70cd","properties":{"administrativeCode":"13117","jurisdictionId":"geoshape:13:2015-01-01:01160b5309d291ba70cd","municipalityName":"北区","prefectureName":"東京都","snapshotDate":"2015-01-01","sourceDataset":"historical-administrative-areas-beta","sourceProvider":"Geoshape","sourceResourceId":"gci:13117A1968"},"type":"Feature"},{"geometry":{"coordinates":[[[[139.79763525251863,35.61738541399967],[139.79437429629075,35.61394981013998],[139.7852902039417,35.62513873622358],[139.78987704347102,35.62763032280651],[139.7979219299892,35.61772587924703],[139.79763525251863,35.61738541399967]]],[[[139.7734468409383,35.62026389290915],[139.77135051193468,35.62314237181862],[139.78236967721017,35.62950288166698],[139.7849497744454,35.62634584028239],[139.780990041883,35.623885205085585],[139.79263631412536,35.60958566469658],[139.78672359129462,35.60184781816573],[139.77316016346774,35.61849966390011],[139.7734468409383,35.62026389290915]]],[[[139.84011727019043,35.63115878082458],[139.8386838828375,35.61421289692203],[139.83553043066112,35.61249509499218],[139.8306210789774,35.61848418820705],[139.83293241608396,35.61973771934505],[139.831714036834,35.62123886157203],[139.8274138747753,35.6197996221173],[139.825855066029,35.630694510032725],[139.83701757003976,35.63177780854705],[139.84011727019043,35.63115878082458]]],[[[139.82481586019813,35.63967041200851],[139.83295033342588,35.640366818196284],[139.83277116000676,35.63820022116765],[139.82512045501062,35.63745738790069],[139.8255504712165,35.63448605483284],[139.8211607224482,35.63406821112018],[139.82044402877176,35.639082335672164],[139.8228628699298,35.64231675552206],[139.82615966084148,35.64262626938329],[139.82481586019813,35.63967041200851]]],[[[139.78245926391972,35.63900495720686],[139.7896978700519,35.6434310054225],[139.7901458035997,35.64312149156127],[139.78245926391972,35.63900495720686]]],[[[139.83540500926773,35.70301242371002],[139.84380824262416,35.69953039277114],[139.84771422316084,35.69496506331794],[139.84758880176744,35.68809385559855],[139.84551039010574,35.681284550651405],[139.84823382607627,35.679133429315826],[139.8468900254329,35.67385621798179],[139.84554622478956,35.65670915006943],[139.84296612755432,35.65681747992087],[139.8413714841242,35.64791895641039],[139.84026060892572,35.6338979784965],[139.8215907386541,35.63194804117072],[139.8212503091578,35.63343370770465],[139.83366702710234,35.6346253360704],[139.83447330748834,35.64406550883803],[139.82168032536364,35.642935783244525],[139.82040819408795,35.64163582502734],[139.80811689753676,35.64045967235466],[139.80772271601472,35.64335362695719],[139.80917402070952,35.645674980916446],[139.80603848587504,35.6448857205703],[139.80698810499635,35.63690026295047],[139.80136205963618,35.636358613693304],[139.80148748102957,35.63281467998218],[139.80034077114723,35.63106592666621],[139.8021862573641,35.6262220347379],[139.79856695429802,35.62181146221532],[139.79202712450038,35.62987429830046],[139.78729694623578,35.627274381866094],[139.77885787819554,35.63708597126721],[139.78122296732784,35.63878829750399],[139.78263843733885,35.637689523296615],[139.78437641950424,35.63943827661259],[139.7944459656584,35.64490119626336],[139.79587935301132,35.64312149156127],[139.79810110340833,35.64474643933275],[139.79768900454437,35.64785705363815],[139.79482222983856,35.65042601868639],[139.79304841298932,35.65030221314189],[139.79469680844517,35.647222550222615],[139.78016584415508,35.639360898147274],[139.77875037414407,35.639391849533396],[139.77613444222501,35.64240960968043],[139.78659816990125,35.649497477102685],[139.79242130602242,35.652933080962384],[139.78959036600043,35.65626035497064],[139.789070763085,35.665638624966036],[139.78729694623578,35.67147296125029],[139.7871715248424,35.67450619709038],[139.78908868042691,35.67916438070195],[139.79186586842317,35.682569033175525],[139.79265423146728,35.68646890782707],[139.79039664638645,35.6892854839643],[139.7934784291952,35.690817577577405],[139.79672146808116,35.688542650697336],[139.799176143923,35.68971880337003],[139.80048410988252,35.68829503960835],[139.80480218928315,35.68849622361815],[139.8049992800442,35.6867784216883],[139.80946069818012,35.68699508139117],[139.81187953933815,35.6885581263904],[139.8114674404742,35.69191635178478],[139.8133845960587,35.69267466074481],[139.8196915004115,35.69303060168523],[139.81868812926444,35.70801107256895],[139.83067483100314,35.70301242371002],[139.83540500926773,35.70301242371002]]]],"type":"MultiPolygon"},"id":"geoshape:13:2015-01-01:06a6b556f7e50cb6e1fa","properties":{"administrativeCode":"13108","jurisdictionId":"geoshape:13:2015-01-01:06a6b556f7e50cb6e1fa","municipalityName":"江東区","prefectureName":"東京都","snapshotDate":"2015-01-01","sourceDataset":"historical-administrative-areas-beta","sourceProvider":"Geoshape","sourceResourceId":"gci:13108A1968"},"type":"Feature"},{"geometry":{"coordinates":[[[[139.16303883670273,35.77823976768291],[139.1806874184854,35.768582935212414],[139.18032907164718,35.76561160214457],[139.18147578152949,35.762903355858775],[139.18918023855136,35.76225337675018],[139.1996618835695,35.75810589100965],[139.20433830980838,35.75580001274346],[139.20512667285246,35.753772696952375],[139.2110035609994,35.751791808240476],[139.2127594605067,35.752054895022525],[139.21236527898463,35.74854191269752],[139.21567998723825,35.74440990265005],[139.22198689159103,35.74317184720511],[139.22610788023064,35.74004575720665],[139.23479779105764,35.738823177454776],[139.2394383826127,35.73976719473154],[139.2440431394839,35.738792226068654],[139.24538694012725,35.73665658042614],[139.2528584717043,35.7363470665649],[139.25823367427768,35.73526376805059],[139.26292801785846,35.732385289141114],[139.27013078930682,35.73328287933869],[139.27805025443163,35.733669771665234],[139.28364046510796,35.73136389339904],[139.28442882815207,35.732230532210494],[139.28364046510796,35.737693451861276],[139.2846617535969,35.74058740646381],[139.2793044683654,35.74211950007692],[139.28055868229922,35.7446729894321],[139.2798957406485,35.74934664873673],[139.27762023822575,35.75228703041845],[139.2734454975604,35.75391197818993],[139.27029204538402,35.7534012803189],[139.2685540632186,35.75445362744709],[139.26185297734378,35.75558335304059],[139.2558506678035,35.75939037353377],[139.25687195629243,35.76070580744401],[139.26153046518937,35.75983916863255],[139.26719234523335,35.76004035264236],[139.26903783145022,35.761061748384435],[139.27443095136553,35.760891515760754],[139.2761151815052,35.761618873334655],[139.28772561906374,35.76092246714688],[139.29009070819603,35.760071304028486],[139.29654095128413,35.75454648160546],[139.30259701285016,35.755196460714046],[139.31105399823232,35.750631131260846],[139.3138670209124,35.74711814893585],[139.31666212625058,35.743373031214915],[139.32010225589755,35.73332930641788],[139.32198357679823,35.73272575438847],[139.32823672912528,35.72803661939078],[139.32845173722822,35.723703425333504],[139.33122892522448,35.713458516526664],[139.32764545684222,35.71039432930045],[139.32293319591955,35.71627509266389],[139.3192422234858,35.719060717415],[139.3158916805484,35.71424777687281],[139.31359826078372,35.71395373870464],[139.308491818339,35.715888200337346],[139.3064492413611,35.71259187771521],[139.2958421749496,35.711462152121705],[139.29426544886138,35.71338113806135],[139.29138075681365,35.71367517622953],[139.28297752345725,35.71283948880419],[139.2739113484501,35.71500608583283],[139.26880490600539,35.70996100989472],[139.26072418480337,35.71048718345882],[139.25801866617473,35.71226688816091],[139.2519446872668,35.71226688816091],[139.24963335016022,35.71048718345882],[139.24653365000958,35.710889551478424],[139.24506442797284,35.71335018667523],[139.24320102441408,35.712483547863776],[139.24038800173398,35.71421682548669],[139.23766456576345,35.71321090543768],[139.23562198878557,35.71483585320915],[139.21886927409847,35.71690959607942],[139.21723879598454,35.718875009098255],[139.21032270200675,35.71369065192259],[139.2069184070436,35.712762110338886],[139.20446373120174,35.70729919068811],[139.2053416809554,35.70324455910595],[139.20489374740762,35.699778003860125],[139.2004860812974,35.69915897613766],[139.20016356914303,35.690136647082696],[139.19939312344084,35.688248612529165],[139.19337289655863,35.689084299954494],[139.18962817209916,35.68759863342058],[139.18407379610665,35.68905334856837],[139.18199538444492,35.68806290421242],[139.17894943631998,35.68922358119205],[139.17140623537531,35.68874383470714],[139.16968617055184,35.69087948034965],[139.17194375563267,35.692813941982365],[139.17262461462528,35.69719356311882],[139.17210501170987,35.70169698979978],[139.16531433912547,35.70627779494604],[139.16511724836442,35.71127644380496],[139.16638937964015,35.713737079001774],[139.1658518593828,35.718751203553765],[139.1669448172394,35.72280583513593],[139.16549351254457,35.722573699739996],[139.1653860084931,35.727278310430755],[139.16624604090484,35.72930562622184],[139.16431096797842,35.73249361899255],[139.1658518593828,35.73617683394123],[139.16409595987548,35.74133023973077],[139.15657067627274,35.74470394081822],[139.1539905790375,35.75010495769675],[139.14934998748245,35.75425244343729],[139.1407317460231,35.75544407180304],[139.1404092338687,35.75900348120722],[139.14465564390167,35.76021058526604],[139.14721782379502,35.76212957120569],[139.14349101667744,35.766323484025406],[139.13877875575477,35.76821151857894],[139.13609115446806,35.77025431006308],[139.13763204587244,35.772436382784775],[139.13938794537975,35.77204949045823],[139.14282807502673,35.77638268451551],[139.14445855314065,35.77695528515879],[139.14823911228396,35.775283910308126],[139.1491349793795,35.778843319712315],[139.1538651576441,35.77345777852685],[139.15802198096753,35.773426827140725],[139.15863117059254,35.77791477812862],[139.16303883670273,35.77823976768291]]]],"type":"MultiPolygon"},"id":"geoshape:13:2015-01-01:0832cf831d141ff2cc2b","properties":{"administrativeCode":"13228","jurisdictionId":"geoshape:13:2015-01-01:0832cf831d141ff2cc2b","municipalityName":"あきる野市","prefectureName":"東京都","snapshotDate":"2015-01-01","sourceDataset":"historical-administrative-areas-beta","sourceProvider":"Geoshape","sourceResourceId":"gci:13228A1995"},"type":"Feature"},{"geometry":{"coordinates":[[[[139.58671230353832,35.69395914326893],[139.59405841372197,35.68899144579613],[139.59056453204926,35.68699508139117],[139.5936104801742,35.684132078174756],[139.59418383511533,35.682135713769796],[139.58531475086923,35.68204285961143],[139.5881277735493,35.68004649520647],[139.58678397290595,35.67780251971252],[139.58664063417066,35.67398002352628],[139.58248381084724,35.67339194718994],[139.58850403772945,35.67051346828046],[139.5888982192515,35.66941469407308],[139.58517141213395,35.67128725293355],[139.58045915121124,35.670714652290265],[139.5783090701819,35.67204556189357],[139.57979620956053,35.6655302951146],[139.58214338135093,35.665019597243564],[139.57549604750182,35.6600364240777],[139.57300553697613,35.66413748273905],[139.5688487136527,35.66350297932352],[139.56556984008293,35.66506602432275],[139.56433354349105,35.669027801746545],[139.56445896488444,35.672262221596434],[139.56087549650215,35.682847595650635],[139.5545865094913,35.682120238076735],[139.55216766833325,35.680835755552614],[139.5454307477746,35.68205833530449],[139.5429402372489,35.68046433891914],[139.54139934584452,35.669894440558],[139.54193686610188,35.66795997892528],[139.54439154194372,35.66664454501504],[139.54159643660554,35.6642767639766],[139.5383713150615,35.664741034768454],[139.5384967364549,35.66712429149995],[139.53559412706525,35.66929088852859],[139.53439366515718,35.66754213521262],[139.53136563437417,35.66769689214324],[139.53244067488885,35.669894440558],[139.52944847878967,35.672726492388286],[139.52944847878967,35.67560497129776],[139.52676087750297,35.67467642971406],[139.52659962142576,35.679133429315826],[139.5253812421758,35.68089765832486],[139.5286780330875,35.68119169649303],[139.52692213358017,35.68420945664006],[139.52487955660226,35.690105695696566],[139.52853469435217,35.690678296339854],[139.53215399741828,35.68877478609326],[139.53136563437417,35.69460912237752],[139.53419657439616,35.69488768485263],[139.53392781426749,35.69897326782092],[139.53641832479317,35.6982923373262],[139.53652582884465,35.69533647995142],[139.54218770888863,35.69529005287224],[139.54227729559818,35.69669834094085],[139.5506626116127,35.69501149039712],[139.55016092603918,35.706788492817076],[139.57051502645047,35.698926840741734],[139.57255760342835,35.69883398658337],[139.57666067472604,35.70143390301773],[139.57992163095392,35.698818510890305],[139.5848309826376,35.69725546589107],[139.58671230353832,35.69395914326893]]]],"type":"MultiPolygon"},"id":"geoshape:13:2015-01-01:08ca716305b2a4b83377","properties":{"administrativeCode":"13204","jurisdictionId":"geoshape:13:2015-01-01:08ca716305b2a4b83377","municipalityName":"三鷹市","prefectureName":"東京都","snapshotDate":"2015-01-01","sourceDataset":"historical-administrative-areas-beta","sourceProvider":"Geoshape","sourceResourceId":"gci:13204A1968"},"type":"Feature"},{"geometry":{"coordinates":[[[[139.52016729567958,35.73343763626931],[139.5167092486907,35.73059010874596],[139.51767678515392,35.727448543054436],[139.52333866519788,35.72325463023471],[139.52466454849935,35.71940118266235],[139.52314157443686,35.719060717415],[139.51493543184148,35.71725006132678],[139.50859269280485,35.71636794682226],[139.50782224710267,35.71222046108173],[139.50067322768004,35.712313315240095],[139.49590721473163,35.71316447835849],[139.49540552915812,35.709636020340426],[139.49243125040084,35.7101312425184],[139.49149954862145,35.70804202395507],[139.48571224718407,35.70838248920243],[139.4802295405592,35.7143715824173],[139.4784915583938,35.70870747875672],[139.47193381125425,35.711028832715975],[139.47202339796382,35.71537750246631],[139.45867497823986,35.717884564742306],[139.45788661519578,35.72080947073097],[139.44611492156002,35.722867737908174],[139.43563327654186,35.7247557724617],[139.43384154235073,35.72695332087646],[139.42291196378483,35.73018774072635],[139.42644168014135,35.73017226503329],[139.42869926522218,35.73006393518186],[139.442477701152,35.7363470665649],[139.44554156661886,35.73503163265467],[139.4509884385599,35.7369970456735],[139.46639735260365,35.744084913095755],[139.47100210947485,35.74275400349245],[139.47725526180193,35.73990647596909],[139.47709400572472,35.73758512200985],[139.47883198789012,35.7352173409714],[139.4862139327576,35.73450545909056],[139.4873248079561,35.7409123960181],[139.48515680958482,35.74088144463198],[139.485730164526,35.74386825339289],[139.48943905430164,35.74490512482802],[139.49063951620968,35.741825461908746],[139.49816479981246,35.7443479998778],[139.49811104778672,35.74586461779785],[139.50379084517263,35.74284685765082],[139.50472254695202,35.74102072586954],[139.50443586948143,35.73219958082437],[139.50560049670565,35.73206029958682],[139.5067292892461,35.74202664591855],[139.50857477546296,35.74126833695853],[139.5081805939409,35.73838985804905],[139.5126420120768,35.737972014336385],[139.51511460526058,35.739117215622954],[139.52109899745898,35.73894698299927],[139.52016729567958,35.73343763626931]]]],"type":"MultiPolygon"},"id":"geoshape:13:2015-01-01:10a14ca079b04c01a2de","properties":{"administrativeCode":"13211","jurisdictionId":"geoshape:13:2015-01-01:10a14ca079b04c01a2de","municipalityName":"小平市","prefectureName":"東京都","snapshotDate":"2015-01-01","sourceDataset":"historical-administrative-areas-beta","sourceProvider":"Geoshape","sourceResourceId":"gci:13211A1968"},"type":"Feature"},{"geometry":{"coordinates":[[[[139.38508845501,35.69128184836926],[139.3762731227896,35.691637789309674],[139.3676190466464,35.69214848718071],[139.3633188845877,35.69374248356607],[139.35522024604379,35.69323178569503],[139.3464407485072,35.69197825455703],[139.34038468694118,35.693649629407695],[139.33603077285673,35.696110264604506],[139.3356724260185,35.699220878909905],[139.33681913590084,35.701511281483036],[139.33307441144134,35.70452904163007],[139.33131851193406,35.709759825884916],[139.33248313915828,35.71260735340827],[139.33886171287872,35.715857248951224],[139.33859295275005,35.71895238756356],[139.34162098353306,35.721304692908944],[139.34627949243003,35.72094875196852],[139.3522997193122,35.72251179696775],[139.35294474362104,35.72483315092701],[139.35504107262466,35.72508076201599],[139.35717323631212,35.72580811958989],[139.36245885217596,35.724167696125356],[139.36181382786714,35.72625691468868],[139.36541521359132,35.72501885924375],[139.3702887305912,35.725839070976015],[139.37005580514636,35.72450816137271],[139.37636270949915,35.725452178649476],[139.3777065101425,35.72421412320454],[139.38008951661672,35.72559145988703],[139.3817916640983,35.72311534899716],[139.37931907091453,35.721722536621606],[139.38206042422698,35.72023687008769],[139.38550055387395,35.72045352979055],[139.38885109681135,35.71790004043537],[139.38709519730406,35.71666198499043],[139.38899443554666,35.71438705811036],[139.390947425815,35.71533107538713],[139.39456672888107,35.711632384745386],[139.3956955214215,35.712885915883376],[139.39843687473393,35.71164786043845],[139.39544467863473,35.706448027569714],[139.39295416810907,35.69908159767235],[139.39023073213855,35.698787559504176],[139.3885823366827,35.69306155307135],[139.38508845501,35.69128184836926]]]],"type":"MultiPolygon"},"id":"geoshape:13:2015-01-01:1636ab7b31aa095635bb","properties":{"administrativeCode":"13207","jurisdictionId":"geoshape:13:2015-01-01:1636ab7b31aa095635bb","municipalityName":"昭島市","prefectureName":"東京都","snapshotDate":"2015-01-01","sourceDataset":"historical-administrative-areas-beta","sourceProvider":"Geoshape","sourceResourceId":"gci:13207A1968"},"type":"Feature"},{"geometry":{"coordinates":[[[[139.68584895633376,33.13661634051721],[139.68988035826382,33.1312462750248],[139.69579308109456,33.12895587245167],[139.6990182026386,33.12454529992909],[139.69939446681875,33.119360942753424],[139.70106077961648,33.11858715810034],[139.700146995179,33.116358658299454],[139.6928546370211,33.11762766513051],[139.68882323509104,33.11617294998271],[139.6838242966978,33.11857168240728],[139.68065292717947,33.12581430676015],[139.67518813789653,33.13109151809419],[139.67588691423106,33.13542471215146],[139.67748155766117,33.13627587526985],[139.6787895236207,33.13427951086489],[139.68300009896987,33.13661634051721],[139.68584895633376,33.13661634051721]]],[[[139.75879045525483,33.15959774471382],[139.76808955570684,33.15757042892274],[139.77222846168834,33.15865372743706],[139.77631361564414,33.156115713774945],[139.7833730483572,33.14874928387758],[139.78767321041593,33.14704695764079],[139.79498348591574,33.14218759001942],[139.79607644377234,33.14251257957372],[139.7968110547907,33.13564137185432],[139.79801151669878,33.133583104677115],[139.80376298345232,33.13160221596522],[139.80555471764345,33.129451094629644],[139.81003405312129,33.13020940358967],[139.81141368844845,33.128336844729205],[139.81358168681973,33.128352320422266],[139.8162692881064,33.12582978245321],[139.81698598178286,33.12338462294946],[139.81976316977912,33.123059633395165],[139.8170218164667,33.120227581564876],[139.82338247284522,33.119484748297914],[139.8273242880657,33.117380054041526],[139.83773426371621,33.11773599498194],[139.84235693792934,33.116358658299454],[139.84536705137043,33.11638960968558],[139.84907594114608,33.11128263097522],[139.85154853432985,33.10462808295869],[139.8574970918444,33.099103260535664],[139.85441530903566,33.093717719350195],[139.85452281308713,33.09099399737134],[139.85866171906866,33.0858405915818],[139.85925299135172,33.08372042163234],[139.85742542247678,33.08039314762408],[139.85862588438485,33.07940270326813],[139.85464823448052,33.077514668714606],[139.84864592494023,33.07785513396196],[139.8453132993447,33.07539449876515],[139.84239277261315,33.076338516041915],[139.83895264296618,33.07500760643861],[139.83888097359855,33.07311957188509],[139.83558418268686,33.06812092302616],[139.8334341016575,33.067223332828576],[139.8343837207788,33.0630139443158],[139.83339826697366,33.05522967070577],[139.8364442150986,33.05187144531138],[139.8363187937052,33.049426285807634],[139.83210821835604,33.04589782778957],[139.82709136262088,33.050122691995405],[139.81935107091516,33.0584486148626],[139.81264998504034,33.059702146000596],[139.8075793772794,33.05934620506018],[139.80508886675375,33.062240159662714],[139.80215042268028,33.06383415604807],[139.79892530113625,33.06287466307824],[139.79523432870252,33.06315322555335],[139.7934963465371,33.06570671490853],[139.79046831575408,33.06649597525468],[139.7842868327947,33.06971491941151],[139.781796322269,33.07189699213321],[139.78025543086463,33.075611158468014],[139.78045252162565,33.08183238707882],[139.77975374529112,33.085592980492805],[139.78011209212934,33.08949285514436],[139.778768291486,33.09596169484414],[139.77557900462577,33.09990799657487],[139.77281973397143,33.09769497246705],[139.76748036608183,33.10162579850472],[139.76368188959663,33.101842458207585],[139.75506364813728,33.10408643370153],[139.75212520406382,33.10978148874823],[139.75246563356015,33.112257599638106],[139.7508172381043,33.11587891181454],[139.74775337263745,33.11914428305056],[139.74456408577723,33.121094220376335],[139.7443490776743,33.123895320820495],[139.74017433700897,33.13099866393581],[139.73825718142444,33.13867460769441],[139.7394397259906,33.145824377888914],[139.74253942614126,33.14946116575842],[139.74382947475885,33.153407467489146],[139.74599747313013,33.15562049159697],[139.75004679240212,33.15726091506151],[139.75687329967033,33.15818945664521],[139.75879045525483,33.15959774471382]]]],"type":"MultiPolygon"},"id":"geoshape:13:2015-01-01:1d210570e2b694ad2cf1","properties":{"administrativeCode":"13401","jurisdictionId":"geoshape:13:2015-01-01:1d210570e2b694ad2cf1","municipalityName":"八丈町","prefectureName":"東京都","snapshotDate":"2015-01-01","sourceDataset":"historical-administrative-areas-beta","sourceProvider":"Geoshape","sourceResourceId":"gci:13401A1968"},"type":"Feature"},{"geometry":{"coordinates":[[[[139.80971154096687,35.728129473549146],[139.81139577110653,35.732973365477456],[139.81413712441898,35.73620778532735],[139.8144954712572,35.738807701761715],[139.81725474191154,35.742088548690795],[139.8203544420622,35.74343493398716],[139.823830406393,35.73770892755434],[139.82976104656566,35.7311781850823],[139.84215984716832,35.719308328503985],[139.83904222967573,35.71711078008922],[139.836766727253,35.71796194320761],[139.83415079533395,35.717157207168405],[139.83363119241852,35.714015641476884],[139.8393109898044,35.71087407578536],[139.83888097359855,35.70915627385551],[139.8343837207788,35.704730225639864],[139.83540500926773,35.70301242371002],[139.83067483100314,35.70301242371002],[139.81868812926444,35.70801107256895],[139.8196915004115,35.69303060168523],[139.8133845960587,35.69267466074481],[139.8114674404742,35.69191635178478],[139.81187953933815,35.6885581263904],[139.80946069818012,35.68699508139117],[139.8049992800442,35.6867784216883],[139.80480218928315,35.68849622361815],[139.80048410988252,35.68829503960835],[139.799176143923,35.68971880337003],[139.79672146808116,35.688542650697336],[139.7934784291952,35.690817577577405],[139.79039664638645,35.6892854839643],[139.78890950700782,35.691653265002735],[139.78890950700782,35.69470197653589],[139.7934784291952,35.701217243314865],[139.79702606289365,35.70777893717302],[139.80664767550005,35.717435769643515],[139.80843940969118,35.72037615132524],[139.80971154096687,35.728129473549146]]]],"type":"MultiPolygon"},"id":"geoshape:13:2015-01-01:1f8286dfab690ce7b4dc","properties":{"administrativeCode":"13107","jurisdictionId":"geoshape:13:2015-01-01:1f8286dfab690ce7b4dc","municipalityName":"墨田区","prefectureName":"東京都","snapshotDate":"2015-01-01","sourceDataset":"historical-administrative-areas-beta","sourceProvider":"Geoshape","sourceResourceId":"gci:13107A1968"},"type":"Feature"},{"geometry":{"coordinates":[[[[139.28057659964114,34.53332859072113],[139.2896786093321,34.52975370562388],[139.29311873897908,34.5246157755274],[139.2907894845306,34.52049924117299],[139.28093494647936,34.51183285305844],[139.27633018960813,34.5110435927123],[139.27147458995017,34.5131018598895],[139.26815988169656,34.517249345630034],[139.26737151865245,34.52187657785548],[139.26869740195392,34.5273240218132],[139.27398301781776,34.53224529220682],[139.2795732284941,34.53227624359294],[139.28057659964114,34.53332859072113]]]],"type":"MultiPolygon"},"id":"geoshape:13:2015-01-01:2000a74ceb49d54890e6","properties":{"administrativeCode":"13362","jurisdictionId":"geoshape:13:2015-01-01:2000a74ceb49d54890e6","municipalityName":"利島村","prefectureName":"東京都","snapshotDate":"2015-01-01","sourceDataset":"historical-administrative-areas-beta","sourceProvider":"Geoshape","sourceResourceId":"gci:13362A1968"},"type":"Feature"},{"geometry":{"coordinates":[[[[139.17178249955546,34.21963629236062],[139.17572431477595,34.216417348203784],[139.17490011704803,34.21596855310499],[139.17328755627602,34.21375552899717],[139.17473886097082,34.21005683835543],[139.1750434557833,34.20467129716996],[139.171872086265,34.20595577969408],[139.17033119486064,34.204578443011584],[139.16848570864377,34.20861759890069],[139.16558309925412,34.208308085039455],[139.15666026298229,34.204748675635265],[139.15377557093456,34.20187019672579],[139.15350681080588,34.19957979415266],[139.15637358551172,34.197908419301996],[139.155298544997,34.195200173016204],[139.15173299395667,34.19267763504715],[139.15144631648607,34.19414782588801],[139.14714615442736,34.19653108261951],[139.1460890312546,34.194349009897806],[139.14644737809283,34.18947416658337],[139.14537233757812,34.18788017019802],[139.14535442023623,34.18786469450496],[139.14349101667744,34.189768204751545],[139.14211138135028,34.18572904886244],[139.14159177843484,34.1878492188119],[139.13825915283934,34.18545048638734],[139.13684368282833,34.18658021198084],[139.1329914543174,34.187075434158814],[139.13173724038361,34.18515644821916],[139.12851211883955,34.185079069753854],[139.12695331009328,34.186936152921255],[139.12693539275136,34.186920677228194],[139.12535866666317,34.18741589940617],[139.12514365856023,34.18959797212787],[139.1233519243691,34.18879323608866],[139.11987596003829,34.19153243376058],[139.12034181092798,34.19538588133294],[139.12157810751987,34.19865125256896],[139.12616494704918,34.200910703755966],[139.13162973633214,34.2012202176172],[139.13311687571078,34.2050581894965],[139.13274061153064,34.21076872023627],[139.13087720797185,34.212857938799594],[139.13064428252702,34.2162471155801],[139.13363647862622,34.217160181470746],[139.12887046567778,34.220379125627574],[139.12869129225868,34.22277785805214],[139.13449651103795,34.22350521562604],[139.13687951751217,34.22593489943672],[139.13625241054527,34.2292157463658],[139.13492652724383,34.23187756557242],[139.13546404750116,34.237077398441144],[139.1373991204276,34.23732500953013],[139.13768579789817,34.242076047300074],[139.13956711879885,34.243205772893575],[139.14320433920687,34.243778373536855],[139.14866912848981,34.239770169033875],[139.15223467953018,34.23995587735062],[139.15721570058153,34.23888805452936],[139.15820115438666,34.237758328935854],[139.16769734559966,34.23415249245248],[139.17034911220256,34.23111925661239],[139.17172874752973,34.22437185443749],[139.17178249955546,34.21963629236062]]],[[[139.07678475274153,34.18815873267313],[139.07665933134814,34.18574452455551],[139.0750109358923,34.187199239703304],[139.07678475274153,34.18815873267313]]],[[[139.1923874427535,34.20934495647459],[139.19186783983807,34.206033158159386],[139.1892339905771,34.208694977365994],[139.1923874427535,34.20934495647459]]]],"type":"MultiPolygon"},"id":"geoshape:13:2015-01-01:2161eaaf20a46b5f9304","properties":{"administrativeCode":"13364","jurisdictionId":"geoshape:13:2015-01-01:2161eaaf20a46b5f9304","municipalityName":"神津島村","prefectureName":"東京都","snapshotDate":"2015-01-01","sourceDataset":"historical-administrative-areas-beta","sourceProvider":"Geoshape","sourceResourceId":"gci:13364A1968"},"type":"Feature"},{"geometry":{"coordinates":[[[[139.68027666299935,35.600671665493046],[139.67930912653614,35.605515557421356],[139.67726654955823,35.60794524123204],[139.6733964037054,35.608177376627964],[139.66830787860258,35.606490526084244],[139.6631835188159,35.60873450157818],[139.66321935349976,35.61566761206983],[139.66477816224602,35.61826752850419],[139.66649822706952,35.61853061528624],[139.6634881136284,35.62670178122281],[139.66180388348874,35.62749104156896],[139.66148137133433,35.631700430081736],[139.66384646046663,35.63194804117072],[139.6719988510363,35.629704065676776],[139.6795958040067,35.62506135775827],[139.68203256250666,35.631127829438455],[139.6860997991205,35.63804546423703],[139.68608188177862,35.640537050819965],[139.68430806492938,35.64377147066986],[139.68391388340734,35.649203438934514],[139.68459474239998,35.65135456027009],[139.67950621729716,35.657328177791904],[139.6750089644774,35.663874395956995],[139.68414680885218,35.662914902987175],[139.68801695470503,35.6608411601169],[139.69294422373065,35.65387709823914],[139.69969906163124,35.64808918903407],[139.70862189790307,35.64200724166083],[139.71523339706837,35.64262626938329],[139.71763432088449,35.64166677641347],[139.7132266547743,35.637550242059056],[139.71444503402427,35.634130113892425],[139.71464212478529,35.62905408656819],[139.70713475852443,35.62547920147094],[139.70401714103187,35.624705416817854],[139.70147287848044,35.625897045183606],[139.6961514279328,35.62481374666928],[139.6961514279328,35.62481374666928],[139.70398130634806,35.621873364987565],[139.69557807299162,35.61210820266564],[139.69539889957252,35.607496446133254],[139.69074039067556,35.61113323400275],[139.68613563380435,35.61169035895297],[139.6840034701169,35.61309864702159],[139.6847559984772,35.605345324797675],[139.68197881048093,35.60580959558953],[139.6804020843927,35.60440130752091],[139.68027666299935,35.600671665493046]]]],"type":"MultiPolygon"},"id":"geoshape:13:2015-01-01:23260e74c4cd6dcbc27b","properties":{"administrativeCode":"13110","jurisdictionId":"geoshape:13:2015-01-01:23260e74c4cd6dcbc27b","municipalityName":"目黒区","prefectureName":"東京都","snapshotDate":"2015-01-01","sourceDataset":"historical-administrative-areas-beta","sourceProvider":"Geoshape","sourceResourceId":"gci:13110A1968"},"type":"Feature"},{"geometry":{"coordinates":[[[[139.52692213358017,35.68420945664006],[139.5286780330875,35.68119169649303],[139.5253812421758,35.68089765832486],[139.52659962142576,35.679133429315826],[139.52676087750297,35.67467642971406],[139.52944847878967,35.67560497129776],[139.52944847878967,35.672726492388286],[139.53244067488885,35.669894440558],[139.53136563437417,35.66769689214324],[139.53439366515718,35.66754213521262],[139.53559412706525,35.66929088852859],[139.5384967364549,35.66712429149995],[139.5383713150615,35.664741034768454],[139.54159643660554,35.6642767639766],[139.54439154194372,35.66664454501504],[139.54193686610188,35.66795997892528],[139.54139934584452,35.669894440558],[139.5429402372489,35.68046433891914],[139.5454307477746,35.68205833530449],[139.55216766833325,35.680835755552614],[139.5545865094913,35.682120238076735],[139.56087549650215,35.682847595650635],[139.56445896488444,35.672262221596434],[139.56433354349105,35.669027801746545],[139.56556984008293,35.66506602432275],[139.5688487136527,35.66350297932352],[139.57300553697613,35.66413748273905],[139.57549604750182,35.6600364240777],[139.58214338135093,35.665019597243564],[139.57979620956053,35.6655302951146],[139.5783090701819,35.67204556189357],[139.58045915121124,35.670714652290265],[139.58517141213395,35.67128725293355],[139.5888982192515,35.66941469407308],[139.59011659850145,35.66579338189665],[139.586568964803,35.66395177442231],[139.58896988861915,35.66245063219532],[139.58988367305662,35.65725079932659],[139.59233834889847,35.65542466754531],[139.59309087725876,35.65152479289377],[139.59196208471835,35.65135456027009],[139.5920695887698,35.64590711631237],[139.5895611609022,35.64513333165929],[139.5876440053177,35.64617020309442],[139.5855835109979,35.645504748292765],[139.5843292970641,35.64839870289531],[139.58062040728845,35.64729992868793],[139.57651733599076,35.65033316452802],[139.57431350293567,35.65075100824068],[139.5694758206196,35.64903320631083],[139.56877704428507,35.6474701613116],[139.56574901350203,35.64717612314343],[139.56336600702784,35.641372738245295],[139.56320475095063,35.637395485128444],[139.56196845435875,35.63259802027932],[139.5585641593956,35.63374322156588],[139.5494263150208,35.63437772498141],[139.54772416753923,35.636699078940666],[139.53595247390348,35.63948470369177],[139.53088186614258,35.64196081458164],[139.5253812421758,35.642641745076354],[139.5208302373303,35.64620115448054],[139.5207944026465,35.65359853576403],[139.5170317608451,35.65531633769388],[139.51882349503623,35.6597114345234],[139.52321324380452,35.66778974630161],[139.52516623407286,35.668981374667354],[139.52645628269048,35.67238602714093],[139.5250945647052,35.676007339317366],[139.522102368606,35.67718349199006],[139.52468246584124,35.67750848154435],[139.52434203634493,35.679690554266045],[139.5205077251759,35.68164049159182],[139.5222636246832,35.687366498024645],[139.52450329242214,35.68793909866793],[139.52692213358017,35.68420945664006]]]],"type":"MultiPolygon"},"id":"geoshape:13:2015-01-01:25ecfc91b564b645d14f","properties":{"administrativeCode":"13208","jurisdictionId":"geoshape:13:2015-01-01:25ecfc91b564b645d14f","municipalityName":"調布市","prefectureName":"東京都","snapshotDate":"2015-01-01","sourceDataset":"historical-administrative-areas-beta","sourceProvider":"Geoshape","sourceResourceId":"gci:13208A1968"},"type":"Feature"},{"geometry":{"coordinates":[[[[139.44077555367042,35.76700441452012],[139.44000510796823,35.763739043284104],[139.4405426282256,35.7602260609591],[139.4441619312917,35.755753585664266],[139.44620450826957,35.7556607315059],[139.447530391571,35.75259654427968],[139.44754830891293,35.7492383188853],[139.45138262008194,35.74561700670886],[139.4507017610893,35.74199569453243],[139.4509884385599,35.7369970456735],[139.44554156661886,35.73503163265467],[139.442477701152,35.7363470665649],[139.42869926522218,35.73006393518186],[139.42644168014135,35.73017226503329],[139.42579665583256,35.73103890384475],[139.4162287952519,35.73209125097294],[139.41441914371885,35.73303526824971],[139.413577028649,35.73643992072328],[139.4111940221748,35.737260132455546],[139.41192863319318,35.73975171903848],[139.4107102539432,35.74185641329487],[139.41065650191746,35.747505041262386],[139.4073776283477,35.748665718242016],[139.40748513239916,35.753215572002155],[139.40902602380353,35.75522741210017],[139.4092768665903,35.75822969655414],[139.4075388844249,35.76084508868156],[139.40497670453158,35.76208314412651],[139.40261161539928,35.761077224077496],[139.40053320373755,35.76195933858201],[139.39168203683334,35.76335215095756],[139.39845479207585,35.76440449808575],[139.4002823609508,35.767747247787085],[139.404887117822,35.769155535855695],[139.40986813887338,35.76864483798466],[139.41590628309748,35.76627705694622],[139.41975851160842,35.7659211160058],[139.42221318745027,35.76780915055933],[139.4276242247075,35.766447289569896],[139.43609912743156,35.767143695757674],[139.4396288437881,35.769155535855695],[139.44077555367042,35.76700441452012]]]],"type":"MultiPolygon"},"id":"geoshape:13:2015-01-01:26e6d1da65248b6c5118","properties":{"administrativeCode":"13220","jurisdictionId":"geoshape:13:2015-01-01:26e6d1da65248b6c5118","municipalityName":"東大和市","prefectureName":"東京都","snapshotDate":"2015-01-01","sourceDataset":"historical-administrative-areas-beta","sourceProvider":"Geoshape","sourceResourceId":"gci:13220A1970"},"type":"Feature"},{"geometry":{"coordinates":[[[[139.33036889281274,35.79362260658623],[139.32848757191206,35.79176552341883],[139.33006429800025,35.7906048464392],[139.32626582151505,35.78702996134195],[139.3220552461659,35.78978463470693],[139.32275402250042,35.78630260376805],[139.32058602412914,35.78990844025142],[139.3206576934968,35.78336222208633],[139.3241157404857,35.78108729520626],[139.32106979236076,35.77721837194084],[139.3184359430998,35.77841000030659],[139.3122723774823,35.77553152139711],[139.30919059467354,35.775701754020794],[139.3080259674493,35.7772338476339],[139.3033137065266,35.778131437831476],[139.29989149422155,35.78116467367157],[139.29756223977307,35.78077778134503],[139.29550174545327,35.77765169134656],[139.29213328517395,35.77534581308038],[139.29308290429523,35.77204949045823],[139.29650511660031,35.76666394927276],[139.2974368183797,35.76008677972155],[139.29654095128413,35.75454648160546],[139.29009070819603,35.760071304028486],[139.28772561906374,35.76092246714688],[139.2761151815052,35.761618873334655],[139.27443095136553,35.760891515760754],[139.26903783145022,35.761061748384435],[139.26719234523335,35.76004035264236],[139.26153046518937,35.75983916863255],[139.25687195629243,35.76070580744401],[139.2542918590572,35.764033081452276],[139.24945417674112,35.766602046500516],[139.24481358518608,35.76740678253972],[139.23827375538843,35.767035365906246],[139.23528155928926,35.76937219555856],[139.23173392559082,35.76889244907365],[139.22743376353208,35.77201853907211],[139.22279317197706,35.77240543139865],[139.22091185107635,35.77401490347707],[139.21666544104338,35.77282327511132],[139.2143361865949,35.77409228194237],[139.2105377101097,35.77317921605174],[139.20824429034505,35.77635173312938],[139.20213447675326,35.78248010758181],[139.1988914378673,35.78444552060065],[139.1982464135585,35.78644188500561],[139.19552297758798,35.78682877733215],[139.19217243465056,35.78919655837059],[139.18878605702932,35.789072752826094],[139.1860984557426,35.78777279460891],[139.1819595497611,35.78763351337136],[139.17561681072448,35.78486336431332],[139.1721408463937,35.7822015451067],[139.1666581397688,35.78096348966177],[139.16303883670273,35.77823976768291],[139.15863117059254,35.77791477812862],[139.15802198096753,35.773426827140725],[139.1538651576441,35.77345777852685],[139.1491349793795,35.778843319712315],[139.14823911228396,35.775283910308126],[139.14445855314065,35.77695528515879],[139.14282807502673,35.77638268451551],[139.13938794537975,35.77204949045823],[139.13763204587244,35.772436382784775],[139.13716619498274,35.77803858367311],[139.1405346552621,35.77902902802906],[139.1428101576848,35.78105634382014],[139.14780909607808,35.78203131248303],[139.14648321277664,35.78576095451089],[139.14757617063324,35.78901085005385],[139.14693114632442,35.79303453024989],[139.14981583837215,35.796377279951216],[139.1563915028536,35.798636731138224],[139.16092459035718,35.79919385608844],[139.1649022402615,35.801623539899126],[139.17145998740105,35.80346514737347],[139.1735742337466,35.80676146999561],[139.175509306673,35.80683884846092],[139.1742013407135,35.81282794167579],[139.1774085449156,35.82048840974133],[139.17527638122817,35.82722033622317],[139.17842983340455,35.83059403731062],[139.1769426940259,35.83302372112131],[139.17735479288987,35.83514389107076],[139.1753301332539,35.83607243265446],[139.17190792094883,35.84000325869213],[139.16954283181653,35.840513956563164],[139.16612061951147,35.84297459175997],[139.16642521432397,35.844351928442464],[139.16257298581303,35.84955176131119],[139.16352260493431,35.85086719522144],[139.16922031966214,35.849923177944675],[139.1743625967907,35.84831370586626],[139.18362586255884,35.84357814378938],[139.18688681878672,35.84286626190854],[139.19244119477924,35.84026634547418],[139.19656218341885,35.84017349131581],[139.19930353673126,35.841241314137065],[139.2031378479003,35.84119488705788],[139.20489374740762,35.84456858814533],[139.20747384464286,35.84642567131273],[139.21265195645523,35.84661137962947],[139.21933512498816,35.842525796661185],[139.22028474410945,35.841241314137065],[139.22438781540717,35.84054490794929],[139.23065888507614,35.83673788745611],[139.2328089661055,35.83675336314917],[139.23701954145466,35.84015801562275],[139.24139137288103,35.839802074682325],[139.24307560302069,35.83659860621856],[139.2522492820793,35.838254505376156],[139.2588786985865,35.8371866825549],[139.26050917670042,35.83599505418915],[139.27125958184723,35.83960089067252],[139.28000324469997,35.83930685250435],[139.28516343917042,35.83601052988221],[139.29091490592396,35.837960467207985],[139.29560924950474,35.833843932853576],[139.29661262065179,35.83545340493199],[139.30116362549725,35.834958182754015],[139.30259701285016,35.82404781914552],[139.30476501122143,35.82239191998792],[139.3114660970963,35.825285874590456],[139.31492414408515,35.82523944751127],[139.31616044067704,35.82366092681898],[139.31650087017337,35.81935868414783],[139.3149958134528,35.81434455959584],[139.31675171296013,35.81268866043824],[139.32261068376513,35.800199776137454],[139.3257283012577,35.795216602971585],[139.33036889281274,35.79362260658623]]]],"type":"MultiPolygon"},"id":"geoshape:13:2015-01-01:30c478727073004f84f9","properties":{"administrativeCode":"13205","jurisdictionId":"geoshape:13:2015-01-01:30c478727073004f84f9","municipalityName":"青梅市","prefectureName":"東京都","snapshotDate":"2015-01-01","sourceDataset":"historical-administrative-areas-beta","sourceProvider":"Geoshape","sourceResourceId":"gci:13205A1968"},"type":"Feature"},{"geometry":{"coordinates":[[[[139.59418383511533,35.682135713769796],[139.6032679274644,35.68065004723587],[139.60837436990911,35.67636328025779],[139.60891189016647,35.67035871134985],[139.61618633098246,35.669894440558],[139.6165625951626,35.67263363822992],[139.61328372159284,35.67289672501197],[139.61030944283556,35.67664184273289],[139.6216332029235,35.67264911392298],[139.6250554152286,35.66913613159797],[139.63259861617325,35.66808378446978],[139.63912052862898,35.66583980897583],[139.64127060965833,35.667201669965266],[139.64773877008835,35.668424249717134],[139.65033678466548,35.66990991625106],[139.6551207149558,35.670544419666584],[139.661750131463,35.67252530837848],[139.6620547262755,35.671442009864165],[139.67269762737084,35.67229317298256],[139.6728051314223,35.66748023244037],[139.6750089644774,35.663874395956995],[139.67950621729716,35.657328177791904],[139.68459474239998,35.65135456027009],[139.68391388340734,35.649203438934514],[139.68430806492938,35.64377147066986],[139.68608188177862,35.640537050819965],[139.6860997991205,35.63804546423703],[139.68203256250666,35.631127829438455],[139.6795958040067,35.62506135775827],[139.6719988510363,35.629704065676776],[139.66384646046663,35.63194804117072],[139.66148137133433,35.631700430081736],[139.66180388348874,35.62749104156896],[139.6634881136284,35.62670178122281],[139.66649822706952,35.61853061528624],[139.66477816224602,35.61826752850419],[139.66321935349976,35.61566761206983],[139.6631835188159,35.60873450157818],[139.66830787860258,35.606490526084244],[139.6733964037054,35.608177376627964],[139.67726654955823,35.60794524123204],[139.67930912653614,35.605515557421356],[139.68027666299935,35.600671665493046],[139.6806708445214,35.59489923198103],[139.67565398878622,35.59178861767563],[139.66966959658782,35.59909314480075],[139.66440189806588,35.599665745444035],[139.66262808121667,35.5984276899991],[139.65961796777557,35.599959783612206],[139.65578365660653,35.59647775267332],[139.65297063392646,35.595936103416165],[139.65705578788223,35.59341356544711],[139.65513863229774,35.590148194211096],[139.65042637137503,35.59257787802178],[139.64884964528684,35.59497661044634],[139.63998056104074,35.600068113463635],[139.63700628228344,35.603054922224544],[139.63179233578725,35.605794119896466],[139.63136231958137,35.60714050519283],[139.62487624180946,35.609755897320255],[139.61864100682433,35.61373315043711],[139.61557714135748,35.613330782417506],[139.61219076373624,35.61585332038656],[139.60966441852673,35.61641044533678],[139.60588385938345,35.61545095236696],[139.60000697123652,35.618422285434804],[139.59310879460065,35.61757112231641],[139.59024201989484,35.618437761127865],[139.58932823545737,35.62122338587897],[139.59022410255292,35.62453518419417],[139.59228459687273,35.62422567033294],[139.59362839751608,35.6266244027575],[139.5912633083838,35.63105045097315],[139.59140664711907,35.63306229107117],[139.587787344053,35.634965801317755],[139.58443680111557,35.641078700077124],[139.58658688214493,35.642641745076354],[139.5876440053177,35.64617020309442],[139.5895611609022,35.64513333165929],[139.5920695887698,35.64590711631237],[139.59196208471835,35.65135456027009],[139.59309087725876,35.65152479289377],[139.59233834889847,35.65542466754531],[139.58988367305662,35.65725079932659],[139.58896988861915,35.66245063219532],[139.586568964803,35.66395177442231],[139.59011659850145,35.66579338189665],[139.5888982192515,35.66941469407308],[139.58850403772945,35.67051346828046],[139.58248381084724,35.67339194718994],[139.58664063417066,35.67398002352628],[139.58678397290595,35.67780251971252],[139.5881277735493,35.68004649520647],[139.58531475086923,35.68204285961143],[139.59418383511533,35.682135713769796]]]],"type":"MultiPolygon"},"id":"geoshape:13:2015-01-01:3317a8b37e92c6277ffd","properties":{"administrativeCode":"13112","jurisdictionId":"geoshape:13:2015-01-01:3317a8b37e92c6277ffd","municipalityName":"世田谷区","prefectureName":"東京都","snapshotDate":"2015-01-01","sourceDataset":"historical-administrative-areas-beta","sourceProvider":"Geoshape","sourceResourceId":"gci:13112A1968"},"type":"Feature"},{"geometry":{"coordinates":[[[[139.75275231103072,35.73506258404079],[139.75993716513716,35.73158055310191],[139.7609405362842,35.73219958082437],[139.76278602250107,35.73074486567657],[139.7649181861885,35.72721640765851],[139.76325187339077,35.721877293552225],[139.7686808279899,35.71581082187204],[139.76450608732455,35.7172810127129],[139.7656886318907,35.713582322071154],[139.76762370481714,35.71296329434869],[139.76823289444212,35.710456232072694],[139.7666203336701,35.70870747875672],[139.7712430078832,35.70898604123183],[139.77013213268472,35.705349253362336],[139.76989920723986,35.70336836465044],[139.76640532556715,35.701789843958146],[139.7685016545708,35.70013394480054],[139.76602906138703,35.69963872262257],[139.76129888312244,35.70158865994834],[139.75719581182474,35.70171246549284],[139.749061338597,35.70312075356145],[139.74587205173677,35.70290409385859],[139.7428081862699,35.70813487811344],[139.73585625760833,35.709187225241635],[139.73245196264517,35.70739204484648],[139.7318427730202,35.70926460370694],[139.72598380221518,35.709202700934696],[139.72326036624466,35.71040980499351],[139.72250783788436,35.71226688816091],[139.71761640354256,35.7144953879618],[139.71831517987712,35.717760759197816],[139.72472958828138,35.720004734691756],[139.72275868067112,35.72514266478824],[139.7264854877887,35.72704617503483],[139.72987186540993,35.726287866074806],[139.73196819441355,35.724105793353104],[139.7373971490127,35.726891418104216],[139.73596376165978,35.72935205330102],[139.73908137915237,35.731843639883955],[139.74085519600158,35.73035797335003],[139.74352487994636,35.73289598701215],[139.74244983943169,35.733793577209724],[139.74461783780296,35.73583636869387],[139.74918675999035,35.73288051131909],[139.75275231103072,35.73506258404079]]]],"type":"MultiPolygon"},"id":"geoshape:13:2015-01-01:3e22668813b472fe56c2","properties":{"administrativeCode":"13105","jurisdictionId":"geoshape:13:2015-01-01:3e22668813b472fe56c2","municipalityName":"文京区","prefectureName":"東京都","snapshotDate":"2015-01-01","sourceDataset":"historical-administrative-areas-beta","sourceProvider":"Geoshape","sourceResourceId":"gci:13105A1968"},"type":"Feature"},{"geometry":{"coordinates":[[[[139.4967851644853,35.77870403847476],[139.49768103158084,35.772142344616604],[139.49925775766906,35.77167807382475],[139.5012107479374,35.76562707783763],[139.49719726334925,35.76243908506692],[139.50479421631965,35.76110817546362],[139.4947605048493,35.758291599326384],[139.49388255509564,35.75381912403156],[139.48730689061418,35.74899070779631],[139.485730164526,35.74386825339289],[139.48515680958482,35.74088144463198],[139.4873248079561,35.7409123960181],[139.4862139327576,35.73450545909056],[139.47883198789012,35.7352173409714],[139.47709400572472,35.73758512200985],[139.47725526180193,35.73990647596909],[139.47100210947485,35.74275400349245],[139.46639735260365,35.744084913095755],[139.4509884385599,35.7369970456735],[139.4507017610893,35.74199569453243],[139.45138262008194,35.74561700670886],[139.44754830891293,35.7492383188853],[139.447530391571,35.75259654427968],[139.44620450826957,35.7556607315059],[139.4441619312917,35.755753585664266],[139.4405426282256,35.7602260609591],[139.44000510796823,35.763739043284104],[139.44077555367042,35.76700441452012],[139.4449861290196,35.76666394927276],[139.44620450826957,35.76794843179688],[139.45134678539813,35.769325768479376],[139.4587108129237,35.77005312605328],[139.46134466218464,35.773442302833786],[139.46985539959255,35.77420061179381],[139.47116336555206,35.77341135144766],[139.47949492954083,35.7799420939197],[139.48497763616572,35.78080873273115],[139.48958239303693,35.77915283357355],[139.49038867342293,35.78090158688952],[139.4937929683861,35.7796171043654],[139.4934883735736,35.78170632292873],[139.4959788840993,35.7815979930773],[139.4967851644853,35.77870403847476]]]],"type":"MultiPolygon"},"id":"geoshape:13:2015-01-01:460eddc3dff09a98649a","properties":{"administrativeCode":"13213","jurisdictionId":"geoshape:13:2015-01-01:460eddc3dff09a98649a","municipalityName":"東村山市","prefectureName":"東京都","snapshotDate":"2015-01-01","sourceDataset":"historical-administrative-areas-beta","sourceProvider":"Geoshape","sourceResourceId":"gci:13213A1968"},"type":"Feature"},{"geometry":{"coordinates":[[[[139.77314224612581,35.59575039509943],[139.76679950708922,35.59256240232872],[139.76541987176205,35.59448138826836],[139.7625530970562,35.59460519381286],[139.76257101439813,35.58501026411461],[139.75597743257475,35.5849328856493],[139.7560132672586,35.589250604013515],[139.74947343746095,35.58886371168697],[139.7501901311374,35.5913552982699],[139.74843423163009,35.591927898913184],[139.74907925593888,35.60071809257223],[139.75174893988367,35.60466439430296],[139.7530210711594,35.61764850078172],[139.75798417486882,35.61767945216785],[139.76194390743123,35.614646216327756],[139.7634847988356,35.60871902588512],[139.77314224612581,35.59575039509943]]],[[[139.7734468409383,35.62026389290915],[139.77063381825823,35.61873179929604],[139.76765953950095,35.62207454899736],[139.7675878701333,35.62580419102523],[139.76873458001563,35.626438694440765],[139.77135051193468,35.62314237181862],[139.7734468409383,35.62026389290915]]],[[[139.75350483939098,35.62405543770926],[139.75755415866297,35.62408638909538],[139.75742873726958,35.62792436097469],[139.75941756222173,35.628001739439995],[139.75975799171806,35.61935082701851],[139.75312857521087,35.618994886078085],[139.75350483939098,35.62405543770926]]],[[[139.75026180050503,35.62482922236235],[139.75183852659325,35.62475184389704],[139.75038722189842,35.60565483865891],[139.74771753795363,35.60271445697719],[139.74653499338748,35.59016366990416],[139.73587417495023,35.587362569459984],[139.73010479085477,35.587378045153045],[139.72894016363054,35.588832760300846],[139.73055272440257,35.59216003430911],[139.728241387296,35.594388534109996],[139.72109236787338,35.59429567995163],[139.71917521228886,35.59185052044788],[139.71754473417494,35.596230141584336],[139.71534090111984,35.59691107207905],[139.71448086870808,35.59997525930527],[139.7118291021052,35.600656189799984],[139.70106077961648,35.60141449876001],[139.6982119222526,35.60358109578864],[139.69539889957252,35.607496446133254],[139.69557807299162,35.61210820266564],[139.70398130634806,35.621873364987565],[139.6961514279328,35.62481374666928],[139.6961514279328,35.62481374666928],[139.70147287848044,35.625897045183606],[139.70401714103187,35.624705416817854],[139.70713475852443,35.62547920147094],[139.71464212478529,35.62905408656819],[139.71444503402427,35.634130113892425],[139.7132266547743,35.637550242059056],[139.71763432088449,35.64166677641347],[139.71921104697267,35.64185248473021],[139.7168997098661,35.63994897448362],[139.7178314116455,35.63504317978307],[139.71996357533297,35.634578908991216],[139.7222211604138,35.635971721366765],[139.72600171955708,35.63502770409001],[139.7263242317115,35.632861107061366],[139.7309289885827,35.630276666320064],[139.73114399668563,35.62648512151995],[139.73395701936573,35.626113704886464],[139.73539040671864,35.62320427459087],[139.73779133053475,35.62453518419417],[139.74332778918534,35.62513873622358],[139.74676791883232,35.62323522597699],[139.75026180050503,35.62482922236235]]]],"type":"MultiPolygon"},"id":"geoshape:13:2015-01-01:49043a45fc88db932251","properties":{"administrativeCode":"13109","jurisdictionId":"geoshape:13:2015-01-01:49043a45fc88db932251","municipalityName":"品川区","prefectureName":"東京都","snapshotDate":"2015-01-01","sourceDataset":"historical-administrative-areas-beta","sourceProvider":"Geoshape","sourceResourceId":"gci:13109A1968"},"type":"Feature"},{"geometry":{"coordinates":[[[[139.4303118259942,35.70353859727412],[139.43563327654186,35.70372430559086],[139.42826924901632,35.71735839117821],[139.43333985677722,35.71839526261334],[139.43654706097936,35.71477395043691],[139.44161766874026,35.7158262975651],[139.4438752538211,35.711740714596814],[139.44611492156002,35.722867737908174],[139.45788661519578,35.72080947073097],[139.45867497823986,35.717884564742306],[139.47202339796382,35.71537750246631],[139.47193381125425,35.711028832715975],[139.4784915583938,35.70870747875672],[139.4802295405592,35.7143715824173],[139.48571224718407,35.70838248920243],[139.48743231200757,35.70646350326278],[139.4844580332503,35.70225411475],[139.4914457965957,35.70024227465198],[139.48958239303693,35.69544480980285],[139.48646477554436,35.69216396287377],[139.47822279826514,35.690368782478615],[139.47686108027986,35.6892854839643],[139.46654069133893,35.68844979653897],[139.46370975131694,35.68964142490472],[139.46779490527274,35.69250442812113],[139.4668094514676,35.69533647995142],[139.46376350334268,35.69544480980285],[139.4629751402986,35.6998708580185],[139.46025170432807,35.69985538232544],[139.45940958925823,35.692380622576636],[139.45561111277303,35.69473292792202],[139.44855168005995,35.700954156532816],[139.44161766874026,35.700366080196474],[139.44100847911528,35.701325573166294],[139.43199605613387,35.70165056272059],[139.4303118259942,35.70353859727412]]]],"type":"MultiPolygon"},"id":"geoshape:13:2015-01-01:4dfbd7fe337ad736a830","properties":{"administrativeCode":"13214","jurisdictionId":"geoshape:13:2015-01-01:4dfbd7fe337ad736a830","municipalityName":"国分寺市","prefectureName":"東京都","snapshotDate":"2015-01-01","sourceDataset":"historical-administrative-areas-beta","sourceProvider":"Geoshape","sourceResourceId":"gci:13214A1968"},"type":"Feature"},{"geometry":{"coordinates":[[[[139.35726282302167,35.74462656235291],[139.35726282302167,35.74462656235291]]],[[[139.37903239344394,35.77119832733984],[139.3731017532713,35.768985303232014],[139.37329884403232,35.77129118149821],[139.3709158375581,35.771430462735765],[139.3685507484258,35.77440179580361],[139.36738612120158,35.76779367486627],[139.36288886838182,35.76192838719589],[139.3609537954554,35.76110817546362],[139.35882163176797,35.75793565838597],[139.359018722529,35.754484578833214],[139.35751366580843,35.75352508586339],[139.3581228554334,35.75075493680534],[139.3566536333967,35.75081683957759],[139.3546648084445,35.7456015310158],[139.3498987954961,35.74772170096525],[139.35043631575346,35.74513726022395],[139.35333892514308,35.742537343789586],[139.35206679386738,35.741237385572404],[139.34552696406973,35.747071721856656],[139.3423376772095,35.74614318027296],[139.342642272022,35.74984187091471],[139.34301853620215,35.75383459972462],[139.34036676959929,35.75372626987319],[139.3358515994376,35.759297519375394],[139.33477655892293,35.76493067164985],[139.33642495437877,35.7660449215503],[139.33319983283474,35.76760796654953],[139.3336477663825,35.77095071625085],[139.33151560269508,35.77291612926969],[139.32879216672455,35.7713376085774],[139.32106979236076,35.77721837194084],[139.3241157404857,35.78108729520626],[139.3206576934968,35.78336222208633],[139.32058602412914,35.78990844025142],[139.32275402250042,35.78630260376805],[139.3220552461659,35.78978463470693],[139.32626582151505,35.78702996134195],[139.33006429800025,35.7906048464392],[139.32848757191206,35.79176552341883],[139.33036889281274,35.79362260658623],[139.33278773397078,35.79188932896332],[139.3348840629744,35.79369998505154],[139.3385033660405,35.79459757524912],[139.34267810670585,35.79402497460583],[139.34670950863588,35.79640823133734],[139.35025714233433,35.79340594688337],[139.3549156512313,35.79371546074461],[139.3598429202569,35.79162624218127],[139.36991246641108,35.79173457203271],[139.368712004503,35.79029533257797],[139.36987663172727,35.78760256198524],[139.36783405474935,35.78704543703501],[139.36749362525305,35.784383617828404],[139.37299424921983,35.77964805575152],[139.3753055863264,35.78042184040461],[139.38014326864246,35.77875046555395],[139.38152290396962,35.77435536872443],[139.37903239344394,35.77119832733984]]]],"type":"MultiPolygon"},"id":"geoshape:13:2015-01-01:4f1f48637afe33a4b060","properties":{"administrativeCode":"13303","jurisdictionId":"geoshape:13:2015-01-01:4f1f48637afe33a4b060","municipalityName":"瑞穂町","parentJurisdictionName":"西多摩郡","prefectureName":"東京都","snapshotDate":"2015-01-01","sourceDataset":"historical-administrative-areas-beta","sourceProvider":"Geoshape","sourceResourceId":"gci:13303A1968"},"type":"Feature"},{"geometry":{"coordinates":[[[[139.27600767745372,34.327393543149185],[139.2797524019132,34.32545908151647],[139.2775306515162,34.32414364760623],[139.2751834797258,34.325969779387506],[139.27600767745372,34.327393543149185]]],[[[139.2186184313117,34.33287193849302],[139.2186184313117,34.33285646279996],[139.22024890942564,34.332810035720776],[139.2228827586866,34.33003988666273],[139.22553452528948,34.330844622701946],[139.2264841444108,34.33003988666273],[139.22696791264238,34.32618643909037],[139.22485366629684,34.32419007468541],[139.219568050433,34.3218532450331],[139.2196934718264,34.32064614097429],[139.2178300682676,34.320073540331],[139.21698795319776,34.31680816909498],[139.21664752370145,34.31668436355049],[139.213906170389,34.31775218637175],[139.21195318012067,34.31574034627373],[139.21139774252143,34.3182164571636],[139.20713341514653,34.31762838082726],[139.20695424172743,34.31976402646977],[139.20747384464286,34.321125887459196],[139.20306617853265,34.32129612008288],[139.20131027902534,34.3163593739962],[139.1977626453269,34.31604986013497],[139.197744727985,34.31756647805501],[139.194913787963,34.31820098147054],[139.19392833415787,34.32032115141999],[139.1955408949299,34.32287464077517],[139.19953646217613,34.325118616269116],[139.20168654320548,34.32603168215975],[139.20025315585258,34.32903396661372],[139.20372912018337,34.32736259176306],[139.20528792892966,34.32778043547573],[139.20656006020536,34.33036487621703],[139.2088176452862,34.33115413656317],[139.20670339894068,34.334961157056355],[139.20684673767596,34.33514686537309],[139.20684673767596,34.33516234106615],[139.20878181060237,34.33483735151186],[139.20969559503985,34.33681824022376],[139.21283112987433,34.33695752146131],[139.21412117849195,34.33246957047342],[139.2186184313117,34.33287193849302]]],[[[139.22560619465713,34.37501225070001],[139.22933300177468,34.37261351827545],[139.2287596468335,34.36733630694141],[139.2260182935211,34.36773867496102],[139.22600037617917,34.36773867496102],[139.22757710226736,34.371545695454195],[139.22377862578216,34.37430036881918],[139.22560619465713,34.37501225070001]]],[[[139.28786895779905,34.41518714988817],[139.28659682652332,34.41151941063255],[139.29136283947176,34.40816118523816],[139.28926651046814,34.40635052914994],[139.28982194806738,34.402853022518],[139.28810188324388,34.40081023103386],[139.28502010043513,34.39981978667791],[139.27839068392794,34.391478388117655],[139.27663478442062,34.38344650341864],[139.2757926693508,34.36848150822798],[139.27600767745372,34.35340818318589],[139.2764018589758,34.34943093006903],[139.27586433871843,34.3434263611611],[139.2731409027479,34.34057883363775],[139.27188668881413,34.33092200116725],[139.26090335822246,34.33414094532408],[139.25771407136224,34.33578136878862],[139.25536689957187,34.33827295537155],[139.25181926587342,34.33988242744997],[139.24916749927056,34.34506678462564],[139.24447315568978,34.34850238848533],[139.24572736962355,34.354336724769595],[139.24524360139196,34.35896395699504],[139.24203639718982,34.364148314170706],[139.24334436314936,34.36787795619857],[139.23988631616047,34.37064810525662],[139.24164221566778,34.37052429971212],[139.24585279101694,34.36787795619857],[139.2503679611786,34.37304683768118],[139.25371850411602,34.379066882282174],[139.2555998250167,34.38383339574518],[139.25723030313065,34.392066464454],[139.25723030313065,34.39511517598715],[139.2551160567851,34.39635323143209],[139.25649569211228,34.398751963856654],[139.25543856893952,34.401026890736716],[139.25896828529605,34.40214114063716],[139.26011499517838,34.40406012657681],[139.26713859320762,34.40823856370347],[139.26611730471868,34.41015754964312],[139.26708484118188,34.413252688255454],[139.26939617828845,34.41636330256085],[139.27475346351994,34.416812097659644],[139.2764376936596,34.41577522622451],[139.27948364178454,34.417988250332336],[139.28174122686536,34.42413210047783],[139.28050493027348,34.42940931181187],[139.27851610532133,34.4311735408209],[139.28344337434694,34.43041523186088],[139.28853189944977,34.426840346763626],[139.29093282326588,34.424271381715386],[139.2911299140269,34.41922630577727],[139.2922587065673,34.418684656520114],[139.28786895779905,34.41518714988817]]],[[[139.28650723981377,34.478358928966],[139.2886035688174,34.476826835352895],[139.29464171304153,34.47442810292833],[139.29956898206714,34.47148772124661],[139.29847602421054,34.46989372486125],[139.29166743428425,34.47012586025718],[139.28946360122916,34.47506260634386],[139.28650723981377,34.478358928966]]]],"type":"MultiPolygon"},"id":"geoshape:13:2015-01-01:4fcd7824885ad5cb0db1","properties":{"administrativeCode":"13363","jurisdictionId":"geoshape:13:2015-01-01:4fcd7824885ad5cb0db1","municipalityName":"新島村","prefectureName":"東京都","snapshotDate":"2015-01-01","sourceDataset":"historical-administrative-areas-beta","sourceProvider":"Geoshape","sourceResourceId":"gci:13363A1992"},"type":"Feature"},{"geometry":{"coordinates":[[[[139.39390378723036,35.608192852321025],[139.3972901648516,35.61003445979537],[139.40069445981476,35.61045230350803],[139.40126781475593,35.60871902588512],[139.40793306594693,35.612046299893386],[139.41079984065277,35.61025111949823],[139.41275283092108,35.61227843528931],[139.41737550513423,35.61153560202235],[139.4205289573106,35.60978684870638],[139.42310905454585,35.606629807321795],[139.42615500267078,35.60546913034217],[139.42823341433248,35.608053571083474],[139.4343790626081,35.60582507128259],[139.43885839808593,35.610080886874556],[139.4459357481409,35.60870355019206],[139.44928629107832,35.61178321311134],[139.45286975946058,35.60745001905406],[139.4535147837694,35.60447868598622],[139.45738492962224,35.60721788365814],[139.4606279685082,35.60840951202389],[139.46308264435004,35.60802261969735],[139.465716493611,35.60957018900352],[139.46657652602278,35.60658338024261],[139.4702674984565,35.603488241630274],[139.4710558615006,35.60115141197795],[139.47802570750412,35.59896933925626],[139.48015787119155,35.59486828059491],[139.48393843033486,35.59506946460471],[139.48345466210324,35.59344451683323],[139.49196539951114,35.58846134366737],[139.49320169610303,35.58920417693433],[139.4944559100368,35.58631022233179],[139.49391838977948,35.58278176431372],[139.4974122714522,35.58210083381901],[139.50226787111015,35.57821643486053],[139.50545715797037,35.57478083100083],[139.50689054532327,35.57581770243596],[139.5065680331689,35.571716643774614],[139.5004403022352,35.570323831399065],[139.50083448375725,35.56852865100391],[139.498057295761,35.567894147588376],[139.4961759748603,35.564628776352365],[139.4944559100368,35.56470615481767],[139.49103369773175,35.56142530788859],[139.48908070746342,35.563205012590686],[139.48641102351863,35.56894649471657],[139.48286338982018,35.57137617852726],[139.48374133957384,35.5719642548636],[139.48612434604803,35.578448570256455],[139.48839984847078,35.57852594872176],[139.4898690705075,35.583571024659875],[139.48497763616572,35.58460789609501],[139.48220044816946,35.58171394149247],[139.47601896521005,35.58075444852265],[139.4732417772138,35.57666886555436],[139.4732596945557,35.57385228941713],[139.46965830883153,35.56950361966679],[139.4683682602139,35.562910974422515],[139.47012415972122,35.560636047542445],[139.47523060216594,35.559753933037925],[139.47648481609974,35.56255503348209],[139.4797636896695,35.559351565018325],[139.4817883493055,35.556086193782306],[139.48239753893048,35.54741980566776],[139.48033704461068,35.54314851438273],[139.4816450105702,35.53994504591896],[139.4849597188238,35.53805701136543],[139.48452970261792,35.5360915983466],[139.48671561833112,35.53561185186169],[139.4857659992098,35.53135603626972],[139.4877906588458,35.527889481023905],[139.48759356808478,35.5247788667185],[139.4857480818679,35.52234918290782],[139.48646477554436,35.520306391423674],[139.48327548868414,35.51914571444404],[139.4803549619526,35.51473514192146],[139.47698650167325,35.511206683903396],[139.4811254076548,35.50531044484689],[139.48494180148188,35.503964059550526],[139.47637731204827,35.5013486674231],[139.46779490527274,35.50226173331374],[139.46826075616244,35.506208035044466],[139.46485646119928,35.51089717004216],[139.4632797351111,35.51784575622686],[139.46112965408173,35.5192849956816],[139.45577236885023,35.520461148354286],[139.45487650175465,35.52284440508579],[139.45833454874355,35.52793590810309],[139.45057633969594,35.5335071576053],[139.4481574985379,35.537809400276444],[139.44509363307105,35.54113667428471],[139.4407038843028,35.54296280606599],[139.436009540722,35.546831729331416],[139.4334831955125,35.54632103146038],[139.43197813879198,35.548735239578],[139.4277854807847,35.55114944769562],[139.4271583738178,35.5533005690312],[139.42391533493185,35.5558850097725],[139.42244611289513,35.55942894348363],[139.4180026121011,35.561920530066566],[139.41343368991372,35.56625372412384],[139.4107102539432,35.571020237586836],[139.40938437064176,35.57485820946614],[139.40734179366387,35.575833178129024],[139.40332830907573,35.57552366426779],[139.4013932361493,35.57719503911846],[139.39987026208684,35.5843293336199],[139.39481757166783,35.58411267391703],[139.39420838204285,35.58559834045096],[139.39109076455028,35.585257875203595],[139.38861817136652,35.588538722132675],[139.38532138045483,35.58819825688532],[139.38071662358362,35.590519610844574],[139.37915781483733,35.59019462129028],[139.3747143140433,35.59432663133775],[139.36953620223093,35.59462066950592],[139.3672427824663,35.596926547772114],[139.3626738602789,35.59930980450362],[139.35667155073858,35.59855149554359],[139.35482606452172,35.60019191900813],[139.34398607266536,35.602358516036766],[139.33988300136767,35.60525247063931],[139.3377508376802,35.60413822073886],[139.33117517319874,35.603782279798445],[139.33010013268407,35.602931116680054],[139.32386489769894,35.60455606445153],[139.32028142931665,35.60613458514382],[139.3145120452212,35.60402989088743],[139.30485459793098,35.60443225890704],[139.2993360566223,35.606072682371575],[139.29657678596794,35.609632091775765],[139.29233037593497,35.611643931873786],[139.2828879367477,35.61316054979383],[139.28028992217054,35.61169035895297],[139.27405468718538,35.611024904151314],[139.26880490600539,35.609353529300655],[139.26880490600539,35.6121236783587],[139.27335591085085,35.61379505320936],[139.27649144568534,35.616580677960464],[139.27790691569632,35.61945915686994],[139.2857726287954,35.62080554216631],[139.2870268427292,35.62202812191818],[139.2893560971777,35.620171038750776],[139.29313665632097,35.62089839632468],[139.29465963038345,35.61723065706906],[139.29354875518493,35.615466428060024],[139.29797433863703,35.61610093147555],[139.30349287994574,35.61517238989185],[139.30761386858535,35.61624021271311],[139.31363409546756,35.614460508011014],[139.3153004082653,35.612912938704845],[139.3175042413204,35.6152342926641],[139.32278985718423,35.61481644895143],[139.32639124290841,35.615760466228195],[139.33733873881624,35.614197421228965],[139.3385392007243,35.619443681176875],[139.33841377933095,35.62340545860067],[139.34129847137865,35.62006270889935],[139.3394709025037,35.61701399736619],[139.33991883605148,35.614197421228965],[139.3423018425257,35.6132534039522],[139.34739036762852,35.60893568558799],[139.3593949867091,35.60656790454955],[139.36131214229363,35.60509771370869],[139.36582731245528,35.60871902588512],[139.37338843074187,35.60421559920417],[139.37747358469767,35.604060842273554],[139.38168416004683,35.60212638064084],[139.38688018920112,35.597947943514185],[139.38834941123784,35.60240494311596],[139.3876327175614,35.60500485955032],[139.39390378723036,35.608192852321025]]]],"type":"MultiPolygon"},"id":"geoshape:13:2015-01-01:63350cfe1c66fdea1a75","properties":{"administrativeCode":"13209","jurisdictionId":"geoshape:13:2015-01-01:63350cfe1c66fdea1a75","municipalityName":"町田市","prefectureName":"東京都","snapshotDate":"2015-01-01","sourceDataset":"historical-administrative-areas-beta","sourceProvider":"Geoshape","sourceResourceId":"gci:13209A1968"},"type":"Feature"},{"geometry":{"coordinates":[[[[139.7584321084166,32.4734674171306],[139.76246351034666,32.471424625646456],[139.76986337255605,32.46907232030108],[139.77181636282438,32.465698619213626],[139.77747824286837,32.46169041471065],[139.78127671935357,32.45748102619787],[139.78034501757418,32.45356567585326],[139.78140214074696,32.45217286347771],[139.77916247300803,32.447298020163274],[139.7716730240891,32.443738610759084],[139.76731911000465,32.44301125318519],[139.76369980693855,32.44581235362936],[139.7601163385563,32.4464004299657],[139.7546157145895,32.45133717605238],[139.75484864003434,32.46294394584865],[139.75443654117038,32.46707595589612],[139.7550994828211,32.47164128534932],[139.7584321084166,32.4734674171306]]]],"type":"MultiPolygon"},"id":"geoshape:13:2015-01-01:65b6784c39f9f554d9a0","properties":{"administrativeCode":"13402","jurisdictionId":"geoshape:13:2015-01-01:65b6784c39f9f554d9a0","municipalityName":"青ケ島村","prefectureName":"東京都","snapshotDate":"2015-01-01","sourceDataset":"historical-administrative-areas-beta","sourceProvider":"Geoshape","sourceResourceId":"gci:13402A1968"},"type":"Feature"},{"geometry":{"coordinates":[[[[139.71951564178516,35.745044406065574],[139.7200173273587,35.74177903482956],[139.72361871308289,35.739937427355216],[139.72790095779968,35.74471941651128],[139.73263113606427,35.745090833144765],[139.73178902099446,35.74331112844267],[139.73555166279584,35.740540979384626],[139.74107020410452,35.74235163547284],[139.7465708280713,35.73984457319685],[139.7495630241705,35.73654825057471],[139.75275231103072,35.73506258404079],[139.74918675999035,35.73288051131909],[139.74461783780296,35.73583636869387],[139.74244983943169,35.733793577209724],[139.74352487994636,35.73289598701215],[139.74085519600158,35.73035797335003],[139.73908137915237,35.731843639883955],[139.73596376165978,35.72935205330102],[139.7373971490127,35.726891418104216],[139.73196819441355,35.724105793353104],[139.72987186540993,35.726287866074806],[139.7264854877887,35.72704617503483],[139.72275868067112,35.72514266478824],[139.72472958828138,35.720004734691756],[139.71831517987712,35.717760759197816],[139.71761640354256,35.7144953879618],[139.72250783788436,35.71226688816091],[139.71440919934045,35.713179954051554],[139.71211577957578,35.714758474743846],[139.7105390534876,35.71353589499197],[139.70536094167522,35.71370612761565],[139.7045546612892,35.715872724644285],[139.7059342966164,35.718859533405194],[139.70460841331493,35.723007019145726],[139.6998244830246,35.723548668402884],[139.6957214117269,35.72173801231467],[139.68661940203594,35.722728456670616],[139.68271342149927,35.72364152256126],[139.68135170351403,35.72704617503483],[139.67733821892588,35.72936752899408],[139.67796532589279,35.730682962904325],[139.67873577159497,35.73442808062526],[139.68076043123094,35.73876127468253],[139.68961159813514,35.74133023973077],[139.69258587689242,35.743636117996964],[139.69453886716076,35.74222782992835],[139.6988748639033,35.74239806255203],[139.69921529339962,35.73972076765236],[139.70098911024886,35.73990647596909],[139.7023329108922,35.73614588255511],[139.70815604701338,35.74146952096832],[139.71043154943612,35.74578723933254],[139.71951564178516,35.745044406065574]]]],"type":"MultiPolygon"},"id":"geoshape:13:2015-01-01:6ad7e05ba056d26218dd","properties":{"administrativeCode":"13116","jurisdictionId":"geoshape:13:2015-01-01:6ad7e05ba056d26218dd","municipalityName":"豊島区","prefectureName":"東京都","snapshotDate":"2015-01-01","sourceDataset":"historical-administrative-areas-beta","sourceProvider":"Geoshape","sourceResourceId":"gci:13116A1968"},"type":"Feature"},{"geometry":{"coordinates":[[[[139.52645628269048,35.7172810127129],[139.52692213358017,35.71851906815784],[139.53000391638892,35.71749767241577],[139.52943056144775,35.71279306172501],[139.5373679439145,35.711322870884146],[139.5494083976789,35.71692507177248],[139.5545865094913,35.72077851934485],[139.5576145402743,35.72181539077998],[139.5656415094506,35.72166063384936],[139.57395515609744,35.719432134048475],[139.58203587729946,35.71393826301158],[139.58665855151258,35.711910947220495],[139.59547388373295,35.70544210752071],[139.59284003447198,35.70109343777037],[139.59025993723677,35.694825782080386],[139.5882890296265,35.69561504242653],[139.58671230353832,35.69395914326893],[139.5848309826376,35.69725546589107],[139.57992163095392,35.698818510890305],[139.57666067472604,35.70143390301773],[139.57255760342835,35.69883398658337],[139.57051502645047,35.698926840741734],[139.55016092603918,35.706788492817076],[139.5506626116127,35.69501149039712],[139.54227729559818,35.69669834094085],[139.54218770888863,35.69529005287224],[139.53652582884465,35.69533647995142],[139.53641832479317,35.6982923373262],[139.53392781426749,35.69897326782092],[139.5321898321021,35.70291956955165],[139.53254817894032,35.70910984677633],[139.527155059025,35.709914582815536],[139.52738798446987,35.71280853741807],[139.5252199860986,35.71305614850706],[139.52645628269048,35.7172810127129]]]],"type":"MultiPolygon"},"id":"geoshape:13:2015-01-01:6d18570ddef6142c1bb6","properties":{"administrativeCode":"13203","jurisdictionId":"geoshape:13:2015-01-01:6d18570ddef6142c1bb6","municipalityName":"武蔵野市","prefectureName":"東京都","snapshotDate":"2015-01-01","sourceDataset":"historical-administrative-areas-beta","sourceProvider":"Geoshape","sourceResourceId":"gci:13203A1968"},"type":"Feature"},{"geometry":{"coordinates":[[[[139.37903239344394,35.77119832733984],[139.38021493801008,35.76636991110459],[139.38524971108717,35.76527113689721],[139.38960362517165,35.76712822006461],[139.39182537556866,35.76683418189644],[139.3904994922672,35.76378547036329],[139.39168203683334,35.76335215095756],[139.40053320373755,35.76195933858201],[139.40261161539928,35.761077224077496],[139.40497670453158,35.76208314412651],[139.4075388844249,35.76084508868156],[139.4092768665903,35.75822969655414],[139.40902602380353,35.75522741210017],[139.40748513239916,35.753215572002155],[139.4073776283477,35.748665718242016],[139.41065650191746,35.747505041262386],[139.4107102539432,35.74185641329487],[139.41192863319318,35.73975171903848],[139.4111940221748,35.737260132455546],[139.413577028649,35.73643992072328],[139.41441914371885,35.73303526824971],[139.40945604000942,35.73260194884398],[139.4088289330425,35.73362334458605],[139.4004077823442,35.733561441813805],[139.39827561865673,35.73493877849629],[139.39530133989945,35.73349953904155],[139.38788356034814,35.73950410794949],[139.38354756360562,35.74396110755126],[139.38490928159086,35.741515948047514],[139.38481969488132,35.73787916017801],[139.38729228806508,35.73704347275268],[139.39121618594365,35.73353049042768],[139.3884389979474,35.733700723051356],[139.3838521584181,35.735526854832635],[139.38349381157988,35.73303526824971],[139.38096746637038,35.734845924337925],[139.3784769558447,35.73351501473462],[139.37795735292926,35.73509353542691],[139.3702708132493,35.737352986613914],[139.3694645328633,35.73588279577306],[139.36546896561705,35.73907078854376],[139.35987875494072,35.7395814864148],[139.3549156512313,35.74276947918551],[139.3546648084445,35.7456015310158],[139.3566536333967,35.75081683957759],[139.3581228554334,35.75075493680534],[139.35751366580843,35.75352508586339],[139.359018722529,35.754484578833214],[139.35882163176797,35.75793565838597],[139.3609537954554,35.76110817546362],[139.36288886838182,35.76192838719589],[139.36738612120158,35.76779367486627],[139.3685507484258,35.77440179580361],[139.3709158375581,35.771430462735765],[139.37329884403232,35.77129118149821],[139.3731017532713,35.768985303232014],[139.37903239344394,35.77119832733984]],[[139.35726282302167,35.74462656235291],[139.35726282302167,35.74462656235291]]]],"type":"MultiPolygon"},"id":"geoshape:13:2015-01-01:6fe6e2f3777dfaa32fa4","properties":{"administrativeCode":"13223","jurisdictionId":"geoshape:13:2015-01-01:6fe6e2f3777dfaa32fa4","municipalityName":"武蔵村山市","prefectureName":"東京都","snapshotDate":"2015-01-01","sourceDataset":"historical-administrative-areas-beta","sourceProvider":"Geoshape","sourceResourceId":"gci:13223A1970"},"type":"Feature"},{"geometry":{"coordinates":[[[[139.57696526953853,33.86912732020633],[139.57680401346133,33.879310326240926],[139.5787928384135,33.88379827722881],[139.58260923224063,33.888843353166926],[139.59094079622938,33.89795853638026],[139.5939867443543,33.899072786280705],[139.6035725222769,33.90116200484403],[139.60982567460394,33.898809699498656],[139.61658051250453,33.892774179204594],[139.61853350277286,33.89241823826418],[139.62527042333153,33.883844704308],[139.6299826842542,33.87394026074851],[139.63191775718062,33.871309392928026],[139.6312548155299,33.86748689674179],[139.62371161458523,33.85510634229244],[139.61968021265517,33.85170168981886],[139.6111694752473,33.853496870214016],[139.60178078808576,33.85450279026303],[139.5923921009242,33.854363509025475],[139.5833975952847,33.857613404568426],[139.5784703262591,33.86073949456689],[139.5765710880165,33.86649645238584],[139.57696526953853,33.86912732020633]]]],"type":"MultiPolygon"},"id":"geoshape:13:2015-01-01:70ddab9662a20625cc63","properties":{"administrativeCode":"13382","jurisdictionId":"geoshape:13:2015-01-01:70ddab9662a20625cc63","municipalityName":"御蔵島村","prefectureName":"東京都","snapshotDate":"2015-01-01","sourceDataset":"historical-administrative-areas-beta","sourceProvider":"Geoshape","sourceResourceId":"gci:13382A1968"},"type":"Feature"},{"geometry":{"coordinates":[[[[139.6641152205953,35.67634780456472],[139.6620547262755,35.67562044699082],[139.661750131463,35.67252530837848],[139.6551207149558,35.670544419666584],[139.65033678466548,35.66990991625106],[139.64773877008835,35.668424249717134],[139.64127060965833,35.667201669965266],[139.63912052862898,35.66583980897583],[139.63259861617325,35.66808378446978],[139.6250554152286,35.66913613159797],[139.6216332029235,35.67264911392298],[139.61030944283556,35.67664184273289],[139.61328372159284,35.67289672501197],[139.6165625951626,35.67263363822992],[139.61618633098246,35.669894440558],[139.60891189016647,35.67035871134985],[139.60837436990911,35.67636328025779],[139.6032679274644,35.68065004723587],[139.59418383511533,35.682135713769796],[139.5936104801742,35.684132078174756],[139.59056453204926,35.68699508139117],[139.59405841372197,35.68899144579613],[139.58671230353832,35.69395914326893],[139.5882890296265,35.69561504242653],[139.59025993723677,35.694825782080386],[139.59284003447198,35.70109343777037],[139.59547388373295,35.70544210752071],[139.58665855151258,35.711910947220495],[139.58499223871482,35.716306044050015],[139.5868198075898,35.719757123602776],[139.58945365685074,35.72028329716687],[139.59384340561903,35.71828693276191],[139.59565305715208,35.722171331720396],[139.59979196313358,35.72392008503637],[139.60194204416294,35.726009303599696],[139.61539796793838,35.730280594884725],[139.62455372965508,35.73014131364717],[139.62439247357787,35.729274674835715],[139.62992893222847,35.72040710271136],[139.6318819224968,35.71972617221665],[139.6321865173093,35.71694054746554],[139.63688086089007,35.71650722805982],[139.64179021257377,35.714758474743846],[139.64284733574655,35.71150857920089],[139.65060554479416,35.709341982172255],[139.65822041510648,35.70921817662776],[139.65820249776456,35.7050397395011],[139.66090801639317,35.70468379856068],[139.6610871898123,35.70143390301773],[139.66253849450712,35.69923635460297],[139.6606213389226,35.69652810831717],[139.66115885917995,35.69519719871386],[139.66510067440043,35.69542933410979],[139.66755535024228,35.69174611916111],[139.660943851077,35.6867784216883],[139.6592237862535,35.686685567529935],[139.65927753827924,35.68190357837387],[139.66257432919093,35.679427467484004],[139.6641152205953,35.67634780456472]]]],"type":"MultiPolygon"},"id":"geoshape:13:2015-01-01:7ba2eae0bc5acc9db812","properties":{"administrativeCode":"13115","jurisdictionId":"geoshape:13:2015-01-01:7ba2eae0bc5acc9db812","municipalityName":"杉並区","prefectureName":"東京都","snapshotDate":"2015-01-01","sourceDataset":"historical-administrative-areas-beta","sourceProvider":"Geoshape","sourceResourceId":"gci:13115A1968"},"type":"Feature"},{"geometry":{"coordinates":[[[[139.32106979236076,35.77721837194084],[139.32879216672455,35.7713376085774],[139.33151560269508,35.77291612926969],[139.3336477663825,35.77095071625085],[139.33319983283474,35.76760796654953],[139.33642495437877,35.7660449215503],[139.33477655892293,35.76493067164985],[139.3358515994376,35.759297519375394],[139.34036676959929,35.75372626987319],[139.34301853620215,35.75383459972462],[139.342642272022,35.74984187091471],[139.33873629148533,35.75010495769675],[139.33776875502213,35.751946565171096],[139.33577993006998,35.75114182913188],[139.32938343900761,35.752379884576825],[139.3249220208717,35.75484051977363],[139.3220552461659,35.753602464328694],[139.32094437096737,35.750043054924504],[139.318794289938,35.7506930340331],[139.3138670209124,35.74711814893585],[139.31105399823232,35.750631131260846],[139.30259701285016,35.755196460714046],[139.29654095128413,35.75454648160546],[139.2974368183797,35.76008677972155],[139.29650511660031,35.76666394927276],[139.29308290429523,35.77204949045823],[139.29213328517395,35.77534581308038],[139.29550174545327,35.77765169134656],[139.29756223977307,35.78077778134503],[139.29989149422155,35.78116467367157],[139.3033137065266,35.778131437831476],[139.3080259674493,35.7772338476339],[139.30919059467354,35.775701754020794],[139.3122723774823,35.77553152139711],[139.3184359430998,35.77841000030659],[139.32106979236076,35.77721837194084]]]],"type":"MultiPolygon"},"id":"geoshape:13:2015-01-01:7e0ba08bb0d774cc92c4","properties":{"administrativeCode":"13227","jurisdictionId":"geoshape:13:2015-01-01:7e0ba08bb0d774cc92c4","municipalityName":"羽村市","prefectureName":"東京都","snapshotDate":"2015-01-01","sourceDataset":"historical-administrative-areas-beta","sourceProvider":"Geoshape","sourceResourceId":"gci:13227A1991"},"type":"Feature"},{"geometry":{"coordinates":[[[[139.78254885062927,35.69657453539636],[139.7825846853131,35.69471745222895],[139.7802195961808,35.69296869891298],[139.7704367274972,35.68930095965736],[139.76968419913695,35.68691770292586],[139.7709025783869,35.68450349480823],[139.77032922344574,35.678437023128055],[139.76368188959663,35.67250983268542],[139.75431111977701,35.66990991625106],[139.74995720569254,35.67083845783476],[139.74780712466318,35.66961587808289],[139.74316653310814,35.67145748555723],[139.73906346181045,35.674010974912406],[139.7367700420458,35.67887034253378],[139.73383159797234,35.67887034253378],[139.73150234352386,35.68150121035427],[139.72999728680333,35.68554036624337],[139.7315740128915,35.68957952213247],[139.7362862738142,35.6921949142599],[139.74587205173677,35.70290409385859],[139.749061338597,35.70312075356145],[139.75719581182474,35.70171246549284],[139.76129888312244,35.70158865994834],[139.76602906138703,35.69963872262257],[139.7685016545708,35.70013394480054],[139.76640532556715,35.701789843958146],[139.76989920723986,35.70336836465044],[139.77013213268472,35.705349253362336],[139.77303474207434,35.70510164227335],[139.77317808080966,35.70188269811652],[139.7803987695999,35.70033512881035],[139.77996875339406,35.698075677623336],[139.78254885062927,35.69657453539636]]]],"type":"MultiPolygon"},"id":"geoshape:13:2015-01-01:81d4e36c8672d529c565","properties":{"administrativeCode":"13101","jurisdictionId":"geoshape:13:2015-01-01:81d4e36c8672d529c565","municipalityName":"千代田区","prefectureName":"東京都","snapshotDate":"2015-01-01","sourceDataset":"historical-administrative-areas-beta","sourceProvider":"Geoshape","sourceResourceId":"gci:13101A1968"},"type":"Feature"},{"geometry":{"coordinates":[[[[139.84674668669763,35.796501085495706],[139.84427409351386,35.79385474198216],[139.845259547319,35.78771089183667],[139.84966721342917,35.779679007137645],[139.85776585197308,35.77082691070636],[139.85880505780395,35.7679020047177],[139.85656539006504,35.764419973778814],[139.85217564129675,35.765750883382125],[139.8512976915431,35.769882893429596],[139.8457970675763,35.76951147679611],[139.84169399627862,35.766447289569896],[139.83768051169048,35.76576635907519],[139.83748342092946,35.763181918333885],[139.83173195417592,35.76370809189798],[139.83099734315755,35.75908085967254],[139.82755721351057,35.757347582049626],[139.8254250498231,35.75912728675172],[139.82624924755103,35.7616807761069],[139.82436792665035,35.76178910595833],[139.82354372892243,35.7558619155157],[139.82024693801074,35.7559857210602],[139.81974525243723,35.76044272066196],[139.8135458521359,35.75966893600888],[139.81347418276826,35.75446910314015],[139.817165155202,35.74914546472693],[139.8203544420622,35.74343493398716],[139.81725474191154,35.742088548690795],[139.8144954712572,35.738807701761715],[139.81304416656238,35.74074216339443],[139.8091023513419,35.74086596893892],[139.80243710015085,35.73863746913804],[139.79480431249664,35.73982909750379],[139.79242130602242,35.74077311478055],[139.7889274243497,35.74439442695699],[139.78869449890487,35.74702529477747],[139.7911312574048,35.75030614170655],[139.78880200295634,35.752503690121316],[139.78398223798217,35.75403578373442],[139.77165510674718,35.753617940021755],[139.75796625752693,35.75485599546669],[139.74999304037638,35.756496418931235],[139.74888216517786,35.75980821724643],[139.75816334828795,35.764590206402495],[139.76000883450482,35.76652466803521],[139.7579304228431,35.77017693159777],[139.75497406142773,35.76838175120261],[139.7464095719941,35.76700441452012],[139.736734207362,35.77022335867695],[139.73574875355686,35.77163164674557],[139.7378809172443,35.777435031643705],[139.7380421733215,35.7802206563948],[139.7426110955089,35.781690847235666],[139.74630206794262,35.78388839565043],[139.7466962494647,35.786813301639086],[139.7500288750602,35.78593118713457],[139.75499197876962,35.7868906801044],[139.75560116839463,35.79003224579592],[139.75997299982097,35.79433448846707],[139.76076136286508,35.79746057846553],[139.75529657358211,35.803186584898356],[139.7506559820271,35.80666861583724],[139.75191019596087,35.81093990712227],[139.75520698687257,35.810738723112465],[139.75561908573653,35.8127041361313],[139.75839627373279,35.812038681329646],[139.76128096578051,35.81288984444804],[139.76577821860027,35.815737371971395],[139.76715785392744,35.81765635791104],[139.77131467725087,35.81720756281226],[139.77923414237569,35.80824713652953],[139.7814917274565,35.80714836232215],[139.78722527686813,35.806885275540104],[139.79399803211064,35.80519842499638],[139.7988357144267,35.806188869352326],[139.8023116787575,35.80855665039077],[139.81329500934913,35.808324514994844],[139.81965566572768,35.8117755945476],[139.82105321839674,35.81507191716974],[139.8249233642496,35.811899400092095],[139.82074862358425,35.80553889024374],[139.81963774838576,35.79958074841498],[139.8204798634556,35.79753795693084],[139.82605215679,35.793359519804184],[139.83277116000676,35.79568087376344],[139.8380030238449,35.80080332816686],[139.84337822641828,35.79979740811785],[139.84674668669763,35.796501085495706]]]],"type":"MultiPolygon"},"id":"geoshape:13:2015-01-01:83a1da57c3ab5904c3b3","properties":{"administrativeCode":"13121","jurisdictionId":"geoshape:13:2015-01-01:83a1da57c3ab5904c3b3","municipalityName":"足立区","prefectureName":"東京都","snapshotDate":"2015-01-01","sourceDataset":"historical-administrative-areas-beta","sourceProvider":"Geoshape","sourceResourceId":"gci:13121A1968"},"type":"Feature"},{"geometry":{"coordinates":[[[[139.75941756222173,35.628001739439995],[139.75742873726958,35.62792436097469],[139.75755415866297,35.62408638909538],[139.75350483939098,35.62405543770926],[139.75400652496452,35.63092664542865],[139.7552607388983,35.63360394032833],[139.75916671943497,35.63363489171445],[139.75941756222173,35.628001739439995]]],[[[139.78236967721017,35.62950288166698],[139.77135051193468,35.62314237181862],[139.76873458001563,35.626438694440765],[139.77717364805588,35.631421867606626],[139.77477272423977,35.634826520080196],[139.77265847789423,35.632567068893195],[139.7708667437031,35.63307776676423],[139.77701239197867,35.63609552691126],[139.78236967721017,35.62950288166698]]],[[[139.73150234352386,35.68150121035427],[139.73383159797234,35.67887034253378],[139.7367700420458,35.67887034253378],[139.73906346181045,35.674010974912406],[139.74316653310814,35.67145748555723],[139.74780712466318,35.66961587808289],[139.74995720569254,35.67083845783476],[139.75431111977701,35.66990991625106],[139.75807376157837,35.66867186080612],[139.75900546335777,35.65899955264256],[139.7656886318907,35.65556394878287],[139.76484651682088,35.65146289012152],[139.76135263514817,35.652360480319096],[139.75907713272542,35.64497857472867],[139.76034926400112,35.64497857472867],[139.76042093336878,35.63677645740597],[139.75552949902698,35.63905138428604],[139.75262688963733,35.634424152060596],[139.75198186532853,35.62634584028239],[139.75026180050503,35.62482922236235],[139.74676791883232,35.62323522597699],[139.74332778918534,35.62513873622358],[139.73779133053475,35.62453518419417],[139.73539040671864,35.62320427459087],[139.73395701936573,35.626113704886464],[139.73114399668563,35.62648512151995],[139.7309289885827,35.630276666320064],[139.7263242317115,35.632861107061366],[139.72600171955708,35.63502770409001],[139.7222211604138,35.635971721366765],[139.71996357533297,35.634578908991216],[139.7178314116455,35.63504317978307],[139.7168997098661,35.63994897448362],[139.71921104697267,35.64185248473021],[139.72356496105715,35.64669637665852],[139.72171947484028,35.65568775432736],[139.71498255428162,35.65714246947516],[139.71380000971547,35.659757861602586],[139.70856814587734,35.66406010427374],[139.71381792705736,35.66935279130084],[139.71492880225588,35.672989579170334],[139.7165592803698,35.673438374269125],[139.71947980710135,35.67449072139732],[139.71958731115282,35.67831321758356],[139.72675424791737,35.679288186246445],[139.72852806476658,35.682832119957574],[139.73150234352386,35.68150121035427]]]],"type":"MultiPolygon"},"id":"geoshape:13:2015-01-01:85114848746de975d307","properties":{"administrativeCode":"13103","jurisdictionId":"geoshape:13:2015-01-01:85114848746de975d307","municipalityName":"港区","prefectureName":"東京都","snapshotDate":"2015-01-01","sourceDataset":"historical-administrative-areas-beta","sourceProvider":"Geoshape","sourceResourceId":"gci:13103A1968"},"type":"Feature"},{"geometry":{"coordinates":[[[[141.46213839874036,24.245072367614515],[141.47093581361884,24.24185342345768],[141.47292463857102,24.239563020884553],[141.4718137633725,24.232382299303925],[141.4688036499314,24.227182466435195],[141.4586803517515,24.224706355545326],[141.45473853653098,24.225712275594336],[141.45334098386192,24.229426441929142],[141.45360974399057,24.236405979499967],[141.4550431313435,24.241868899150745],[141.45893119453825,24.24493308637696],[141.46213839874036,24.245072367614515]]],[[[153.98408489234563,24.29761234555896],[153.9851599328603,24.297209977539357],[153.9851420155184,24.290493526750584],[153.98684416299997,24.283127096853217],[153.98619913869118,24.281424770616432],[153.98252608359934,24.281006926903764],[153.9707543899636,24.284968704327557],[153.97738380647078,24.29036972120609],[153.98408489234563,24.29761234555896]]],[[[141.28767724054964,24.80660789035805],[141.28755181915625,24.80324966496366],[141.2860288450938,24.79848315150066],[141.28470296179236,24.799550974321917],[141.2863513572482,24.806205522338445],[141.28767724054964,24.80660789035805]]],[[[141.3234760896885,24.812612459265985],[141.32992633277658,24.810677997633274],[141.3357673862397,24.806190046645384],[141.34090966336825,24.79978310971784],[141.34363309933877,24.793407124176422],[141.34617736189017,24.782295576558127],[141.34621319657398,24.778751642847],[141.3442064542799,24.777544538788188],[141.3430597443976,24.77480534111627],[141.33553446079483,24.770642379682673],[141.32553658400832,24.770565001217363],[141.32195311562603,24.767841279238507],[141.30444787257866,24.757441613501047],[141.30199319673682,24.75669878023409],[141.2939124755348,24.75187036399884],[141.29301660843922,24.749812096821636],[141.28817892612315,24.74612888187295],[141.28581383699085,24.74564913538804],[141.2852225647078,24.750647784246965],[141.28592134104233,24.754671464443007],[141.29056193259737,24.760691509044005],[141.29366163274804,24.771400688642697],[141.29382288882525,24.777544538788188],[141.29326745122597,24.78167654883566],[141.29167280779586,24.785266909625975],[141.2891822972702,24.787201371258682],[141.28604676243572,24.785638326259452],[141.28559882888794,24.78717041987256],[141.28739056307907,24.79000247170285],[141.28979148689518,24.790961964672675],[141.29968185963025,24.79715224189735],[141.30532582233232,24.798637908431274],[141.30899887742413,24.8008509325391],[141.31340654353434,24.805493640457605],[141.31754544951585,24.806112668180074],[141.32152309942018,24.808418546446266],[141.3234760896885,24.812612459265985]]],[[[141.28411168950927,25.448771773953002],[141.28850143827756,25.44700754494397],[141.29022150310107,25.443788600787137],[141.29052609791356,25.4406934621748],[141.2925149228657,25.43926969841312],[141.2931599471745,25.4363293167314],[141.29224616273703,25.433388935049678],[141.2932853685679,25.42571299129108],[141.2904544285459,25.422354765896692],[141.28767724054964,25.420791720897462],[141.28178243506082,25.418919162036996],[141.2786110655425,25.41876440510638],[141.2752963572889,25.420126266095806],[141.2722862438478,25.429071216685465],[141.27280584676322,25.43942445534374],[141.2738808872779,25.441869614847487],[141.28000861821158,25.447905135141546],[141.28411168950927,25.448771773953002]]],[[[142.2125525126712,26.56446091384964],[142.21807105397988,26.563315712563075],[142.2150788578807,26.55669211593267],[142.21346629710868,26.555469536180798],[142.21088619987344,26.556243320833882],[142.21009783682933,26.554819557072207],[142.20474055159787,26.55485050845833],[142.20219628904644,26.552977949597864],[142.20162293410527,26.556537359002053],[142.20398802323757,26.558827761575184],[142.20302048677436,26.56183004602915],[142.20588726148017,26.5616907647916],[142.20914821770805,26.56388831320636],[142.2125525126712,26.56446091384964]]],[[[142.15500201045197,26.56453829231495],[142.1567758273012,26.561953851573648],[142.1607534772055,26.56133482385118],[142.15906924706584,26.554370761973416],[142.16082514657316,26.552513678806015],[142.1609147332827,26.54810310628343],[142.1578867024997,26.546911477917682],[142.15808379326072,26.54424965871107],[142.15437490348506,26.54378538791922],[142.1533177803123,26.547762641036073],[142.1551811838711,26.55026970331207],[142.15403447398876,26.551368477519446],[142.15209940106234,26.55861110187232],[142.15360445778288,26.559818205931133],[142.1515797981469,26.56218598696957],[142.15278026005495,26.56419782706759],[142.15500201045197,26.56453829231495]]],[[[142.23066694534356,26.575649839933245],[142.23494919006038,26.571069034786984],[142.23898059199044,26.57001668765879],[142.23993021111173,26.56755605246198],[142.23606006525887,26.567958420481585],[142.231186548259,26.566426326868473],[142.22925147533257,26.564213302760653],[142.22686846885836,26.563779983354927],[142.2258292630275,26.56653465671991],[142.22842727760465,26.56921195161958],[142.22652803936205,26.57096070493555],[142.23066694534356,26.575649839933245]]],[[[142.16143433619814,26.588463713788325],[142.1602876263158,26.584424557899226],[142.15853172680852,26.583387686464093],[142.1539628046211,26.584269800968606],[142.15127520333442,26.58193297131629],[142.14711838001097,26.582381766415082],[142.14921470901461,26.58575546750253],[142.15152604612118,26.585260245324555],[142.15464366361374,26.58775183190749],[142.15896174301437,26.587566123590747],[142.16143433619814,26.588463713788325]]],[[[142.16381734267236,26.59288976200397],[142.16634368788186,26.590986251757382],[142.16519697799953,26.58874227626344],[142.16381734267236,26.59288976200397]]],[[[142.17759577860218,26.60550245184925],[142.17788245607275,26.603103719424688],[142.17548153225664,26.601927566752],[142.17759577860218,26.60550245184925]]],[[[142.13106444165842,26.61062490625267],[142.1340387204157,26.608009514125243],[142.1359379586583,26.601401393187903],[142.1335370348422,26.596774160962454],[142.12887852594523,26.59508731041873],[142.1275884773276,26.59816697333801],[142.12715846112175,26.595953949230186],[142.12525922287915,26.595598008289766],[142.1258146604784,26.598584817050675],[142.12748097327614,26.59945145586213],[142.12633426339383,26.602360886157726],[142.1229837204564,26.60350608744429],[142.12420209970637,26.606570274670506],[142.12635218073572,26.607746427343194],[142.12588632984603,26.609789218827338],[142.12823350163643,26.610501100708177],[142.12981022772462,26.60870592031302],[142.13106444165842,26.61062490625267]]],[[[142.13047316937534,26.708013442689904],[142.12997148380182,26.70742536635356],[142.13149445786428,26.706218262294747],[142.13203197812163,26.703154075068532],[142.13204989546355,26.703154075068532],[142.1320140607797,26.7028445612073],[142.13346536547454,26.702333863336264],[142.134379149912,26.699439908733726],[142.13660090030902,26.700461304475798],[142.1405068808457,26.700136314921505],[142.14247778845595,26.697969717892867],[142.14181484680523,26.702349339029325],[142.14063230223908,26.708013442689904],[142.1433736555515,26.707843210066226],[142.1434990769449,26.707642026056426],[142.14333782086769,26.707843210066226],[142.1434990769449,26.707642026056426],[142.14532664581984,26.706156359522502],[142.14767381761024,26.707611074670304],[142.15132895536016,26.70675991155191],[142.15134687270205,26.706744435858845],[142.15224273979763,26.70632659214618],[142.15260108663585,26.707301560809068],[142.15482283703287,26.708895557194424],[142.15625622438577,26.70805986976909],[142.1586750655438,26.70454688744409],[142.16206144316504,26.70340168615752],[142.16204352582312,26.70338621046446],[142.16510739128998,26.70247314457382],[142.16396068140764,26.70036845031743],[142.16109390670184,26.701358894673376],[142.16021595694818,26.70156007868318],[142.16021595694818,26.70154460299012],[142.16000094884524,26.701420797445625],[142.16000094884524,26.701405321752564],[142.15896174301437,26.700817245416218],[142.1569191660365,26.699316103189233],[142.15304902018363,26.69855779422921],[142.15082726978662,26.696576905517315],[142.15071976573515,26.69406984324132],[142.14880261015065,26.694642443884604],[142.14579249670953,26.693388912746606],[142.14719004937862,26.68732244106642],[142.1468317025404,26.685001087107167],[142.14887427951828,26.68390231289979],[142.15387321791155,26.684072545523467],[142.15926633782686,26.686873645967633],[142.16474904445175,26.686873645967633],[142.16802791802152,26.68986045472854],[142.16842209954356,26.688359312501554],[142.16621826648847,26.683221382405073],[142.16650494395904,26.682045229732385],[142.16630785319802,26.68000243824824],[142.16537615141863,26.67990958408987],[142.16537615141863,26.678129879387775],[142.16163142695916,26.672914570825988],[142.162473542029,26.67076344949041],[142.16190018708784,26.66681714775968],[142.1638710946981,26.664341036869807],[142.16353066520176,26.662576807860773],[142.16654077864288,26.6582436138035],[142.17030342044427,26.658011478407573],[142.17265059223465,26.656200822319356],[142.17920833937418,26.655457989052394],[142.18229012218293,26.656819850041824],[142.1818959406609,26.659280485238632],[142.18870453058722,26.659636426179052],[142.18737864728575,26.65714483959612],[142.18836410109088,26.65542703766627],[142.18467312865715,26.656154395240172],[142.18558691309462,26.654250884993584],[142.18212886610573,26.654312787765832],[142.18030129723078,26.65312115940008],[142.17798996012422,26.65476158286462],[142.17562487099192,26.655009193953607],[142.17426315300668,26.65312115940008],[142.1747648385802,26.647890375145227],[142.17247141881552,26.644191684503483],[142.1723997494479,26.6441452574243],[142.17121720488174,26.64343337554346],[142.1732418645177,26.639193035644556],[142.1728656003376,26.636716924754687],[142.17738077049924,26.63393130000358],[142.18053422267565,26.6309754426288],[142.18024754520505,26.624197089067778],[142.18169884989987,26.62323759609795],[142.18098215622342,26.615143808626684],[142.18218261813146,26.612002242935162],[142.18139425508738,26.60968088897591],[142.17804371214996,26.607483340561146],[142.1743348223743,26.610191586846945],[142.17515902010223,26.612714124816],[142.17816913354335,26.614896197537696],[142.17648490340366,26.616846134863472],[142.17741660518305,26.61964723530764],[142.17309852578242,26.628236244956877],[142.16965839613545,26.632228973766793],[142.16749039776417,26.63119210233166],[142.16505363926424,26.63136233495534],[142.1636202519113,26.62979928995611],[142.16082514657316,26.63253848762803],[142.16141641885622,26.639425171040482],[142.1585496441504,26.638991851634756],[142.1564533151468,26.635680053319554],[142.15407030867257,26.635958615794664],[142.15192022764322,26.647751093907672],[142.14930429572416,26.648261791778708],[142.1485517673639,26.651589065786972],[142.14633001696689,26.653043780934773],[142.1488563621764,26.65394137113235],[142.1455774886066,26.656231773705482],[142.14758423090066,26.66070424900031],[142.14926846104035,26.66209706137586],[142.14930429572416,26.665888606175976],[142.14710046266907,26.667915921967058],[142.142262780353,26.665904081869037],[142.14165359072803,26.666631439442938],[142.14172526009565,26.667250467165406],[142.14441286138236,26.67085630364878],[142.14355282897063,26.672713386816184],[142.14471745619485,26.67644302884405],[142.13645756157374,26.681503580475226],[142.13532876903332,26.685976055770055],[142.13067026013636,26.689164048540764],[142.1302044092467,26.691980624677992],[142.12848434442319,26.697226884625906],[142.12809016290115,26.69970299551578],[142.12638801541956,26.70199339808891],[142.12559965237546,26.702705279969745],[142.12536672693062,26.70440760620653],[142.12533089224678,26.704438557592653],[142.1253488095887,26.70442308189959],[142.12533089224678,26.704438557592653],[142.12327039792697,26.7057539915029],[142.12301955514022,26.709189595362595],[142.12287621640493,26.71208354996513],[142.12303747248214,26.712996615855772],[142.12610133794897,26.714141817142334],[142.12735555188277,26.70966934184751],[142.13047316937534,26.70802891838297],[142.13047316937534,26.708013442689904]]],[[[142.1740123102199,27.044099068910693],[142.1779720427823,27.03535530233084],[142.1752665241537,27.036686211934143],[142.17691491960954,27.031935174164204],[142.17532027617943,27.031764941540523],[142.17404814490374,27.03563386480595],[142.17440649174196,27.03820282985419],[142.17261475755083,27.042288412822476],[142.1740123102199,27.044099068910693]]],[[[142.22186953046509,27.093915324876285],[142.22398377681063,27.091547543837844],[142.2239479421268,27.091330884134983],[142.22398377681063,27.090742807798637],[142.22477213985474,27.089829741907998],[142.2248796439062,27.089040481561852],[142.22486172656428,27.089040481561852],[142.22301624034742,27.08537274230623],[142.2261159404981,27.080652655922414],[142.229573987487,27.081472867654682],[142.23145530838767,27.078841999834196],[142.23272743966336,27.077712274240692],[142.23272743966336,27.07761942008232],[142.2328170263729,27.072698149688705],[142.23138363902,27.071614851174385],[142.23115071357518,27.06599717459299],[142.2327811916891,27.062561570733294],[142.23113279623325,27.061911591624703],[142.23003983837668,27.060302119546286],[142.2316882338325,27.057083175389455],[142.2365438334905,27.05474634573714],[142.23760095666324,27.05175953697623],[142.23632882538755,27.0509238495509],[142.23442958714494,27.049438183016978],[142.23346205068174,27.05146549880806],[142.22796142671496,27.05660342890454],[142.22410919820402,27.053276154896277],[142.221887447807,27.05338448474771],[142.2262771965753,27.049778648264336],[142.2251842387187,27.048060846334486],[142.2258113456856,27.045290697276442],[142.22364334731432,27.04606448192953],[142.22289081895406,27.0439752633662],[142.22697597290983,27.041065833070604],[142.22498714795768,27.03930160406157],[142.2280510134245,27.039162322824012],[142.22982483027374,27.037459996587227],[142.22939481406786,27.03594337866718],[142.21945068930705,27.03631479530066],[142.21878774765634,27.038156402775005],[142.22043614311218,27.040601562278752],[142.2187339956306,27.04148367678327],[142.21642265852404,27.041282492773465],[142.21418299078513,27.039177798517077],[142.212391256594,27.040663465050997],[142.21151330684035,27.03855877079461],[142.2106532744286,27.04058608658569],[142.20805525985145,27.04041585396201],[142.20588726148017,27.044300252920497],[142.20158709942146,27.04440858277193],[142.19811113509067,27.045445454207062],[142.19572812861645,27.044099068910693],[142.1940438984768,27.041375346931837],[142.18748615133723,27.044826426484594],[142.18626777208726,27.043820506435583],[142.1857302518299,27.040462281041197],[142.18401018700644,27.04552283267237],[142.18565858246228,27.047952516483058],[142.18908079476734,27.048757252522265],[142.18929580287028,27.052022623758283],[142.1893316375541,27.05336900905465],[142.18943914160556,27.054514210341214],[142.18897329071586,27.05603082826126],[142.18646486284828,27.05465349157877],[142.18784449817545,27.059048588408288],[142.1877190767821,27.05951285920014],[142.1877190767821,27.06135446667448],[142.19017375262393,27.06113780697162],[142.19223424694374,27.05914144256666],[142.19418723721208,27.059296199497275],[142.1948501788628,27.062855608901465],[142.19141004921582,27.065192438553783],[142.19293302327827,27.067745927908962],[142.189958744521,27.067854257760395],[142.18958248034085,27.070051806175154],[142.18718155652473,27.071645802560507],[142.18452978992187,27.070624406818435],[142.1836160054844,27.070701785283745],[142.18169884989987,27.07274457676789],[142.18234387420867,27.074524281469984],[142.18390268295497,27.075267114736945],[142.18655444955783,27.072791003847072],[142.1909083636423,27.073704069737712],[142.1920192388408,27.075267114736945],[142.19692859052452,27.074648087014477],[142.19855906863845,27.075282590430007],[142.2021067023369,27.072899333698505],[142.20570808806107,27.07474094117285],[142.20490180767507,27.077418236072518],[142.20721314478163,27.078702718596638],[142.20680104591767,27.08051337468486],[142.20823443327058,27.08418111394048],[142.20644269907945,27.086208429731563],[142.20379093247655,27.084939422900504],[142.20190961157587,27.087400058097312],[142.20373718045082,27.089814266214937],[142.20377301513463,27.093574859628927],[142.2013362566347,27.09580335942981],[142.20280547867142,27.098573508487853],[142.2010316618222,27.099409195913186],[142.19812905243256,27.098325897398865],[142.19814696977448,27.096050970518796],[142.1916788093445,27.092460609728484],[142.19223424694374,27.08948927666064],[142.18737864728575,27.08786432888916],[142.18621402006153,27.088994054482665],[142.1859810946167,27.091315408441922],[142.18187802331897,27.094456974133443],[142.18289931180794,27.097134269033116],[142.18168093255795,27.100337737496886],[142.18311431991086,27.103278119178608],[142.18630360677108,27.10510425095989],[142.19540561646204,27.1037269142774],[142.20436428741772,27.105460191900306],[142.20551099730005,27.1034019247231],[142.2126958514065,27.102040063733675],[142.21733644296154,27.09945562299237],[142.21959402804237,27.09580335942981],[142.22186953046509,27.093915324876285]]],[[[142.2413098464389,27.095834310815935],[142.2451083229241,27.095493845568576],[142.2486022045968,27.093033210371768],[142.24883513004167,27.091516592451722],[142.245735429891,27.09030948839291],[142.24102316896833,27.094812915073863],[142.2413098464389,27.095834310815935]]],[[[142.18567649980417,27.1187538122403],[142.18768324209825,27.115828906251643],[142.18418936042553,27.118119308824774],[142.18567649980417,27.1187538122403]]],[[[142.16842209954356,27.121570388377528],[142.171772642481,27.11635507981574],[142.16946130537443,27.11473013204426],[142.16732914168696,27.115147975756926],[142.16559115952157,27.112904000262983],[142.16163142695916,27.11333731966871],[142.1657703329407,27.11725267001332],[142.1634410784922,27.121570388377528],[142.16646910927523,27.120270430160346],[142.16842209954356,27.121570388377528]]],[[[142.17904708329698,27.129401089066747],[142.17954876887052,27.127017832335245],[142.17695075429336,27.128983245354082],[142.17904708329698,27.129401089066747]]],[[[142.19166089200257,27.144180375940664],[142.1940797331606,27.14360777529738],[142.19458141873412,27.13791272025068],[142.1992757623149,27.13492591148977],[142.20011787738474,27.132573606144394],[142.2035759243736,27.134539019163228],[142.20689063262722,27.134059272678314],[142.20504514641036,27.130762950056177],[142.20565433603534,27.128952293967956],[142.21645849320788,27.132542654758268],[142.21966569741,27.13263550891664],[142.2186981609468,27.129695127234918],[142.22333875250183,27.125284554712337],[142.22400169415255,27.123009627832268],[142.22676096480689,27.123907218029846],[142.2258113456856,27.120394235704843],[142.22726265038042,27.118382395606822],[142.22760307987673,27.11497774313325],[142.23566588373683,27.11397182308424],[142.2360779826008,27.111588566352737],[142.23389206688762,27.109096979769806],[142.22077657260851,27.110845733085775],[142.21979111880339,27.108694611750202],[142.21651224523362,27.108477952047338],[142.21262418203884,27.109623153333903],[142.20902279631466,27.108741038829386],[142.20422094868243,27.110365986600865],[142.20076290169354,27.10979338595758],[142.20264422259422,27.11178975036254],[142.20131833929278,27.114111104321793],[142.20629936034413,27.116803874914527],[142.20586934413828,27.118583579616622],[142.20194544625969,27.11992996491299],[142.20232171043983,27.120935884962],[142.19775278825244,27.12341199585187],[142.1931480313812,27.123257238921255],[142.1899408271791,27.120657322486892],[142.18716363918284,27.12149300991222],[142.19019166996586,27.123241763228194],[142.1904425127526,27.125578592880508],[142.18829243172326,27.126801172632383],[142.18814909298794,27.129571321690424],[142.19006624857246,27.131939102728865],[142.19300469264593,27.133409293569727],[142.1889912080578,27.13692227589473],[142.19166089200257,27.144180375940664]]],[[[142.18922413350262,27.19003485448246],[142.18938538957983,27.186908764484],[142.195817715326,27.18471121606924],[142.19452766670838,27.182854132901834],[142.2000820427009,27.182838657208773],[142.1999387039656,27.181414893447098],[142.19572812861645,27.17978994567562],[142.1945097493665,27.176447195974294],[142.1951906083591,27.173290154589708],[142.19760944951713,27.17104617909576],[142.19805738306493,27.16883315498794],[142.20216045436263,27.16920457162142],[142.19995662130754,27.165490405286615],[142.20033288548765,27.1626274020702],[142.198039465723,27.16087864875423],[142.1994011837083,27.158170402468436],[142.19622981418996,27.154533614598936],[142.19305844467166,27.152490823114793],[142.1923417509952,27.15054088578902],[142.18816701032986,27.1503861288584],[142.18748615133723,27.147677882572605],[142.18854327451,27.144381559950467],[142.18055214001754,27.146579108365227],[142.17992503305064,27.149333781730206],[142.18119716432636,27.15081944826413],[142.18465521131523,27.14951949004695],[142.18469104599907,27.152583677273164],[142.1863573587968,27.15465742014343],[142.184296864477,27.15694782271656],[142.18114341230063,27.15792279137945],[142.18438645118658,27.159284652368875],[142.18327557598806,27.1660630059299],[142.1842610297932,27.166573703800935],[142.1839206002969,27.171556876966797],[142.18719947386666,27.171572352659858],[142.18752198602107,27.176710282756343],[142.18483438473436,27.17831975483476],[142.18770115944017,27.18215772671406],[142.1877190767821,27.18446360498025],[142.18560483043655,27.18483502161373],[142.18420727776746,27.18729565681054],[142.18922413350262,27.19003485448246]]],[[[142.19855906863845,27.196766780964296],[142.19773487091052,27.194182340222994],[142.19511893899147,27.192928809084997],[142.1934526261937,27.193903777747884],[142.19522644304294,27.196441791410003],[142.19855906863845,27.196766780964296]]],[[[140.87538128582776,27.249987689403458],[140.87995020801515,27.24715563757317],[140.87668925178727,27.244215255891447],[140.8736970556881,27.244586672524928],[140.87253242846384,27.247480627127466],[140.87538128582776,27.249987689403458]]],[[[142.20694438465296,27.489504990919283],[142.20882570555364,27.487941945920053],[142.20475846893976,27.487972897306175],[142.20694438465296,27.489504990919283]]],[[[142.21140580278887,27.502241486309057],[142.21312586761238,27.49863564982568],[142.2121045791234,27.49617501462887],[142.21468467635864,27.4922441885912],[142.2150967752226,27.489613320770715],[142.2122658352006,27.489783553394393],[142.21197915773004,27.493621525273692],[142.210366596958,27.495432181361913],[142.20538557590666,27.496391674331736],[142.20409552728904,27.49834161165751],[142.205313906539,27.5004463059139],[142.2098290767007,27.500105840666542],[142.21140580278887,27.502241486309057]]],[[[142.17506943339268,27.635889571589836],[142.17818705088524,27.633722974561202],[142.17958460355433,27.630411176246],[142.18313223725278,27.63034927347375],[142.18612443335198,27.622441194319226],[142.18549732638508,27.619469861251382],[142.1814300897712,27.62193049644819],[142.1781153815176,27.626294641891587],[142.17582196175294,27.623245930358436],[142.17204140260966,27.625737516941367],[142.1724355841317,27.629374304810867],[142.1705363458891,27.634852700154703],[142.17295518704714,27.63296466560118],[142.17506943339268,27.635889571589836]]],[[[142.1570804221137,27.6644267495956],[142.1589796603563,27.66286370459637],[142.15813754528645,27.65911858687544],[142.1570804221137,27.6644267495956]]],[[[142.12697928770262,27.680830984240995],[142.1258146604784,27.677596564391102],[142.12355707539757,27.679190560776455],[142.12697928770262,27.680830984240995]]],[[[142.13124361507752,27.68873906339552],[142.13301743192676,27.68866168493021],[142.13282034116574,27.685489167852563],[142.1365829829671,27.687160542703225],[142.13871514665456,27.685628449090117],[142.14009478198173,27.688568830771842],[142.14253154048168,27.68881644186083],[142.1431944821324,27.68637128235708],[142.14813966849994,27.683601133299035],[142.14756631355877,27.682007136913683],[142.14882052749255,27.673418127264444],[142.14561332329043,27.67058607543415],[142.1397006004597,27.672087217661137],[142.13815970905532,27.674733561174687],[142.1386076426031,27.679190560776455],[142.13303534926865,27.681047643943856],[142.1331070186363,27.678896522608284],[142.13106444165842,27.678385824737248],[142.12893227797096,27.6816357202802],[142.12733763454085,27.68169762305245],[142.12583257782032,27.684297539486813],[142.12404084362916,27.683399949289235],[142.12520547085342,27.686990310079548],[142.13124361507752,27.68873906339552]]],[[[142.1067147740009,27.71801907466824],[142.11051325048612,27.717400046945777],[142.10916944984277,27.71610008872859],[142.1067147740009,27.71801907466824]]],[[[142.0965735584791,27.720541612637298],[142.10094538990546,27.71944283842992],[142.1025937853613,27.717307192787406],[142.10144707547897,27.71582152625348],[142.09646605442762,27.7192880814993],[142.0965735584791,27.720541612637298]]],[[[140.30396141759124,30.495766698004594],[140.3070611177419,30.495101243202942],[140.31284841917926,30.489560945086858],[140.31438931058364,30.48714673696923],[140.3138517903263,30.481977855486626],[140.31091334625285,30.4762518490538],[140.30890660395877,30.474642376975382],[140.2983891242568,30.473032904896968],[140.29557610157673,30.474549522817014],[140.28642033986003,30.483540900485856],[140.28814040468353,30.487533629295775],[140.2920643025621,30.492315618451837],[140.29806661210242,30.494110798846993],[140.298353289573,30.495101243202942],[140.30396141759124,30.495766698004594]]]],"type":"MultiPolygon"},"id":"geoshape:13:2015-01-01:8ac6038bb8d98978b477","properties":{"administrativeCode":"13421","jurisdictionId":"geoshape:13:2015-01-01:8ac6038bb8d98978b477","municipalityName":"小笠原村","prefectureName":"東京都","snapshotDate":"2015-01-01","sourceDataset":"historical-administrative-areas-beta","sourceProvider":"Geoshape","sourceResourceId":"gci:13421A1968"},"type":"Feature"},{"geometry":{"coordinates":[[[[139.8899812327297,35.750770412498404],[139.88075380164534,35.74973354106327],[139.88501812902024,35.7456015310158],[139.88184675950194,35.744378951263926],[139.88050295885859,35.74027789260258],[139.87758243212704,35.7409123960181],[139.87654322629618,35.73704347275268],[139.872941840572,35.737368462306975],[139.87394521171905,35.73602207701061],[139.87193846942498,35.7324317162203],[139.87218931221173,35.7300484594888],[139.8702721566272,35.72874850127162],[139.87055883409778,35.724709345382514],[139.86874918256476,35.72379627949187],[139.866276589381,35.7185345438509],[139.86857000914563,35.714588242120165],[139.86659910153537,35.712916867269506],[139.86224518745092,35.71283948880419],[139.85626079525255,35.714464436575675],[139.85135144356883,35.7108586000923],[139.84215984716832,35.719308328503985],[139.82976104656566,35.7311781850823],[139.823830406393,35.73770892755434],[139.8203544420622,35.74343493398716],[139.817165155202,35.74914546472693],[139.81347418276826,35.75446910314015],[139.8135458521359,35.75966893600888],[139.81974525243723,35.76044272066196],[139.82024693801074,35.7559857210602],[139.82354372892243,35.7558619155157],[139.82436792665035,35.76178910595833],[139.82624924755103,35.7616807761069],[139.8254250498231,35.75912728675172],[139.82755721351057,35.757347582049626],[139.83099734315755,35.75908085967254],[139.83173195417592,35.76370809189798],[139.83748342092946,35.763181918333885],[139.83768051169048,35.76576635907519],[139.84169399627862,35.766447289569896],[139.8457970675763,35.76951147679611],[139.8512976915431,35.769882893429596],[139.85217564129675,35.765750883382125],[139.85656539006504,35.764419973778814],[139.85880505780395,35.7679020047177],[139.85776585197308,35.77082691070636],[139.84966721342917,35.779679007137645],[139.845259547319,35.78771089183667],[139.84427409351386,35.79385474198216],[139.84674668669763,35.796501085495706],[139.85264149218645,35.79215241574537],[139.8564937206974,35.79096078737962],[139.85989801566055,35.79534040851608],[139.86389358290677,35.79484518633811],[139.8677099767339,35.79668679381245],[139.8713651144838,35.797352248614104],[139.87475149210505,35.79654751257489],[139.8765969783219,35.793823790596036],[139.8732643527264,35.79038818673634],[139.87118594106468,35.78662759332235],[139.8745364840021,35.78176822570097],[139.8772420026307,35.78116467367157],[139.88723987941725,35.78401220119492],[139.8937797092149,35.78274319436386],[139.89455015491708,35.78032898624624],[139.89342136237667,35.77831714614822],[139.88285013064896,35.77353515699215],[139.88075380164534,35.77166259813169],[139.8793920836601,35.768010334569134],[139.88267095722986,35.76200576566119],[139.8832084774872,35.758616588880685],[139.8899812327297,35.750770412498404]]]],"type":"MultiPolygon"},"id":"geoshape:13:2015-01-01:8cfc9c432c336f11ad98","properties":{"administrativeCode":"13122","jurisdictionId":"geoshape:13:2015-01-01:8cfc9c432c336f11ad98","municipalityName":"葛飾区","prefectureName":"東京都","snapshotDate":"2015-01-01","sourceDataset":"historical-administrative-areas-beta","sourceProvider":"Geoshape","sourceResourceId":"gci:13122A1968"},"type":"Feature"},{"geometry":{"coordinates":[[[[139.5208302373303,35.64620115448054],[139.5253812421758,35.642641745076354],[139.52339241722362,35.638819248890115],[139.5209914934075,35.63776690176192],[139.52326699583026,35.63216470087359],[139.5190564204811,35.63143734329969],[139.51660174463922,35.62959573582535],[139.51615381109144,35.6256958611738],[139.5104023443379,35.62334355582843],[139.5096139812938,35.62408638909538],[139.50341458099248,35.622863809343514],[139.49940109640434,35.6204031741467],[139.4980393784191,35.618422285434804],[139.49467091813975,35.6172925598413],[139.49565637194488,35.61251057068524],[139.50002820337124,35.60727978643039],[139.4975735275294,35.60486557831276],[139.493810885728,35.60582507128259],[139.4890627901215,35.60466439430296],[139.48805941897447,35.607511921826315],[139.48126874639007,35.61004993548843],[139.47992494574672,35.613036744249335],[139.47695066698944,35.613021268556274],[139.47506934608873,35.619985330434034],[139.4672753023573,35.62082101785937],[139.46415768486474,35.62451970850111],[139.46453394904486,35.62962668721147],[139.47159338175794,35.63351108616996],[139.4690132845227,35.64016563418649],[139.4688520284455,35.64462263378825],[139.4737792974711,35.64678923081689],[139.47381513215495,35.64932724447901],[139.47399430557405,35.65075100824068],[139.47924408675408,35.65197358799256],[139.48646477554436,35.65265451848727],[139.49945484843008,35.65144741442846],[139.50131825198886,35.64918796324145],[139.50680095861372,35.65087481378518],[139.51228366523858,35.65116885195335],[139.51683467008408,35.64931176878595],[139.5208302373303,35.64620115448054]]]],"type":"MultiPolygon"},"id":"geoshape:13:2015-01-01:91a8676bc9b514f5dc9c","properties":{"administrativeCode":"13225","jurisdictionId":"geoshape:13:2015-01-01:91a8676bc9b514f5dc9c","municipalityName":"稲城市","prefectureName":"東京都","snapshotDate":"2015-01-01","sourceDataset":"historical-administrative-areas-beta","sourceProvider":"Geoshape","sourceResourceId":"gci:13225A1971"},"type":"Feature"},{"geometry":{"coordinates":[[[[139.39390378723036,35.608192852321025],[139.39852646144348,35.61195344573502],[139.4047079444029,35.62077459078019],[139.41318284712696,35.62561848270849],[139.41897014856434,35.62696486800486],[139.41984809831797,35.6286052914694],[139.42500829278845,35.629858822607396],[139.42703295242444,35.631994468249914],[139.42979222307878,35.63196351686379],[139.42957721497584,35.633975356961805],[139.42680002697958,35.637983561464786],[139.4227327903657,35.64114060284937],[139.4180026121011,35.6430286374029],[139.41501041600193,35.64703684190587],[139.41680215019306,35.649048682003894],[139.42696128305678,35.64374051928374],[139.42979222307878,35.647392782846296],[139.43308901399047,35.64827489735081],[139.43398488108602,35.650781959626805],[139.43781919225506,35.65003912635984],[139.4383387951705,35.65457350442692],[139.4420118502623,35.65796268120743],[139.4552706832767,35.65432589333793],[139.4678844919823,35.651215279032535],[139.47381513215495,35.64932724447901],[139.4737792974711,35.64678923081689],[139.4688520284455,35.64462263378825],[139.4690132845227,35.64016563418649],[139.47159338175794,35.63351108616996],[139.46453394904486,35.62962668721147],[139.46415768486474,35.62451970850111],[139.46247345472506,35.62506135775827],[139.46073547255966,35.622167403155736],[139.45516317922525,35.61809729588051],[139.45317435427307,35.618607993751546],[139.4524218259128,35.61577594192126],[139.44928629107832,35.61178321311134],[139.4459357481409,35.60870355019206],[139.43885839808593,35.610080886874556],[139.4343790626081,35.60582507128259],[139.42823341433248,35.608053571083474],[139.42615500267078,35.60546913034217],[139.42310905454585,35.606629807321795],[139.4205289573106,35.60978684870638],[139.41737550513423,35.61153560202235],[139.41275283092108,35.61227843528931],[139.41079984065277,35.61025111949823],[139.40793306594693,35.612046299893386],[139.40126781475593,35.60871902588512],[139.40069445981476,35.61045230350803],[139.3972901648516,35.61003445979537],[139.39390378723036,35.608192852321025]]]],"type":"MultiPolygon"},"id":"geoshape:13:2015-01-01:93c996df1eb282dbd489","properties":{"administrativeCode":"13224","jurisdictionId":"geoshape:13:2015-01-01:93c996df1eb282dbd489","municipalityName":"多摩市","prefectureName":"東京都","snapshotDate":"2015-01-01","sourceDataset":"historical-administrative-areas-beta","sourceProvider":"Geoshape","sourceResourceId":"gci:13224A1971"},"type":"Feature"},{"geometry":{"coordinates":[[[[139.73150234352386,35.68150121035427],[139.72852806476658,35.682832119957574],[139.72675424791737,35.679288186246445],[139.71958731115282,35.67831321758356],[139.71947980710135,35.67449072139732],[139.7165592803698,35.673438374269125],[139.71485713288823,35.67507879773366],[139.71288622527797,35.67461452694181],[139.7129041426199,35.677291821841486],[139.71478546352057,35.68086670693874],[139.71139908589933,35.68337376921473],[139.7074035186531,35.68445706772905],[139.70577304053919,35.68804742851936],[139.70270917507233,35.68776886604425],[139.70209998544735,35.68917715411287],[139.69502263539238,35.68665461614381],[139.68767652520873,35.68159406451264],[139.68498892392202,35.68588083149073],[139.68597437772715,35.68789267158874],[139.6832151070728,35.68871288332102],[139.683985552775,35.6919937302501],[139.68841113622707,35.69932920876134],[139.6874973517896,35.70400286806597],[139.68887698711677,35.707500374697915],[139.69421635500638,35.711044308409036],[139.69007744902484,35.711477627814766],[139.68278509086693,35.71011576682534],[139.68034833236698,35.7112609681119],[139.68185338908754,35.71314900266543],[139.6790941184332,35.71523822122876],[139.6790941184332,35.71827145706885],[139.67368308117597,35.72026782147381],[139.6757614928377,35.72195467201753],[139.67518813789653,35.723703425333504],[139.67733821892588,35.72936752899408],[139.68135170351403,35.72704617503483],[139.68271342149927,35.72364152256126],[139.68661940203594,35.722728456670616],[139.6957214117269,35.72173801231467],[139.6998244830246,35.723548668402884],[139.70460841331493,35.723007019145726],[139.7059342966164,35.718859533405194],[139.7045546612892,35.715872724644285],[139.70536094167522,35.71370612761565],[139.7105390534876,35.71353589499197],[139.71211577957578,35.714758474743846],[139.71440919934045,35.713179954051554],[139.72250783788436,35.71226688816091],[139.72326036624466,35.71040980499351],[139.72598380221518,35.709202700934696],[139.7318427730202,35.70926460370694],[139.73245196264517,35.70739204484648],[139.73585625760833,35.709187225241635],[139.7428081862699,35.70813487811344],[139.74587205173677,35.70290409385859],[139.7362862738142,35.6921949142599],[139.7315740128915,35.68957952213247],[139.72999728680333,35.68554036624337],[139.73150234352386,35.68150121035427]]]],"type":"MultiPolygon"},"id":"geoshape:13:2015-01-01:946001a5878a122916d1","properties":{"administrativeCode":"13104","jurisdictionId":"geoshape:13:2015-01-01:946001a5878a122916d1","municipalityName":"新宿区","prefectureName":"東京都","snapshotDate":"2015-01-01","sourceDataset":"historical-administrative-areas-beta","sourceProvider":"Geoshape","sourceResourceId":"gci:13104A1968"},"type":"Feature"},{"geometry":{"coordinates":[[[[139.33122892522448,35.713458516526664],[139.33248313915828,35.71260735340827],[139.33131851193406,35.709759825884916],[139.33307441144134,35.70452904163007],[139.33681913590084,35.701511281483036],[139.3356724260185,35.699220878909905],[139.33603077285673,35.696110264604506],[139.34038468694118,35.693649629407695],[139.3464407485072,35.69197825455703],[139.35522024604379,35.69323178569503],[139.3633188845877,35.69374248356607],[139.3676190466464,35.69214848718071],[139.3762731227896,35.691637789309674],[139.37964158306895,35.68676294599524],[139.37804693963884,35.687676011885884],[139.37519808227492,35.68578797733235],[139.37505474353964,35.68174882144325],[139.37670313899548,35.67820488773213],[139.3764343788668,35.6763168531786],[139.37242089427866,35.67238602714093],[139.37046790401033,35.66856353095469],[139.37242089427866,35.665746954817465],[139.3588933011356,35.659355493582986],[139.35941290405103,35.65681747992087],[139.35740616175696,35.65537824046613],[139.36543313093324,35.64640233849035],[139.36880159121256,35.64431311992702],[139.37396178568304,35.644096460224155],[139.37638062684107,35.6454118941344],[139.37856654255424,35.644096460224155],[139.37718690722707,35.64101679730488],[139.37808277432265,35.63932994676115],[139.38202458954314,35.64131083547305],[139.3898544679584,35.64115607854244],[139.39200454898776,35.6395930335432],[139.39936857651333,35.64118702992856],[139.40451085364188,35.64358576235312],[139.40641009188448,35.645257137203785],[139.4105310805241,35.64490119626336],[139.41501041600193,35.64703684190587],[139.4180026121011,35.6430286374029],[139.4227327903657,35.64114060284937],[139.42680002697958,35.637983561464786],[139.42957721497584,35.633975356961805],[139.42979222307878,35.63196351686379],[139.42703295242444,35.631994468249914],[139.42500829278845,35.629858822607396],[139.41984809831797,35.6286052914694],[139.41897014856434,35.62696486800486],[139.41318284712696,35.62561848270849],[139.4047079444029,35.62077459078019],[139.39852646144348,35.61195344573502],[139.39390378723036,35.608192852321025],[139.3876327175614,35.60500485955032],[139.38834941123784,35.60240494311596],[139.38688018920112,35.597947943514185],[139.38168416004683,35.60212638064084],[139.37747358469767,35.604060842273554],[139.37338843074187,35.60421559920417],[139.36582731245528,35.60871902588512],[139.36131214229363,35.60509771370869],[139.3593949867091,35.60656790454955],[139.34739036762852,35.60893568558799],[139.3423018425257,35.6132534039522],[139.33991883605148,35.614197421228965],[139.3394709025037,35.61701399736619],[139.34129847137865,35.62006270889935],[139.33841377933095,35.62340545860067],[139.3385392007243,35.619443681176875],[139.33733873881624,35.614197421228965],[139.32639124290841,35.615760466228195],[139.32278985718423,35.61481644895143],[139.3175042413204,35.6152342926641],[139.3153004082653,35.612912938704845],[139.31363409546756,35.614460508011014],[139.30761386858535,35.61624021271311],[139.30349287994574,35.61517238989185],[139.29797433863703,35.61610093147555],[139.29354875518493,35.615466428060024],[139.29465963038345,35.61723065706906],[139.29313665632097,35.62089839632468],[139.2893560971777,35.620171038750776],[139.2870268427292,35.62202812191818],[139.2857726287954,35.62080554216631],[139.27790691569632,35.61945915686994],[139.27649144568534,35.616580677960464],[139.27335591085085,35.61379505320936],[139.26880490600539,35.6121236783587],[139.26880490600539,35.609353529300655],[139.2661531394025,35.60811547385572],[139.26477350407532,35.60245137019514],[139.25771407136224,35.604231074897235],[139.25223136473738,35.60166210984899],[139.2468740795059,35.60522151925318],[139.238363342098,35.60731073781651],[139.23667911195832,35.609740421627194],[139.2298526046901,35.61466169202082],[139.2304617943151,35.616611629346586],[139.22886715088498,35.62023294152303],[139.22544493857993,35.62374592384803],[139.2202309920837,35.625572055629306],[139.21947846372345,35.62667082983669],[139.22143145399178,35.62947193028086],[139.21679086243674,35.63447057913978],[139.21537539242576,35.63707049557415],[139.21442577330444,35.641682252106534],[139.21544706179338,35.64612377601524],[139.21146941188908,35.64911058477614],[139.2075455140105,35.649621282647175],[139.20211655941137,35.65301045942769],[139.19803140545557,35.652948556655446],[139.19247702946305,35.65025578606271],[139.1917424184447,35.647501112697725],[139.18405587876472,35.645086904580104],[139.1790927750553,35.64556665106502],[139.1737354898238,35.65034864022108],[139.1693457410555,35.65147836581458],[139.16701648660703,35.65101409502273],[139.16859321269524,35.65669367437637],[139.16692689989748,35.659618580365034],[139.16723149470997,35.661754226007545],[139.16497390962914,35.66528268402561],[139.16160544934982,35.6679135518461],[139.16456181076518,35.6700956245678],[139.1659772807762,35.675001419268355],[139.16972200523566,35.679566748721555],[139.17140623537531,35.68874383470714],[139.17894943631998,35.68922358119205],[139.18199538444492,35.68806290421242],[139.18407379610665,35.68905334856837],[139.18962817209916,35.68759863342058],[139.19337289655863,35.689084299954494],[139.19939312344084,35.688248612529165],[139.20016356914303,35.690136647082696],[139.2004860812974,35.69915897613766],[139.20489374740762,35.699778003860125],[139.2053416809554,35.70324455910595],[139.20446373120174,35.70729919068811],[139.2069184070436,35.712762110338886],[139.21032270200675,35.71369065192259],[139.21723879598454,35.718875009098255],[139.21886927409847,35.71690959607942],[139.23562198878557,35.71483585320915],[139.23766456576345,35.71321090543768],[139.24038800173398,35.71421682548669],[139.24320102441408,35.712483547863776],[139.24506442797284,35.71335018667523],[139.24653365000958,35.710889551478424],[139.24963335016022,35.71048718345882],[139.2519446872668,35.71226688816091],[139.25801866617473,35.71226688816091],[139.26072418480337,35.71048718345882],[139.26880490600539,35.70996100989472],[139.2739113484501,35.71500608583283],[139.28297752345725,35.71283948880419],[139.29138075681365,35.71367517622953],[139.29426544886138,35.71338113806135],[139.2958421749496,35.711462152121705],[139.3064492413611,35.71259187771521],[139.308491818339,35.715888200337346],[139.31359826078372,35.71395373870464],[139.3158916805484,35.71424777687281],[139.3192422234858,35.719060717415],[139.32293319591955,35.71627509266389],[139.32764545684222,35.71039432930045],[139.33122892522448,35.713458516526664]]]],"type":"MultiPolygon"},"id":"geoshape:13:2015-01-01:957c23801b1b7264efba","properties":{"administrativeCode":"13201","jurisdictionId":"geoshape:13:2015-01-01:957c23801b1b7264efba","municipalityName":"八王子市","prefectureName":"東京都","snapshotDate":"2015-01-01","sourceDataset":"historical-administrative-areas-beta","sourceProvider":"Geoshape","sourceResourceId":"gci:13201A1968"},"type":"Feature"},{"geometry":{"coordinates":[[[[139.49717934600733,35.687258168173216],[139.49717934600733,35.687258168173216]]],[[[139.48958239303693,35.69544480980285],[139.48780857618772,35.69197825455703],[139.48902695543768,35.69095685881496],[139.49578179333824,35.68865098054877],[139.49544136384193,35.6869022272328],[139.4987023200698,35.68563322040174],[139.49990278197785,35.68718078970791],[139.5029487301028,35.68727364386628],[139.50112116122784,35.684580873273546],[139.50289497807705,35.684580873273546],[139.5051883978417,35.686979605698106],[139.51457708500325,35.68609749119359],[139.51527586133778,35.68999736584514],[139.51807096667596,35.691390178220686],[139.5222636246832,35.687366498024645],[139.5205077251759,35.68164049159182],[139.52434203634493,35.679690554266045],[139.52468246584124,35.67750848154435],[139.522102368606,35.67718349199006],[139.5250945647052,35.676007339317366],[139.52645628269048,35.67238602714093],[139.52516623407286,35.668981374667354],[139.52321324380452,35.66778974630161],[139.51882349503623,35.6597114345234],[139.5170317608451,35.65531633769388],[139.5207944026465,35.65359853576403],[139.5208302373303,35.64620115448054],[139.51683467008408,35.64931176878595],[139.51228366523858,35.65116885195335],[139.50680095861372,35.65087481378518],[139.50131825198886,35.64918796324145],[139.49945484843008,35.65144741442846],[139.48646477554436,35.65265451848727],[139.47924408675408,35.65197358799256],[139.47399430557405,35.65075100824068],[139.47381513215495,35.64932724447901],[139.4678844919823,35.651215279032535],[139.4552706832767,35.65432589333793],[139.4420118502623,35.65796268120743],[139.4407038843028,35.660191181008315],[139.4298280577626,35.6708229821417],[139.4317272960052,35.6726800653091],[139.43606329274775,35.67151938832947],[139.44050679354177,35.671612242487846],[139.44570282269606,35.67350027704137],[139.45080926514078,35.671550339715594],[139.4535147837694,35.671596766794785],[139.4506659264055,35.67319076318014],[139.45071967843123,35.67665731842595],[139.45236807388707,35.678560828672545],[139.45136470274002,35.68066552292893],[139.45292351148632,35.683559477531475],[139.45364020516277,35.68790814728181],[139.45604112897888,35.69128184836926],[139.45940958925823,35.692380622576636],[139.46025170432807,35.69985538232544],[139.4629751402986,35.6998708580185],[139.46376350334268,35.69544480980285],[139.4668094514676,35.69533647995142],[139.46779490527274,35.69250442812113],[139.46370975131694,35.68964142490472],[139.46654069133893,35.68844979653897],[139.47686108027986,35.6892854839643],[139.47822279826514,35.690368782478615],[139.48646477554436,35.69216396287377],[139.48958239303693,35.69544480980285]]]],"type":"MultiPolygon"},"id":"geoshape:13:2015-01-01:9a57d1cf11d32ba68ecd","properties":{"administrativeCode":"13206","jurisdictionId":"geoshape:13:2015-01-01:9a57d1cf11d32ba68ecd","municipalityName":"府中市","prefectureName":"東京都","snapshotDate":"2015-01-01","sourceDataset":"historical-administrative-areas-beta","sourceProvider":"Geoshape","sourceResourceId":"gci:13206A1968"},"type":"Feature"},{"geometry":{"coordinates":[[[[139.8555978536018,35.63855616210807],[139.84991805621593,35.638385929484386],[139.85213980661294,35.64035134250322],[139.8555978536018,35.63855616210807]]],[[[139.84554622478956,35.65670915006943],[139.8468900254329,35.67385621798179],[139.84823382607627,35.679133429315826],[139.84551039010574,35.681284550651405],[139.84758880176744,35.68809385559855],[139.84771422316084,35.69496506331794],[139.84380824262416,35.69953039277114],[139.83540500926773,35.70301242371002],[139.8343837207788,35.704730225639864],[139.83888097359855,35.70915627385551],[139.8393109898044,35.71087407578536],[139.83363119241852,35.714015641476884],[139.83415079533395,35.717157207168405],[139.836766727253,35.71796194320761],[139.83904222967573,35.71711078008922],[139.84215984716832,35.719308328503985],[139.85135144356883,35.7108586000923],[139.85626079525255,35.714464436575675],[139.86224518745092,35.71283948880419],[139.86659910153537,35.712916867269506],[139.86857000914563,35.714588242120165],[139.866276589381,35.7185345438509],[139.86874918256476,35.72379627949187],[139.87055883409778,35.724709345382514],[139.8702721566272,35.72874850127162],[139.87218931221173,35.7300484594888],[139.87193846942498,35.7324317162203],[139.87394521171905,35.73602207701061],[139.872941840572,35.737368462306975],[139.87654322629618,35.73704347275268],[139.87758243212704,35.7409123960181],[139.88050295885859,35.74027789260258],[139.88184675950194,35.744378951263926],[139.88501812902024,35.7456015310158],[139.88075380164534,35.74973354106327],[139.8899812327297,35.750770412498404],[139.89288384211932,35.74807764190567],[139.89666440126263,35.74670030522318],[139.89945950660078,35.744378951263926],[139.90096456332134,35.74006123289971],[139.90089289395368,35.73746131646535],[139.89793653253832,35.73187459127008],[139.89720192151995,35.72675213686666],[139.89865322621478,35.72345581424452],[139.90397467676243,35.719586890979095],[139.9081315000859,35.713860884546264],[139.91621222128788,35.70799559687589],[139.91873856649738,35.69770426098986],[139.91384713215558,35.690925907428834],[139.9086511030013,35.68550941485724],[139.90379550334333,35.683110682432684],[139.89356470111196,35.681996432532245],[139.88793865575178,35.680000068127285],[139.88643359903125,35.678560828672545],[139.88564523598714,35.67207651327969],[139.88723987941725,35.66879566635062],[139.88738321815254,35.65616750081227],[139.88689944992095,35.65373781700159],[139.88349515495779,35.64511785596623],[139.87145470119336,35.63864901626644],[139.86903586003532,35.639128762751355],[139.8620480966899,35.6384633079497],[139.85832128957233,35.639082335672164],[139.84941637064242,35.64288935616534],[139.85038390710562,35.6565234417527],[139.84554622478956,35.65670915006943]]]],"type":"MultiPolygon"},"id":"geoshape:13:2015-01-01:9fa56171767425a37b0d","properties":{"administrativeCode":"13123","jurisdictionId":"geoshape:13:2015-01-01:9fa56171767425a37b0d","municipalityName":"江戸川区","prefectureName":"東京都","snapshotDate":"2015-01-01","sourceDataset":"historical-administrative-areas-beta","sourceProvider":"Geoshape","sourceResourceId":"gci:13123A1968"},"type":"Feature"},{"geometry":{"coordinates":[[[[139.25687195629243,35.76070580744401],[139.2558506678035,35.75939037353377],[139.26185297734378,35.75558335304059],[139.2685540632186,35.75445362744709],[139.27029204538402,35.7534012803189],[139.2734454975604,35.75391197818993],[139.27762023822575,35.75228703041845],[139.2798957406485,35.74934664873673],[139.28055868229922,35.7446729894321],[139.2793044683654,35.74211950007692],[139.2846617535969,35.74058740646381],[139.28364046510796,35.737693451861276],[139.28442882815207,35.732230532210494],[139.28364046510796,35.73136389339904],[139.27805025443163,35.733669771665234],[139.27013078930682,35.73328287933869],[139.26292801785846,35.732385289141114],[139.25823367427768,35.73526376805059],[139.2528584717043,35.7363470665649],[139.24538694012725,35.73665658042614],[139.2440431394839,35.738792226068654],[139.2394383826127,35.73976719473154],[139.23479779105764,35.738823177454776],[139.22610788023064,35.74004575720665],[139.22198689159103,35.74317184720511],[139.21567998723825,35.74440990265005],[139.21236527898463,35.74854191269752],[139.2127594605067,35.752054895022525],[139.2110035609994,35.751791808240476],[139.20512667285246,35.753772696952375],[139.20433830980838,35.75580001274346],[139.1996618835695,35.75810589100965],[139.18918023855136,35.76225337675018],[139.18147578152949,35.762903355858775],[139.18032907164718,35.76561160214457],[139.1806874184854,35.768582935212414],[139.16303883670273,35.77823976768291],[139.1666581397688,35.78096348966177],[139.1721408463937,35.7822015451067],[139.17561681072448,35.78486336431332],[139.1819595497611,35.78763351337136],[139.1860984557426,35.78777279460891],[139.18878605702932,35.789072752826094],[139.19217243465056,35.78919655837059],[139.19552297758798,35.78682877733215],[139.1982464135585,35.78644188500561],[139.1988914378673,35.78444552060065],[139.20213447675326,35.78248010758181],[139.20824429034505,35.77635173312938],[139.2105377101097,35.77317921605174],[139.2143361865949,35.77409228194237],[139.21666544104338,35.77282327511132],[139.22091185107635,35.77401490347707],[139.22279317197706,35.77240543139865],[139.22743376353208,35.77201853907211],[139.23173392559082,35.76889244907365],[139.23528155928926,35.76937219555856],[139.23827375538843,35.767035365906246],[139.24481358518608,35.76740678253972],[139.24945417674112,35.766602046500516],[139.2542918590572,35.764033081452276],[139.25687195629243,35.76070580744401]]]],"type":"MultiPolygon"},"id":"geoshape:13:2015-01-01:a02d628b17c16435978b","properties":{"administrativeCode":"13305","jurisdictionId":"geoshape:13:2015-01-01:a02d628b17c16435978b","municipalityName":"日の出町","parentJurisdictionName":"西多摩郡","prefectureName":"東京都","snapshotDate":"2015-01-01","sourceDataset":"historical-administrative-areas-beta","sourceProvider":"Geoshape","sourceResourceId":"gci:13305A1974"},"type":"Feature"},{"geometry":{"coordinates":[[[[139.76278602250107,35.73074486567657],[139.7647569301113,35.73014131364717],[139.76604697872892,35.72752592151974],[139.7697737858465,35.728129473549146],[139.77674363185,35.72494148077844],[139.7814558927727,35.72461649122414],[139.7844660062138,35.7278663867671],[139.78946494460706,35.72874850127162],[139.79120292677246,35.73122461216148],[139.7950730726253,35.72896516097448],[139.80143372900383,35.72925919914265],[139.80971154096687,35.728129473549146],[139.80843940969118,35.72037615132524],[139.80664767550005,35.717435769643515],[139.79702606289365,35.70777893717302],[139.7934784291952,35.701217243314865],[139.78890950700782,35.69470197653589],[139.78254885062927,35.69657453539636],[139.77996875339406,35.698075677623336],[139.7803987695999,35.70033512881035],[139.77317808080966,35.70188269811652],[139.77303474207434,35.70510164227335],[139.77013213268472,35.705349253362336],[139.7712430078832,35.70898604123183],[139.7666203336701,35.70870747875672],[139.76823289444212,35.710456232072694],[139.76762370481714,35.71296329434869],[139.7656886318907,35.713582322071154],[139.76450608732455,35.7172810127129],[139.7686808279899,35.71581082187204],[139.76325187339077,35.721877293552225],[139.7649181861885,35.72721640765851],[139.76278602250107,35.73074486567657]]]],"type":"MultiPolygon"},"id":"geoshape:13:2015-01-01:a1bbafd341a17dde452a","properties":{"administrativeCode":"13106","jurisdictionId":"geoshape:13:2015-01-01:a1bbafd341a17dde452a","municipalityName":"台東区","prefectureName":"東京都","snapshotDate":"2015-01-01","sourceDataset":"historical-administrative-areas-beta","sourceProvider":"Geoshape","sourceResourceId":"gci:13106A1968"},"type":"Feature"},{"geometry":{"coordinates":[[[[139.81008780514702,35.61354744212037],[139.81893897205123,35.60887378281574],[139.7915791909526,35.593955214704266],[139.79027122499306,35.59545635693125],[139.794123453504,35.60113593628489],[139.79910447455535,35.60695479687609],[139.80874400450367,35.612185581130944],[139.81008780514702,35.61354744212037]]],[[[139.8266434290731,35.59759200257377],[139.83219780506562,35.58894109015228],[139.8195302443343,35.582255590749625],[139.81347418276826,35.58959106926087],[139.8059847338493,35.58553643767871],[139.79337092514373,35.59276358633852],[139.8037809007942,35.59841221430604],[139.80560846966918,35.59615276311903],[139.80743603854413,35.59714320747498],[139.80559055232726,35.59940265866199],[139.8203186073784,35.60738811628182],[139.8266434290731,35.59759200257377]]]],"type":"MultiPolygon"},"id":"geoshape:13:2015-01-01:a26e14b53fef392450a4","properties":{"jurisdictionId":"geoshape:13:2015-01-01:a26e14b53fef392450a4","municipalityName":"所属未定地","prefectureName":"東京都","snapshotDate":"2015-01-01","sourceDataset":"historical-administrative-areas-beta","sourceProvider":"Geoshape","sourceResourceId":"gci:13B9990001"},"type":"Feature"},{"geometry":{"coordinates":[[[[139.5656415094506,35.72166063384936],[139.5576145402743,35.72181539077998],[139.5545865094913,35.72077851934485],[139.5494083976789,35.71692507177248],[139.5373679439145,35.711322870884146],[139.52943056144775,35.71279306172501],[139.53000391638892,35.71749767241577],[139.52692213358017,35.71851906815784],[139.52645628269048,35.7172810127129],[139.52292656633392,35.71763695365332],[139.52314157443686,35.719060717415],[139.52466454849935,35.71940118266235],[139.52333866519788,35.72325463023471],[139.51767678515392,35.727448543054436],[139.5167092486907,35.73059010874596],[139.52016729567958,35.73343763626931],[139.52971723891832,35.73972076765236],[139.53131188234843,35.740262416909516],[139.52717297636693,35.743651593690025],[139.5284271903007,35.74471941651128],[139.53353363274545,35.74490512482802],[139.54458863270474,35.754763141308324],[139.54715081259806,35.75338580462583],[139.55204224693986,35.75597024536714],[139.555249451142,35.755738109971205],[139.5553927898773,35.757749950069226],[139.5577757963515,35.75957608185051],[139.56184303296536,35.759607033236634],[139.56279265208667,35.76158792194853],[139.56777367313802,35.755072655169556],[139.56927872985858,35.74999662784532],[139.5688307963108,35.74758241972769],[139.566770301991,35.74742766279708],[139.56816785466006,35.74275400349245],[139.56829327605345,35.73838985804905],[139.56732573959025,35.736362542257964],[139.56942206859387,35.73414951815015],[139.56634028578512,35.72791281384629],[139.56526524527044,35.724260550283724],[139.5656415094506,35.72166063384936]]]],"type":"MultiPolygon"},"id":"geoshape:13:2015-01-01:a9cecb712d74e07f3914","properties":{"administrativeCode":"13229","jurisdictionId":"geoshape:13:2015-01-01:a9cecb712d74e07f3914","municipalityName":"西東京市","prefectureName":"東京都","snapshotDate":"2015-01-01","sourceDataset":"historical-administrative-areas-beta","sourceProvider":"Geoshape","sourceResourceId":"gci:13229A2001"},"type":"Feature"},{"geometry":{"coordinates":[[[[139.8144954712572,35.738807701761715],[139.81413712441898,35.73620778532735],[139.81139577110653,35.732973365477456],[139.80971154096687,35.728129473549146],[139.80143372900383,35.72925919914265],[139.7950730726253,35.72896516097448],[139.79120292677246,35.73122461216148],[139.78946494460706,35.72874850127162],[139.7844660062138,35.7278663867671],[139.7814558927727,35.72461649122414],[139.77674363185,35.72494148077844],[139.7697737858465,35.728129473549146],[139.76604697872892,35.72752592151974],[139.7647569301113,35.73014131364717],[139.76278602250107,35.73074486567657],[139.7609405362842,35.73219958082437],[139.76131680046433,35.733809052902785],[139.77111758648985,35.73789463587107],[139.7681791424164,35.74146952096832],[139.76588572265172,35.74162427789894],[139.76384314567383,35.74413134017494],[139.7603134293173,35.74345040968022],[139.75719581182474,35.74546224977824],[139.75780500144973,35.74761337111382],[139.75470530129905,35.74919189180611],[139.74977803227344,35.75012043338981],[139.75088890747193,35.75371079418012],[139.75758999334678,35.753169144922964],[139.75796625752693,35.75485599546669],[139.77165510674718,35.753617940021755],[139.78398223798217,35.75403578373442],[139.78880200295634,35.752503690121316],[139.7911312574048,35.75030614170655],[139.78869449890487,35.74702529477747],[139.7889274243497,35.74439442695699],[139.79242130602242,35.74077311478055],[139.79480431249664,35.73982909750379],[139.80243710015085,35.73863746913804],[139.8091023513419,35.74086596893892],[139.81304416656238,35.74074216339443],[139.8144954712572,35.738807701761715]]]],"type":"MultiPolygon"},"id":"geoshape:13:2015-01-01:a9f1769fcd5e12eb4ed6","properties":{"administrativeCode":"13118","jurisdictionId":"geoshape:13:2015-01-01:a9f1769fcd5e12eb4ed6","municipalityName":"荒川区","prefectureName":"東京都","snapshotDate":"2015-01-01","sourceDataset":"historical-administrative-areas-beta","sourceProvider":"Geoshape","sourceResourceId":"gci:13118A1968"},"type":"Feature"},{"geometry":{"coordinates":[[[[139.68076043123094,35.73876127468253],[139.67873577159497,35.73442808062526],[139.67796532589279,35.730682962904325],[139.674686452323,35.73306621963583],[139.67146133077895,35.733545966120744],[139.66818245720918,35.731394844785164],[139.66513650908425,35.73131746631986],[139.66225181703652,35.72692236949034],[139.65961796777557,35.725823595282954],[139.64743417527586,35.72675213686666],[139.64739834059202,35.7254831300356],[139.6435819467649,35.72531289741192],[139.63983722230543,35.72638072023318],[139.6364329273423,35.73227695928968],[139.63354823529457,35.73527924374365],[139.62716966157413,35.735109011119974],[139.62455372965508,35.73014131364717],[139.61539796793838,35.730280594884725],[139.60194204416294,35.726009303599696],[139.59979196313358,35.72392008503637],[139.59565305715208,35.722171331720396],[139.59384340561903,35.71828693276191],[139.58945365685074,35.72028329716687],[139.5868198075898,35.719757123602776],[139.58499223871482,35.716306044050015],[139.58665855151258,35.711910947220495],[139.58203587729946,35.71393826301158],[139.57395515609744,35.719432134048475],[139.5656415094506,35.72166063384936],[139.56526524527044,35.724260550283724],[139.56634028578512,35.72791281384629],[139.56942206859387,35.73414951815015],[139.56732573959025,35.736362542257964],[139.56829327605345,35.73838985804905],[139.56816785466006,35.74275400349245],[139.566770301991,35.74742766279708],[139.5688307963108,35.74758241972769],[139.56927872985858,35.74999662784532],[139.56777367313802,35.755072655169556],[139.56279265208667,35.76158792194853],[139.56358101513078,35.76284145308652],[139.566770301991,35.76195933858201],[139.56823952402772,35.76350690788818],[139.5710704640497,35.7633366752645],[139.56999542353503,35.76536399105558],[139.57458226306434,35.76623062986704],[139.5743314202776,35.76819604288587],[139.5768936001709,35.76807223734138],[139.5781657314466,35.770857862092484],[139.58225088540237,35.7712138030329],[139.5839888675678,35.77483511520934],[139.5865331301192,35.7751755804567],[139.5887548805162,35.77853380585108],[139.59341338941314,35.77718742055471],[139.59414800043152,35.77870403847476],[139.59719394855645,35.7783635732274],[139.5969431057697,35.77641363590163],[139.6043788026629,35.77502082352608],[139.59844816249023,35.772142344616604],[139.59864525325128,35.76909363308345],[139.60285582860044,35.77096619194391],[139.60634971027315,35.77095071625085],[139.60875063408926,35.7688305463014],[139.61127697929876,35.77105904610228],[139.61722553681332,35.77034716422145],[139.61772722238683,35.7666484735797],[139.62299492090878,35.766865133282565],[139.62408787876538,35.77126023011209],[139.62471498573225,35.7798182883752],[139.62518083662195,35.77793025382168],[139.62939141197114,35.776877906693485],[139.6293555772873,35.771739976597],[139.63021560969904,35.77234352862641],[139.63473077986072,35.769867417736535],[139.6348382839122,35.76879959491528],[139.64051808129807,35.76910910877651],[139.64297275713992,35.77091976486473],[139.64791794350745,35.76861388659854],[139.6511251477096,35.76917101154876],[139.66114094183803,35.76867578937078],[139.6690066549371,35.76654014372827],[139.67069088507677,35.76205219274038],[139.6737009985179,35.75839992917782],[139.67334265167966,35.75451553021934],[139.67502688181932,35.75188466239885],[139.67207052040393,35.745214638689255],[139.67588691423106,35.745400347006],[139.6808321005986,35.743821826313706],[139.67920162248467,35.74018503844421],[139.68076043123094,35.73876127468253]]]],"type":"MultiPolygon"},"id":"geoshape:13:2015-01-01:b0bad793c716b6d7f1f6","properties":{"administrativeCode":"13120","jurisdictionId":"geoshape:13:2015-01-01:b0bad793c716b6d7f1f6","municipalityName":"練馬区","prefectureName":"東京都","snapshotDate":"2015-01-01","sourceDataset":"historical-administrative-areas-beta","sourceProvider":"Geoshape","sourceResourceId":"gci:13120A1968"},"type":"Feature"},{"geometry":{"coordinates":[[[[139.45940958925823,35.692380622576636],[139.45604112897888,35.69128184836926],[139.45364020516277,35.68790814728181],[139.45292351148632,35.683559477531475],[139.45136470274002,35.68066552292893],[139.45236807388707,35.678560828672545],[139.45071967843123,35.67665731842595],[139.4506659264055,35.67319076318014],[139.4535147837694,35.671596766794785],[139.45080926514078,35.671550339715594],[139.44570282269606,35.67350027704137],[139.44050679354177,35.671612242487846],[139.43606329274775,35.67151938832947],[139.4317272960052,35.6726800653091],[139.4298280577626,35.6708229821417],[139.42241027821132,35.67914890500889],[139.41757259589525,35.68275474149226],[139.42156816314147,35.68865098054877],[139.42470369797596,35.68671651891606],[139.4284125877516,35.69112709143864],[139.4312076930898,35.69027592832025],[139.42991764447217,35.693804386338314],[139.43165562663756,35.696930476336775],[139.42739129926267,35.69844709425682],[139.42559956507154,35.70188269811652],[139.42726587786927,35.703631451432486],[139.4303118259942,35.70353859727412],[139.43199605613387,35.70165056272059],[139.44100847911528,35.701325573166294],[139.44161766874026,35.700366080196474],[139.44855168005995,35.700954156532816],[139.45561111277303,35.69473292792202],[139.45940958925823,35.692380622576636]]]],"type":"MultiPolygon"},"id":"geoshape:13:2015-01-01:b47ead47bbbe1fbd097f","properties":{"administrativeCode":"13215","jurisdictionId":"geoshape:13:2015-01-01:b47ead47bbbe1fbd097f","municipalityName":"国立市","prefectureName":"東京都","snapshotDate":"2015-01-01","sourceDataset":"historical-administrative-areas-beta","sourceProvider":"Geoshape","sourceResourceId":"gci:13215A1968"},"type":"Feature"},{"geometry":{"coordinates":[[[[139.51636881919438,35.765580650758444],[139.50859269280485,35.76205219274038],[139.50479421631965,35.76110817546362],[139.49719726334925,35.76243908506692],[139.5012107479374,35.76562707783763],[139.49925775766906,35.77167807382475],[139.49768103158084,35.772142344616604],[139.4967851644853,35.77870403847476],[139.49938317906242,35.78217059372058],[139.50671137190417,35.78277414574998],[139.5084672714115,35.78466218030351],[139.51190740105847,35.78508002401618],[139.5140395647459,35.78850015218281],[139.52117066682663,35.78845372510363],[139.52926930537055,35.79413330445727],[139.53686625834095,35.803944893858386],[139.5416681059732,35.807287643559704],[139.54428403789225,35.80663766445112],[139.5472045646238,35.80266041133426],[139.54621911081867,35.79924028316763],[139.54408694713123,35.796501085495706],[139.53982261975634,35.79374641213073],[139.5375829520174,35.79075960336982],[139.54380026966064,35.78819063832158],[139.54380026966064,35.782836048522235],[139.5429760719327,35.77980281268214],[139.53749336530785,35.776877906693485],[139.53432199578955,35.77418513610075],[139.52844510764263,35.77303993481418],[139.526348778639,35.77161617105251],[139.5230519877273,35.7719411606068],[139.51636881919438,35.765580650758444]]]],"type":"MultiPolygon"},"id":"geoshape:13:2015-01-01:b6dc6aecbf4ed31d758c","properties":{"administrativeCode":"13221","jurisdictionId":"geoshape:13:2015-01-01:b6dc6aecbf4ed31d758c","municipalityName":"清瀬市","prefectureName":"東京都","snapshotDate":"2015-01-01","sourceDataset":"historical-administrative-areas-beta","sourceProvider":"Geoshape","sourceResourceId":"gci:13221A1970"},"type":"Feature"},{"geometry":{"coordinates":[[[[139.56196845435875,35.63259802027932],[139.56320475095063,35.637395485128444],[139.56336600702784,35.641372738245295],[139.56574901350203,35.64717612314343],[139.56877704428507,35.6474701613116],[139.5694758206196,35.64903320631083],[139.57431350293567,35.65075100824068],[139.57651733599076,35.65033316452802],[139.58062040728845,35.64729992868793],[139.5843292970641,35.64839870289531],[139.5855835109979,35.645504748292765],[139.5876440053177,35.64617020309442],[139.58658688214493,35.642641745076354],[139.58443680111557,35.641078700077124],[139.587787344053,35.634965801317755],[139.59140664711907,35.63306229107117],[139.5912633083838,35.63105045097315],[139.59362839751608,35.6266244027575],[139.59228459687273,35.62422567033294],[139.59022410255292,35.62453518419417],[139.58932823545737,35.62122338587897],[139.59024201989484,35.618437761127865],[139.58278840565973,35.621594802512455],[139.57655317067457,35.62198169483899],[139.57245009937688,35.62368402107578],[139.56793492921523,35.626841062460365],[139.56562359210866,35.62719700340079],[139.5661790297079,35.629456454587796],[139.56196845435875,35.63259802027932]]]],"type":"MultiPolygon"},"id":"geoshape:13:2015-01-01:ba74aa1a4dc4081ece55","properties":{"administrativeCode":"13219","jurisdictionId":"geoshape:13:2015-01-01:ba74aa1a4dc4081ece55","municipalityName":"狛江市","prefectureName":"東京都","snapshotDate":"2015-01-01","sourceDataset":"historical-administrative-areas-beta","sourceProvider":"Geoshape","sourceResourceId":"gci:13219A1970"},"type":"Feature"},{"geometry":{"coordinates":[[[[139.53392781426749,35.69897326782092],[139.53419657439616,35.69488768485263],[139.53136563437417,35.69460912237752],[139.53215399741828,35.68877478609326],[139.52853469435217,35.690678296339854],[139.52487955660226,35.690105695696566],[139.52692213358017,35.68420945664006],[139.52450329242214,35.68793909866793],[139.5222636246832,35.687366498024645],[139.51807096667596,35.691390178220686],[139.51527586133778,35.68999736584514],[139.51457708500325,35.68609749119359],[139.5051883978417,35.686979605698106],[139.50289497807705,35.684580873273546],[139.50112116122784,35.684580873273546],[139.5029487301028,35.68727364386628],[139.49990278197785,35.68718078970791],[139.4987023200698,35.68563322040174],[139.49544136384193,35.6869022272328],[139.49578179333824,35.68865098054877],[139.48902695543768,35.69095685881496],[139.48780857618772,35.69197825455703],[139.48958239303693,35.69544480980285],[139.4914457965957,35.70024227465198],[139.4844580332503,35.70225411475],[139.48743231200757,35.70646350326278],[139.48571224718407,35.70838248920243],[139.49149954862145,35.70804202395507],[139.49243125040084,35.7101312425184],[139.49540552915812,35.709636020340426],[139.49590721473163,35.71316447835849],[139.50067322768004,35.712313315240095],[139.50782224710267,35.71222046108173],[139.50859269280485,35.71636794682226],[139.51493543184148,35.71725006132678],[139.52314157443686,35.719060717415],[139.52292656633392,35.71763695365332],[139.52645628269048,35.7172810127129],[139.5252199860986,35.71305614850706],[139.52738798446987,35.71280853741807],[139.527155059025,35.709914582815536],[139.53254817894032,35.70910984677633],[139.5321898321021,35.70291956955165],[139.53392781426749,35.69897326782092]],[[139.49717934600733,35.687258168173216],[139.49717934600733,35.687258168173216]]]],"type":"MultiPolygon"},"id":"geoshape:13:2015-01-01:baeffe11cb764787b40a","properties":{"administrativeCode":"13210","jurisdictionId":"geoshape:13:2015-01-01:baeffe11cb764787b40a","municipalityName":"小金井市","prefectureName":"東京都","snapshotDate":"2015-01-01","sourceDataset":"historical-administrative-areas-beta","sourceProvider":"Geoshape","sourceResourceId":"gci:13210A1968"},"type":"Feature"},{"geometry":{"coordinates":[[[[139.16352260493431,35.85086719522144],[139.16257298581303,35.84955176131119],[139.16642521432397,35.844351928442464],[139.16612061951147,35.84297459175997],[139.16954283181653,35.840513956563164],[139.17190792094883,35.84000325869213],[139.1753301332539,35.83607243265446],[139.17735479288987,35.83514389107076],[139.1769426940259,35.83302372112131],[139.17842983340455,35.83059403731062],[139.17527638122817,35.82722033622317],[139.1774085449156,35.82048840974133],[139.1742013407135,35.81282794167579],[139.175509306673,35.80683884846092],[139.1735742337466,35.80676146999561],[139.17145998740105,35.80346514737347],[139.1649022402615,35.801623539899126],[139.16092459035718,35.79919385608844],[139.1563915028536,35.798636731138224],[139.14981583837215,35.796377279951216],[139.14693114632442,35.79303453024989],[139.14757617063324,35.78901085005385],[139.14648321277664,35.78576095451089],[139.14780909607808,35.78203131248303],[139.1428101576848,35.78105634382014],[139.1405346552621,35.77902902802906],[139.13716619498274,35.77803858367311],[139.13763204587244,35.772436382784775],[139.13609115446806,35.77025431006308],[139.1307517865785,35.76511637996659],[139.12815377200133,35.76700441452012],[139.1251257412183,35.76760796654953],[139.12277856942794,35.76951147679611],[139.11711668938395,35.771445938428826],[139.1143574187296,35.773550632685215],[139.1075488288033,35.776831479614295],[139.1058466813217,35.779106406494364],[139.1022094609137,35.77837904892046],[139.09661925023738,35.77591841372366],[139.09341204603524,35.7699602718949],[139.0884668596677,35.77019240729083],[139.08678262952805,35.77124475441902],[139.08319916114579,35.7699602718949],[139.08008154365322,35.77009955313246],[139.07502885323422,35.772003063379046],[139.0735954658813,35.77002217466715],[139.06650019848442,35.76564255353069],[139.0636155064367,35.765596126451506],[139.0609458224919,35.76411045991758],[139.05660982574935,35.763290248185314],[139.05488976092587,35.760179633879915],[139.04917412885615,35.760055828335425],[139.0457877512349,35.758043988237404],[139.04311806729012,35.75767257160392],[139.04207886145926,35.75411316219973],[139.03967793764312,35.75010495769675],[139.04141591980854,35.74617413165908],[139.03967793764312,35.74439442695699],[139.03446399114694,35.74245996532427],[139.0317584725183,35.74433252418474],[139.02756581451106,35.74396110755126],[139.0271178809633,35.742382586858966],[139.02167100902224,35.740138611365026],[139.01228232186068,35.738668420524164],[139.01038308361808,35.7422897327006],[139.0051870544638,35.748944280717126],[139.00515121977998,35.75044542294411],[139.00215902368078,35.75012043338981],[138.99882639808527,35.75114182913188],[138.9924299070229,35.75552145026835],[138.98936604155608,35.76349143219512],[138.98440293784665,35.767762723480146],[138.98366832682828,35.77223519877497],[138.98531672228413,35.774417271496674],[138.98642759748262,35.782247972185885],[138.98504796215545,35.78526573233292],[138.98187659263715,35.78707638842114],[138.97951150350485,35.7870918641142],[138.97687765424388,35.78902632574691],[138.9771105796887,35.79275596777478],[138.97178912914106,35.79899267207864],[138.97031990710434,35.80457939727391],[138.9720220545859,35.813864813110925],[138.96976446950507,35.81584570182282],[138.96972863482125,35.82451208993737],[138.97048116318152,35.82735961746072],[138.96976446950507,35.831228540726144],[138.96455052300888,35.82947978741018],[138.96220335121848,35.82960359295467],[138.95326259760472,35.836521227753245],[138.9491236916232,35.84046752948398],[138.94731404009016,35.84317577576977],[138.94855033668205,35.84955176131119],[138.94575523134387,35.85408613937827],[138.94392766246892,35.85481349695217],[138.94287053929617,35.860168086751514],[138.94654359438798,35.86436199957123],[138.94514604171889,35.86792140897542],[138.9492670303585,35.8690201831828],[138.9544630595128,35.87491642223931],[138.96519554731768,35.87777942545572],[138.96802648733967,35.882220949364424],[138.9724879054756,35.881973338275436],[138.97920690869236,35.88500657411553],[138.98556756507088,35.88116860223623],[138.9887568519311,35.88115312654317],[138.9958879540118,35.88444944916531],[139.00115565253375,35.88420183807632],[139.00665627650054,35.88961833064791],[139.00671002852627,35.89340987544803],[139.01032933159235,35.89717046886202],[139.01337527971728,35.89825376737634],[139.01839213545244,35.89842400000002],[139.0240002634707,35.89729427440652],[139.02932171401838,35.892914653270054],[139.03761744332334,35.889092157083816],[139.04034087929386,35.88630653233271],[139.04302848058055,35.88548632060044],[139.0483320137863,35.88121502931541],[139.04983707050687,35.878831772583915],[139.0578282049993,35.87750086298061],[139.0591899229846,35.8750402277838],[139.06162668148454,35.87363193971519],[139.07045993104683,35.871542721151854],[139.07243083865706,35.87163557531023],[139.07777020654663,35.87533426595197],[139.08267955823035,35.87476166530869],[139.09167406386985,35.869035658875866],[139.09448708654992,35.86949992966771],[139.09909184342115,35.86867971793544],[139.10143901521153,35.8657083848676],[139.1026753118034,35.866575023679054],[139.11444700543916,35.86536791962024],[139.1192667704133,35.864284621105924],[139.12912130846456,35.865569103630044],[139.13123555481008,35.864470329422666],[139.1353565434497,35.8653833953133],[139.1398000442437,35.86377392323489],[139.1475403359494,35.86270610041363],[139.15282595181327,35.85954905902905],[139.15949120300428,35.85693366690162],[139.16352260493431,35.85086719522144]]]],"type":"MultiPolygon"},"id":"geoshape:13:2015-01-01:bd9e57c88c9ba2088ef3","properties":{"administrativeCode":"13308","jurisdictionId":"geoshape:13:2015-01-01:bd9e57c88c9ba2088ef3","municipalityName":"奥多摩町","parentJurisdictionName":"西多摩郡","prefectureName":"東京都","snapshotDate":"2015-01-01","sourceDataset":"historical-administrative-areas-beta","sourceProvider":"Geoshape","sourceResourceId":"gci:13308A1968"},"type":"Feature"},{"geometry":{"coordinates":[[[[139.13609115446806,35.77025431006308],[139.13877875575477,35.76821151857894],[139.14349101667744,35.766323484025406],[139.14721782379502,35.76212957120569],[139.14465564390167,35.76021058526604],[139.1404092338687,35.75900348120722],[139.1407317460231,35.75544407180304],[139.14934998748245,35.75425244343729],[139.1539905790375,35.75010495769675],[139.15657067627274,35.74470394081822],[139.16409595987548,35.74133023973077],[139.1658518593828,35.73617683394123],[139.16431096797842,35.73249361899255],[139.16624604090484,35.72930562622184],[139.1653860084931,35.727278310430755],[139.16549351254457,35.722573699739996],[139.1669448172394,35.72280583513593],[139.1658518593828,35.718751203553765],[139.16638937964015,35.713737079001774],[139.16511724836442,35.71127644380496],[139.16531433912547,35.70627779494604],[139.17210501170987,35.70169698979978],[139.17262461462528,35.69719356311882],[139.17194375563267,35.692813941982365],[139.16968617055184,35.69087948034965],[139.17140623537531,35.68874383470714],[139.16972200523566,35.679566748721555],[139.1659772807762,35.675001419268355],[139.16456181076518,35.6700956245678],[139.16160544934982,35.6679135518461],[139.15359639751546,35.666025517292574],[139.14716407176928,35.66681477763872],[139.1426489016076,35.67008014887474],[139.13892209449006,35.670544419666584],[139.13673617877686,35.67241697852705],[139.13103846404906,35.67204556189357],[139.1268458060418,35.676858502435756],[139.11933843978096,35.68051076599832],[139.11632832633984,35.68388446708577],[139.11362280771124,35.68436421357068],[139.10815801842827,35.689827133221456],[139.1056316732188,35.69101876158721],[139.09710301846897,35.69227229272521],[139.092247418811,35.69056996648842],[139.08439962305386,35.693077028764414],[139.08201661657964,35.69555313965429],[139.07655182729667,35.69490316054569],[139.07210832650267,35.69541385841673],[139.07069285649166,35.69759593113843],[139.06485180302857,35.69815305608865],[139.0627196393411,35.70072202113689],[139.05202298622004,35.704900458263545],[139.05067918557668,35.70737656915342],[139.04738239466502,35.70924912801388],[139.0438885129923,35.709465787716745],[139.03903291333432,35.71112168687435],[139.03478650330135,35.71495965875365],[139.02679536880888,35.718163127217416],[139.0220831078862,35.72265107820531],[139.02090056332005,35.727278310430755],[139.01785461519512,35.731286514933736],[139.01491617112165,35.73334478211094],[139.01228232186068,35.738668420524164],[139.02167100902224,35.740138611365026],[139.0271178809633,35.742382586858966],[139.02756581451106,35.74396110755126],[139.0317584725183,35.74433252418474],[139.03446399114694,35.74245996532427],[139.03967793764312,35.74439442695699],[139.04141591980854,35.74617413165908],[139.03967793764312,35.75010495769675],[139.04207886145926,35.75411316219973],[139.04311806729012,35.75767257160392],[139.0457877512349,35.758043988237404],[139.04917412885615,35.760055828335425],[139.05488976092587,35.760179633879915],[139.05660982574935,35.763290248185314],[139.0609458224919,35.76411045991758],[139.0636155064367,35.765596126451506],[139.06650019848442,35.76564255353069],[139.0735954658813,35.77002217466715],[139.07502885323422,35.772003063379046],[139.08008154365322,35.77009955313246],[139.08319916114579,35.7699602718949],[139.08678262952805,35.77124475441902],[139.0884668596677,35.77019240729083],[139.09341204603524,35.7699602718949],[139.09661925023738,35.77591841372366],[139.1022094609137,35.77837904892046],[139.1058466813217,35.779106406494364],[139.1075488288033,35.776831479614295],[139.1143574187296,35.773550632685215],[139.11711668938395,35.771445938428826],[139.12277856942794,35.76951147679611],[139.1251257412183,35.76760796654953],[139.12815377200133,35.76700441452012],[139.1307517865785,35.76511637996659],[139.13609115446806,35.77025431006308]]]],"type":"MultiPolygon"},"id":"geoshape:13:2015-01-01:cc17b2a9aeeafa4dea2e","properties":{"administrativeCode":"13307","jurisdictionId":"geoshape:13:2015-01-01:cc17b2a9aeeafa4dea2e","municipalityName":"檜原村","parentJurisdictionName":"西多摩郡","prefectureName":"東京都","snapshotDate":"2015-01-01","sourceDataset":"historical-administrative-areas-beta","sourceProvider":"Geoshape","sourceResourceId":"gci:13307A1968"},"type":"Feature"},{"geometry":{"coordinates":[[[[139.41441914371885,35.73303526824971],[139.4162287952519,35.73209125097294],[139.42579665583256,35.73103890384475],[139.42644168014135,35.73017226503329],[139.42291196378483,35.73018774072635],[139.43384154235073,35.72695332087646],[139.43563327654186,35.7247557724617],[139.44611492156002,35.722867737908174],[139.4438752538211,35.711740714596814],[139.44161766874026,35.7158262975651],[139.43654706097936,35.71477395043691],[139.43333985677722,35.71839526261334],[139.42826924901632,35.71735839117821],[139.43563327654186,35.70372430559086],[139.4303118259942,35.70353859727412],[139.42726587786927,35.703631451432486],[139.42559956507154,35.70188269811652],[139.42739129926267,35.69844709425682],[139.43165562663756,35.696930476336775],[139.42991764447217,35.693804386338314],[139.4312076930898,35.69027592832025],[139.4284125877516,35.69112709143864],[139.42470369797596,35.68671651891606],[139.42156816314147,35.68865098054877],[139.41757259589525,35.68275474149226],[139.41248407079243,35.6835904289176],[139.39514008382224,35.68917715411287],[139.38508845501,35.69128184836926],[139.3885823366827,35.69306155307135],[139.39023073213855,35.698787559504176],[139.39295416810907,35.69908159767235],[139.39544467863473,35.706448027569714],[139.39843687473393,35.71164786043845],[139.3956955214215,35.712885915883376],[139.39456672888107,35.711632384745386],[139.390947425815,35.71533107538713],[139.38899443554666,35.71438705811036],[139.38709519730406,35.71666198499043],[139.38885109681135,35.71790004043537],[139.38550055387395,35.72045352979055],[139.38206042422698,35.72023687008769],[139.37931907091453,35.721722536621606],[139.3817916640983,35.72311534899716],[139.38008951661672,35.72559145988703],[139.3777065101425,35.72421412320454],[139.37636270949915,35.725452178649476],[139.37005580514636,35.72450816137271],[139.3702887305912,35.725839070976015],[139.36541521359132,35.72501885924375],[139.36181382786714,35.72625691468868],[139.36245885217596,35.724167696125356],[139.35717323631212,35.72580811958989],[139.35504107262466,35.72508076201599],[139.353356842485,35.72795924092547],[139.35292682627912,35.73609945547592],[139.35900080518707,35.73733751092085],[139.35987875494072,35.7395814864148],[139.36546896561705,35.73907078854376],[139.3694645328633,35.73588279577306],[139.3702708132493,35.737352986613914],[139.37795735292926,35.73509353542691],[139.3784769558447,35.73351501473462],[139.38096746637038,35.734845924337925],[139.38349381157988,35.73303526824971],[139.3838521584181,35.735526854832635],[139.3884389979474,35.733700723051356],[139.39121618594365,35.73353049042768],[139.38729228806508,35.73704347275268],[139.38481969488132,35.73787916017801],[139.38490928159086,35.741515948047514],[139.38354756360562,35.74396110755126],[139.38788356034814,35.73950410794949],[139.39530133989945,35.73349953904155],[139.39827561865673,35.73493877849629],[139.4004077823442,35.733561441813805],[139.4088289330425,35.73362334458605],[139.40945604000942,35.73260194884398],[139.41441914371885,35.73303526824971]]]],"type":"MultiPolygon"},"id":"geoshape:13:2015-01-01:cca8cef427d5e67825c9","properties":{"administrativeCode":"13202","jurisdictionId":"geoshape:13:2015-01-01:cca8cef427d5e67825c9","municipalityName":"立川市","prefectureName":"東京都","snapshotDate":"2015-01-01","sourceDataset":"historical-administrative-areas-beta","sourceProvider":"Geoshape","sourceResourceId":"gci:13202A1968"},"type":"Feature"},{"geometry":{"coordinates":[[[[139.342642272022,35.74984187091471],[139.3423376772095,35.74614318027296],[139.34552696406973,35.747071721856656],[139.35206679386738,35.741237385572404],[139.35333892514308,35.742537343789586],[139.35043631575346,35.74513726022395],[139.3498987954961,35.74772170096525],[139.3546648084445,35.7456015310158],[139.3549156512313,35.74276947918551],[139.35987875494072,35.7395814864148],[139.35900080518707,35.73733751092085],[139.35292682627912,35.73609945547592],[139.353356842485,35.72795924092547],[139.35504107262466,35.72508076201599],[139.35294474362104,35.72483315092701],[139.3522997193122,35.72251179696775],[139.34627949243003,35.72094875196852],[139.34162098353306,35.721304692908944],[139.33859295275005,35.71895238756356],[139.33886171287872,35.715857248951224],[139.33248313915828,35.71260735340827],[139.33122892522448,35.713458516526664],[139.32845173722822,35.723703425333504],[139.32823672912528,35.72803661939078],[139.32198357679823,35.73272575438847],[139.32010225589755,35.73332930641788],[139.31666212625058,35.743373031214915],[139.3138670209124,35.74711814893585],[139.318794289938,35.7506930340331],[139.32094437096737,35.750043054924504],[139.3220552461659,35.753602464328694],[139.3249220208717,35.75484051977363],[139.32938343900761,35.752379884576825],[139.33577993006998,35.75114182913188],[139.33776875502213,35.751946565171096],[139.33873629148533,35.75010495769675],[139.342642272022,35.74984187091471]]]],"type":"MultiPolygon"},"id":"geoshape:13:2015-01-01:d06514b688b12d0802be","properties":{"administrativeCode":"13218","jurisdictionId":"geoshape:13:2015-01-01:d06514b688b12d0802be","municipalityName":"福生市","prefectureName":"東京都","snapshotDate":"2015-01-01","sourceDataset":"historical-administrative-areas-beta","sourceProvider":"Geoshape","sourceResourceId":"gci:13218A1970"},"type":"Feature"},{"geometry":{"coordinates":[[[[139.78890950700782,35.69470197653589],[139.78890950700782,35.691653265002735],[139.79039664638645,35.6892854839643],[139.79265423146728,35.68646890782707],[139.79186586842317,35.682569033175525],[139.78908868042691,35.67916438070195],[139.7871715248424,35.67450619709038],[139.78729694623578,35.67147296125029],[139.789070763085,35.665638624966036],[139.78959036600043,35.65626035497064],[139.78853324282767,35.656182976505335],[139.78018376149697,35.65054982423088],[139.7727838992876,35.646046397549924],[139.7694871083759,35.64926534170676],[139.7727659819457,35.65147836581458],[139.77163718940528,35.65259261571502],[139.76835831583548,35.650379591607205],[139.76484651682088,35.65146289012152],[139.7656886318907,35.65556394878287],[139.75900546335777,35.65899955264256],[139.75807376157837,35.66867186080612],[139.75431111977701,35.66990991625106],[139.76368188959663,35.67250983268542],[139.77032922344574,35.678437023128055],[139.7709025783869,35.68450349480823],[139.76968419913695,35.68691770292586],[139.7704367274972,35.68930095965736],[139.7802195961808,35.69296869891298],[139.7825846853131,35.69471745222895],[139.78254885062927,35.69657453539636],[139.78890950700782,35.69470197653589]]]],"type":"MultiPolygon"},"id":"geoshape:13:2015-01-01:d1c40aa1dfed4b0299f2","properties":{"administrativeCode":"13102","jurisdictionId":"geoshape:13:2015-01-01:d1c40aa1dfed4b0299f2","municipalityName":"中央区","prefectureName":"東京都","snapshotDate":"2015-01-01","sourceDataset":"historical-administrative-areas-beta","sourceProvider":"Geoshape","sourceResourceId":"gci:13102A1968"},"type":"Feature"},{"geometry":{"coordinates":[[[[139.53249442691458,34.1245845855757],[139.53593455656156,34.123392957209944],[139.53935676886664,34.123841752308735],[139.54663120968263,34.11995735335025],[139.54761666348776,34.11676936057954],[139.55123596655386,34.11630508978769],[139.5553927898773,34.11257544775982],[139.55883291952426,34.1112909652357],[139.56186095030728,34.10866009741521],[139.56334808968592,34.10550305603063],[139.5634555937374,34.102454344497474],[139.56565942679248,34.10199007370562],[139.56368851918225,34.1005044071717],[139.5655160880572,34.097517598410796],[139.56524732792852,34.0937570049968],[139.56164594220434,34.08699412712885],[139.56162802486244,34.082660933071566],[139.5630076601896,34.08035505480538],[139.56795284655715,34.080540763122116],[139.56374227120796,34.079287231984125],[139.56293599082196,34.07773966267795],[139.56374227120796,34.07370050678885],[139.56322266829255,34.069150653028714],[139.56092924852788,34.06874828500911],[139.55874333281471,34.06435318817959],[139.55515986443243,34.06311513273465],[139.55342188226703,34.06017475105293],[139.55073428098035,34.05844147343002],[139.5456099211937,34.058209338034096],[139.5403959746975,34.0562284493222],[139.53776212543653,34.053783289818455],[139.53373072350647,34.052746418383315],[139.53401740097706,34.04971318254323],[139.53206441070873,34.0472989744256],[139.52910804929334,34.046494238386394],[139.52527373812433,34.04945009576117],[139.5203285517568,34.04686565501987],[139.51239116929005,34.04881559234565],[139.5092735517975,34.04760848828683],[139.50635302506595,34.04776324521745],[139.50112116122784,34.04573592942637],[139.49497551295224,34.048908446504015],[139.4931479440773,34.048351321553795],[139.48780857618772,34.05237500174984],[139.4851030575591,34.05266903991801],[139.48205710943415,34.051461935859194],[139.48128666373196,34.05624392501526],[139.47915450004453,34.05698675828222],[139.4776673606659,34.05995809135007],[139.47772111269163,34.063734160457116],[139.48182418398932,34.06754118095029],[139.4784736410519,34.0725088784231],[139.47635939470635,34.072725538125965],[139.47320594252997,34.07674921832201],[139.47621605597107,34.07992173539965],[139.47822279826514,34.08021577356782],[139.48175251462166,34.08323353371485],[139.48223628285328,34.09029044975098],[139.48327548868414,34.09196182460165],[139.4882923444193,34.09559861247114],[139.48832817910312,34.10042702870639],[139.49296877065817,34.10250077157666],[139.4939542244633,34.10554948310981],[139.48931363290825,34.112482593601456],[139.49282543192288,34.11963236379596],[139.49655223904043,34.120143061666994],[139.49829022120585,34.12179896082459],[139.50151534274988,34.121272787260494],[139.5064784464593,34.12274297810136],[139.5110115339629,34.12034424567679],[139.5175334464186,34.122015620527456],[139.51919975921638,34.123826276615674],[139.52263988886335,34.12489409943693],[139.524933308628,34.124120314783845],[139.52747757117942,34.12520361329816],[139.52991432967937,34.12410483909078],[139.53249442691458,34.1245845855757]]]],"type":"MultiPolygon"},"id":"geoshape:13:2015-01-01:d33ec6cedce0e2279fd3","properties":{"administrativeCode":"13381","jurisdictionId":"geoshape:13:2015-01-01:d33ec6cedce0e2279fd3","municipalityName":"三宅村","prefectureName":"東京都","snapshotDate":"2015-01-01","sourceDataset":"historical-administrative-areas-beta","sourceProvider":"Geoshape","sourceResourceId":"gci:13381A1968"},"type":"Feature"},{"geometry":{"coordinates":[[[[139.41757259589525,35.68275474149226],[139.42241027821132,35.67914890500889],[139.4298280577626,35.6708229821417],[139.4407038843028,35.660191181008315],[139.4420118502623,35.65796268120743],[139.4383387951705,35.65457350442692],[139.43781919225506,35.65003912635984],[139.43398488108602,35.650781959626805],[139.43308901399047,35.64827489735081],[139.42979222307878,35.647392782846296],[139.42696128305678,35.64374051928374],[139.41680215019306,35.649048682003894],[139.41501041600193,35.64703684190587],[139.4105310805241,35.64490119626336],[139.40641009188448,35.645257137203785],[139.40451085364188,35.64358576235312],[139.39936857651333,35.64118702992856],[139.39200454898776,35.6395930335432],[139.3898544679584,35.64115607854244],[139.38202458954314,35.64131083547305],[139.37808277432265,35.63932994676115],[139.37718690722707,35.64101679730488],[139.37856654255424,35.644096460224155],[139.37638062684107,35.6454118941344],[139.37396178568304,35.644096460224155],[139.36880159121256,35.64431311992702],[139.36543313093324,35.64640233849035],[139.35740616175696,35.65537824046613],[139.35941290405103,35.65681747992087],[139.3588933011356,35.659355493582986],[139.37242089427866,35.665746954817465],[139.37046790401033,35.66856353095469],[139.37242089427866,35.67238602714093],[139.3764343788668,35.6763168531786],[139.37670313899548,35.67820488773213],[139.37505474353964,35.68174882144325],[139.37519808227492,35.68578797733235],[139.37804693963884,35.687676011885884],[139.37964158306895,35.68676294599524],[139.3762731227896,35.691637789309674],[139.38508845501,35.69128184836926],[139.39514008382224,35.68917715411287],[139.41248407079243,35.6835904289176],[139.41757259589525,35.68275474149226]]]],"type":"MultiPolygon"},"id":"geoshape:13:2015-01-01:dec7d807b5e7ad783d64","properties":{"administrativeCode":"13212","jurisdictionId":"geoshape:13:2015-01-01:dec7d807b5e7ad783d64","municipalityName":"日野市","prefectureName":"東京都","snapshotDate":"2015-01-01","sourceDataset":"historical-administrative-areas-beta","sourceProvider":"Geoshape","sourceResourceId":"gci:13212A1968"},"type":"Feature"},{"geometry":{"coordinates":[[[[139.54458863270474,35.754763141308324],[139.53353363274545,35.74490512482802],[139.5284271903007,35.74471941651128],[139.52717297636693,35.743651593690025],[139.53131188234843,35.740262416909516],[139.52971723891832,35.73972076765236],[139.52016729567958,35.73343763626931],[139.52109899745898,35.73894698299927],[139.51511460526058,35.739117215622954],[139.5126420120768,35.737972014336385],[139.5081805939409,35.73838985804905],[139.50857477546296,35.74126833695853],[139.5067292892461,35.74202664591855],[139.50560049670565,35.73206029958682],[139.50443586948143,35.73219958082437],[139.50472254695202,35.74102072586954],[139.50379084517263,35.74284685765082],[139.49811104778672,35.74586461779785],[139.49816479981246,35.7443479998778],[139.49063951620968,35.741825461908746],[139.48943905430164,35.74490512482802],[139.485730164526,35.74386825339289],[139.48730689061418,35.74899070779631],[139.49388255509564,35.75381912403156],[139.4947605048493,35.758291599326384],[139.50479421631965,35.76110817546362],[139.50859269280485,35.76205219274038],[139.51636881919438,35.765580650758444],[139.52138567492955,35.767577015163404],[139.5303085112014,35.76835079981649],[139.5366154155542,35.77025431006308],[139.5465774576569,35.774138709021564],[139.5478316715907,35.773983952090944],[139.54700747386278,35.768165091499746],[139.54763458082968,35.766168727094794],[139.54697163917896,35.760303439424405],[139.54458863270474,35.754763141308324]]]],"type":"MultiPolygon"},"id":"geoshape:13:2015-01-01:df4554bf38d49be7e626","properties":{"administrativeCode":"13222","jurisdictionId":"geoshape:13:2015-01-01:df4554bf38d49be7e626","municipalityName":"東久留米市","prefectureName":"東京都","snapshotDate":"2015-01-01","sourceDataset":"historical-administrative-areas-beta","sourceProvider":"Geoshape","sourceResourceId":"gci:13222A1970"},"type":"Feature"},{"geometry":{"coordinates":[[[[139.7165592803698,35.673438374269125],[139.71492880225588,35.672989579170334],[139.71381792705736,35.66935279130084],[139.70856814587734,35.66406010427374],[139.71380000971547,35.659757861602586],[139.71498255428162,35.65714246947516],[139.72171947484028,35.65568775432736],[139.72356496105715,35.64669637665852],[139.71921104697267,35.64185248473021],[139.71763432088449,35.64166677641347],[139.71523339706837,35.64262626938329],[139.70862189790307,35.64200724166083],[139.69969906163124,35.64808918903407],[139.69294422373065,35.65387709823914],[139.68801695470503,35.6608411601169],[139.68414680885218,35.662914902987175],[139.6750089644774,35.663874395956995],[139.6728051314223,35.66748023244037],[139.67269762737084,35.67229317298256],[139.6620547262755,35.671442009864165],[139.661750131463,35.67252530837848],[139.6620547262755,35.67562044699082],[139.6641152205953,35.67634780456472],[139.66784202771288,35.6799536410481],[139.67130007470175,35.68148573466121],[139.68033041502508,35.689796181835334],[139.683985552775,35.6919937302501],[139.6832151070728,35.68871288332102],[139.68597437772715,35.68789267158874],[139.68498892392202,35.68588083149073],[139.68767652520873,35.68159406451264],[139.69502263539238,35.68665461614381],[139.70209998544735,35.68917715411287],[139.70270917507233,35.68776886604425],[139.70577304053919,35.68804742851936],[139.7074035186531,35.68445706772905],[139.71139908589933,35.68337376921473],[139.71478546352057,35.68086670693874],[139.7129041426199,35.677291821841486],[139.71288622527797,35.67461452694181],[139.71485713288823,35.67507879773366],[139.7165592803698,35.673438374269125]]]],"type":"MultiPolygon"},"id":"geoshape:13:2015-01-01:dfe1b159be667641c2bc","properties":{"administrativeCode":"13113","jurisdictionId":"geoshape:13:2015-01-01:dfe1b159be667641c2bc","municipalityName":"渋谷区","prefectureName":"東京都","snapshotDate":"2015-01-01","sourceDataset":"historical-administrative-areas-beta","sourceProvider":"Geoshape","sourceResourceId":"gci:13113A1968"},"type":"Feature"},{"geometry":{"coordinates":[[[[139.81666346962848,35.533259546516305],[139.80245501749278,35.52097184622532],[139.79983908557372,35.5229217835511],[139.80179207584206,35.52465506117401],[139.8006095312759,35.52631096033161],[139.80709560904782,35.53110842518073],[139.81979900446296,35.542390205422706],[139.82309579537466,35.54384492057051],[139.8260342394481,35.54156999369044],[139.81666346962848,35.533259546516305]]],[[[139.7642373271959,35.574997490703694],[139.77346475828023,35.574889160852265],[139.76561696252307,35.564891863134406],[139.75848586044233,35.568435796845534],[139.757142059799,35.57149998407175],[139.7576079106887,35.574455841446536],[139.7642373271959,35.574997490703694]]],[[[139.74947343746095,35.58886371168697],[139.7560132672586,35.589250604013515],[139.75597743257475,35.5849328856493],[139.76257101439813,35.58501026411461],[139.7625530970562,35.59460519381286],[139.76541987176205,35.59448138826836],[139.76679950708922,35.59256240232872],[139.77314224612581,35.59575039509943],[139.77677946653384,35.59028747544865],[139.76916459622151,35.583137705254146],[139.77049047952295,35.581125865156125],[139.77591943412207,35.5856602432232],[139.77853536604113,35.58648045495547],[139.78752987168062,35.58007351802793],[139.7850931131807,35.57722599050458],[139.7666561683539,35.57714861203927],[139.76937960432446,35.58015089649324],[139.76760578747522,35.58149728178961],[139.76248142768858,35.57714861203927],[139.75583409383947,35.57707123357396],[139.75411402901597,35.578293813325836],[139.74947343746095,35.58886371168697]]],[[[139.69539889957252,35.607496446133254],[139.6982119222526,35.60358109578864],[139.70106077961648,35.60141449876001],[139.7118291021052,35.600656189799984],[139.71448086870808,35.59997525930527],[139.71534090111984,35.59691107207905],[139.71754473417494,35.596230141584336],[139.71917521228886,35.59185052044788],[139.72109236787338,35.59429567995163],[139.728241387296,35.594388534109996],[139.73055272440257,35.59216003430911],[139.72894016363054,35.588832760300846],[139.73010479085477,35.587378045153045],[139.73587417495023,35.587362569459984],[139.74653499338748,35.59016366990416],[139.74789671137273,35.58858514921186],[139.75194603064472,35.57946996599853],[139.75027971784695,35.575446285802485],[139.75409611167407,35.57448679283266],[139.7563536967549,35.56907030026107],[139.74977803227344,35.56662514075732],[139.75527865624022,35.56159554051227],[139.7585933644938,35.56436568957031],[139.76373564162236,35.560465814918764],[139.77099216509646,35.56897744610269],[139.785433542677,35.57055596679499],[139.8012545555847,35.54830192017228],[139.80396007421334,35.5460269932922],[139.80890526058087,35.53844390369198],[139.7949118165481,35.532129820922805],[139.78441225418806,35.53537971646576],[139.78208299973957,35.538691514780965],[139.7787862088279,35.53700466423724],[139.77649278906324,35.53446665057512],[139.76807163836492,35.53934149388955],[139.75647911814826,35.544556802451346],[139.75008262708593,35.54458775383747],[139.74678583617424,35.543829444877446],[139.73940389130678,35.54512940309463],[139.73463787835834,35.540981917354095],[139.73073189782167,35.54276162205619],[139.72610922360855,35.54347350393702],[139.71820767582565,35.53830462245442],[139.71075406159054,35.536540393445385],[139.70478758673406,35.5362927823564],[139.69993198707607,35.538366525226664],[139.69794316212392,35.54144618814594],[139.69844484769743,35.54540796556974],[139.70301376988482,35.54892094789474],[139.70417839710908,35.55183037819034],[139.70088160619738,35.554894565416554],[139.6977819060467,35.55613262086149],[139.690453713205,35.55695283259376],[139.68154879427505,35.561193172492665],[139.6787895236207,35.56298835288782],[139.6764065171465,35.566037064420975],[139.67138966141133,35.5781854834744],[139.6693112497496,35.58471622594644],[139.66701782998496,35.5874399479253],[139.6633268575512,35.58986963173598],[139.65513863229774,35.590148194211096],[139.65705578788223,35.59341356544711],[139.65297063392646,35.595936103416165],[139.65578365660653,35.59647775267332],[139.65961796777557,35.599959783612206],[139.66262808121667,35.5984276899991],[139.66440189806588,35.599665745444035],[139.66966959658782,35.59909314480075],[139.67565398878622,35.59178861767563],[139.6806708445214,35.59489923198103],[139.68027666299935,35.600671665493046],[139.6804020843927,35.60440130752091],[139.68197881048093,35.60580959558953],[139.6847559984772,35.605345324797675],[139.6840034701169,35.61309864702159],[139.68613563380435,35.61169035895297],[139.69074039067556,35.61113323400275],[139.69539889957252,35.607496446133254]]]],"type":"MultiPolygon"},"id":"geoshape:13:2015-01-01:f286153169c0957e1c0f","properties":{"administrativeCode":"13111","jurisdictionId":"geoshape:13:2015-01-01:f286153169c0957e1c0f","municipalityName":"大田区","prefectureName":"東京都","snapshotDate":"2015-01-01","sourceDataset":"historical-administrative-areas-beta","sourceProvider":"Geoshape","sourceResourceId":"gci:13111A1968"},"type":"Feature"},{"geometry":{"coordinates":[[[[139.4410263964572,34.75240250170246],[139.44272854393876,34.748580005516224],[139.44518321978063,34.74766693962558],[139.448139581196,34.744417044082624],[139.44889210955628,34.74104334299518],[139.4467420285269,34.73612207260156],[139.44430527002697,34.73423403804803],[139.4438752538211,34.73199006255409],[139.44548781459312,34.72807471220948],[139.4448427902843,34.7251188548347],[139.4479604077769,34.72050709830231],[139.44898169626583,34.71988807057984],[139.44898169626583,34.71318709548413],[139.4445381954718,34.71015385964404],[139.44371399774388,34.70292671098423],[139.449555051207,34.69823757598654],[139.44993131538712,34.69636501712607],[139.4478708210673,34.6946162638101],[139.44604325219237,34.69028306975282],[139.44428735268505,34.688348608120116],[139.44477112091667,34.68455706332],[139.43936008365944,34.68547012921064],[139.43878672871827,34.68820932688256],[139.43638580490216,34.68754387208091],[139.44079347101234,34.68200357396482],[139.44025595075502,34.68039410188641],[139.4387150593506,34.67867629995656],[139.43434322792427,34.67790251530347],[139.43006098320745,34.67872272703574],[139.4282513316744,34.68129169208398],[139.42531288760094,34.68265355307341],[139.42387950024803,34.68189524411339],[139.4222490221341,34.68252974752892],[139.4144908130865,34.68068814005458],[139.4129320043402,34.68181786564808],[139.40852433823002,34.68073456713376],[139.40413458946173,34.68256069891504],[139.4009094679177,34.68226666074687],[139.39944024588095,34.68409279252815],[139.39684223130382,34.68387613282528],[139.39472798495828,34.68720340683355],[139.39109076455028,34.68743554222947],[139.3863605862857,34.69015926420833],[139.38397757981147,34.693594868068026],[139.37948032699174,34.696163833116266],[139.37632687481533,34.69591622202728],[139.37254631567205,34.69963038836209],[139.36520020548838,34.700419648708234],[139.35891121847752,34.70292671098423],[139.35891121847752,34.70294218667729],[139.3601833497532,34.70808011677377],[139.36097171279732,34.710385995039964],[139.35358976792983,34.717086970135675],[139.35253264475708,34.718959528996145],[139.35246097538942,34.72445340003304],[139.35314183438206,34.73096866681202],[139.35688655884152,34.73531733656235],[139.3560623611136,34.739851714629424],[139.35688655884152,34.741909981806636],[139.35267598349236,34.74681577650719],[139.35296266096296,34.75083945670323],[139.35158302563576,34.754832185513145],[139.3490925151101,34.75902609833287],[139.34889542434908,34.76603658728981],[139.35088424930123,34.76673299347759],[139.35204887652546,34.76941028837726],[139.34936127523878,34.774935110800286],[139.34964795270935,34.78282771426175],[139.35235347133795,34.78426695371649],[139.3541272881872,34.790008435842374],[139.35878579708412,34.79321190430615],[139.36029085380468,34.798736726729175],[139.36156298508038,34.79901528920428],[139.3667948489185,34.796415372769914],[139.37229547288527,34.798442688560996],[139.3767748083631,34.79426425143434],[139.38044786345495,34.79435710559271],[139.38211417625268,34.7913702968318],[139.38460468677837,34.78983820321869],[139.38992613732606,34.788615623466825],[139.39157453278187,34.78976082475339],[139.38849274997312,34.79276310920736],[139.39465631559065,34.78884775886275],[139.39800685852805,34.78787279019986],[139.40099905462725,34.788476342229266],[139.4031312183147,34.78708352985372],[139.40565756352422,34.787609703417814],[139.40796890063078,34.786185939656136],[139.41337993788798,34.78677401599248],[139.41431163966737,34.783941964162196],[139.42070813072974,34.78107896094578],[139.42206984871498,34.78174441574743],[139.42796465420383,34.77586365238399],[139.432175229553,34.773248260256565],[139.4366008130051,34.76783176768497],[139.4400946946778,34.75814398382835],[139.4410263964572,34.75240250170246]]]],"type":"MultiPolygon"},"id":"geoshape:13:2015-01-01:f2bb871e85d1faf9bcd4","properties":{"administrativeCode":"13361","jurisdictionId":"geoshape:13:2015-01-01:f2bb871e85d1faf9bcd4","municipalityName":"大島町","prefectureName":"東京都","snapshotDate":"2015-01-01","sourceDataset":"historical-administrative-areas-beta","sourceProvider":"Geoshape","sourceResourceId":"gci:13361A1968"},"type":"Feature"},{"geometry":{"coordinates":[[[[139.67796532589279,35.730682962904325],[139.67733821892588,35.72936752899408],[139.67518813789653,35.723703425333504],[139.6757614928377,35.72195467201753],[139.67368308117597,35.72026782147381],[139.6790941184332,35.71827145706885],[139.6790941184332,35.71523822122876],[139.68185338908754,35.71314900266543],[139.68034833236698,35.7112609681119],[139.68278509086693,35.71011576682534],[139.69007744902484,35.711477627814766],[139.69421635500638,35.711044308409036],[139.68887698711677,35.707500374697915],[139.6874973517896,35.70400286806597],[139.68841113622707,35.69932920876134],[139.683985552775,35.6919937302501],[139.68033041502508,35.689796181835334],[139.67130007470175,35.68148573466121],[139.66784202771288,35.6799536410481],[139.6641152205953,35.67634780456472],[139.66257432919093,35.679427467484004],[139.65927753827924,35.68190357837387],[139.6592237862535,35.686685567529935],[139.660943851077,35.6867784216883],[139.66755535024228,35.69174611916111],[139.66510067440043,35.69542933410979],[139.66115885917995,35.69519719871386],[139.6606213389226,35.69652810831717],[139.66253849450712,35.69923635460297],[139.6610871898123,35.70143390301773],[139.66090801639317,35.70468379856068],[139.65820249776456,35.7050397395011],[139.65822041510648,35.70921817662776],[139.65060554479416,35.709341982172255],[139.64284733574655,35.71150857920089],[139.64179021257377,35.714758474743846],[139.63688086089007,35.71650722805982],[139.6321865173093,35.71694054746554],[139.6318819224968,35.71972617221665],[139.62992893222847,35.72040710271136],[139.62439247357787,35.729274674835715],[139.62455372965508,35.73014131364717],[139.62716966157413,35.735109011119974],[139.63354823529457,35.73527924374365],[139.6364329273423,35.73227695928968],[139.63983722230543,35.72638072023318],[139.6435819467649,35.72531289741192],[139.64739834059202,35.7254831300356],[139.64743417527586,35.72675213686666],[139.65961796777557,35.725823595282954],[139.66225181703652,35.72692236949034],[139.66513650908425,35.73131746631986],[139.66818245720918,35.731394844785164],[139.67146133077895,35.733545966120744],[139.674686452323,35.73306621963583],[139.67796532589279,35.730682962904325]]]],"type":"MultiPolygon"},"id":"geoshape:13:2015-01-01:f3cd4bef17525f52f768","properties":{"administrativeCode":"13114","jurisdictionId":"geoshape:13:2015-01-01:f3cd4bef17525f52f768","municipalityName":"中野区","prefectureName":"東京都","snapshotDate":"2015-01-01","sourceDataset":"historical-administrative-areas-beta","sourceProvider":"Geoshape","sourceResourceId":"gci:13114A1968"},"type":"Feature"},{"geometry":{"coordinates":[[[[139.69686812160924,35.79889981792027],[139.6906328866241,35.79057389505308],[139.68946825939986,35.786797825946024],[139.6912779109329,35.784414569214526],[139.69498680070856,35.78261938881937],[139.69844484769743,35.782124166641395],[139.70226124152455,35.784105055353294],[139.70238666291795,35.7810718195132],[139.70446507457964,35.77495892075383],[139.7064001475061,35.76666394927276],[139.71089740032582,35.763615237739614],[139.71326248945812,35.76308906417551],[139.7167026191051,35.76024153665216],[139.72171947484028,35.75385007541768],[139.72261534193584,35.75075493680534],[139.7214148800278,35.74631341289664],[139.71951564178516,35.745044406065574],[139.71043154943612,35.74578723933254],[139.70815604701338,35.74146952096832],[139.7023329108922,35.73614588255511],[139.70098911024886,35.73990647596909],[139.69921529339962,35.73972076765236],[139.6988748639033,35.74239806255203],[139.69453886716076,35.74222782992835],[139.69258587689242,35.743636117996964],[139.68961159813514,35.74133023973077],[139.68076043123094,35.73876127468253],[139.67920162248467,35.74018503844421],[139.6808321005986,35.743821826313706],[139.67588691423106,35.745400347006],[139.67207052040393,35.745214638689255],[139.67502688181932,35.75188466239885],[139.67334265167966,35.75451553021934],[139.6737009985179,35.75839992917782],[139.67069088507677,35.76205219274038],[139.6690066549371,35.76654014372827],[139.66114094183803,35.76867578937078],[139.6511251477096,35.76917101154876],[139.64791794350745,35.76861388659854],[139.64297275713992,35.77091976486473],[139.64051808129807,35.76910910877651],[139.6348382839122,35.76879959491528],[139.63473077986072,35.769867417736535],[139.63021560969904,35.77234352862641],[139.6293555772873,35.771739976597],[139.62939141197114,35.776877906693485],[139.62518083662195,35.77793025382168],[139.62471498573225,35.7798182883752],[139.62906889981673,35.78574547881783],[139.63168483173578,35.78633355515417],[139.6315594103424,35.78820611401464],[139.63422909428718,35.79034175965715],[139.6375438025408,35.79085245752819],[139.63940720609958,35.79284882193315],[139.6405718333238,35.79769271386146],[139.64368945081637,35.798218887425556],[139.64824045566186,35.79763081108921],[139.6533648154485,35.80023072752358],[139.65777248155868,35.800509289998686],[139.66975918329737,35.80024620321664],[139.67841325944056,35.798822439454966],[139.68919949927118,35.80088070663217],[139.69384009082623,35.80023072752358],[139.69686812160924,35.79889981792027]]]],"type":"MultiPolygon"},"id":"geoshape:13:2015-01-01:fa80d8469597509d5f10","properties":{"administrativeCode":"13119","jurisdictionId":"geoshape:13:2015-01-01:fa80d8469597509d5f10","municipalityName":"板橋区","prefectureName":"東京都","snapshotDate":"2015-01-01","sourceDataset":"historical-administrative-areas-beta","sourceProvider":"Geoshape","sourceResourceId":"gci:13119A1968"},"type":"Feature"}],"type":"FeatureCollection"}
