{"features":[{"geometry":{"coordinates":[[[[139.77314224612584,35.5957503950994],[139.76679950708922,35.592562402328696],[139.76541987176205,35.59448138826835],[139.76255309705624,35.59460519381284],[139.76257101439813,35.58501026411459],[139.75597743257475,35.58493288564928],[139.7560132672586,35.58925060401349],[139.74947343746095,35.588863711686955],[139.7501901311374,35.59135529826988],[139.74843423163009,35.59192789891317],[139.7490792559389,35.60071809257221],[139.7517489398837,35.604664394302944],[139.7530210711594,35.6176485007817],[139.75798417486882,35.61767945216782],[139.76194390743123,35.614646216327735],[139.7634847988356,35.60871902588511],[139.77314224612584,35.5957503950994]]],[[[139.77344684093833,35.62026389290913],[139.77063381825823,35.61873179929602],[139.76765953950095,35.62207454899735],[139.76758787013333,35.62580419102521],[139.76873458001563,35.62643869444074],[139.77135051193468,35.6231423718186],[139.77344684093833,35.62026389290913]]],[[[139.753504839391,35.624055437709245],[139.75755415866297,35.62408638909537],[139.75742873726958,35.62792436097467],[139.75941756222176,35.62800173943997],[139.75975799171806,35.619350827018486],[139.75312857521087,35.61899488607807],[139.753504839391,35.624055437709245]]],[[[139.75026180050506,35.62482922236232],[139.75183852659325,35.624751843897016],[139.75038722189842,35.60565483865889],[139.74771753795363,35.60271445697717],[139.74653499338748,35.590163669904136],[139.73587417495023,35.58736256945997],[139.7301047908548,35.58737804515303],[139.72894016363054,35.58883276030083],[139.73055272440257,35.59216003430909],[139.728241387296,35.594388534109974],[139.72109236787338,35.59429567995161],[139.71917521228886,35.591850520447856],[139.71754473417494,35.596230141584314],[139.71534090111984,35.59691107207903],[139.7144808687081,35.599975259305246],[139.7118291021052,35.60065618979996],[139.7010607796165,35.601414498759986],[139.6982119222526,35.60358109578862],[139.69539889957252,35.60749644613323],[139.69557807299162,35.61210820266562],[139.70398130634806,35.62187336498754],[139.6961514279328,35.62481374666926],[139.6961514279328,35.62481374666926],[139.70147287848047,35.625897045183585],[139.70401714103187,35.62470541681783],[139.70713475852443,35.62547920147092],[139.71464212478529,35.62905408656817],[139.71444503402427,35.634130113892404],[139.7132266547743,35.637550242059035],[139.71763432088449,35.641666776413444],[139.7192110469727,35.64185248473019],[139.71689970986614,35.6399489744836],[139.7178314116455,35.63504317978304],[139.71996357533297,35.634578908991195],[139.7222211604138,35.635971721366744],[139.72600171955708,35.63502770408998],[139.7263242317115,35.632861107061345],[139.73092898858272,35.63027666632004],[139.73114399668563,35.62648512151993],[139.73395701936573,35.62611370488645],[139.73539040671864,35.62320427459085],[139.73779133053475,35.62453518419416],[139.74332778918534,35.62513873622356],[139.74676791883235,35.62323522597697],[139.75026180050506,35.62482922236232]]]],"type":"MultiPolygon"},"id":"geoshape:13:2016-01-01:063fedcd4204e327d36b","properties":{"administrativeCode":"13109","jurisdictionId":"geoshape:13:2016-01-01:063fedcd4204e327d36b","municipalityName":"品川区","prefectureName":"東京都","snapshotDate":"2016-01-01","sourceDataset":"historical-administrative-areas-beta","sourceProvider":"Geoshape","sourceResourceId":"gci:13109A1968"},"type":"Feature"},{"geometry":{"coordinates":[[[[139.7825488506293,35.69657453539634],[139.7825846853131,35.69471745222893],[139.7802195961808,35.69296869891296],[139.7704367274972,35.68930095965734],[139.76968419913695,35.68691770292584],[139.7709025783869,35.68450349480821],[139.77032922344574,35.67843702312803],[139.76368188959665,35.67250983268541],[139.75431111977701,35.66990991625104],[139.74995720569257,35.67083845783474],[139.74780712466318,35.669615878082865],[139.74316653310817,35.671457485557205],[139.73906346181045,35.674010974912385],[139.7367700420458,35.678870342533756],[139.73383159797234,35.678870342533756],[139.73150234352389,35.68150121035425],[139.72999728680333,35.685540366243345],[139.7315740128915,35.68957952213245],[139.7362862738142,35.69219491425987],[139.74587205173677,35.702904093858564],[139.749061338597,35.703120753561436],[139.75719581182474,35.70171246549282],[139.76129888312244,35.70158865994833],[139.76602906138703,35.69963872262255],[139.7685016545708,35.70013394480053],[139.76640532556718,35.701789843958124],[139.7698992072399,35.703368364650416],[139.77013213268472,35.705349253362314],[139.77303474207437,35.70510164227333],[139.77317808080966,35.70188269811649],[139.7803987695999,35.70033512881032],[139.77996875339406,35.69807567762332],[139.7825488506293,35.69657453539634]]]],"type":"MultiPolygon"},"id":"geoshape:13:2016-01-01:09793da232fc6ed3f1f1","properties":{"administrativeCode":"13101","jurisdictionId":"geoshape:13:2016-01-01:09793da232fc6ed3f1f1","municipalityName":"千代田区","prefectureName":"東京都","snapshotDate":"2016-01-01","sourceDataset":"historical-administrative-areas-beta","sourceProvider":"Geoshape","sourceResourceId":"gci:13101A1968"},"type":"Feature"},{"geometry":{"coordinates":[[[[139.28057659964114,34.53332859072111],[139.28770770172184,34.53100723676186],[139.29057447642765,34.529119202208335],[139.29311873897908,34.52461577552738],[139.2907894845306,34.52049924117297],[139.28093494647936,34.51183285305842],[139.27633018960813,34.51104359271228],[139.27147458995017,34.51310185988948],[139.26815988169656,34.51724934563002],[139.26737151865248,34.521876577855465],[139.26869740195392,34.52732402181318],[139.27398301781776,34.532245292206795],[139.28025408748672,34.532570281761096],[139.28057659964114,34.53332859072111]]]],"type":"MultiPolygon"},"id":"geoshape:13:2016-01-01:09f3ee6c1f426a443a79","properties":{"administrativeCode":"13362","jurisdictionId":"geoshape:13:2016-01-01:09f3ee6c1f426a443a79","municipalityName":"利島村","prefectureName":"東京都","snapshotDate":"2016-01-01","sourceDataset":"historical-administrative-areas-beta","sourceProvider":"Geoshape","sourceResourceId":"gci:13362A1968"},"type":"Feature"},{"geometry":{"coordinates":[[[[139.76278602250107,35.730744865676556],[139.76475693011133,35.730141313647145],[139.76604697872895,35.72752592151972],[139.7697737858465,35.72812947354913],[139.77674363185002,35.72494148077842],[139.7814558927727,35.724616491224126],[139.7844660062138,35.727866386767076],[139.78946494460706,35.728748501271596],[139.79120292677246,35.73122461216147],[139.7950730726253,35.72896516097446],[139.80143372900383,35.72925919914263],[139.80971154096687,35.72812947354913],[139.80843940969118,35.72037615132522],[139.80664767550005,35.7174357696435],[139.79702606289365,35.707778937173],[139.7934784291952,35.701217243314844],[139.78890950700782,35.69470197653587],[139.7825488506293,35.69657453539634],[139.77996875339406,35.69807567762332],[139.7803987695999,35.70033512881032],[139.77317808080966,35.70188269811649],[139.77303474207437,35.70510164227333],[139.77013213268472,35.705349253362314],[139.7712430078832,35.70898604123181],[139.7666203336701,35.7087074787567],[139.76823289444212,35.71045623207267],[139.76762370481714,35.71296329434867],[139.76568863189073,35.71358232207113],[139.76450608732458,35.71728101271288],[139.7686808279899,35.71581082187202],[139.76325187339077,35.721877293552204],[139.76491818618854,35.72721640765849],[139.76278602250107,35.730744865676556]]]],"type":"MultiPolygon"},"id":"geoshape:13:2016-01-01:0b4740fbc9282d5fb5ee","properties":{"administrativeCode":"13106","jurisdictionId":"geoshape:13:2016-01-01:0b4740fbc9282d5fb5ee","municipalityName":"台東区","prefectureName":"東京都","snapshotDate":"2016-01-01","sourceDataset":"historical-administrative-areas-beta","sourceProvider":"Geoshape","sourceResourceId":"gci:13106A1968"},"type":"Feature"},{"geometry":{"coordinates":[[[[139.5339278142675,35.6989732678209],[139.53419657439616,35.69488768485261],[139.5313656343742,35.6946091223775],[139.53215399741828,35.68877478609324],[139.5285346943522,35.69067829633983],[139.5248795566023,35.690105695696545],[139.52692213358017,35.68420945664004],[139.52450329242214,35.68793909866791],[139.52226362468323,35.68736649802463],[139.51807096667596,35.69139017822067],[139.51527586133778,35.689997365845116],[139.51457708500325,35.68609749119357],[139.50518839784172,35.686979605698085],[139.50289497807705,35.684580873273525],[139.50112116122784,35.684580873273525],[139.5029487301028,35.687273643866256],[139.49990278197788,35.68718078970789],[139.4987023200698,35.68563322040172],[139.49544136384193,35.68690222723278],[139.49578179333827,35.68865098054875],[139.48902695543768,35.69095685881494],[139.48780857618772,35.691978254557014],[139.48958239303693,35.69544480980283],[139.4914457965957,35.700242274651956],[139.4844580332503,35.70225411474998],[139.48743231200757,35.70646350326275],[139.4857122471841,35.70838248920241],[139.49149954862145,35.70804202395505],[139.49243125040084,35.71013124251838],[139.49540552915812,35.709636020340405],[139.49590721473163,35.71316447835847],[139.50067322768007,35.71231331524008],[139.50782224710267,35.712220461081706],[139.50859269280485,35.71636794682224],[139.51475625842238,35.717219109940636],[139.52314157443686,35.719060717414976],[139.52292656633395,35.7176369536533],[139.52645628269048,35.71728101271288],[139.5252199860986,35.713056148507036],[139.52738798446987,35.712808537418056],[139.527155059025,35.709914582815514],[139.53254817894032,35.70910984677631],[139.5321898321021,35.70291956955163],[139.5339278142675,35.6989732678209]],[[139.49717934600733,35.687258168173194],[139.49717934600733,35.687258168173194]]]],"type":"MultiPolygon"},"id":"geoshape:13:2016-01-01:140c49446cb5e98a7827","properties":{"administrativeCode":"13210","jurisdictionId":"geoshape:13:2016-01-01:140c49446cb5e98a7827","municipalityName":"小金井市","prefectureName":"東京都","snapshotDate":"2016-01-01","sourceDataset":"historical-administrative-areas-beta","sourceProvider":"Geoshape","sourceResourceId":"gci:13210A1968"},"type":"Feature"},{"geometry":{"coordinates":[[[[139.52692213358017,35.68420945664004],[139.5286780330875,35.681191696493016],[139.5253812421758,35.68089765832484],[139.52659962142576,35.67913342931581],[139.52676087750297,35.67467642971404],[139.52944847878967,35.675604971297744],[139.52944847878967,35.672726492388264],[139.53244067488887,35.669894440557975],[139.5313656343742,35.66769689214321],[139.5343936651572,35.6675421352126],[139.53559412706525,35.66929088852857],[139.5384967364549,35.66712429149993],[139.5383713150615,35.66474103476843],[139.54159643660554,35.66427676397658],[139.54439154194372,35.66664454501502],[139.54193686610188,35.66795997892527],[139.54139934584452,35.669894440557975],[139.5429402372489,35.680464338919116],[139.5454307477746,35.68205833530447],[139.55216766833325,35.68083575555259],[139.5545865094913,35.68212023807671],[139.56087549650215,35.682847595650614],[139.56445896488444,35.67226222159641],[139.56433354349105,35.66902780174652],[139.56556984008293,35.665066024322726],[139.5688487136527,35.663502979323496],[139.57300553697615,35.66413748273903],[139.57549604750182,35.660036424077674],[139.58214338135093,35.66501959724354],[139.57979620956053,35.66553029511458],[139.5783090701819,35.672045561893555],[139.58045915121127,35.67071465229024],[139.58517141213395,35.67128725293353],[139.5888982192515,35.66941469407306],[139.59011659850148,35.66579338189663],[139.58656896480304,35.66395177442229],[139.58896988861915,35.6624506321953],[139.58988367305662,35.657250799326576],[139.59233834889847,35.65542466754529],[139.59309087725876,35.651524792893746],[139.59196208471835,35.651354560270065],[139.59206958876982,35.64590711631235],[139.58956116090224,35.64513333165927],[139.5876440053177,35.6461702030944],[139.5855835109979,35.64550474829275],[139.5843292970641,35.648398702895285],[139.58062040728845,35.64729992868791],[139.57651733599076,35.65033316452799],[139.57431350293567,35.65075100824066],[139.5694758206196,35.64903320631082],[139.56877704428507,35.64747016131158],[139.56574901350206,35.64717612314341],[139.56336600702784,35.64137273824528],[139.56320475095063,35.63739548512842],[139.56196845435875,35.632598020279296],[139.5585641593956,35.633743221565865],[139.5494263150208,35.63437772498139],[139.54772416753923,35.636699078940644],[139.53595247390348,35.63948470369175],[139.53088186614258,35.64196081458162],[139.5253812421758,35.64264174507633],[139.5208302373303,35.64620115448052],[139.5207944026465,35.65359853576401],[139.5170317608451,35.65531633769386],[139.51882349503623,35.65971143452338],[139.52321324380452,35.66778974630159],[139.52516623407286,35.66898137466734],[139.52645628269048,35.67238602714091],[139.5250945647052,35.676007339317344],[139.52210236860603,35.677183491990036],[139.52468246584124,35.67750848154433],[139.52434203634493,35.67969055426603],[139.52050772517592,35.6816404915918],[139.52226362468323,35.68736649802463],[139.52450329242214,35.68793909866791],[139.52692213358017,35.68420945664004]]]],"type":"MultiPolygon"},"id":"geoshape:13:2016-01-01:162caa1e0dc91a85b8f0","properties":{"administrativeCode":"13208","jurisdictionId":"geoshape:13:2016-01-01:162caa1e0dc91a85b8f0","municipalityName":"調布市","prefectureName":"東京都","snapshotDate":"2016-01-01","sourceDataset":"historical-administrative-areas-beta","sourceProvider":"Geoshape","sourceResourceId":"gci:13208A1968"},"type":"Feature"},{"geometry":{"coordinates":[[[[139.75941756222176,35.62800173943997],[139.75742873726958,35.62792436097467],[139.75755415866297,35.62408638909537],[139.753504839391,35.624055437709245],[139.75400652496452,35.63092664542863],[139.7552607388983,35.63360394032831],[139.75916671943497,35.63363489171443],[139.75941756222176,35.62800173943997]]],[[[139.78236967721017,35.62950288166696],[139.77135051193468,35.6231423718186],[139.76873458001563,35.62643869444074],[139.77717364805588,35.631421867606605],[139.77477272423977,35.63482652008018],[139.77265847789423,35.632567068893174],[139.7708667437031,35.63307776676421],[139.77701239197867,35.63609552691124],[139.78236967721017,35.62950288166696]]],[[[139.73150234352389,35.68150121035425],[139.73383159797234,35.678870342533756],[139.7367700420458,35.678870342533756],[139.73906346181045,35.674010974912385],[139.74316653310817,35.671457485557205],[139.74780712466318,35.669615878082865],[139.74995720569257,35.67083845783474],[139.75431111977701,35.66990991625104],[139.7580737615784,35.6686718608061],[139.7590054633578,35.65899955264254],[139.7645777566922,35.65616750081226],[139.7624993450305,35.65188073383416],[139.76135263514817,35.652360480319075],[139.75907713272542,35.644978574728654],[139.76034926400112,35.644978574728654],[139.76042093336878,35.63677645740596],[139.75552949902698,35.63905138428602],[139.75262688963736,35.634424152060575],[139.75198186532853,35.62634584028237],[139.75026180050506,35.62482922236232],[139.74676791883235,35.62323522597697],[139.74332778918534,35.62513873622356],[139.73779133053475,35.62453518419416],[139.73539040671864,35.62320427459085],[139.73395701936573,35.62611370488645],[139.73114399668563,35.62648512151993],[139.73092898858272,35.63027666632004],[139.7263242317115,35.632861107061345],[139.72600171955708,35.63502770408998],[139.7222211604138,35.635971721366744],[139.71996357533297,35.634578908991195],[139.7178314116455,35.63504317978304],[139.71689970986614,35.6399489744836],[139.7192110469727,35.64185248473019],[139.72356496105715,35.6466963766585],[139.72171947484028,35.655687754327346],[139.71498255428162,35.65714246947514],[139.71380000971547,35.65975786160257],[139.70856814587736,35.664060104273716],[139.7138179270574,35.66935279130082],[139.71492880225588,35.67298957917031],[139.7165592803698,35.673438374269104],[139.71947980710135,35.6744907213973],[139.71958731115282,35.678313217583536],[139.72675424791737,35.679288186246424],[139.72852806476658,35.68283211995755],[139.73150234352389,35.68150121035425]]]],"type":"MultiPolygon"},"id":"geoshape:13:2016-01-01:17b7a995d7994ff40999","properties":{"administrativeCode":"13103","jurisdictionId":"geoshape:13:2016-01-01:17b7a995d7994ff40999","municipalityName":"港区","prefectureName":"東京都","snapshotDate":"2016-01-01","sourceDataset":"historical-administrative-areas-beta","sourceProvider":"Geoshape","sourceResourceId":"gci:13103A1968"},"type":"Feature"},{"geometry":{"coordinates":[[[[139.17178249955546,34.2196362923606],[139.17572431477595,34.21641734820376],[139.17490011704803,34.21596855310497],[139.1732696389341,34.21356982068041],[139.17473886097082,34.210056838355406],[139.17520471186052,34.20467129716994],[139.17151373942679,34.20589387692181],[139.17033119486064,34.20457844301157],[139.16848570864377,34.20861759890067],[139.16563685127988,34.208323560732495],[139.15666026298229,34.204748675635244],[139.15377557093456,34.20187019672577],[139.15350681080588,34.19957979415264],[139.15637358551172,34.19790841930198],[139.15459976866248,34.19444186405616],[139.15157173787946,34.19273953781938],[139.1514463164861,34.19414782588799],[139.14714615442736,34.19653108261949],[139.1460890312546,34.19434900989779],[139.14644737809283,34.18947416658336],[139.14537233757815,34.187880170198],[139.14535442023623,34.18786469450494],[139.14349101667744,34.18976820475153],[139.13935211069594,34.18611594118897],[139.13684368282836,34.18658021198082],[139.13299145431742,34.18707543415879],[139.13026801834687,34.18466122604117],[139.12695331009328,34.18693615292124],[139.12693539275136,34.18692067722818],[139.12535866666317,34.18741589940615],[139.12514365856023,34.18959797212785],[139.1233519243691,34.18879323608864],[139.11941010914862,34.19001581584052],[139.1198759600383,34.191532433760564],[139.120341810928,34.195385881332925],[139.12199020638386,34.19930123167753],[139.12569909615948,34.20070951974615],[139.13162973633214,34.201220217617184],[139.13311687571078,34.205058189496484],[139.13275852887256,34.208354512118625],[139.13064428252702,34.21624711558009],[139.13363647862622,34.217160181470724],[139.1285479535234,34.22254572265619],[139.13449651103795,34.22350521562602],[139.13687951751217,34.22593489943671],[139.13625241054527,34.22921574636578],[139.13492652724383,34.2318775655724],[139.1359836504166,34.23351798903693],[139.1342456682512,34.23494175279861],[139.1373991204276,34.23732500953011],[139.13768579789817,34.24207604730005],[139.13956711879888,34.24320577289355],[139.14320433920687,34.24377837353684],[139.149851673056,34.23930589824201],[139.1561944120926,34.2394297037865],[139.15820115438666,34.23775832893584],[139.16769734559966,34.234152492452466],[139.17034911220256,34.231119256612374],[139.17172874752973,34.22437185443748],[139.17178249955546,34.2196362923606]]],[[[139.07678475274153,34.188158732673116],[139.07665933134814,34.18574452455549],[139.0750109358923,34.18719923970329],[139.07678475274153,34.188158732673116]]],[[[139.1923874427535,34.20934495647457],[139.19186783983807,34.20603315815937],[139.18923399057712,34.20854022043537],[139.1923874427535,34.20934495647457]]]],"type":"MultiPolygon"},"id":"geoshape:13:2016-01-01:1aabce0fc6041a12bbf9","properties":{"administrativeCode":"13364","jurisdictionId":"geoshape:13:2016-01-01:1aabce0fc6041a12bbf9","municipalityName":"神津島村","prefectureName":"東京都","snapshotDate":"2016-01-01","sourceDataset":"historical-administrative-areas-beta","sourceProvider":"Geoshape","sourceResourceId":"gci:13364A1968"},"type":"Feature"},{"geometry":{"coordinates":[[[[139.59418383511536,35.682135713769775],[139.6032679274644,35.68065004723585],[139.60837436990914,35.67636328025776],[139.60891189016647,35.67035871134983],[139.6161863309825,35.669894440557975],[139.6165625951626,35.6726336382299],[139.61328372159284,35.672896725011945],[139.61030944283556,35.67664184273288],[139.62163320292353,35.67264911392296],[139.6250554152286,35.66913613159795],[139.63259861617325,35.66808378446976],[139.63912052862898,35.66583980897581],[139.64127060965836,35.667201669965245],[139.64773877008835,35.66842424971712],[139.65033678466548,35.66990991625104],[139.6551207149558,35.67054441966657],[139.661750131463,35.67252530837847],[139.6620547262755,35.671442009864144],[139.67269762737084,35.672293172982535],[139.6728051314223,35.667480232440354],[139.6750089644774,35.66387439595698],[139.67950621729716,35.65732817779188],[139.68459474239998,35.651354560270065],[139.68391388340734,35.64920343893449],[139.6843080649294,35.64377147066984],[139.68608188177862,35.640537050819944],[139.68609979912054,35.63804546423701],[139.68203256250666,35.631127829438434],[139.6795958040067,35.625061357758256],[139.6719988510363,35.62970406567676],[139.66384646046666,35.6319480411707],[139.66148137133436,35.63170043008172],[139.66180388348874,35.62749104156894],[139.66348811362843,35.62670178122279],[139.66649822706952,35.61853061528622],[139.66477816224602,35.61826752850417],[139.66321935349976,35.61566761206981],[139.6631835188159,35.60873450157817],[139.66830787860258,35.60649052608422],[139.6733964037054,35.60817737662794],[139.67726654955823,35.60794524123202],[139.67930912653614,35.605515557421334],[139.68027666299935,35.600671665493024],[139.6806708445214,35.59489923198101],[139.67565398878622,35.59178861767561],[139.66966959658782,35.59909314480073],[139.6644018980659,35.599665745444014],[139.66262808121667,35.59842768999908],[139.65961796777557,35.599959783612185],[139.65578365660653,35.59647775267331],[139.65297063392646,35.59593610341614],[139.65705578788226,35.593413565447094],[139.65513863229774,35.590148194211075],[139.65042637137506,35.59257787802176],[139.64884964528684,35.594976610446324],[139.63998056104074,35.60006811346362],[139.63700628228347,35.60305492222452],[139.63179233578725,35.605794119896444],[139.63136231958137,35.60714050519281],[139.6247508204161,35.60987970286473],[139.61864100682433,35.61373315043709],[139.61557714135748,35.61333078241749],[139.61219076373624,35.61585332038655],[139.60966441852673,35.61641044533677],[139.60588385938345,35.61545095236694],[139.60000697123652,35.61842228543479],[139.59310879460065,35.61757112231639],[139.59024201989484,35.61843776112785],[139.58932823545737,35.62122338587895],[139.59022410255295,35.62453518419416],[139.59228459687276,35.62422567033292],[139.59362839751608,35.626624402757486],[139.5912633083838,35.63105045097313],[139.5914066471191,35.63306229107115],[139.587787344053,35.63496580131773],[139.58443680111557,35.6410787000771],[139.58658688214493,35.64264174507633],[139.5876440053177,35.6461702030944],[139.58956116090224,35.64513333165927],[139.59206958876982,35.64590711631235],[139.59196208471835,35.651354560270065],[139.59309087725876,35.651524792893746],[139.59233834889847,35.65542466754529],[139.58988367305662,35.657250799326576],[139.58896988861915,35.6624506321953],[139.58656896480304,35.66395177442229],[139.59011659850148,35.66579338189663],[139.5888982192515,35.66941469407306],[139.58280632300165,35.673887169367895],[139.58664063417066,35.67398002352626],[139.58678397290598,35.6778025197125],[139.5881277735493,35.68004649520645],[139.58531475086923,35.68204285961141],[139.59418383511536,35.682135713769775]]]],"type":"MultiPolygon"},"id":"geoshape:13:2016-01-01:1c4c3267cd420fbdb501","properties":{"administrativeCode":"13112","jurisdictionId":"geoshape:13:2016-01-01:1c4c3267cd420fbdb501","municipalityName":"世田谷区","prefectureName":"東京都","snapshotDate":"2016-01-01","sourceDataset":"historical-administrative-areas-beta","sourceProvider":"Geoshape","sourceResourceId":"gci:13112A1968"},"type":"Feature"},{"geometry":{"coordinates":[[[[139.16352260493434,35.85086719522141],[139.16257298581303,35.849551761311176],[139.16642521432397,35.84435192844244],[139.16612061951147,35.842974591759955],[139.16954283181656,35.84051395656314],[139.17190792094885,35.84000325869211],[139.1753301332539,35.83607243265443],[139.1773547928899,35.835143891070736],[139.1769068593421,35.83305467250741],[139.17842983340458,35.8305940373106],[139.17527638122817,35.82722033622315],[139.17740854491564,35.820488409741316],[139.1742013407135,35.81282794167578],[139.175509306673,35.8068388484609],[139.1735742337466,35.80676146999559],[139.17145998740105,35.80346514737345],[139.1649022402615,35.80162353989911],[139.16087083833145,35.7991629047023],[139.1563915028536,35.7986367311382],[139.14981583837215,35.796377279951194],[139.14693114632442,35.79303453024987],[139.14757617063324,35.78901085005383],[139.14648321277664,35.78576095451087],[139.14780909607808,35.78203131248301],[139.14281015768483,35.78105634382012],[139.1405346552621,35.779029028029036],[139.13743495511142,35.77837904892044],[139.13763204587244,35.772436382784754],[139.13609115446806,35.77025431006305],[139.1307517865785,35.76511637996657],[139.12815377200135,35.7670044145201],[139.12512574121834,35.767607966549505],[139.12277856942794,35.7695114767961],[139.11711668938395,35.771445938428805],[139.1143574187296,35.7735506326852],[139.1075488288033,35.77683147961427],[139.10584668132174,35.77910640649434],[139.1022094609137,35.77837904892044],[139.09661925023738,35.77591841372364],[139.09341204603524,35.76996027189489],[139.08846685966773,35.77019240729081],[139.08678262952805,35.771244754419],[139.08319916114579,35.76996027189489],[139.08008154365322,35.77009955313244],[139.07502885323422,35.77200306337903],[139.0735954658813,35.77002217466713],[139.06650019848442,35.76564255353067],[139.0636155064367,35.765596126451484],[139.0609458224919,35.76411045991756],[139.05660982574935,35.76329024818529],[139.05488976092587,35.76017963387989],[139.04917412885615,35.760055828335396],[139.0457877512349,35.75804398823738],[139.04311806729012,35.7576725716039],[139.04207886145926,35.75411316219971],[139.03967793764315,35.750104957696735],[139.04141591980854,35.74617413165906],[139.03967793764315,35.744394426956966],[139.03446399114694,35.74245996532426],[139.03175847251833,35.74433252418472],[139.02756581451106,35.74396110755124],[139.0271178809633,35.742382586858945],[139.02167100902224,35.740138611365],[139.0122823218607,35.73866842052414],[139.01038308361808,35.74228973270058],[139.00518705446382,35.748944280717105],[139.00515121977998,35.75044542294409],[139.00215902368078,35.750120433389796],[138.99882639808527,35.75114182913187],[138.99242990702294,35.755521450268326],[138.98936604155608,35.763491432195096],[138.98440293784665,35.767762723480125],[138.98366832682828,35.77223519877495],[138.98531672228413,35.77441727149665],[138.98642759748262,35.78224797218587],[138.98504796215545,35.7852657323329],[138.98187659263715,35.78707638842111],[138.97951150350485,35.787091864114174],[138.97687765424388,35.78902632574689],[138.97711057968874,35.79275596777476],[138.97178912914106,35.79899267207862],[138.97031990710434,35.80457939727389],[138.97202205458592,35.81386481311091],[138.9697644695051,35.8158457018228],[138.96972863482125,35.82451208993735],[138.97048116318155,35.8273596174607],[138.9697644695051,35.83122854072613],[138.96455052300888,35.82947978741016],[138.9622033512185,35.82960359295465],[138.95326259760475,35.836521227753224],[138.9491236916232,35.84046752948396],[138.94731404009016,35.84317577576975],[138.94855033668205,35.849551761311176],[138.9457552313439,35.854086139378246],[138.94392766246892,35.85481349695215],[138.94287053929617,35.86016808675149],[138.94654359438798,35.864361999571216],[138.94514604171889,35.867921408975405],[138.9492670303585,35.86902018318278],[138.9544630595128,35.87491642223929],[138.96519554731768,35.8777794254557],[138.96802648733967,35.88222094936441],[138.97248790547562,35.881973338275415],[138.97920690869236,35.88500657411551],[138.98556756507088,35.88116860223621],[138.9887568519311,35.88115312654315],[138.9958879540118,35.88444944916529],[139.00115565253375,35.8842018380763],[139.00665627650054,35.88961833064789],[139.00671002852627,35.89340987544801],[139.01032933159235,35.897170468862],[139.01337527971728,35.89825376737632],[139.01839213545247,35.898424],[139.02090056332005,35.89715499316894],[139.02400026347073,35.89729427440649],[139.02932171401838,35.89291465327003],[139.03761744332334,35.889092157083795],[139.04034087929386,35.886306532332696],[139.04302848058055,35.88548632060042],[139.0483320137863,35.8812150293154],[139.04983707050687,35.878831772583894],[139.05782820499934,35.87750086298059],[139.0591899229846,35.87504022778378],[139.06162668148454,35.87363193971517],[139.07045993104683,35.87154272115184],[139.07243083865708,35.87163557531021],[139.07777020654666,35.87533426595195],[139.08267955823035,35.87476166530867],[139.09167406386985,35.869035658875845],[139.09448708654992,35.8694999296677],[139.09909184342115,35.86867971793542],[139.10143901521153,35.86570838486758],[139.1026753118034,35.86657502367903],[139.11600581418546,35.86445485372958],[139.12912130846456,35.86556910363002],[139.1312355548101,35.864470329422645],[139.13535654344972,35.86538339531329],[139.1398000442437,35.86377392323487],[139.14754033594943,35.86270610041361],[139.15282595181327,35.85954905902902],[139.15949120300428,35.8569336669016],[139.16352260493434,35.85086719522141]]]],"type":"MultiPolygon"},"id":"geoshape:13:2016-01-01:1dd4ee7478d0197a0d97","properties":{"administrativeCode":"13308","jurisdictionId":"geoshape:13:2016-01-01:1dd4ee7478d0197a0d97","municipalityName":"奥多摩町","parentJurisdictionName":"西多摩郡","prefectureName":"東京都","snapshotDate":"2016-01-01","sourceDataset":"historical-administrative-areas-beta","sourceProvider":"Geoshape","sourceResourceId":"gci:13308A1968"},"type":"Feature"},{"geometry":{"coordinates":[[[[139.52016729567958,35.73343763626929],[139.51670924869072,35.730590108745936],[139.51767678515392,35.727448543054415],[139.5233386651979,35.72325463023469],[139.52466454849935,35.71940118266233],[139.52314157443686,35.719060717414976],[139.51475625842238,35.717219109940636],[139.50859269280485,35.71636794682224],[139.50782224710267,35.712220461081706],[139.50067322768007,35.71231331524008],[139.49590721473163,35.71316447835847],[139.49540552915812,35.709636020340405],[139.49243125040084,35.71013124251838],[139.49149954862145,35.70804202395505],[139.4857122471841,35.70838248920241],[139.4802295405592,35.714371582417286],[139.4784915583938,35.7087074787567],[139.47193381125427,35.711028832715954],[139.47202339796382,35.715377502466296],[139.45867497823986,35.717884564742285],[139.45788661519578,35.72080947073095],[139.44611492156002,35.72286773790815],[139.4356332765419,35.72475577246168],[139.43384154235076,35.72695332087644],[139.42291196378483,35.730187740726336],[139.42644168014135,35.730172265033275],[139.4286992652222,35.73006393518184],[139.44247770115203,35.73634706656489],[139.44554156661886,35.73503163265464],[139.4509884385599,35.736997045673476],[139.46639735260365,35.74408491309573],[139.47100210947488,35.74275400349243],[139.47725526180193,35.73990647596908],[139.47709400572472,35.73758512200982],[139.47883198789012,35.73521734097138],[139.4862139327576,35.73450545909054],[139.4873248079561,35.74091239601809],[139.48515680958482,35.74088144463197],[139.485730164526,35.74386825339287],[139.48943905430164,35.744905124828],[139.4906395162097,35.741825461908725],[139.49816479981246,35.74434799987778],[139.49811104778672,35.74586461779783],[139.50379084517263,35.7428468576508],[139.50472254695202,35.74102072586952],[139.50443586948143,35.73219958082436],[139.50560049670568,35.7320602995868],[139.5067292892461,35.74202664591853],[139.50857477546296,35.741268336958505],[139.5081805939409,35.73838985804903],[139.51264201207684,35.737972014336364],[139.5151146052606,35.739117215622926],[139.52109899745898,35.73894698299925],[139.52016729567958,35.73343763626929]]]],"type":"MultiPolygon"},"id":"geoshape:13:2016-01-01:1e75c4d4a16dcdf07fd3","properties":{"administrativeCode":"13211","jurisdictionId":"geoshape:13:2016-01-01:1e75c4d4a16dcdf07fd3","municipalityName":"小平市","prefectureName":"東京都","snapshotDate":"2016-01-01","sourceDataset":"historical-administrative-areas-beta","sourceProvider":"Geoshape","sourceResourceId":"gci:13211A1968"},"type":"Feature"},{"geometry":{"coordinates":[[[[139.4967851644853,35.77870403847474],[139.49768103158087,35.77214234461658],[139.49925775766906,35.77167807382473],[139.5012107479374,35.76562707783761],[139.49719726334925,35.7624390850669],[139.50479421631965,35.7611081754636],[139.49476050484932,35.75829159932637],[139.49388255509567,35.75381912403154],[139.4873068906142,35.74899070779629],[139.485730164526,35.74386825339287],[139.48515680958482,35.74088144463197],[139.4873248079561,35.74091239601809],[139.4862139327576,35.73450545909054],[139.47883198789012,35.73521734097138],[139.47709400572472,35.73758512200982],[139.47725526180193,35.73990647596908],[139.47100210947488,35.74275400349243],[139.46639735260365,35.74408491309573],[139.4509884385599,35.736997045673476],[139.45070176108933,35.741995694532406],[139.45138262008194,35.74561700670884],[139.44754830891293,35.749238318885276],[139.447530391571,35.75259654427966],[139.44620450826957,35.755660731505884],[139.4441619312917,35.75575358566425],[139.4405426282256,35.76022606095908],[139.44000510796826,35.76373904328408],[139.44077555367045,35.7670044145201],[139.4449861290196,35.76666394927274],[139.44620450826957,35.76794843179687],[139.45134678539813,35.769325768479355],[139.4587108129237,35.770053126053256],[139.46134466218467,35.773442302833764],[139.46985539959255,35.77420061179379],[139.4711633655521,35.77341135144764],[139.47949492954083,35.77994209391967],[139.48497763616572,35.78080873273113],[139.48958239303693,35.779152833573534],[139.49038867342296,35.7809015868895],[139.4937929683861,35.77961710436538],[139.4934883735736,35.78170632292871],[139.4959788840993,35.78159799307728],[139.4967851644853,35.77870403847474]]]],"type":"MultiPolygon"},"id":"geoshape:13:2016-01-01:1f3519358c9c5216e902","properties":{"administrativeCode":"13213","jurisdictionId":"geoshape:13:2016-01-01:1f3519358c9c5216e902","municipalityName":"東村山市","prefectureName":"東京都","snapshotDate":"2016-01-01","sourceDataset":"historical-administrative-areas-beta","sourceProvider":"Geoshape","sourceResourceId":"gci:13213A1968"},"type":"Feature"},{"geometry":{"coordinates":[[[[139.75843210841663,32.473467417130585],[139.76246351034666,32.47142462564644],[139.76991712458178,32.46896399044963],[139.77181636282438,32.46569861921361],[139.77747824286837,32.46169041471063],[139.78081086846387,32.45715603664356],[139.78016584415508,32.45497396392186],[139.78140214074696,32.45217286347769],[139.77916247300803,32.44729802016326],[139.77020380205238,32.44319696150191],[139.76731911000465,32.44301125318517],[139.76420149251206,32.44570402377791],[139.7601342558982,32.44638495427262],[139.7546157145895,32.45133717605236],[139.75484864003434,32.462943945848636],[139.75443654117038,32.46707595589611],[139.7550994828211,32.47164128534931],[139.75843210841663,32.473467417130585]]]],"type":"MultiPolygon"},"id":"geoshape:13:2016-01-01:219883f6cdf6a0ce044e","properties":{"administrativeCode":"13402","jurisdictionId":"geoshape:13:2016-01-01:219883f6cdf6a0ce044e","municipalityName":"青ヶ島村","prefectureName":"東京都","snapshotDate":"2016-01-01","sourceDataset":"historical-administrative-areas-beta","sourceProvider":"Geoshape","sourceResourceId":"gci:13402A1968"},"type":"Feature"},{"geometry":{"coordinates":[[[[139.7165592803698,35.673438374269104],[139.71492880225588,35.67298957917031],[139.7138179270574,35.66935279130082],[139.70856814587736,35.664060104273716],[139.71380000971547,35.65975786160257],[139.71498255428162,35.65714246947514],[139.72171947484028,35.655687754327346],[139.72356496105715,35.6466963766585],[139.7192110469727,35.64185248473019],[139.71763432088449,35.641666776413444],[139.71523339706837,35.64262626938327],[139.7086218979031,35.64200724166081],[139.69973489631505,35.64805823764793],[139.69294422373068,35.65387709823912],[139.68801695470503,35.66084116011689],[139.6841468088522,35.662914902987154],[139.6750089644774,35.66387439595698],[139.6728051314223,35.667480232440354],[139.67269762737084,35.672293172982535],[139.6620547262755,35.671442009864144],[139.661750131463,35.67252530837847],[139.6620547262755,35.675620446990806],[139.6641152205953,35.6763478045647],[139.66784202771288,35.67995364104808],[139.67130007470178,35.68148573466119],[139.68033041502508,35.68979618183531],[139.683985552775,35.691993730250076],[139.6832151070728,35.688712883320996],[139.68597437772715,35.68789267158873],[139.68498892392202,35.68588083149071],[139.68767652520873,35.681594064512616],[139.69502263539238,35.68665461614379],[139.70209998544735,35.68917715411285],[139.70270917507236,35.68776886604423],[139.70577304053919,35.68804742851934],[139.7074035186531,35.68445706772903],[139.71139908589936,35.68337376921471],[139.7147854635206,35.680866706938716],[139.7129041426199,35.677291821841465],[139.712886225278,35.674614526941795],[139.71485713288823,35.67507879773365],[139.7165592803698,35.673438374269104]]]],"type":"MultiPolygon"},"id":"geoshape:13:2016-01-01:27e853f7ec296596544f","properties":{"administrativeCode":"13113","jurisdictionId":"geoshape:13:2016-01-01:27e853f7ec296596544f","municipalityName":"渋谷区","prefectureName":"東京都","snapshotDate":"2016-01-01","sourceDataset":"historical-administrative-areas-beta","sourceProvider":"Geoshape","sourceResourceId":"gci:13113A1968"},"type":"Feature"},{"geometry":{"coordinates":[[[[139.39390378723036,35.608192852321004],[139.3972901648516,35.610034459795344],[139.40069445981476,35.61045230350801],[139.40126781475593,35.60871902588511],[139.40793306594693,35.612046299893365],[139.41079984065277,35.610251119498216],[139.41269907889537,35.6122784352893],[139.41737550513423,35.61153560202233],[139.4205289573106,35.609786848706364],[139.42310905454585,35.606629807321774],[139.42615500267078,35.60546913034215],[139.4282334143325,35.60805357108345],[139.4343790626081,35.60582507128257],[139.43885839808593,35.610080886874535],[139.4459357481409,35.60870355019204],[139.44928629107832,35.61178321311132],[139.45286975946058,35.60745001905404],[139.4535147837694,35.6044786859862],[139.45738492962226,35.60721788365812],[139.4606279685082,35.60840951202387],[139.46319014840154,35.608084522469575],[139.465716493611,35.6095701890035],[139.46657652602278,35.60658338024259],[139.4702674984565,35.60348824163025],[139.47105586150062,35.60115141197794],[139.47802570750412,35.598969339256236],[139.48015787119158,35.59486828059489],[139.48393843033486,35.59506946460469],[139.48345466210324,35.593444516833216],[139.49196539951114,35.58846134366735],[139.49320169610303,35.58920417693431],[139.4944559100368,35.586310222331775],[139.49391838977948,35.58278176431371],[139.4974122714522,35.58210083381899],[139.50226787111015,35.57821643486051],[139.50545715797037,35.57478083100081],[139.5068905453233,35.57581770243594],[139.5065680331689,35.57171664377459],[139.5004403022352,35.570323831399044],[139.50083448375725,35.56852865100389],[139.498057295761,35.56789414758836],[139.4961759748603,35.564628776352336],[139.4944559100368,35.56470615481765],[139.49103369773175,35.56142530788857],[139.48908070746342,35.563205012590664],[139.48641102351863,35.568946494716556],[139.48286338982018,35.57137617852724],[139.48374133957384,35.57196425486358],[139.48612434604806,35.578448570256434],[139.48839984847078,35.57852594872174],[139.48986907050752,35.583571024659854],[139.48497763616572,35.58460789609499],[139.48220044816946,35.58171394149245],[139.47795403813646,35.58063064297813],[139.47648481609974,35.582007979660624],[139.47334928126526,35.576870049564135],[139.4732596945557,35.57385228941711],[139.46965830883153,35.569503619666776],[139.4683682602139,35.56291097442249],[139.47012415972122,35.560636047542424],[139.47523060216594,35.55975393303791],[139.47648481609974,35.56255503348207],[139.4797636896695,35.559351565018304],[139.4817883493055,35.556086193782285],[139.48239753893048,35.54741980566774],[139.48033704461068,35.54314851438271],[139.48164501057022,35.53994504591894],[139.4849597188238,35.53805701136541],[139.48452970261795,35.53609159834658],[139.48671561833112,35.53561185186167],[139.4857659992098,35.5313560362697],[139.4877906588458,35.52788948102388],[139.48759356808478,35.52477886671848],[139.4857480818679,35.522349182907796],[139.48646477554436,35.52030639142365],[139.48327548868414,35.51914571444402],[139.4803549619526,35.51473514192144],[139.47698650167325,35.511206683903374],[139.4811254076548,35.50531044484687],[139.4849418014819,35.503964059550505],[139.47637731204827,35.50134866742307],[139.46779490527274,35.502261733313716],[139.46826075616244,35.50620803504445],[139.46485646119928,35.51089717004214],[139.4632797351111,35.51784575622684],[139.46112965408173,35.51928499568158],[139.45577236885023,35.52046114835427],[139.45487650175465,35.52284440508577],[139.458244962034,35.5280442379545],[139.45057633969594,35.53350715760528],[139.4481574985379,35.53780940027643],[139.44509363307108,35.54113667428469],[139.4407038843028,35.54296280606597],[139.436009540722,35.546831729331394],[139.4334831955125,35.54632103146036],[139.43197813879198,35.54873523957798],[139.4277854807847,35.55114944769561],[139.4271583738178,35.55330056903118],[139.42391533493188,35.55588500977248],[139.42244611289513,35.55942894348361],[139.41800261210113,35.561920530066544],[139.4128961696564,35.566160869965444],[139.40938437064176,35.57485820946612],[139.40734179366387,35.575833178129],[139.40332830907573,35.57552366426777],[139.40139323614932,35.577195039118436],[139.39987026208684,35.58432933361988],[139.39481757166786,35.58411267391701],[139.39420838204285,35.585598340450936],[139.39109076455028,35.58525787520358],[139.38861817136652,35.588538722132654],[139.38532138045483,35.5881982568853],[139.38071662358362,35.59051961084455],[139.37915781483733,35.59019462129026],[139.37471431404333,35.59432663133773],[139.36953620223093,35.5946206695059],[139.3672427824663,35.59692654777209],[139.3626738602789,35.59930980450359],[139.3566715507386,35.598551495543575],[139.35482606452172,35.60019191900811],[139.34398607266536,35.602358516036745],[139.33988300136767,35.605252470639286],[139.33775083768023,35.60413822073885],[139.33117517319877,35.60378227979842],[139.33010013268407,35.60293111668003],[139.32028142931665,35.6061345851438],[139.31451204522122,35.60402989088741],[139.304854597931,35.60443225890702],[139.2993360566223,35.606072682371554],[139.29657678596797,35.609632091775744],[139.29233037593497,35.611643931873765],[139.2828879367477,35.61316054979381],[139.28028992217054,35.61169035895295],[139.2740546871854,35.61102490415129],[139.26880490600539,35.609353529300634],[139.26880490600539,35.61212367835868],[139.27335591085085,35.61379505320934],[139.27649144568534,35.61658067796044],[139.27790691569635,35.61945915686992],[139.28577262879543,35.62080554216629],[139.2870268427292,35.62202812191816],[139.2893560971777,35.620171038750755],[139.29313665632097,35.620898396324655],[139.29465963038345,35.61723065706904],[139.29354875518493,35.61546642806],[139.29797433863703,35.61610093147553],[139.30349287994574,35.61517238989183],[139.30761386858535,35.61624021271309],[139.31363409546756,35.61446050801099],[139.3153004082653,35.612912938704824],[139.3175042413204,35.61523429266408],[139.32278985718426,35.61481644895141],[139.32639124290844,35.615760466228174],[139.33733873881627,35.614197421228944],[139.3385392007243,35.61944368117686],[139.33841377933095,35.62340545860065],[139.34129847137868,35.620062708899326],[139.3394709025037,35.61701399736617],[139.33991883605148,35.614197421228944],[139.3423018425257,35.61325340395218],[139.34739036762852,35.608935685587966],[139.3516188603196,35.60868807449898],[139.3536614372975,35.60732621350955],[139.35939498670913,35.60656790454953],[139.36131214229363,35.605097713708666],[139.36582731245528,35.60871902588511],[139.37338843074187,35.60421559920415],[139.37747358469767,35.60406084227353],[139.38168416004683,35.602126380640826],[139.38688018920112,35.597947943514164],[139.38834941123784,35.602404943115936],[139.3876327175614,35.6050048595503],[139.39390378723036,35.608192852321004]]]],"type":"MultiPolygon"},"id":"geoshape:13:2016-01-01:285c5669cd9733d01ce4","properties":{"administrativeCode":"13209","jurisdictionId":"geoshape:13:2016-01-01:285c5669cd9733d01ce4","municipalityName":"町田市","prefectureName":"東京都","snapshotDate":"2016-01-01","sourceDataset":"historical-administrative-areas-beta","sourceProvider":"Geoshape","sourceResourceId":"gci:13209A1968"},"type":"Feature"},{"geometry":{"coordinates":[[[[139.4303118259942,35.7035385972741],[139.4356332765419,35.70372430559084],[139.42826924901632,35.71735839117819],[139.43333985677722,35.71839526261332],[139.43654706097936,35.714773950436886],[139.44161766874026,35.71582629756508],[139.4438752538211,35.71174071459679],[139.44611492156002,35.72286773790815],[139.45788661519578,35.72080947073095],[139.45867497823986,35.717884564742285],[139.47202339796382,35.715377502466296],[139.47193381125427,35.711028832715954],[139.4784915583938,35.7087074787567],[139.4802295405592,35.714371582417286],[139.4857122471841,35.70838248920241],[139.48743231200757,35.70646350326275],[139.4844580332503,35.70225411474998],[139.4914457965957,35.700242274651956],[139.48958239303693,35.69544480980283],[139.48646477554436,35.69216396287375],[139.47822279826514,35.6903687824786],[139.47748818724676,35.689424765201835],[139.46654069133893,35.68844979653895],[139.46370975131697,35.68964142490469],[139.46779490527274,35.69250442812111],[139.4668094514676,35.6953364799514],[139.46376350334268,35.69544480980283],[139.4629751402986,35.69987085801848],[139.46025170432807,35.69985538232542],[139.45940958925823,35.692380622576614],[139.45561111277303,35.69473292792199],[139.44855168005995,35.700954156532795],[139.44161766874026,35.70036608019645],[139.44100847911528,35.70132557316627],[139.43199605613387,35.70165056272057],[139.4303118259942,35.7035385972741]]]],"type":"MultiPolygon"},"id":"geoshape:13:2016-01-01:2c09b2f48755e21d7e5b","properties":{"administrativeCode":"13214","jurisdictionId":"geoshape:13:2016-01-01:2c09b2f48755e21d7e5b","municipalityName":"国分寺市","prefectureName":"東京都","snapshotDate":"2016-01-01","sourceDataset":"historical-administrative-areas-beta","sourceProvider":"Geoshape","sourceResourceId":"gci:13214A1968"},"type":"Feature"},{"geometry":{"coordinates":[[[[139.80971154096687,35.72812947354913],[139.81139577110653,35.732973365477434],[139.81413712441898,35.73620778532733],[139.8144954712572,35.738807701761694],[139.81659180026082,35.74146952096831],[139.8203544420622,35.743434933987146],[139.82383040639303,35.737708927554316],[139.82976104656566,35.731178185082285],[139.84215984716832,35.71930832850396],[139.83904222967575,35.7171107800892],[139.836766727253,35.7179619432076],[139.83415079533395,35.717157207168384],[139.83363119241852,35.71401564147686],[139.8393109898044,35.71087407578534],[139.83888097359855,35.70915627385549],[139.8343837207788,35.70473022563985],[139.83540500926773,35.70301242371],[139.83067483100314,35.70301242371],[139.81868812926447,35.70801107256892],[139.8196915004115,35.69303060168521],[139.8133845960587,35.692674660744785],[139.8114674404742,35.69191635178477],[139.81187953933815,35.688558126390376],[139.80946069818012,35.686995081391146],[139.8049992800442,35.68677842168829],[139.80480218928318,35.68849622361813],[139.80048410988255,35.68829503960833],[139.799176143923,35.689718803370006],[139.79672146808116,35.688542650697315],[139.7934784291952,35.690817577577384],[139.79039664638645,35.68928548396428],[139.78890950700782,35.691653265002714],[139.78890950700782,35.69470197653587],[139.7934784291952,35.701217243314844],[139.79702606289365,35.707778937173],[139.80664767550005,35.7174357696435],[139.80843940969118,35.72037615132522],[139.80971154096687,35.72812947354913]]]],"type":"MultiPolygon"},"id":"geoshape:13:2016-01-01:3158d07c2a6fc5f49a00","properties":{"administrativeCode":"13107","jurisdictionId":"geoshape:13:2016-01-01:3158d07c2a6fc5f49a00","municipalityName":"墨田区","prefectureName":"東京都","snapshotDate":"2016-01-01","sourceDataset":"historical-administrative-areas-beta","sourceProvider":"Geoshape","sourceResourceId":"gci:13107A1968"},"type":"Feature"},{"geometry":{"coordinates":[[[[139.7195156417852,35.74504440606556],[139.7200173273587,35.74177903482954],[139.72361871308289,35.7399374273552],[139.7279009577997,35.74471941651126],[139.7326311360643,35.745090833144744],[139.73178902099446,35.74331112844265],[139.73555166279584,35.740540979384605],[139.74107020410452,35.74235163547282],[139.7465708280713,35.739844573196834],[139.7495630241705,35.736548250574685],[139.75275231103072,35.73506258404077],[139.74918675999038,35.73288051131907],[139.74461783780296,35.73583636869385],[139.7424498394317,35.73379357720971],[139.7435248799464,35.73289598701213],[139.7408551960016,35.73035797335001],[139.73908137915237,35.731843639883934],[139.7359637616598,35.729352053301],[139.7373971490127,35.72689141810419],[139.73196819441355,35.72410579335309],[139.72987186540993,35.726287866074784],[139.7264854877887,35.72704617503481],[139.72275868067115,35.72514266478822],[139.72472958828138,35.72000473469174],[139.71831517987712,35.717760759197795],[139.7176164035426,35.714495387961776],[139.72250783788436,35.71226688816089],[139.71440919934045,35.71317995405153],[139.7121157795758,35.714758474743824],[139.7105390534876,35.71353589499195],[139.70536094167522,35.71370612761563],[139.70455466128922,35.71587272464427],[139.7059342966164,35.71885953340517],[139.70460841331496,35.72300701914571],[139.69982448302463,35.72354866840287],[139.69572141172694,35.721738012314646],[139.68661940203597,35.722728456670595],[139.6827134214993,35.72364152256124],[139.68135170351403,35.72704617503481],[139.67733821892588,35.72936752899406],[139.67796532589279,35.73068296290431],[139.67873577159497,35.734428080625236],[139.68076043123096,35.73876127468251],[139.68961159813514,35.74133023973075],[139.69258587689245,35.74363611799694],[139.6945388671608,35.74222782992833],[139.6988748639033,35.74239806255201],[139.69921529339965,35.73972076765234],[139.70098911024886,35.73990647596908],[139.7023329108922,35.736145882555086],[139.7082993857487,35.74163975359198],[139.71043154943612,35.74578723933252],[139.7195156417852,35.74504440606556]]]],"type":"MultiPolygon"},"id":"geoshape:13:2016-01-01:31af852328726258aaf4","properties":{"administrativeCode":"13116","jurisdictionId":"geoshape:13:2016-01-01:31af852328726258aaf4","municipalityName":"豊島区","prefectureName":"東京都","snapshotDate":"2016-01-01","sourceDataset":"historical-administrative-areas-beta","sourceProvider":"Geoshape","sourceResourceId":"gci:13116A1968"},"type":"Feature"},{"geometry":{"coordinates":[[[[139.52645628269048,35.71728101271288],[139.52692213358017,35.71851906815782],[139.53000391638892,35.717497672415746],[139.52943056144775,35.71279306172499],[139.5373679439145,35.71132287088413],[139.54940839767892,35.716925071772465],[139.5545865094913,35.720778519344826],[139.5576145402743,35.72181539077996],[139.5656415094506,35.72166063384934],[139.57395515609744,35.71943213404846],[139.58203587729946,35.713938263011556],[139.58665855151258,35.711910947220474],[139.59547388373295,35.70544210752068],[139.592840034472,35.70109343777035],[139.59025993723677,35.694825782080365],[139.5882890296265,35.69561504242651],[139.58671230353832,35.69395914326891],[139.58483098263764,35.69725546589105],[139.57992163095392,35.69881851089028],[139.57666067472604,35.70143390301771],[139.57255760342835,35.698833986583345],[139.57051502645047,35.69892684074171],[139.55016092603918,35.706788492817054],[139.5506626116127,35.69501149039711],[139.54227729559818,35.69669834094083],[139.54218770888863,35.69529005287222],[139.53652582884465,35.6953364799514],[139.53641832479317,35.69829233732618],[139.5339278142675,35.6989732678209],[139.5321898321021,35.70291956955163],[139.53254817894032,35.70910984677631],[139.527155059025,35.709914582815514],[139.52738798446987,35.712808537418056],[139.5252199860986,35.713056148507036],[139.52645628269048,35.71728101271288]]]],"type":"MultiPolygon"},"id":"geoshape:13:2016-01-01:34dbbb3cfb3ce4a07f03","properties":{"administrativeCode":"13203","jurisdictionId":"geoshape:13:2016-01-01:34dbbb3cfb3ce4a07f03","municipalityName":"武蔵野市","prefectureName":"東京都","snapshotDate":"2016-01-01","sourceDataset":"historical-administrative-areas-beta","sourceProvider":"Geoshape","sourceResourceId":"gci:13203A1968"},"type":"Feature"},{"geometry":{"coordinates":[[[[139.8899812327297,35.75077041249838],[139.88075380164534,35.74973354106325],[139.88501812902024,35.74560153101578],[139.88184675950194,35.744378951263904],[139.88050295885859,35.740277892602556],[139.87758243212704,35.74091239601809],[139.87654322629618,35.73704347275266],[139.872941840572,35.73736846230696],[139.87218931221173,35.73004845948878],[139.8702721566272,35.728748501271596],[139.8705588340978,35.72470934538249],[139.86874918256476,35.72379627949185],[139.866276589381,35.71853454385088],[139.86857000914563,35.71458824212014],[139.8665991015354,35.712916867269485],[139.86224518745092,35.71283948880418],[139.85626079525255,35.71446443657565],[139.85135144356883,35.71085860009228],[139.84215984716832,35.71930832850396],[139.82976104656566,35.731178185082285],[139.82383040639303,35.737708927554316],[139.8203544420622,35.743434933987146],[139.817165155202,35.74914546472691],[139.81347418276826,35.75446910314013],[139.81354585213592,35.75966893600886],[139.81974525243723,35.76044272066194],[139.82024693801074,35.75598572106018],[139.82354372892243,35.75586191551568],[139.82436792665035,35.761789105958314],[139.82624924755106,35.76168077610688],[139.82542504982314,35.7591272867517],[139.82755721351057,35.757347582049604],[139.83099734315755,35.759080859672515],[139.83173195417592,35.76370809189796],[139.83748342092946,35.76318191833386],[139.83768051169048,35.765766359075165],[139.84169399627862,35.76644728956988],[139.8457970675763,35.7695114767961],[139.8512976915431,35.769882893429575],[139.85217564129675,35.765750883382104],[139.85656539006504,35.7644199737788],[139.85880505780395,35.767902004717676],[139.85776585197308,35.77082691070634],[139.84966721342917,35.77967900713763],[139.845259547319,35.787710891836646],[139.84427409351386,35.79385474198214],[139.84674668669763,35.79650108549569],[139.85264149218645,35.79215241574535],[139.8564937206974,35.7909607873796],[139.85989801566055,35.79534040851606],[139.86389358290677,35.79484518633809],[139.8677099767339,35.79668679381243],[139.8713651144838,35.79735224861408],[139.87475149210505,35.796547512574875],[139.8765969783219,35.793823790596015],[139.8732643527264,35.79038818673632],[139.87118594106468,35.78662759332233],[139.8745364840021,35.78176822570096],[139.87724200263074,35.78116467367155],[139.88723987941725,35.7840122011949],[139.8937797092149,35.782743194363846],[139.89455015491708,35.78032898624622],[139.89342136237667,35.7783171461482],[139.882850130649,35.77353515699214],[139.88075380164534,35.77166259813167],[139.8793920836601,35.76801033456911],[139.88267095722986,35.76200576566117],[139.88320847748722,35.75861658888066],[139.8899812327297,35.75077041249838]]]],"type":"MultiPolygon"},"id":"geoshape:13:2016-01-01:36608b23aaf5a053adf0","properties":{"administrativeCode":"13122","jurisdictionId":"geoshape:13:2016-01-01:36608b23aaf5a053adf0","municipalityName":"葛飾区","prefectureName":"東京都","snapshotDate":"2016-01-01","sourceDataset":"historical-administrative-areas-beta","sourceProvider":"Geoshape","sourceResourceId":"gci:13122A1968"},"type":"Feature"},{"geometry":{"coordinates":[[[[139.78890950700782,35.69470197653587],[139.78890950700782,35.691653265002714],[139.79039664638645,35.68928548396428],[139.79265423146728,35.68646890782705],[139.79186586842317,35.682569033175504],[139.78908868042691,35.679164380701934],[139.78717152484242,35.67450619709036],[139.78729694623578,35.671472961250274],[139.78907076308502,35.66563862496601],[139.78959036600045,35.65626035497063],[139.78853324282767,35.65618297650532],[139.780183761497,35.650549824230865],[139.77278389928762,35.64604639754991],[139.76948710837593,35.64926534170674],[139.7727659819457,35.65147836581456],[139.77163718940528,35.65259261571501],[139.7683583158355,35.650379591607184],[139.76731911000465,35.6510605221019],[139.767247440637,35.65520800784243],[139.77065173560015,35.65494492106038],[139.76721160595318,35.65811743813803],[139.7645777566922,35.65616750081226],[139.7590054633578,35.65899955264254],[139.7580737615784,35.6686718608061],[139.75431111977701,35.66990991625104],[139.76368188959665,35.67250983268541],[139.77032922344574,35.67843702312803],[139.7709025783869,35.68450349480821],[139.76968419913695,35.68691770292584],[139.7704367274972,35.68930095965734],[139.7802195961808,35.69296869891296],[139.7825846853131,35.69471745222893],[139.7825488506293,35.69657453539634],[139.78890950700782,35.69470197653587]]]],"type":"MultiPolygon"},"id":"geoshape:13:2016-01-01:3bb58c43348c9b835335","properties":{"administrativeCode":"13102","jurisdictionId":"geoshape:13:2016-01-01:3bb58c43348c9b835335","municipalityName":"中央区","prefectureName":"東京都","snapshotDate":"2016-01-01","sourceDataset":"historical-administrative-areas-beta","sourceProvider":"Geoshape","sourceResourceId":"gci:13102A1968"},"type":"Feature"},{"geometry":{"coordinates":[[[[139.81666346962848,35.53325954651629],[139.80245501749278,35.52097184622531],[139.79983908557372,35.52292178355108],[139.80179207584206,35.52465506117399],[139.8006095312759,35.526310960331585],[139.80709560904782,35.53110842518071],[139.81979900446296,35.54239020542269],[139.82309579537466,35.543844920570486],[139.82603423944812,35.541569993690416],[139.81666346962848,35.53325954651629]]],[[[139.7642373271959,35.57499749070367],[139.77346475828023,35.574889160852244],[139.76561696252307,35.56489186313439],[139.75848586044236,35.56843579684552],[139.757142059799,35.571499984071735],[139.7576079106887,35.574455841446515],[139.7642373271959,35.57499749070367]]],[[[139.74947343746095,35.588863711686955],[139.7560132672586,35.58925060401349],[139.75597743257475,35.58493288564928],[139.76257101439813,35.58501026411459],[139.76255309705624,35.59460519381284],[139.76541987176205,35.59448138826835],[139.76679950708922,35.592562402328696],[139.77314224612584,35.5957503950994],[139.77677946653384,35.590287475448626],[139.76916459622151,35.583137705254124],[139.77049047952295,35.5811258651561],[139.7759194341221,35.58566024322318],[139.77853536604115,35.58648045495545],[139.78752987168065,35.58007351802791],[139.7850931131807,35.57722599050456],[139.76665616835393,35.57714861203925],[139.76937960432446,35.58015089649322],[139.76760578747522,35.58149728178959],[139.76248142768858,35.57714861203925],[139.75583409383947,35.577071233573946],[139.75406027699026,35.57837119179112],[139.74947343746095,35.588863711686955]]],[[[139.69539889957252,35.60749644613323],[139.6982119222526,35.60358109578862],[139.7010607796165,35.601414498759986],[139.7118291021052,35.60065618979996],[139.7144808687081,35.599975259305246],[139.71534090111984,35.59691107207903],[139.71754473417494,35.596230141584314],[139.71917521228886,35.591850520447856],[139.72109236787338,35.59429567995161],[139.728241387296,35.594388534109974],[139.73055272440257,35.59216003430909],[139.72894016363054,35.58883276030083],[139.7301047908548,35.58737804515303],[139.73587417495023,35.58736256945997],[139.74653499338748,35.590163669904136],[139.74789671137276,35.58858514921184],[139.75194603064472,35.579469965998506],[139.75027971784695,35.575446285802464],[139.75409611167407,35.57448679283264],[139.7563536967549,35.569070300261046],[139.74977803227344,35.566625140757296],[139.75527865624022,35.56159554051225],[139.75859336449383,35.564365689570295],[139.7637356416224,35.56046581491874],[139.77099216509646,35.56897744610268],[139.785433542677,35.57055596679497],[139.80125455558473,35.54830192017226],[139.80396007421334,35.54602699329219],[139.80890526058087,35.538443903691956],[139.7949118165481,35.53212982092278],[139.78441225418806,35.53537971646574],[139.7820829997396,35.53869151478094],[139.7787862088279,35.537004664237216],[139.77649278906324,35.5344666505751],[139.76807163836492,35.53934149388954],[139.7564791181483,35.544556802451325],[139.75008262708593,35.54458775383745],[139.74678583617424,35.543829444877424],[139.73940389130678,35.545129403094606],[139.73463787835837,35.540981917354074],[139.73073189782167,35.54276162205617],[139.72610922360855,35.54347350393701],[139.71820767582565,35.538304622454405],[139.71075406159054,35.536540393445364],[139.70478758673406,35.536292782356384],[139.6999319870761,35.53836652522665],[139.69794316212392,35.541446188145926],[139.69844484769746,35.545407965569716],[139.70301376988485,35.54892094789472],[139.70417839710908,35.55183037819032],[139.70088160619738,35.55489456541653],[139.6977819060467,35.55613262086147],[139.690453713205,35.55695283259374],[139.68154879427505,35.561193172492644],[139.6787895236207,35.5629883528878],[139.6764065171465,35.566037064420954],[139.67138966141133,35.578185483474385],[139.6693112497496,35.584716225946416],[139.66701782998496,35.587439947925276],[139.66332685755123,35.589869631735965],[139.65513863229774,35.590148194211075],[139.65705578788226,35.593413565447094],[139.65297063392646,35.59593610341614],[139.65578365660653,35.59647775267331],[139.65961796777557,35.599959783612185],[139.66262808121667,35.59842768999908],[139.6644018980659,35.599665745444014],[139.66966959658782,35.59909314480073],[139.67565398878622,35.59178861767561],[139.6806708445214,35.59489923198101],[139.68027666299935,35.600671665493024],[139.6804020843927,35.60440130752089],[139.68197881048093,35.605809595589506],[139.6847559984772,35.60534532479765],[139.6840034701169,35.61309864702156],[139.68613563380435,35.61169035895295],[139.69074039067556,35.61113323400273],[139.69539889957252,35.60749644613323]]]],"type":"MultiPolygon"},"id":"geoshape:13:2016-01-01:3cc62ac893765e9c76fc","properties":{"administrativeCode":"13111","jurisdictionId":"geoshape:13:2016-01-01:3cc62ac893765e9c76fc","municipalityName":"大田区","prefectureName":"東京都","snapshotDate":"2016-01-01","sourceDataset":"historical-administrative-areas-beta","sourceProvider":"Geoshape","sourceResourceId":"gci:13111A1968"},"type":"Feature"},{"geometry":{"coordinates":[[[[139.33122892522448,35.71345851652664],[139.33248313915828,35.71260735340825],[139.33131851193406,35.7097598258849],[139.33307441144137,35.704529041630046],[139.33681913590084,35.701511281483015],[139.3356724260185,35.699220878909884],[139.33603077285673,35.696110264604485],[139.34038468694118,35.69364962940767],[139.34644074850723,35.691978254557014],[139.35522024604379,35.69323178569501],[139.3633188845877,35.69374248356605],[139.36761904664644,35.69214848718069],[139.3762731227896,35.69163778930965],[139.37964158306895,35.68676294599522],[139.37804693963884,35.68767601188586],[139.37519808227492,35.68578797733234],[139.37505474353964,35.681748821443236],[139.37670313899548,35.67820488773211],[139.3764343788668,35.67631685317858],[139.37242089427866,35.67238602714091],[139.37046790401033,35.66856353095467],[139.37242089427866,35.66574695481744],[139.3588933011356,35.659355493582964],[139.35941290405103,35.656817479920846],[139.35735240973122,35.655811559871836],[139.36129422495173,35.650534348537796],[139.3668127662604,35.64536546705519],[139.37032456527504,35.64380242205596],[139.37301216656175,35.643817897749024],[139.37638062684107,35.64541189413438],[139.37856654255427,35.644096460224134],[139.3771869072271,35.64101679730486],[139.37808277432265,35.63932994676114],[139.38202458954314,35.64131083547303],[139.3898544679584,35.64115607854241],[139.39200454898776,35.63959303354318],[139.39936857651333,35.64118702992854],[139.40451085364188,35.6435857623531],[139.40641009188448,35.645257137203764],[139.4105310805241,35.64490119626334],[139.41501041600193,35.64703684190586],[139.41800261210113,35.64302863740288],[139.42273279036573,35.64114060284935],[139.42680002697958,35.637983561464765],[139.42957721497584,35.633975356961784],[139.42979222307878,35.63196351686376],[139.42703295242444,35.63199446824989],[139.42500829278845,35.629858822607375],[139.419848098318,35.628605291469384],[139.41897014856434,35.62696486800484],[139.41318284712696,35.625618482708475],[139.4047079444029,35.620774590780165],[139.39852646144348,35.611953445735],[139.39390378723036,35.608192852321004],[139.3876327175614,35.6050048595503],[139.38834941123784,35.602404943115936],[139.38688018920112,35.597947943514164],[139.38168416004683,35.602126380640826],[139.37747358469767,35.60406084227353],[139.37338843074187,35.60421559920415],[139.36582731245528,35.60871902588511],[139.36131214229363,35.605097713708666],[139.35939498670913,35.60656790454953],[139.3536614372975,35.60732621350955],[139.3516188603196,35.60868807449898],[139.34739036762852,35.608935685587966],[139.3423018425257,35.61325340395218],[139.33991883605148,35.614197421228944],[139.3394709025037,35.61701399736617],[139.34129847137868,35.620062708899326],[139.33841377933095,35.62340545860065],[139.3385392007243,35.61944368117686],[139.33733873881627,35.614197421228944],[139.32639124290844,35.615760466228174],[139.32278985718426,35.61481644895141],[139.3175042413204,35.61523429266408],[139.3153004082653,35.612912938704824],[139.31363409546756,35.61446050801099],[139.30761386858535,35.61624021271309],[139.30349287994574,35.61517238989183],[139.29797433863703,35.61610093147553],[139.29354875518493,35.61546642806],[139.29465963038345,35.61723065706904],[139.29313665632097,35.620898396324655],[139.2893560971777,35.620171038750755],[139.2870268427292,35.62202812191816],[139.28577262879543,35.62080554216629],[139.27790691569635,35.61945915686992],[139.27649144568534,35.61658067796044],[139.27335591085085,35.61379505320934],[139.26880490600539,35.61212367835868],[139.26880490600539,35.609353529300634],[139.2661531394025,35.6081154738557],[139.26477350407532,35.60245137019512],[139.25771407136224,35.604231074897214],[139.25223136473738,35.601662109848974],[139.2468740795059,35.60522151925316],[139.238363342098,35.60731073781649],[139.23667911195835,35.60974042162718],[139.2298526046901,35.614661692020796],[139.23046179431512,35.616611629346565],[139.228867150885,35.620232941523],[139.22544493857993,35.623745923848006],[139.22023099208374,35.62557205562929],[139.21947846372345,35.62667082983667],[139.22143145399178,35.629471930280836],[139.21679086243674,35.63447057913976],[139.21537539242576,35.63707049557412],[139.21442577330444,35.64168225210651],[139.2154470617934,35.646123776015216],[139.21146941188908,35.649110584776125],[139.2075455140105,35.64962128264716],[139.20211655941137,35.65301045942767],[139.19803140545557,35.652948556655424],[139.19247702946305,35.65025578606269],[139.1917424184447,35.64750111269771],[139.18405587876472,35.64508690458008],[139.1790927750553,35.645566651064996],[139.1750076210995,35.64986889373615],[139.1693457410555,35.65147836581456],[139.16701648660705,35.65101409502271],[139.16859321269524,35.656693674376356],[139.16692689989748,35.65961858036501],[139.16723149470997,35.661754226007524],[139.16497390962914,35.66528268402559],[139.16160544934982,35.667913551846084],[139.16456181076518,35.67009562456778],[139.1659772807762,35.675001419268334],[139.16972200523566,35.679566748721534],[139.17140623537531,35.68874383470712],[139.17894943632,35.68922358119203],[139.18199538444492,35.6880629042124],[139.18407379610665,35.68905334856835],[139.18962817209916,35.68759863342055],[139.19337289655863,35.68908429995447],[139.19939312344084,35.688248612529144],[139.20016356914303,35.69013664708267],[139.20048608129744,35.69915897613764],[139.20489374740762,35.699778003860104],[139.2053416809554,35.703244559105926],[139.20446373120174,35.70729919068809],[139.20691840704362,35.712762110338865],[139.21012561124573,35.713613273457256],[139.21723879598454,35.718875009098234],[139.21886927409847,35.716909596079404],[139.23562198878557,35.71483585320913],[139.23766456576345,35.713210905437656],[139.24038800173398,35.714216825486666],[139.24320102441408,35.712483547863755],[139.24506442797286,35.713350186675214],[139.24653365000958,35.7108895514784],[139.24963335016025,35.710487183458795],[139.2519446872668,35.71226688816089],[139.25801866617476,35.71226688816089],[139.26072418480337,35.710487183458795],[139.26880490600539,35.7099610098947],[139.2739113484501,35.71500608583281],[139.28297752345725,35.71283948880418],[139.29138075681368,35.71367517622951],[139.29426544886138,35.71338113806134],[139.2958421749496,35.71146215212168],[139.3064492413611,35.712591877715184],[139.308491818339,35.71588820033733],[139.31359826078372,35.71395373870462],[139.3158916805484,35.71424777687279],[139.31924222348582,35.719060717414976],[139.32293319591955,35.71627509266387],[139.32764545684222,35.71039432930043],[139.33122892522448,35.71345851652664]]]],"type":"MultiPolygon"},"id":"geoshape:13:2016-01-01:42d116005a0e466e84fa","properties":{"administrativeCode":"13201","jurisdictionId":"geoshape:13:2016-01-01:42d116005a0e466e84fa","municipalityName":"八王子市","prefectureName":"東京都","snapshotDate":"2016-01-01","sourceDataset":"historical-administrative-areas-beta","sourceProvider":"Geoshape","sourceResourceId":"gci:13201A1968"},"type":"Feature"},{"geometry":{"coordinates":[[[[139.16303883670273,35.77823976768289],[139.1806874184854,35.76858293521239],[139.18032907164718,35.765611602144546],[139.18147578152949,35.762903355858754],[139.1891802385514,35.76225337675016],[139.19966188356952,35.75810589100963],[139.20433830980838,35.755800012743435],[139.20512667285246,35.75377269695235],[139.2110035609994,35.751791808240455],[139.2127594605067,35.7520548950225],[139.21236527898466,35.748541912697505],[139.21567998723825,35.74440990265003],[139.22198689159103,35.74317184720509],[139.22610788023064,35.74004575720663],[139.2322176938224,35.73893150730619],[139.2394383826127,35.73976719473152],[139.2440431394839,35.73879222606863],[139.24538694012725,35.73665658042612],[139.2528584717043,35.73634706656489],[139.25823367427768,35.73526376805057],[139.26292801785846,35.73238528914109],[139.27013078930682,35.733282879338674],[139.27805025443163,35.73366977166521],[139.28364046510796,35.73136389339902],[139.28442882815207,35.73223053221048],[139.28364046510796,35.737693451861254],[139.2846617535969,35.74058740646379],[139.2793044683654,35.742119500076896],[139.28055868229922,35.744672989432075],[139.2798957406485,35.74934664873671],[139.27762023822575,35.75228703041843],[139.2734454975604,35.753911978189905],[139.27029204538402,35.75340128031887],[139.26855406321863,35.75445362744707],[139.26185297734378,35.75558335304057],[139.2558506678035,35.75939037353375],[139.25687195629243,35.76070580744399],[139.26153046518937,35.75983916863254],[139.26719234523335,35.760040352642335],[139.26903783145022,35.76106174838441],[139.27443095136553,35.76089151576073],[139.27611518150522,35.76161887333463],[139.28772561906376,35.760922467146855],[139.29009070819606,35.760071304028465],[139.29654095128413,35.75454648160544],[139.30259701285016,35.75519646071403],[139.31105399823232,35.75063113126083],[139.3138670209124,35.747118148935826],[139.31666212625058,35.743373031214894],[139.32010225589755,35.73332930641786],[139.32198357679823,35.732725754388454],[139.3282367291253,35.72803661939076],[139.32845173722825,35.72370342533348],[139.33122892522448,35.71345851652664],[139.32764545684222,35.71039432930043],[139.32293319591955,35.71627509266387],[139.31924222348582,35.719060717414976],[139.3158916805484,35.71424777687279],[139.31359826078372,35.71395373870462],[139.308491818339,35.71588820033733],[139.3064492413611,35.712591877715184],[139.2958421749496,35.71146215212168],[139.29426544886138,35.71338113806134],[139.29138075681368,35.71367517622951],[139.28297752345725,35.71283948880418],[139.2739113484501,35.71500608583281],[139.26880490600539,35.7099610098947],[139.26072418480337,35.710487183458795],[139.25801866617476,35.71226688816089],[139.2519446872668,35.71226688816089],[139.24963335016025,35.710487183458795],[139.24653365000958,35.7108895514784],[139.24506442797286,35.713350186675214],[139.24320102441408,35.712483547863755],[139.24038800173398,35.714216825486666],[139.23766456576345,35.713210905437656],[139.23562198878557,35.71483585320913],[139.21886927409847,35.716909596079404],[139.21723879598454,35.718875009098234],[139.21012561124573,35.713613273457256],[139.20691840704362,35.712762110338865],[139.20446373120174,35.70729919068809],[139.2053416809554,35.703244559105926],[139.20489374740762,35.699778003860104],[139.20048608129744,35.69915897613764],[139.20016356914303,35.69013664708267],[139.19939312344084,35.688248612529144],[139.19337289655863,35.68908429995447],[139.18962817209916,35.68759863342055],[139.18407379610665,35.68905334856835],[139.18199538444492,35.6880629042124],[139.17894943632,35.68922358119203],[139.17140623537531,35.68874383470712],[139.16968617055184,35.690879480349636],[139.17194375563267,35.692813941982344],[139.1726246146253,35.6971935631188],[139.17210501170987,35.70169698979976],[139.16531433912547,35.70627779494602],[139.16511724836445,35.71127644380495],[139.16638937964015,35.71373707900175],[139.16572643798943,35.71842621399945],[139.1669448172394,35.7228058351359],[139.16549351254457,35.72257369973998],[139.1653860084931,35.727278310430734],[139.16624604090487,35.729305626221816],[139.16431096797842,35.73249361899252],[139.1658518593828,35.73617683394121],[139.16409595987548,35.74133023973075],[139.15657067627274,35.7447039408182],[139.1539905790375,35.750104957696735],[139.14934998748245,35.75425244343727],[139.1407317460231,35.75544407180301],[139.1399254656371,35.757641620217775],[139.14218305071793,35.75997844987009],[139.1446556439017,35.760210585266016],[139.14721782379502,35.76212957120567],[139.14349101667744,35.766323484025385],[139.13877875575477,35.76821151857891],[139.13609115446806,35.77025431006305],[139.13763204587244,35.772436382784754],[139.13938794537975,35.772049490458215],[139.14282807502673,35.77638268451548],[139.14445855314065,35.77695528515877],[139.14823911228396,35.775283910308104],[139.14913497937954,35.778843319712294],[139.15459976866248,35.77324111882396],[139.15802198096756,35.7734268271407],[139.15863117059254,35.77791477812859],[139.16303883670273,35.77823976768289]]]],"type":"MultiPolygon"},"id":"geoshape:13:2016-01-01:47420b2f1a79e183a74f","properties":{"administrativeCode":"13228","jurisdictionId":"geoshape:13:2016-01-01:47420b2f1a79e183a74f","municipalityName":"あきる野市","prefectureName":"東京都","snapshotDate":"2016-01-01","sourceDataset":"historical-administrative-areas-beta","sourceProvider":"Geoshape","sourceResourceId":"gci:13228A1995"},"type":"Feature"},{"geometry":{"coordinates":[[[[139.57696526953856,33.86912732020631],[139.57680401346136,33.879310326240905],[139.5787928384135,33.88379827722879],[139.58260923224063,33.888843353166905],[139.5909407962294,33.897958536380244],[139.60281999391663,33.90111557776483],[139.60568676862243,33.90088344236891],[139.61029152549364,33.8985001856374],[139.61658051250453,33.89277417920458],[139.61853350277286,33.892418238264156],[139.62527042333153,33.88384470430798],[139.6268113147359,33.88017696505236],[139.63191775718064,33.87130939292801],[139.6313981542652,33.86773450783076],[139.62371161458523,33.855106342292416],[139.6196802126552,33.851701689818846],[139.6111694752473,33.853496870214],[139.60178078808576,33.85450279026301],[139.5923921009242,33.854363509025454],[139.5833975952847,33.85761340456841],[139.5783090701819,33.86104900842811],[139.5765710880165,33.866496452385825],[139.57696526953856,33.86912732020631]]]],"type":"MultiPolygon"},"id":"geoshape:13:2016-01-01:4a50fb474aba09faba2f","properties":{"administrativeCode":"13382","jurisdictionId":"geoshape:13:2016-01-01:4a50fb474aba09faba2f","municipalityName":"御蔵島村","prefectureName":"東京都","snapshotDate":"2016-01-01","sourceDataset":"historical-administrative-areas-beta","sourceProvider":"Geoshape","sourceResourceId":"gci:13382A1968"},"type":"Feature"},{"geometry":{"coordinates":[[[[139.342642272022,35.74984187091468],[139.3423376772095,35.74614318027294],[139.34552696406973,35.74707172185664],[139.35206679386738,35.74123738557238],[139.35333892514308,35.742537343789564],[139.35043631575346,35.74513726022393],[139.3498987954961,35.74772170096523],[139.35466480844454,35.74560153101578],[139.3549156512313,35.74276947918549],[139.35987875494072,35.73958148641478],[139.35900080518707,35.73733751092084],[139.35292682627912,35.7360994554759],[139.353356842485,35.72795924092545],[139.35504107262466,35.72508076201598],[139.35294474362104,35.72483315092698],[139.35229971931224,35.72251179696774],[139.34627949243003,35.7209487519685],[139.34162098353306,35.72130469290892],[139.33859295275005,35.71895238756355],[139.33886171287872,35.7158572489512],[139.33248313915828,35.71260735340825],[139.33122892522448,35.71345851652664],[139.32845173722825,35.72370342533348],[139.3282367291253,35.72803661939076],[139.32198357679823,35.732725754388454],[139.32010225589755,35.73332930641786],[139.31666212625058,35.743373031214894],[139.3138670209124,35.747118148935826],[139.318794289938,35.75069303403308],[139.3209443709674,35.75004305492448],[139.3220552461659,35.75360246432867],[139.3249220208717,35.75484051977361],[139.32938343900761,35.7523798845768],[139.33577993006998,35.75114182913187],[139.33776875502213,35.751946565171075],[139.33873629148533,35.750104957696735],[139.342642272022,35.74984187091468]]]],"type":"MultiPolygon"},"id":"geoshape:13:2016-01-01:4d97ae945f3985b27037","properties":{"administrativeCode":"13218","jurisdictionId":"geoshape:13:2016-01-01:4d97ae945f3985b27037","municipalityName":"福生市","prefectureName":"東京都","snapshotDate":"2016-01-01","sourceDataset":"historical-administrative-areas-beta","sourceProvider":"Geoshape","sourceResourceId":"gci:13218A1970"},"type":"Feature"},{"geometry":{"coordinates":[[[[139.85559785360184,35.638556162108046],[139.85828545488852,35.63804546423701],[139.85860796704293,35.63635861369329],[139.8558486963886,35.63804546423701],[139.84991805621593,35.63838592948437],[139.85213980661294,35.64035134250321],[139.85559785360184,35.638556162108046]]],[[[139.84943428798434,35.64276555062083],[139.85038390710562,35.656523441752675],[139.84554622478956,35.65670915006942],[139.8468900254329,35.67385621798177],[139.84823382607627,35.67913342931581],[139.84551039010574,35.681284550651384],[139.84758880176744,35.688093855598524],[139.84771422316084,35.69496506331792],[139.84380824262416,35.699530392771116],[139.83540500926773,35.70301242371],[139.8343837207788,35.70473022563985],[139.83888097359855,35.70915627385549],[139.8393109898044,35.71087407578534],[139.83363119241852,35.71401564147686],[139.83415079533395,35.717157207168384],[139.836766727253,35.7179619432076],[139.83904222967575,35.7171107800892],[139.84215984716832,35.71930832850396],[139.85135144356883,35.71085860009228],[139.85626079525255,35.71446443657565],[139.86224518745092,35.71283948880418],[139.8665991015354,35.712916867269485],[139.86857000914563,35.71458824212014],[139.866276589381,35.71853454385088],[139.86874918256476,35.72379627949185],[139.8705588340978,35.72470934538249],[139.8702721566272,35.728748501271596],[139.87218931221173,35.73004845948878],[139.872941840572,35.73736846230696],[139.87654322629618,35.73704347275266],[139.87758243212704,35.74091239601809],[139.88050295885859,35.740277892602556],[139.88184675950194,35.744378951263904],[139.88501812902024,35.74560153101578],[139.88075380164534,35.74973354106325],[139.8899812327297,35.75077041249838],[139.89288384211932,35.74807764190565],[139.89666440126263,35.74670030522316],[139.89945950660078,35.744378951263904],[139.90096456332134,35.74006123289969],[139.9008928939537,35.73746131646533],[139.89793653253832,35.731874591270056],[139.89720192151995,35.72675213686664],[139.89865322621478,35.723455814244495],[139.90397467676246,35.71958689097907],[139.9081315000859,35.71386088454625],[139.9162122212879,35.70799559687586],[139.91873856649738,35.69770426098984],[139.9138471321556,35.69092590742882],[139.90865110300132,35.68550941485722],[139.90379550334333,35.68311068243266],[139.89356470111196,35.68199643253222],[139.8879386557518,35.68000006812726],[139.88643359903125,35.67856082867252],[139.88564523598714,35.67207651327968],[139.88723987941725,35.6687956663506],[139.88738321815254,35.65616750081226],[139.88689944992095,35.65373781700157],[139.88349515495779,35.645117855966205],[139.87145470119336,35.63864901626642],[139.86903586003532,35.63912876275133],[139.8620480966899,35.63846330794968],[139.85497074663493,35.640258488344834],[139.84943428798434,35.64276555062083]]]],"type":"MultiPolygon"},"id":"geoshape:13:2016-01-01:4eacefa15e03b9693599","properties":{"administrativeCode":"13123","jurisdictionId":"geoshape:13:2016-01-01:4eacefa15e03b9693599","municipalityName":"江戸川区","prefectureName":"東京都","snapshotDate":"2016-01-01","sourceDataset":"historical-administrative-areas-beta","sourceProvider":"Geoshape","sourceResourceId":"gci:13123A1968"},"type":"Feature"},{"geometry":{"coordinates":[[[[139.75275231103072,35.73506258404077],[139.75993716513716,35.731580553101885],[139.7609405362842,35.73219958082436],[139.76278602250107,35.730744865676556],[139.76491818618854,35.72721640765849],[139.76325187339077,35.721877293552204],[139.7686808279899,35.71581082187202],[139.76450608732458,35.71728101271288],[139.76568863189073,35.71358232207113],[139.76762370481714,35.71296329434867],[139.76823289444212,35.71045623207267],[139.7666203336701,35.7087074787567],[139.7712430078832,35.70898604123181],[139.77013213268472,35.705349253362314],[139.7698992072399,35.703368364650416],[139.76640532556718,35.701789843958124],[139.7685016545708,35.70013394480053],[139.76602906138703,35.69963872262255],[139.76129888312244,35.70158865994833],[139.75719581182474,35.70171246549282],[139.749061338597,35.703120753561436],[139.74587205173677,35.702904093858564],[139.74280818626994,35.70813487811342],[139.73585625760833,35.709187225241614],[139.73245196264517,35.70739204484646],[139.7318427730202,35.70926460370693],[139.72598380221518,35.709202700934675],[139.72326036624466,35.71040980499349],[139.72250783788436,35.71226688816089],[139.7176164035426,35.714495387961776],[139.71831517987712,35.717760759197795],[139.72472958828138,35.72000473469174],[139.72275868067115,35.72514266478822],[139.7264854877887,35.72704617503481],[139.72987186540993,35.726287866074784],[139.73196819441355,35.72410579335309],[139.7373971490127,35.72689141810419],[139.7359637616598,35.729352053301],[139.73908137915237,35.731843639883934],[139.7408551960016,35.73035797335001],[139.7435248799464,35.73289598701213],[139.7424498394317,35.73379357720971],[139.74461783780296,35.73583636869385],[139.74918675999038,35.73288051131907],[139.75275231103072,35.73506258404077]]]],"type":"MultiPolygon"},"id":"geoshape:13:2016-01-01:510bd9fe4e9f9cdf2987","properties":{"administrativeCode":"13105","jurisdictionId":"geoshape:13:2016-01-01:510bd9fe4e9f9cdf2987","municipalityName":"文京区","prefectureName":"東京都","snapshotDate":"2016-01-01","sourceDataset":"historical-administrative-areas-beta","sourceProvider":"Geoshape","sourceResourceId":"gci:13105A1968"},"type":"Feature"},{"geometry":{"coordinates":[[[[140.30396141759124,30.49576669800458],[140.3070611177419,30.495101243202928],[140.31284841917926,30.489560945086843],[140.31438931058364,30.487146736969216],[140.3138517903263,30.481977855486612],[140.31091334625285,30.476251849053785],[140.30890660395877,30.474642376975368],[140.29838912425683,30.473032904896954],[140.29557610157673,30.474549522817],[140.28642033986003,30.483540900485842],[140.28819415670927,30.48764195914719],[140.29206430256212,30.492315618451823],[140.29806661210242,30.49411079884698],[140.298353289573,30.495101243202928],[140.30396141759124,30.49576669800458]]],[[[139.84554622478956,35.65670915006942],[139.85038390710562,35.656523441752675],[139.84943428798434,35.64276555062083],[139.84097730260217,35.642982210323694],[139.84172983096244,35.65075100824066],[139.84296612755432,35.656817479920846],[139.84554622478956,35.65670915006942]]],[[[139.81008780514702,35.61354744212035],[139.81893897205123,35.60887378281572],[139.7915791909526,35.59395521470425],[139.79027122499306,35.59545635693124],[139.794123453504,35.60113593628488],[139.79910447455538,35.60695479687607],[139.80874400450367,35.61218558113092],[139.81008780514702,35.61354744212035]]],[[[139.8266434290731,35.59759200257375],[139.83219780506562,35.58894109015226],[139.8195302443343,35.58225559074961],[139.81347418276826,35.58959106926085],[139.80598473384933,35.585536437678684],[139.79337092514373,35.5927635863385],[139.80378090079424,35.598412214306016],[139.80560846966918,35.59615276311901],[139.80743603854413,35.59714320747496],[139.80559055232726,35.599402658661965],[139.8203186073784,35.6073881162818],[139.8266434290731,35.59759200257375]]]],"type":"MultiPolygon"},"id":"geoshape:13:2016-01-01:655805cdff86781db711","properties":{"jurisdictionId":"geoshape:13:2016-01-01:655805cdff86781db711","municipalityName":"所属未定地","prefectureName":"東京都","snapshotDate":"2016-01-01","sourceDataset":"historical-administrative-areas-beta","sourceProvider":"Geoshape","sourceResourceId":"gci:13B9990001"},"type":"Feature"},{"geometry":{"coordinates":[[[[139.33036889281274,35.79362260658621],[139.32848757191206,35.79176552341881],[139.33006429800025,35.79060484643918],[139.32626582151505,35.78702996134193],[139.3220552461659,35.78978463470691],[139.32275402250042,35.786302603768036],[139.32058602412917,35.78990844025141],[139.3206576934968,35.78336222208631],[139.3241157404857,35.78108729520624],[139.32106979236076,35.77721837194082],[139.3184359430998,35.778410000306565],[139.3122723774823,35.77553152139709],[139.30919059467354,35.77570175402077],[139.3080259674493,35.77723384763388],[139.3033137065266,35.77813143783146],[139.29989149422155,35.78116467367155],[139.29756223977307,35.78077778134501],[139.29550174545327,35.77765169134655],[139.29213328517395,35.77534581308035],[139.29308290429523,35.772049490458215],[139.29650511660031,35.76666394927274],[139.2974368183797,35.760086779721526],[139.29654095128413,35.75454648160544],[139.29009070819606,35.760071304028465],[139.28772561906376,35.760922467146855],[139.27611518150522,35.76161887333463],[139.27443095136553,35.76089151576073],[139.26903783145022,35.76106174838441],[139.26719234523335,35.760040352642335],[139.26153046518937,35.75983916863254],[139.25687195629243,35.76070580744399],[139.2542918590572,35.764033081452254],[139.24945417674112,35.766602046500495],[139.24481358518608,35.76740678253971],[139.23827375538846,35.767035365906224],[139.23528155928926,35.76937219555854],[139.23173392559082,35.768892449073626],[139.22743376353208,35.77201853907209],[139.22279317197706,35.77240543139863],[139.22091185107635,35.774014903477045],[139.21666544104338,35.7728232751113],[139.2143361865949,35.77409228194236],[139.2105377101097,35.773179216051716],[139.20824429034505,35.77635173312936],[139.2021344767533,35.78248010758179],[139.19889143786733,35.78444552060063],[139.1982464135585,35.78644188500559],[139.19552297758798,35.78682877733213],[139.19217243465056,35.78919655837057],[139.18878605702932,35.78907275282607],[139.18609845574264,35.78777279460889],[139.1819595497611,35.78763351337134],[139.17561681072448,35.784863364313296],[139.1721408463937,35.78220154510669],[139.16671189179456,35.780978965354805],[139.16303883670273,35.77823976768289],[139.15863117059254,35.77791477812859],[139.15802198096756,35.7734268271407],[139.15459976866248,35.77324111882396],[139.14913497937954,35.778843319712294],[139.14823911228396,35.775283910308104],[139.14445855314065,35.77695528515877],[139.14282807502673,35.77638268451548],[139.13938794537975,35.772049490458215],[139.13763204587244,35.772436382784754],[139.13743495511142,35.77837904892044],[139.1405346552621,35.779029028029036],[139.14281015768483,35.78105634382012],[139.14780909607808,35.78203131248301],[139.14648321277664,35.78576095451087],[139.14757617063324,35.78901085005383],[139.14693114632442,35.79303453024987],[139.14981583837215,35.796377279951194],[139.1563915028536,35.7986367311382],[139.16087083833145,35.7991629047023],[139.1649022402615,35.80162353989911],[139.17145998740105,35.80346514737345],[139.1735742337466,35.80676146999559],[139.175509306673,35.8068388484609],[139.1742013407135,35.81282794167578],[139.17740854491564,35.820488409741316],[139.17527638122817,35.82722033622315],[139.17842983340458,35.8305940373106],[139.1769068593421,35.83305467250741],[139.1773547928899,35.835143891070736],[139.1753301332539,35.83607243265443],[139.17190792094885,35.84000325869211],[139.16954283181656,35.84051395656314],[139.16612061951147,35.842974591759955],[139.16642521432397,35.84435192844244],[139.16257298581303,35.849551761311176],[139.16352260493434,35.85086719522141],[139.16922031966214,35.84992317794465],[139.1743625967907,35.84831370586623],[139.18362586255887,35.84357814378936],[139.18688681878672,35.84286626190852],[139.19244119477924,35.840266345474156],[139.19656218341885,35.84017349131579],[139.1993035367313,35.841241314137044],[139.2031378479003,35.84119488705786],[139.20489374740762,35.84456858814531],[139.20747384464286,35.84642567131271],[139.21265195645523,35.84661137962945],[139.21933512498816,35.842525796661164],[139.22028474410948,35.841241314137044],[139.22438781540717,35.840544907949266],[139.23065888507614,35.83673788745609],[139.2328089661055,35.83675336314915],[139.23701954145466,35.84015801562272],[139.24139137288103,35.839802074682304],[139.24307560302069,35.83659860621853],[139.2522492820793,35.838254505376135],[139.2588786985865,35.83718668255488],[139.26050917670042,35.83599505418913],[139.27125958184723,35.8396008906725],[139.28000324469997,35.83930685250433],[139.28516343917045,35.83601052988219],[139.29091490592398,35.837960467207964],[139.29560924950474,35.833843932853554],[139.29661262065179,35.83545340493197],[139.30116362549725,35.834958182753994],[139.30259701285016,35.824047819145505],[139.30476501122143,35.8223919199879],[139.3114660970963,35.825285874590435],[139.31492414408518,35.82523944751125],[139.31616044067707,35.82366092681896],[139.31650087017337,35.81935868414781],[139.3149958134528,35.814344559595824],[139.31675171296013,35.81268866043822],[139.32261068376513,35.80019977613743],[139.3257283012577,35.795216602971564],[139.33036889281274,35.79362260658621]]]],"type":"MultiPolygon"},"id":"geoshape:13:2016-01-01:67875bb8efc9b0aaeb3d","properties":{"administrativeCode":"13205","jurisdictionId":"geoshape:13:2016-01-01:67875bb8efc9b0aaeb3d","municipalityName":"青梅市","prefectureName":"東京都","snapshotDate":"2016-01-01","sourceDataset":"historical-administrative-areas-beta","sourceProvider":"Geoshape","sourceResourceId":"gci:13205A1968"},"type":"Feature"},{"geometry":{"coordinates":[[[[139.38508845501,35.691281848369236],[139.3762731227896,35.69163778930965],[139.36761904664644,35.69214848718069],[139.3633188845877,35.69374248356605],[139.35522024604379,35.69323178569501],[139.34644074850723,35.691978254557014],[139.34038468694118,35.69364962940767],[139.33603077285673,35.696110264604485],[139.3356724260185,35.699220878909884],[139.33681913590084,35.701511281483015],[139.33307441144137,35.704529041630046],[139.33131851193406,35.7097598258849],[139.33248313915828,35.71260735340825],[139.33886171287872,35.7158572489512],[139.33859295275005,35.71895238756355],[139.34162098353306,35.72130469290892],[139.34627949243003,35.7209487519685],[139.35229971931224,35.72251179696774],[139.35294474362104,35.72483315092698],[139.35504107262466,35.72508076201598],[139.35717323631212,35.72580811958987],[139.36245885217596,35.724167696125335],[139.36181382786717,35.72625691468866],[139.36541521359135,35.725018859243725],[139.37028873059123,35.725839070975994],[139.37005580514636,35.72450816137269],[139.37636270949918,35.725452178649455],[139.3777065101425,35.72421412320452],[139.38008951661672,35.72559145988701],[139.3817916640983,35.72311534899714],[139.37931907091453,35.721722536621584],[139.38206042422698,35.72023687008766],[139.38550055387395,35.72045352979053],[139.38885109681138,35.717900040435346],[139.38709519730406,35.71666198499041],[139.38899443554666,35.71438705811035],[139.390947425815,35.715331075387105],[139.39456672888107,35.711632384745364],[139.3956955214215,35.71288591588336],[139.39843687473393,35.711647860438426],[139.39544467863473,35.70644802756969],[139.39295416810907,35.69908159767233],[139.39023073213855,35.698787559504154],[139.3885823366827,35.69306155307133],[139.38508845501,35.691281848369236]]]],"type":"MultiPolygon"},"id":"geoshape:13:2016-01-01:6ae87e95d38dc45ec108","properties":{"administrativeCode":"13207","jurisdictionId":"geoshape:13:2016-01-01:6ae87e95d38dc45ec108","municipalityName":"昭島市","prefectureName":"東京都","snapshotDate":"2016-01-01","sourceDataset":"historical-administrative-areas-beta","sourceProvider":"Geoshape","sourceResourceId":"gci:13207A1968"},"type":"Feature"},{"geometry":{"coordinates":[[[[139.4303118259942,35.7035385972741],[139.43199605613387,35.70165056272057],[139.44100847911528,35.70132557316627],[139.44161766874026,35.70036608019645],[139.44855168005995,35.700954156532795],[139.45561111277303,35.69473292792199],[139.45940958925823,35.692380622576614],[139.4560411289789,35.691281848369236],[139.45364020516277,35.68790814728179],[139.45292351148632,35.68355947753145],[139.45136470274005,35.68066552292892],[139.45236807388707,35.67856082867252],[139.45071967843123,35.67665731842594],[139.4506659264055,35.673190763180116],[139.45342519705986,35.67165866956701],[139.45080926514078,35.67155033971558],[139.44570282269606,35.67350027704135],[139.44050679354177,35.671612242487825],[139.43606329274775,35.67151938832946],[139.43172729600522,35.67268006530908],[139.42982805776262,35.67082298214168],[139.42241027821132,35.67914890500887],[139.41757259589525,35.682754741492246],[139.42156816314147,35.68865098054875],[139.42470369797596,35.686716518916036],[139.4284125877516,35.69112709143862],[139.4312076930898,35.690275928320226],[139.42991764447217,35.69380438633829],[139.43165562663756,35.69693047633675],[139.42739129926267,35.6984470942568],[139.42559956507154,35.70188269811649],[139.42726587786927,35.70363145143247],[139.4303118259942,35.7035385972741]]]],"type":"MultiPolygon"},"id":"geoshape:13:2016-01-01:6ba9236713a67179a13a","properties":{"administrativeCode":"13215","jurisdictionId":"geoshape:13:2016-01-01:6ba9236713a67179a13a","municipalityName":"国立市","prefectureName":"東京都","snapshotDate":"2016-01-01","sourceDataset":"historical-administrative-areas-beta","sourceProvider":"Geoshape","sourceResourceId":"gci:13215A1968"},"type":"Feature"},{"geometry":{"coordinates":[[[[139.41441914371885,35.73303526824969],[139.4162287952519,35.73209125097292],[139.42579665583256,35.73103890384473],[139.42644168014135,35.730172265033275],[139.42291196378483,35.730187740726336],[139.43384154235076,35.72695332087644],[139.4356332765419,35.72475577246168],[139.44611492156002,35.72286773790815],[139.4438752538211,35.71174071459679],[139.44161766874026,35.71582629756508],[139.43654706097936,35.714773950436886],[139.43333985677722,35.71839526261332],[139.42826924901632,35.71735839117819],[139.4356332765419,35.70372430559084],[139.4303118259942,35.7035385972741],[139.42726587786927,35.70363145143247],[139.42559956507154,35.70188269811649],[139.42739129926267,35.6984470942568],[139.43165562663756,35.69693047633675],[139.42991764447217,35.69380438633829],[139.4312076930898,35.690275928320226],[139.4284125877516,35.69112709143862],[139.42470369797596,35.686716518916036],[139.42156816314147,35.68865098054875],[139.41757259589525,35.682754741492246],[139.41248407079243,35.683590428917576],[139.39514008382224,35.68917715411285],[139.38508845501,35.691281848369236],[139.3885823366827,35.69306155307133],[139.39023073213855,35.698787559504154],[139.39295416810907,35.69908159767233],[139.39544467863473,35.70644802756969],[139.39843687473393,35.711647860438426],[139.3956955214215,35.71288591588336],[139.39456672888107,35.711632384745364],[139.390947425815,35.715331075387105],[139.38899443554666,35.71438705811035],[139.38709519730406,35.71666198499041],[139.38885109681138,35.717900040435346],[139.38550055387395,35.72045352979053],[139.38206042422698,35.72023687008766],[139.37931907091453,35.721722536621584],[139.3817916640983,35.72311534899714],[139.38008951661672,35.72559145988701],[139.3777065101425,35.72421412320452],[139.37636270949918,35.725452178649455],[139.37005580514636,35.72450816137269],[139.37028873059123,35.725839070975994],[139.36541521359135,35.725018859243725],[139.36181382786717,35.72625691468866],[139.36245885217596,35.724167696125335],[139.35717323631212,35.72580811958987],[139.35504107262466,35.72508076201598],[139.353356842485,35.72795924092545],[139.35292682627912,35.7360994554759],[139.35900080518707,35.73733751092084],[139.35987875494072,35.73958148641478],[139.36546896561705,35.73907078854374],[139.3694645328633,35.73588279577304],[139.3702708132493,35.7373529866139],[139.3779573529293,35.73509353542689],[139.3784769558447,35.73351501473459],[139.38096746637038,35.734845924337904],[139.38349381157988,35.73303526824969],[139.3838521584181,35.735526854832614],[139.38843899794742,35.733700723051335],[139.39121618594368,35.73353049042766],[139.38729228806508,35.73704347275266],[139.38481969488132,35.737879160178],[139.38490928159086,35.74151594804749],[139.38354756360562,35.74396110755124],[139.38788356034814,35.73950410794947],[139.39530133989945,35.73349953904153],[139.39827561865673,35.73493877849627],[139.4004077823442,35.733561441813784],[139.4088289330425,35.73362334458603],[139.40945604000942,35.73260194884396],[139.41441914371885,35.73303526824969]]]],"type":"MultiPolygon"},"id":"geoshape:13:2016-01-01:770077ca26c0063ccbcf","properties":{"administrativeCode":"13202","jurisdictionId":"geoshape:13:2016-01-01:770077ca26c0063ccbcf","municipalityName":"立川市","prefectureName":"東京都","snapshotDate":"2016-01-01","sourceDataset":"historical-administrative-areas-beta","sourceProvider":"Geoshape","sourceResourceId":"gci:13202A1968"},"type":"Feature"},{"geometry":{"coordinates":[[[[139.58671230353832,35.69395914326891],[139.59405841372197,35.688991445796105],[139.59056453204926,35.686995081391146],[139.5936104801742,35.684132078174734],[139.59418383511536,35.682135713769775],[139.58531475086923,35.68204285961141],[139.5881277735493,35.68004649520645],[139.58678397290598,35.6778025197125],[139.58664063417066,35.67398002352626],[139.58280632300165,35.673887169367895],[139.5888982192515,35.66941469407306],[139.58517141213395,35.67128725293353],[139.58045915121127,35.67071465229024],[139.5783090701819,35.672045561893555],[139.57979620956053,35.66553029511458],[139.58214338135093,35.66501959724354],[139.57549604750182,35.660036424077674],[139.57300553697615,35.66413748273903],[139.5688487136527,35.663502979323496],[139.56556984008293,35.665066024322726],[139.56433354349105,35.66902780174652],[139.56445896488444,35.67226222159641],[139.56087549650215,35.682847595650614],[139.5545865094913,35.68212023807671],[139.55216766833325,35.68083575555259],[139.5454307477746,35.68205833530447],[139.5429402372489,35.680464338919116],[139.54139934584452,35.669894440557975],[139.54193686610188,35.66795997892527],[139.54439154194372,35.66664454501502],[139.54159643660554,35.66427676397658],[139.5383713150615,35.66474103476843],[139.5384967364549,35.66712429149993],[139.53559412706525,35.66929088852857],[139.5343936651572,35.6675421352126],[139.5313656343742,35.66769689214321],[139.53244067488887,35.669894440557975],[139.52944847878967,35.672726492388264],[139.52944847878967,35.675604971297744],[139.52676087750297,35.67467642971404],[139.52659962142576,35.67913342931581],[139.5253812421758,35.68089765832484],[139.5286780330875,35.681191696493016],[139.52692213358017,35.68420945664004],[139.5248795566023,35.690105695696545],[139.5285346943522,35.69067829633983],[139.53215399741828,35.68877478609324],[139.5313656343742,35.6946091223775],[139.53419657439616,35.69488768485261],[139.5339278142675,35.6989732678209],[139.53641832479317,35.69829233732618],[139.53652582884465,35.6953364799514],[139.54218770888863,35.69529005287222],[139.54227729559818,35.69669834094083],[139.5506626116127,35.69501149039711],[139.55016092603918,35.706788492817054],[139.57051502645047,35.69892684074171],[139.57255760342835,35.698833986583345],[139.57666067472604,35.70143390301771],[139.57992163095392,35.69881851089028],[139.58483098263764,35.69725546589105],[139.58671230353832,35.69395914326891]]]],"type":"MultiPolygon"},"id":"geoshape:13:2016-01-01:7a1c9038755303fde3f7","properties":{"administrativeCode":"13204","jurisdictionId":"geoshape:13:2016-01-01:7a1c9038755303fde3f7","municipalityName":"三鷹市","prefectureName":"東京都","snapshotDate":"2016-01-01","sourceDataset":"historical-administrative-areas-beta","sourceProvider":"Geoshape","sourceResourceId":"gci:13204A1968"},"type":"Feature"},{"geometry":{"coordinates":[[[[139.67796532589279,35.73068296290431],[139.67733821892588,35.72936752899406],[139.67518813789653,35.72370342533348],[139.6757614928377,35.72195467201751],[139.67368308117597,35.72026782147379],[139.6790941184332,35.71827145706883],[139.6790941184332,35.71523822122874],[139.68185338908754,35.71314900266541],[139.680348332367,35.71126096811188],[139.68278509086693,35.71011576682532],[139.69007744902484,35.711477627814745],[139.69421635500638,35.711044308409015],[139.6888769871168,35.70750037469789],[139.6874973517896,35.70400286806595],[139.68837530154326,35.69906612197927],[139.683985552775,35.691993730250076],[139.68033041502508,35.68979618183531],[139.67130007470178,35.68148573466119],[139.66784202771288,35.67995364104808],[139.6641152205953,35.6763478045647],[139.66499317034896,35.679009623771314],[139.66257432919093,35.679427467483976],[139.65927753827924,35.68190357837385],[139.6592237862535,35.68668556752991],[139.660943851077,35.68677842168829],[139.66755535024228,35.69174611916109],[139.66510067440043,35.69542933410977],[139.66115885917995,35.69519719871384],[139.6606213389226,35.69652810831715],[139.66253849450712,35.699236354602945],[139.6610871898123,35.70143390301771],[139.6609080163932,35.704683798560666],[139.65820249776456,35.70503973950108],[139.65822041510648,35.709218176627736],[139.65060554479416,35.70934198217223],[139.64284733574655,35.71150857920087],[139.6417902125738,35.714758474743824],[139.63688086089007,35.7165072280598],[139.6321865173093,35.716940547465526],[139.6318819224968,35.719726172216625],[139.62899723044907,35.72101065474075],[139.62439247357787,35.72927467483569],[139.62455372965508,35.730141313647145],[139.62716966157413,35.73510901111995],[139.63354823529457,35.73527924374363],[139.6364329273423,35.73227695928966],[139.63983722230546,35.72638072023315],[139.64358194676493,35.7253128974119],[139.64739834059202,35.72548313003558],[139.64743417527586,35.72675213686664],[139.65961796777557,35.72582359528293],[139.66225181703655,35.72692236949032],[139.66513650908425,35.73131746631984],[139.66818245720918,35.73139484478514],[139.67146133077895,35.73354596612072],[139.67468645232302,35.73306621963581],[139.67796532589279,35.73068296290431]]]],"type":"MultiPolygon"},"id":"geoshape:13:2016-01-01:7f44b57ffcad6a8450b6","properties":{"administrativeCode":"13114","jurisdictionId":"geoshape:13:2016-01-01:7f44b57ffcad6a8450b6","municipalityName":"中野区","prefectureName":"東京都","snapshotDate":"2016-01-01","sourceDataset":"historical-administrative-areas-beta","sourceProvider":"Geoshape","sourceResourceId":"gci:13114A1968"},"type":"Feature"},{"geometry":{"coordinates":[[[[139.37903239344396,35.77119832733982],[139.3802149380101,35.76636991110457],[139.3852497110872,35.76527113689719],[139.38960362517165,35.76712822006459],[139.39182537556866,35.76683418189642],[139.39049949226722,35.76378547036327],[139.39168203683337,35.763352150957544],[139.40053320373755,35.76195933858199],[139.40261161539928,35.76107722407747],[139.40497670453158,35.76208314412648],[139.4075388844249,35.76084508868155],[139.4092768665903,35.758229696554125],[139.40902602380353,35.755227412100155],[139.40748513239916,35.753215572002134],[139.40744929771535,35.74863476685587],[139.41065650191746,35.74750504126237],[139.4107102539432,35.74185641329485],[139.41192863319318,35.73975171903846],[139.4111940221748,35.737260132455525],[139.41357702864903,35.73643992072326],[139.41441914371885,35.73303526824969],[139.40945604000942,35.73260194884396],[139.4088289330425,35.73362334458603],[139.4004077823442,35.733561441813784],[139.39827561865673,35.73493877849627],[139.39530133989945,35.73349953904153],[139.38788356034814,35.73950410794947],[139.38354756360562,35.74396110755124],[139.38490928159086,35.74151594804749],[139.38481969488132,35.737879160178],[139.38729228806508,35.73704347275266],[139.39121618594368,35.73353049042766],[139.38843899794742,35.733700723051335],[139.3838521584181,35.735526854832614],[139.38349381157988,35.73303526824969],[139.38096746637038,35.734845924337904],[139.3784769558447,35.73351501473459],[139.3779573529293,35.73509353542689],[139.3702708132493,35.7373529866139],[139.3694645328633,35.73588279577304],[139.36546896561705,35.73907078854374],[139.35987875494072,35.73958148641478],[139.3549156512313,35.74276947918549],[139.35466480844454,35.74560153101578],[139.3566536333967,35.75081683957757],[139.3581228554334,35.75075493680532],[139.35751366580843,35.753525085863366],[139.359018722529,35.75448457883319],[139.35882163176797,35.75793565838595],[139.3609537954554,35.7611081754636],[139.36288886838184,35.761928387195866],[139.36738612120158,35.76779367486625],[139.36855074842583,35.77440179580359],[139.37091583755813,35.771430462735744],[139.37329884403232,35.77129118149819],[139.3731017532713,35.768985303232],[139.37903239344396,35.77119832733982]],[[139.35726282302167,35.74462656235289],[139.35726282302167,35.74462656235289]]]],"type":"MultiPolygon"},"id":"geoshape:13:2016-01-01:80b231452f44ea50edbd","properties":{"administrativeCode":"13223","jurisdictionId":"geoshape:13:2016-01-01:80b231452f44ea50edbd","municipalityName":"武蔵村山市","prefectureName":"東京都","snapshotDate":"2016-01-01","sourceDataset":"historical-administrative-areas-beta","sourceProvider":"Geoshape","sourceResourceId":"gci:13223A1970"},"type":"Feature"},{"geometry":{"coordinates":[[[[139.56196845435875,35.632598020279296],[139.56320475095063,35.63739548512842],[139.56336600702784,35.64137273824528],[139.56574901350206,35.64717612314341],[139.56877704428507,35.64747016131158],[139.5694758206196,35.64903320631082],[139.57431350293567,35.65075100824066],[139.57651733599076,35.65033316452799],[139.58062040728845,35.64729992868791],[139.5843292970641,35.648398702895285],[139.5855835109979,35.64550474829275],[139.5876440053177,35.6461702030944],[139.58658688214493,35.64264174507633],[139.58443680111557,35.6410787000771],[139.587787344053,35.63496580131773],[139.5914066471191,35.63306229107115],[139.5912633083838,35.63105045097313],[139.59362839751608,35.626624402757486],[139.59228459687276,35.62422567033292],[139.59022410255295,35.62453518419416],[139.58932823545737,35.62122338587895],[139.59024201989484,35.61843776112785],[139.58278840565973,35.62159480251243],[139.5765531706746,35.62198169483898],[139.57245009937688,35.62368402107576],[139.56793492921523,35.62684106246034],[139.56562359210866,35.62719700340077],[139.5661790297079,35.629456454587775],[139.56196845435875,35.632598020279296]]]],"type":"MultiPolygon"},"id":"geoshape:13:2016-01-01:80fc3b23ceb7876c617d","properties":{"administrativeCode":"13219","jurisdictionId":"geoshape:13:2016-01-01:80fc3b23ceb7876c617d","municipalityName":"狛江市","prefectureName":"東京都","snapshotDate":"2016-01-01","sourceDataset":"historical-administrative-areas-beta","sourceProvider":"Geoshape","sourceResourceId":"gci:13219A1970"},"type":"Feature"},{"geometry":{"coordinates":[[[[139.4410263964572,34.75240250170244],[139.44328398153803,34.74779074517006],[139.44518321978063,34.74766693962556],[139.448139581196,34.74441704408261],[139.44831875461512,34.73875294042203],[139.44428735268505,34.734125708196586],[139.4438752538211,34.73199006255407],[139.44548781459312,34.72807471220946],[139.44484279028433,34.725118854834676],[139.4479604077769,34.72050709830229],[139.4492683737364,34.71522988696825],[139.44840834132467,34.712970435781244],[139.44486070762622,34.71066455751506],[139.44371399774388,34.70292671098421],[139.44944754715553,34.6984078086102],[139.45000298475478,34.69651977405667],[139.44787082106734,34.694616263810076],[139.44604325219237,34.69028306975281],[139.44428735268505,34.688348608120094],[139.44477112091667,34.68455706331998],[139.43936008365944,34.68547012921062],[139.43878672871827,34.68820932688254],[139.43638580490216,34.68754387208089],[139.44079347101234,34.6820035739648],[139.44025595075502,34.680394101886385],[139.43871505935064,34.678676299956535],[139.43432531058235,34.677995369461826],[139.43006098320745,34.67872272703572],[139.42805424091338,34.681400021935396],[139.42387950024803,34.68189524411337],[139.4222490221341,34.682529747528896],[139.4144908130865,34.680688140054556],[139.4128961696564,34.68181786564806],[139.40934853595795,34.68070361574762],[139.40413458946173,34.68256069891502],[139.4009094679177,34.68226666074685],[139.39944024588098,34.684092792528126],[139.39684223130382,34.68387613282526],[139.39472798495828,34.68720340683353],[139.39109076455028,34.68743554222945],[139.3863605862857,34.69015926420831],[139.38397757981147,34.693594868068004],[139.37948032699174,34.69616383311625],[139.37632687481533,34.695916222027265],[139.37254631567205,34.69963038836207],[139.3652002054884,34.70041964870821],[139.35891121847752,34.70292671098421],[139.35891121847752,34.70294218667727],[139.3601833497532,34.70808011677375],[139.36012959772748,34.711469293554266],[139.35267598349236,34.718417879738965],[139.35253264475708,34.72513433052774],[139.35314183438206,34.730968666812],[139.35688655884152,34.73531733656233],[139.3560623611136,34.73985171462941],[139.35688655884152,34.741909981806614],[139.35267598349236,34.74681577650717],[139.35296266096296,34.75083945670321],[139.35077674524976,34.75653451174991],[139.3490925151101,34.759026098332846],[139.34889542434908,34.76603658728979],[139.35088424930123,34.76673299347757],[139.3521026285512,34.76920910436744],[139.34936127523878,34.77493511080027],[139.34932544055494,34.77872665560038],[139.35041839841153,34.78392648846911],[139.35235347133798,34.78426695371647],[139.35360768527175,34.789234651189275],[139.35878579708412,34.793211904306126],[139.3609358781135,34.79910814336263],[139.36679484891852,34.7964153727699],[139.3722954728853,34.79844268856098],[139.37677480836314,34.79426425143432],[139.38044786345495,34.794357105592695],[139.3821141762527,34.791370296831786],[139.38460468677837,34.78983820321868],[139.38992613732606,34.788615623466804],[139.39313334152817,34.789667970595],[139.39800685852808,34.78787279019984],[139.40099905462725,34.788476342229245],[139.40314913565663,34.78709900554676],[139.40639217454256,34.787362092328806],[139.40796890063078,34.78618593965612],[139.41198238521892,34.78682044307165],[139.4146699865056,34.783771731538494],[139.42070813072974,34.78107896094576],[139.42206984871498,34.78174441574741],[139.42515163152376,34.77832428758078],[139.43285608854563,34.77272208669245],[139.4366008130051,34.76783176768495],[139.44124140456015,34.75525002922579],[139.4410263964572,34.75240250170244]]]],"type":"MultiPolygon"},"id":"geoshape:13:2016-01-01:868d23d8d44177db71ee","properties":{"administrativeCode":"13361","jurisdictionId":"geoshape:13:2016-01-01:868d23d8d44177db71ee","municipalityName":"大島町","prefectureName":"東京都","snapshotDate":"2016-01-01","sourceDataset":"historical-administrative-areas-beta","sourceProvider":"Geoshape","sourceResourceId":"gci:13361A1968"},"type":"Feature"},{"geometry":{"coordinates":[[[[139.41757259589525,35.682754741492246],[139.42241027821132,35.67914890500887],[139.42982805776262,35.67082298214168],[139.4407038843028,35.660191181008294],[139.44201185026233,35.65796268120741],[139.4383387951705,35.6545735044269],[139.43781919225506,35.65003912635983],[139.43398488108605,35.650781959626784],[139.43308901399047,35.64827489735079],[139.42979222307878,35.647392782846275],[139.42696128305678,35.64374051928372],[139.41680215019306,35.64904868200388],[139.41501041600193,35.64703684190586],[139.4105310805241,35.64490119626334],[139.40641009188448,35.645257137203764],[139.40451085364188,35.6435857623531],[139.39936857651333,35.64118702992854],[139.39200454898776,35.63959303354318],[139.3898544679584,35.64115607854241],[139.38202458954314,35.64131083547303],[139.37808277432265,35.63932994676114],[139.3771869072271,35.64101679730486],[139.37856654255427,35.644096460224134],[139.37638062684107,35.64541189413438],[139.37301216656175,35.643817897749024],[139.37032456527504,35.64380242205596],[139.3668127662604,35.64536546705519],[139.36129422495173,35.650534348537796],[139.35735240973122,35.655811559871836],[139.35941290405103,35.656817479920846],[139.3588933011356,35.659355493582964],[139.37242089427866,35.66574695481744],[139.37046790401033,35.66856353095467],[139.37242089427866,35.67238602714091],[139.3764343788668,35.67631685317858],[139.37670313899548,35.67820488773211],[139.37505474353964,35.681748821443236],[139.37519808227492,35.68578797733234],[139.37804693963884,35.68767601188586],[139.37964158306895,35.68676294599522],[139.3762731227896,35.69163778930965],[139.38508845501,35.691281848369236],[139.39514008382224,35.68917715411285],[139.41248407079243,35.683590428917576],[139.41757259589525,35.682754741492246]]]],"type":"MultiPolygon"},"id":"geoshape:13:2016-01-01:88fd495b7afb74246f4b","properties":{"administrativeCode":"13212","jurisdictionId":"geoshape:13:2016-01-01:88fd495b7afb74246f4b","municipalityName":"日野市","prefectureName":"東京都","snapshotDate":"2016-01-01","sourceDataset":"historical-administrative-areas-beta","sourceProvider":"Geoshape","sourceResourceId":"gci:13212A1968"},"type":"Feature"},{"geometry":{"coordinates":[[[[139.5208302373303,35.64620115448052],[139.5253812421758,35.64264174507633],[139.52339241722365,35.6388192488901],[139.5209914934075,35.6377669017619],[139.52326699583026,35.63216470087357],[139.5190564204811,35.631437343299666],[139.51660174463925,35.629595735825326],[139.51615381109144,35.62569586117378],[139.5104023443379,35.623343555828406],[139.50961398129382,35.62408638909537],[139.50341458099248,35.62286380934349],[139.49940109640434,35.62040317414668],[139.4980393784191,35.61842228543479],[139.49467091813975,35.61729255984128],[139.49565637194488,35.61251057068522],[139.50002820337124,35.60727978643037],[139.4975735275294,35.60486557831274],[139.493810885728,35.60582507128257],[139.4890627901215,35.604664394302944],[139.48805941897447,35.607511921826294],[139.48126874639007,35.61004993548841],[139.47965618561804,35.61326887964524],[139.47695066698944,35.61302126855625],[139.47506934608876,35.61998533043402],[139.4672753023573,35.62082101785935],[139.46415768486474,35.62451970850109],[139.46453394904486,35.629626687211456],[139.47159338175794,35.63351108616993],[139.4690132845227,35.64016563418647],[139.4688520284455,35.64462263378823],[139.47377929747114,35.64678923081687],[139.47381513215495,35.64932724447898],[139.47399430557405,35.65075100824066],[139.47924408675408,35.651973587992536],[139.48624976744142,35.652685469873376],[139.48902695543768,35.65149384150762],[139.49103369773175,35.65208191784397],[139.49945484843008,35.65144741442844],[139.50131825198886,35.64918796324143],[139.50680095861372,35.65087481378516],[139.5122836652386,35.65116885195333],[139.51683467008408,35.64931176878592],[139.5208302373303,35.64620115448052]]]],"type":"MultiPolygon"},"id":"geoshape:13:2016-01-01:8bf15fbe5e14a167d289","properties":{"administrativeCode":"13225","jurisdictionId":"geoshape:13:2016-01-01:8bf15fbe5e14a167d289","municipalityName":"稲城市","prefectureName":"東京都","snapshotDate":"2016-01-01","sourceDataset":"historical-administrative-areas-beta","sourceProvider":"Geoshape","sourceResourceId":"gci:13225A1971"},"type":"Feature"},{"geometry":{"coordinates":[[[[139.32106979236076,35.77721837194082],[139.32879216672455,35.771337608577376],[139.33151560269508,35.77291612926967],[139.3336477663825,35.77095071625083],[139.33319983283474,35.767607966549505],[139.33642495437877,35.766044921550275],[139.33477655892293,35.764930671649836],[139.33585159943763,35.75929751937538],[139.34036676959929,35.75372626987317],[139.34301853620215,35.7538345997246],[139.342642272022,35.74984187091468],[139.33873629148533,35.750104957696735],[139.33776875502213,35.751946565171075],[139.33577993006998,35.75114182913187],[139.32938343900761,35.7523798845768],[139.3249220208717,35.75484051977361],[139.3220552461659,35.75360246432867],[139.3209443709674,35.75004305492448],[139.318794289938,35.75069303403308],[139.3138670209124,35.747118148935826],[139.31105399823232,35.75063113126083],[139.30259701285016,35.75519646071403],[139.29654095128413,35.75454648160544],[139.2974368183797,35.760086779721526],[139.29650511660031,35.76666394927274],[139.29308290429523,35.772049490458215],[139.29213328517395,35.77534581308035],[139.29550174545327,35.77765169134655],[139.29756223977307,35.78077778134501],[139.29989149422155,35.78116467367155],[139.3033137065266,35.77813143783146],[139.3080259674493,35.77723384763388],[139.30919059467354,35.77570175402077],[139.3122723774823,35.77553152139709],[139.3184359430998,35.778410000306565],[139.32106979236076,35.77721837194082]]]],"type":"MultiPolygon"},"id":"geoshape:13:2016-01-01:8d3c7af39fe43231fe54","properties":{"administrativeCode":"13227","jurisdictionId":"geoshape:13:2016-01-01:8d3c7af39fe43231fe54","municipalityName":"羽村市","prefectureName":"東京都","snapshotDate":"2016-01-01","sourceDataset":"historical-administrative-areas-beta","sourceProvider":"Geoshape","sourceResourceId":"gci:13227A1991"},"type":"Feature"},{"geometry":{"coordinates":[[[[139.44077555367045,35.7670044145201],[139.44000510796826,35.76373904328408],[139.4405426282256,35.76022606095908],[139.4441619312917,35.75575358566425],[139.44620450826957,35.755660731505884],[139.447530391571,35.75259654427966],[139.44754830891293,35.749238318885276],[139.45138262008194,35.74561700670884],[139.45070176108933,35.741995694532406],[139.4509884385599,35.736997045673476],[139.44554156661886,35.73503163265464],[139.44247770115203,35.73634706656489],[139.4286992652222,35.73006393518184],[139.42644168014135,35.730172265033275],[139.42579665583256,35.73103890384473],[139.4162287952519,35.73209125097292],[139.41441914371885,35.73303526824969],[139.41357702864903,35.73643992072326],[139.4111940221748,35.737260132455525],[139.41192863319318,35.73975171903846],[139.4107102539432,35.74185641329485],[139.41065650191746,35.74750504126237],[139.40744929771535,35.74863476685587],[139.40748513239916,35.753215572002134],[139.40902602380353,35.755227412100155],[139.4092768665903,35.758229696554125],[139.4075388844249,35.76084508868155],[139.40497670453158,35.76208314412648],[139.40261161539928,35.76107722407747],[139.40053320373755,35.76195933858199],[139.39168203683337,35.763352150957544],[139.39845479207585,35.76440449808574],[139.4002823609508,35.767747247787064],[139.40510212592497,35.76912458446955],[139.40986813887338,35.76864483798464],[139.41590628309748,35.7662770569462],[139.41975851160842,35.765921116005785],[139.4222131874503,35.76780915055931],[139.4276242247075,35.76644728956988],[139.4360991274316,35.76714369575765],[139.4396288437881,35.769155535855674],[139.44077555367045,35.7670044145201]]]],"type":"MultiPolygon"},"id":"geoshape:13:2016-01-01:8ffe76e7671442c12554","properties":{"administrativeCode":"13220","jurisdictionId":"geoshape:13:2016-01-01:8ffe76e7671442c12554","municipalityName":"東大和市","prefectureName":"東京都","snapshotDate":"2016-01-01","sourceDataset":"historical-administrative-areas-beta","sourceProvider":"Geoshape","sourceResourceId":"gci:13220A1970"},"type":"Feature"},{"geometry":{"coordinates":[[[[139.25687195629243,35.76070580744399],[139.2558506678035,35.75939037353375],[139.26185297734378,35.75558335304057],[139.26855406321863,35.75445362744707],[139.27029204538402,35.75340128031887],[139.2734454975604,35.753911978189905],[139.27762023822575,35.75228703041843],[139.2798957406485,35.74934664873671],[139.28055868229922,35.744672989432075],[139.2793044683654,35.742119500076896],[139.2846617535969,35.74058740646379],[139.28364046510796,35.737693451861254],[139.28442882815207,35.73223053221048],[139.28364046510796,35.73136389339902],[139.27805025443163,35.73366977166521],[139.27013078930682,35.733282879338674],[139.26292801785846,35.73238528914109],[139.25823367427768,35.73526376805057],[139.2528584717043,35.73634706656489],[139.24538694012725,35.73665658042612],[139.2440431394839,35.73879222606863],[139.2394383826127,35.73976719473152],[139.2322176938224,35.73893150730619],[139.22610788023064,35.74004575720663],[139.22198689159103,35.74317184720509],[139.21567998723825,35.74440990265003],[139.21236527898466,35.748541912697505],[139.2127594605067,35.7520548950225],[139.2110035609994,35.751791808240455],[139.20512667285246,35.75377269695235],[139.20433830980838,35.755800012743435],[139.19966188356952,35.75810589100963],[139.1891802385514,35.76225337675016],[139.18147578152949,35.762903355858754],[139.18032907164718,35.765611602144546],[139.1806874184854,35.76858293521239],[139.16303883670273,35.77823976768289],[139.16671189179456,35.780978965354805],[139.1721408463937,35.78220154510669],[139.17561681072448,35.784863364313296],[139.1819595497611,35.78763351337134],[139.18609845574264,35.78777279460889],[139.18878605702932,35.78907275282607],[139.19217243465056,35.78919655837057],[139.19552297758798,35.78682877733213],[139.1982464135585,35.78644188500559],[139.19889143786733,35.78444552060063],[139.2021344767533,35.78248010758179],[139.20824429034505,35.77635173312936],[139.2105377101097,35.773179216051716],[139.2143361865949,35.77409228194236],[139.21666544104338,35.7728232751113],[139.22091185107635,35.774014903477045],[139.22279317197706,35.77240543139863],[139.22743376353208,35.77201853907209],[139.23173392559082,35.768892449073626],[139.23528155928926,35.76937219555854],[139.23827375538846,35.767035365906224],[139.24481358518608,35.76740678253971],[139.24945417674112,35.766602046500495],[139.2542918590572,35.764033081452254],[139.25687195629243,35.76070580744399]]]],"type":"MultiPolygon"},"id":"geoshape:13:2016-01-01:929074fd695fc65b9cff","properties":{"administrativeCode":"13305","jurisdictionId":"geoshape:13:2016-01-01:929074fd695fc65b9cff","municipalityName":"日の出町","parentJurisdictionName":"西多摩郡","prefectureName":"東京都","snapshotDate":"2016-01-01","sourceDataset":"historical-administrative-areas-beta","sourceProvider":"Geoshape","sourceResourceId":"gci:13305A1974"},"type":"Feature"},{"geometry":{"coordinates":[[[[139.72250783788436,35.71226688816089],[139.72326036624466,35.71040980499349],[139.72598380221518,35.709202700934675],[139.7318427730202,35.70926460370693],[139.73245196264517,35.70739204484646],[139.73585625760833,35.709187225241614],[139.74280818626994,35.70813487811342],[139.74587205173677,35.702904093858564],[139.7362862738142,35.69219491425987],[139.7315740128915,35.68957952213245],[139.72999728680333,35.685540366243345],[139.73150234352389,35.68150121035425],[139.72852806476658,35.68283211995755],[139.72675424791737,35.679288186246424],[139.71958731115282,35.678313217583536],[139.71947980710135,35.6744907213973],[139.7165592803698,35.673438374269104],[139.71485713288823,35.67507879773365],[139.712886225278,35.674614526941795],[139.7129041426199,35.677291821841465],[139.7147854635206,35.680866706938716],[139.71139908589936,35.68337376921471],[139.7074035186531,35.68445706772903],[139.70577304053919,35.68804742851934],[139.70270917507236,35.68776886604423],[139.70209998544735,35.68917715411285],[139.69502263539238,35.68665461614379],[139.68767652520873,35.681594064512616],[139.68498892392202,35.68588083149071],[139.68597437772715,35.68789267158873],[139.6832151070728,35.688712883320996],[139.683985552775,35.691993730250076],[139.68837530154326,35.69906612197927],[139.6874973517896,35.70400286806595],[139.6888769871168,35.70750037469789],[139.69421635500638,35.711044308409015],[139.69007744902484,35.711477627814745],[139.68278509086693,35.71011576682532],[139.680348332367,35.71126096811188],[139.68185338908754,35.71314900266541],[139.6790941184332,35.71523822122874],[139.6790941184332,35.71827145706883],[139.67368308117597,35.72026782147379],[139.6757614928377,35.72195467201751],[139.67518813789653,35.72370342533348],[139.67733821892588,35.72936752899406],[139.68135170351403,35.72704617503481],[139.6827134214993,35.72364152256124],[139.68661940203597,35.722728456670595],[139.69572141172694,35.721738012314646],[139.69982448302463,35.72354866840287],[139.70460841331496,35.72300701914571],[139.7059342966164,35.71885953340517],[139.70455466128922,35.71587272464427],[139.70536094167522,35.71370612761563],[139.7105390534876,35.71353589499195],[139.7121157795758,35.714758474743824],[139.71440919934045,35.71317995405153],[139.72250783788436,35.71226688816089]]]],"type":"MultiPolygon"},"id":"geoshape:13:2016-01-01:a8dfb29bae9769d7013b","properties":{"administrativeCode":"13104","jurisdictionId":"geoshape:13:2016-01-01:a8dfb29bae9769d7013b","municipalityName":"新宿区","prefectureName":"東京都","snapshotDate":"2016-01-01","sourceDataset":"historical-administrative-areas-beta","sourceProvider":"Geoshape","sourceResourceId":"gci:13104A1968"},"type":"Feature"},{"geometry":{"coordinates":[[[[139.5324944269146,34.124584585575676],[139.53609581263876,34.12331557874462],[139.53924926481517,34.12379532522953],[139.54663120968266,34.11995735335023],[139.54761666348776,34.116769360579525],[139.55123596655386,34.11630508978767],[139.5553927898773,34.1125754477598],[139.55883291952426,34.11129096523568],[139.56186095030728,34.108660097415196],[139.56334808968592,34.105503056030614],[139.56379602323372,34.10070559118149],[139.5655160880572,34.097517598410775],[139.56494273311603,34.09465459519436],[139.56616111236602,34.09316892866044],[139.56286432145433,34.09030592544403],[139.56164594220434,34.086994127128825],[139.56162802486244,34.08266093307155],[139.5630076601896,34.08035505480536],[139.56795284655715,34.0805407631221],[139.56374227120799,34.079287231984104],[139.56293599082196,34.077739662677935],[139.56388560994327,34.07438143728355],[139.56290015613814,34.06873280931603],[139.56092924852788,34.06874828500909],[139.55834915129267,34.06452342080325],[139.55515986443245,34.06311513273464],[139.55342188226703,34.06017475105291],[139.55073428098035,34.05844147343],[139.5456099211937,34.058209338034075],[139.5403959746975,34.05622844932218],[139.53776212543653,34.05378328981843],[139.53373072350647,34.0527464183833],[139.53401740097706,34.04971318254321],[139.5317060638705,34.04691208209904],[139.52910804929334,34.04649423838637],[139.52527373812433,34.04945009576116],[139.52183360847735,34.047237071653335],[139.51233741726435,34.048815592345626],[139.50635302506595,34.04776324521743],[139.5017124335109,34.04581330789166],[139.49497551295224,34.048908446504],[139.4931479440773,34.04835132155378],[139.48780857618772,34.052375001749816],[139.48144791980917,34.051972633730216],[139.481286663732,34.05624392501524],[139.47915450004453,34.0569867582822],[139.4776673606659,34.05995809135005],[139.47772111269163,34.0637341604571],[139.48182418398932,34.06754118095028],[139.4784736410519,34.07250887842308],[139.47454974317333,34.07393264218476],[139.47385096683877,34.07817298208366],[139.47881407054822,34.0805407631221],[139.4817525146217,34.08323353371483],[139.48223628285328,34.09029044975097],[139.48836401378696,34.09620216450053],[139.48832817910315,34.10042702870638],[139.4914099619119,34.10127819182477],[139.49413339788242,34.1044971359816],[139.4891882115149,34.11317899978921],[139.49282543192288,34.11963236379594],[139.4972689327169,34.12051447830045],[139.49829022120585,34.12179896082458],[139.50151534274988,34.12127278726047],[139.50647844645934,34.122742978101336],[139.5110115339629,34.120344245676776],[139.51753344641864,34.122015620527435],[139.51919975921638,34.12382627661565],[139.52263988886335,34.124894099436915],[139.52493330862802,34.12412031478382],[139.52747757117942,34.12520361329815],[139.52991432967937,34.12410483909076],[139.5324944269146,34.124584585575676]]]],"type":"MultiPolygon"},"id":"geoshape:13:2016-01-01:ac5661fa85ef40a83952","properties":{"administrativeCode":"13381","jurisdictionId":"geoshape:13:2016-01-01:ac5661fa85ef40a83952","municipalityName":"三宅村","prefectureName":"東京都","snapshotDate":"2016-01-01","sourceDataset":"historical-administrative-areas-beta","sourceProvider":"Geoshape","sourceResourceId":"gci:13381A1968"},"type":"Feature"},{"geometry":{"coordinates":[[[[139.68076043123096,35.73876127468251],[139.67873577159497,35.734428080625236],[139.67796532589279,35.73068296290431],[139.67468645232302,35.73306621963581],[139.67146133077895,35.73354596612072],[139.66818245720918,35.73139484478514],[139.66513650908425,35.73131746631984],[139.66225181703655,35.72692236949032],[139.65961796777557,35.72582359528293],[139.64743417527586,35.72675213686664],[139.64739834059202,35.72548313003558],[139.64358194676493,35.7253128974119],[139.63983722230546,35.72638072023315],[139.6364329273423,35.73227695928966],[139.63354823529457,35.73527924374363],[139.62716966157413,35.73510901111995],[139.62455372965508,35.730141313647145],[139.61539796793838,35.730280594884704],[139.60194204416297,35.726009303599675],[139.59979196313358,35.72392008503635],[139.59565305715208,35.722171331720375],[139.59384340561903,35.71828693276189],[139.58945365685076,35.72028329716685],[139.5868198075898,35.719757123602754],[139.58499223871482,35.71630604404999],[139.58665855151258,35.711910947220474],[139.58203587729946,35.713938263011556],[139.57395515609744,35.71943213404846],[139.5656415094506,35.72166063384934],[139.56526524527044,35.7242605502837],[139.56634028578512,35.72791281384626],[139.56942206859387,35.734149518150126],[139.56732573959025,35.73636254225795],[139.56829327605345,35.73838985804903],[139.5681678546601,35.74275400349243],[139.566770301991,35.74742766279706],[139.5688307963108,35.74758241972768],[139.56927872985858,35.7499966278453],[139.56777367313802,35.755072655169535],[139.56279265208667,35.761587921948504],[139.56358101513078,35.76284145308651],[139.566770301991,35.76195933858199],[139.56823952402772,35.76350690788816],[139.5710704640497,35.76333667526448],[139.56999542353503,35.765363991055565],[139.57458226306434,35.76623062986702],[139.5743314202776,35.76819604288585],[139.5768936001709,35.76807223734136],[139.5781657314466,35.77085786209246],[139.5822508854024,35.77121380303288],[139.5839888675678,35.774835115209314],[139.5865331301192,35.775175580456676],[139.5887548805162,35.77853380585106],[139.59341338941317,35.7771874205547],[139.59414800043152,35.77870403847474],[139.59719394855645,35.77836357322738],[139.5969431057697,35.77641363590161],[139.6043788026629,35.775020823526056],[139.59844816249026,35.77214234461658],[139.59864525325128,35.76909363308343],[139.60285582860044,35.77096619194389],[139.60634971027315,35.77095071625083],[139.60875063408926,35.76883054630138],[139.61127697929876,35.771059046102266],[139.61722553681332,35.77034716422143],[139.61772722238686,35.76664847357968],[139.62299492090878,35.76686513328254],[139.62408787876538,35.77126023011206],[139.62471498573228,35.77981828837518],[139.62518083662198,35.77793025382166],[139.62939141197114,35.77687790669346],[139.6293555772873,35.771739976596976],[139.63021560969906,35.772343528626386],[139.63473077986072,35.76986741773651],[139.6348382839122,35.76879959491526],[139.64051808129807,35.76910910877649],[139.64297275713994,35.77091976486471],[139.64791794350745,35.768613886598516],[139.6511251477096,35.769171011548735],[139.66114094183803,35.76867578937076],[139.6690066549371,35.76654014372825],[139.67069088507677,35.762052192740356],[139.6737009985179,35.7583999291778],[139.67334265167966,35.754515530219315],[139.67502688181932,35.75188466239882],[139.67207052040396,35.745214638689234],[139.67588691423106,35.745400347005976],[139.6808321005986,35.743821826313685],[139.67920162248467,35.74018503844419],[139.68076043123096,35.73876127468251]]]],"type":"MultiPolygon"},"id":"geoshape:13:2016-01-01:afa8a3688aa99f3cf6fb","properties":{"administrativeCode":"13120","jurisdictionId":"geoshape:13:2016-01-01:afa8a3688aa99f3cf6fb","municipalityName":"練馬区","prefectureName":"東京都","snapshotDate":"2016-01-01","sourceDataset":"historical-administrative-areas-beta","sourceProvider":"Geoshape","sourceResourceId":"gci:13120A1968"},"type":"Feature"},{"geometry":{"coordinates":[[[[139.5656415094506,35.72166063384934],[139.5576145402743,35.72181539077996],[139.5545865094913,35.720778519344826],[139.54940839767892,35.716925071772465],[139.5373679439145,35.71132287088413],[139.52943056144775,35.71279306172499],[139.53000391638892,35.717497672415746],[139.52692213358017,35.71851906815782],[139.52645628269048,35.71728101271288],[139.52292656633395,35.7176369536533],[139.52314157443686,35.719060717414976],[139.52466454849935,35.71940118266233],[139.5233386651979,35.72325463023469],[139.51767678515392,35.727448543054415],[139.51670924869072,35.730590108745936],[139.52016729567958,35.73343763626929],[139.52971723891835,35.73972076765234],[139.53131188234846,35.740262416909495],[139.52717297636693,35.743651593690004],[139.52842719030073,35.74471941651126],[139.53353363274545,35.744905124828],[139.54458863270474,35.7547631413083],[139.54715081259806,35.75338580462581],[139.55204224693986,35.75597024536711],[139.555249451142,35.75573810997119],[139.5553927898773,35.75774995006921],[139.5577757963515,35.75957608185049],[139.56184303296538,35.75960703323661],[139.56279265208667,35.761587921948504],[139.56777367313802,35.755072655169535],[139.56927872985858,35.7499966278453],[139.5688307963108,35.74758241972768],[139.566770301991,35.74742766279706],[139.5681678546601,35.74275400349243],[139.56829327605345,35.73838985804903],[139.56732573959025,35.73636254225795],[139.56942206859387,35.734149518150126],[139.56634028578512,35.72791281384626],[139.56526524527044,35.7242605502837],[139.5656415094506,35.72166063384934]]]],"type":"MultiPolygon"},"id":"geoshape:13:2016-01-01:c1f1916d84de361c8d47","properties":{"administrativeCode":"13229","jurisdictionId":"geoshape:13:2016-01-01:c1f1916d84de361c8d47","municipalityName":"西東京市","prefectureName":"東京都","snapshotDate":"2016-01-01","sourceDataset":"historical-administrative-areas-beta","sourceProvider":"Geoshape","sourceResourceId":"gci:13229A2001"},"type":"Feature"},{"geometry":{"coordinates":[[[[139.51636881919438,35.76558065075842],[139.50859269280485,35.762052192740356],[139.50479421631965,35.7611081754636],[139.49719726334925,35.7624390850669],[139.5012107479374,35.76562707783761],[139.49925775766906,35.77167807382473],[139.49768103158087,35.77214234461658],[139.4967851644853,35.77870403847474],[139.49938317906245,35.78217059372056],[139.50671137190417,35.78277414574997],[139.5084672714115,35.78466218030349],[139.51190740105847,35.78508002401616],[139.51403956474593,35.78850015218279],[139.52117066682663,35.78845372510361],[139.52926930537055,35.79413330445725],[139.53686625834098,35.803944893858365],[139.5416681059732,35.80728764355969],[139.54428403789225,35.806637664451095],[139.5472045646238,35.802660411334244],[139.5462191108187,35.799240283167606],[139.54408694713123,35.79650108549569],[139.53982261975634,35.79374641213071],[139.53758295201743,35.7907596033698],[139.54380026966066,35.78819063832156],[139.54380026966066,35.78283604852221],[139.54297607193274,35.77980281268212],[139.53749336530785,35.77687790669346],[139.53432199578955,35.774185136100726],[139.52844510764263,35.773039934814165],[139.526348778639,35.771616171052486],[139.5230519877273,35.77194116060678],[139.51636881919438,35.76558065075842]]]],"type":"MultiPolygon"},"id":"geoshape:13:2016-01-01:c29b2e0a7133bdd6c1af","properties":{"administrativeCode":"13221","jurisdictionId":"geoshape:13:2016-01-01:c29b2e0a7133bdd6c1af","municipalityName":"清瀬市","prefectureName":"東京都","snapshotDate":"2016-01-01","sourceDataset":"historical-administrative-areas-beta","sourceProvider":"Geoshape","sourceResourceId":"gci:13221A1970"},"type":"Feature"},{"geometry":{"coordinates":[[[[139.39390378723036,35.608192852321004],[139.39852646144348,35.611953445735],[139.4047079444029,35.620774590780165],[139.41318284712696,35.625618482708475],[139.41897014856434,35.62696486800484],[139.419848098318,35.628605291469384],[139.42500829278845,35.629858822607375],[139.42703295242444,35.63199446824989],[139.42979222307878,35.63196351686376],[139.42957721497584,35.633975356961784],[139.42680002697958,35.637983561464765],[139.42273279036573,35.64114060284935],[139.41800261210113,35.64302863740288],[139.41501041600193,35.64703684190586],[139.41680215019306,35.64904868200388],[139.42696128305678,35.64374051928372],[139.42979222307878,35.647392782846275],[139.43308901399047,35.64827489735079],[139.43398488108605,35.650781959626784],[139.43781919225506,35.65003912635983],[139.4383387951705,35.6545735044269],[139.44201185026233,35.65796268120741],[139.45527068327672,35.65432589333791],[139.4678844919823,35.65121527903251],[139.47381513215495,35.64932724447898],[139.47377929747114,35.64678923081687],[139.4688520284455,35.64462263378823],[139.4690132845227,35.64016563418647],[139.47159338175794,35.63351108616993],[139.46453394904486,35.629626687211456],[139.46415768486474,35.62451970850109],[139.46247345472509,35.625061357758256],[139.46073547255966,35.622167403155714],[139.45516317922525,35.61809729588049],[139.45317435427307,35.618607993751525],[139.4524218259128,35.615775941921235],[139.44928629107832,35.61178321311132],[139.4459357481409,35.60870355019204],[139.43885839808593,35.610080886874535],[139.4343790626081,35.60582507128257],[139.4282334143325,35.60805357108345],[139.42615500267078,35.60546913034215],[139.42310905454585,35.606629807321774],[139.4205289573106,35.609786848706364],[139.41737550513423,35.61153560202233],[139.41269907889537,35.6122784352893],[139.41079984065277,35.610251119498216],[139.40793306594693,35.612046299893365],[139.40126781475593,35.60871902588511],[139.40069445981476,35.61045230350801],[139.3972901648516,35.610034459795344],[139.39390378723036,35.608192852321004]]]],"type":"MultiPolygon"},"id":"geoshape:13:2016-01-01:c5e5a6e1122d79a793b8","properties":{"administrativeCode":"13224","jurisdictionId":"geoshape:13:2016-01-01:c5e5a6e1122d79a793b8","municipalityName":"多摩市","prefectureName":"東京都","snapshotDate":"2016-01-01","sourceDataset":"historical-administrative-areas-beta","sourceProvider":"Geoshape","sourceResourceId":"gci:13224A1971"},"type":"Feature"},{"geometry":{"coordinates":[[[[139.27600767745375,34.327393543149164],[139.2783190145603,34.32705307790181],[139.28048701293156,34.32480910240786],[139.2775306515162,34.324143647606206],[139.27518347972583,34.32596977938749],[139.27600767745375,34.327393543149164]]],[[[139.2186184313117,34.33287193849301],[139.2186184313117,34.332856462799946],[139.22553452528948,34.330844622701925],[139.2264841444108,34.33003988666272],[139.2269679126424,34.32618643909035],[139.22485366629687,34.3241900746854],[139.219568050433,34.32185324503308],[139.2196934718264,34.32064614097427],[139.21808091105436,34.32036757849916],[139.2169879531978,34.31680816909497],[139.21664752370145,34.31668436355047],[139.21401367444048,34.31782956483704],[139.2119531801207,34.315740346273714],[139.21139774252143,34.31826288424277],[139.20709758046272,34.31765933221336],[139.20695424172743,34.31976402646975],[139.20747384464286,34.32112588745918],[139.20405163233778,34.32196157488451],[139.2023494848562,34.320305675726914],[139.20131027902536,34.31635937399618],[139.1978701493784,34.31611176290719],[139.197744727985,34.31756647805499],[139.19484211859535,34.31827835993583],[139.19392833415787,34.320321151419975],[139.1955408949299,34.322874640775154],[139.19953646217613,34.325118616269094],[139.2016686258636,34.325722168298505],[139.20025315585258,34.32903396661371],[139.2037291201834,34.32736259176304],[139.20528792892966,34.32778043547571],[139.20656006020536,34.33036487621701],[139.20881764528622,34.33115413656316],[139.20670339894068,34.334961157056334],[139.20684673767596,34.335146865373076],[139.20684673767596,34.33516234106614],[139.2093014135178,34.33675633745149],[139.21283112987436,34.336957521461294],[139.21412117849195,34.3324695704734],[139.2186184313117,34.33287193849301]]],[[[139.22560619465713,34.375012250699996],[139.22927924974897,34.37269089674074],[139.22875964683354,34.3673363069414],[139.2260182935211,34.367738674961],[139.22600037617917,34.367738674961],[139.2279175317637,34.371174278820696],[139.2236890390726,34.37453250421508],[139.22560619465713,34.375012250699996]]],[[[139.28786895779905,34.41518714988815],[139.28659682652335,34.41151941063253],[139.29136283947176,34.40816118523814],[139.28926651046814,34.406350529149925],[139.28987570009312,34.40241970311225],[139.28810188324388,34.40081023103384],[139.2833537876374,34.39804008197579],[139.28394505992046,34.3946044781161],[139.28197415231023,34.39599729049165],[139.27839068392794,34.39147838811763],[139.27663478442062,34.38344650341862],[139.2757926693508,34.36848150822796],[139.27600767745375,34.35340818318587],[139.2764018589758,34.34943093006902],[139.27586433871843,34.34342636116108],[139.2731409027479,34.34057883363773],[139.27179710210459,34.33087557408805],[139.26090335822246,34.334140945324066],[139.25771407136224,34.3357813687886],[139.25536689957187,34.33827295537154],[139.25144300169327,34.34045502809323],[139.24855830964557,34.345778666506455],[139.24447315568978,34.348502388485315],[139.24572736962358,34.354336724769574],[139.24524360139196,34.35896395699502],[139.2431114377045,34.362585269171454],[139.24162429832586,34.36227575531022],[139.24334436314936,34.367877956198555],[139.23988631616047,34.3706481052566],[139.24164221566778,34.3705242997121],[139.24585279101694,34.367877956198555],[139.2503679611786,34.37304683768116],[139.25371850411602,34.37906688228216],[139.25559982501673,34.38383339574516],[139.25723030313065,34.39206646445398],[139.25723030313065,34.39511517598714],[139.2551160567851,34.39635323143207],[139.25649569211228,34.39875196385663],[139.25543856893952,34.4010268907367],[139.25766031933654,34.401351880290996],[139.2607779368291,34.40455534875477],[139.26713859320762,34.40823856370345],[139.26611730471868,34.4101575496431],[139.26708484118188,34.41325268825544],[139.26939617828845,34.41636330256084],[139.27475346351994,34.41681209765963],[139.2764376936596,34.4157752262245],[139.27948364178454,34.417988250332314],[139.28174122686536,34.424132100477806],[139.28050493027348,34.429409311811845],[139.27851610532133,34.43117354082088],[139.28344337434694,34.430415231860856],[139.28853189944977,34.426840346763605],[139.2909507406078,34.42394639216107],[139.29116574871074,34.419148927311944],[139.29225870656734,34.41868465652009],[139.28786895779905,34.41518714988815]]],[[[139.28650723981377,34.47835892896598],[139.29163159960044,34.47548045005651],[139.29575258824005,34.47438167584912],[139.29956898206714,34.47148772124659],[139.29847602421057,34.46989372486124],[139.29166743428425,34.47012586025716],[139.28946360122916,34.47506260634384],[139.28650723981377,34.47835892896598]]]],"type":"MultiPolygon"},"id":"geoshape:13:2016-01-01:c8b215377af2d702aeed","properties":{"administrativeCode":"13363","jurisdictionId":"geoshape:13:2016-01-01:c8b215377af2d702aeed","municipalityName":"新島村","prefectureName":"東京都","snapshotDate":"2016-01-01","sourceDataset":"historical-administrative-areas-beta","sourceProvider":"Geoshape","sourceResourceId":"gci:13363A1992"},"type":"Feature"},{"geometry":{"coordinates":[[[[139.13609115446806,35.77025431006305],[139.13877875575477,35.76821151857891],[139.14349101667744,35.766323484025385],[139.14721782379502,35.76212957120567],[139.1446556439017,35.760210585266016],[139.14218305071793,35.75997844987009],[139.1399254656371,35.757641620217775],[139.1407317460231,35.75544407180301],[139.14934998748245,35.75425244343727],[139.1539905790375,35.750104957696735],[139.15657067627274,35.7447039408182],[139.16409595987548,35.74133023973075],[139.1658518593828,35.73617683394121],[139.16431096797842,35.73249361899252],[139.16624604090487,35.729305626221816],[139.1653860084931,35.727278310430734],[139.16549351254457,35.72257369973998],[139.1669448172394,35.7228058351359],[139.16572643798943,35.71842621399945],[139.16638937964015,35.71373707900175],[139.16511724836445,35.71127644380495],[139.16531433912547,35.70627779494602],[139.17210501170987,35.70169698979976],[139.1726246146253,35.6971935631188],[139.17194375563267,35.692813941982344],[139.16968617055184,35.690879480349636],[139.17140623537531,35.68874383470712],[139.16972200523566,35.679566748721534],[139.1659772807762,35.675001419268334],[139.16456181076518,35.67009562456778],[139.16160544934982,35.667913551846084],[139.15359639751546,35.66602551729255],[139.14716407176928,35.6668147776387],[139.14264890160763,35.67008014887472],[139.13892209449006,35.67054441966657],[139.13673617877689,35.67241697852703],[139.13103846404908,35.672045561893555],[139.1268458060418,35.676858502435735],[139.11933843978096,35.6805107659983],[139.11632832633987,35.68388446708575],[139.11362280771124,35.68436421357066],[139.1081580184283,35.689827133221435],[139.1056316732188,35.69101876158719],[139.097103018469,35.692272292725185],[139.092247418811,35.6905699664884],[139.08439962305386,35.69307702876439],[139.08201661657964,35.695553139654265],[139.07655182729667,35.69490316054567],[139.07210832650267,35.69541385841671],[139.07069285649166,35.69759593113841],[139.06485180302857,35.69815305608863],[139.0627196393411,35.70072202113687],[139.05202298622004,35.70490045826352],[139.0506791855767,35.707376569153396],[139.04738239466502,35.709249128013866],[139.0438885129923,35.709465787716724],[139.03903291333432,35.71112168687433],[139.03478650330135,35.71495965875363],[139.02679536880888,35.718163127217395],[139.02197560383473,35.72286773790815],[139.02090056332005,35.727278310430734],[139.01785461519512,35.731286514933714],[139.01491617112165,35.73334478211092],[139.0122823218607,35.73866842052414],[139.02167100902224,35.740138611365],[139.0271178809633,35.742382586858945],[139.02756581451106,35.74396110755124],[139.03175847251833,35.74433252418472],[139.03446399114694,35.74245996532426],[139.03967793764315,35.744394426956966],[139.04141591980854,35.74617413165906],[139.03967793764315,35.750104957696735],[139.04207886145926,35.75411316219971],[139.04311806729012,35.7576725716039],[139.0457877512349,35.75804398823738],[139.04917412885615,35.760055828335396],[139.05488976092587,35.76017963387989],[139.05660982574935,35.76329024818529],[139.0609458224919,35.76411045991756],[139.0636155064367,35.765596126451484],[139.06650019848442,35.76564255353067],[139.0735954658813,35.77002217466713],[139.07502885323422,35.77200306337903],[139.08008154365322,35.77009955313244],[139.08319916114579,35.76996027189489],[139.08678262952805,35.771244754419],[139.08846685966773,35.77019240729081],[139.09341204603524,35.76996027189489],[139.09661925023738,35.77591841372364],[139.1022094609137,35.77837904892044],[139.10584668132174,35.77910640649434],[139.1075488288033,35.77683147961427],[139.1143574187296,35.7735506326852],[139.11711668938395,35.771445938428805],[139.12277856942794,35.7695114767961],[139.12512574121834,35.767607966549505],[139.12815377200135,35.7670044145201],[139.1307517865785,35.76511637996657],[139.13609115446806,35.77025431006305]]]],"type":"MultiPolygon"},"id":"geoshape:13:2016-01-01:ca78e79a1aee54ede1e6","properties":{"administrativeCode":"13307","jurisdictionId":"geoshape:13:2016-01-01:ca78e79a1aee54ede1e6","municipalityName":"檜原村","parentJurisdictionName":"西多摩郡","prefectureName":"東京都","snapshotDate":"2016-01-01","sourceDataset":"historical-administrative-areas-beta","sourceProvider":"Geoshape","sourceResourceId":"gci:13307A1968"},"type":"Feature"},{"geometry":{"coordinates":[[[[139.68027666299935,35.600671665493024],[139.67930912653614,35.605515557421334],[139.67726654955823,35.60794524123202],[139.6733964037054,35.60817737662794],[139.66830787860258,35.60649052608422],[139.6631835188159,35.60873450157817],[139.66321935349976,35.61566761206981],[139.66477816224602,35.61826752850417],[139.66649822706952,35.61853061528622],[139.66348811362843,35.62670178122279],[139.66180388348874,35.62749104156894],[139.66148137133436,35.63170043008172],[139.66384646046666,35.6319480411707],[139.6719988510363,35.62970406567676],[139.6795958040067,35.625061357758256],[139.68203256250666,35.631127829438434],[139.68609979912054,35.63804546423701],[139.68608188177862,35.640537050819944],[139.6843080649294,35.64377147066984],[139.68391388340734,35.64920343893449],[139.68459474239998,35.651354560270065],[139.67950621729716,35.65732817779188],[139.6750089644774,35.66387439595698],[139.6841468088522,35.662914902987154],[139.68801695470503,35.66084116011689],[139.69294422373068,35.65387709823912],[139.69973489631505,35.64805823764793],[139.7086218979031,35.64200724166081],[139.71523339706837,35.64262626938327],[139.71763432088449,35.641666776413444],[139.7132266547743,35.637550242059035],[139.71444503402427,35.634130113892404],[139.71464212478529,35.62905408656817],[139.70713475852443,35.62547920147092],[139.70401714103187,35.62470541681783],[139.70147287848047,35.625897045183585],[139.6961514279328,35.62481374666926],[139.6961514279328,35.62481374666926],[139.70398130634806,35.62187336498754],[139.69557807299162,35.61210820266562],[139.69539889957252,35.60749644613323],[139.69074039067556,35.61113323400273],[139.68613563380435,35.61169035895295],[139.6840034701169,35.61309864702156],[139.6847559984772,35.60534532479765],[139.68197881048093,35.605809595589506],[139.6804020843927,35.60440130752089],[139.68027666299935,35.600671665493024]]]],"type":"MultiPolygon"},"id":"geoshape:13:2016-01-01:d0899aabd78fd1e4adaa","properties":{"administrativeCode":"13110","jurisdictionId":"geoshape:13:2016-01-01:d0899aabd78fd1e4adaa","municipalityName":"目黒区","prefectureName":"東京都","snapshotDate":"2016-01-01","sourceDataset":"historical-administrative-areas-beta","sourceProvider":"Geoshape","sourceResourceId":"gci:13110A1968"},"type":"Feature"},{"geometry":{"coordinates":[[[[139.69686812160924,35.79889981792025],[139.6906328866241,35.79057389505306],[139.68946825939986,35.78679782594601],[139.6912779109329,35.784414569214505],[139.69498680070856,35.78261938881935],[139.69844484769746,35.782124166641374],[139.70226124152455,35.78410505535327],[139.70238666291795,35.78107181951318],[139.70446507457964,35.77495892075381],[139.7064001475061,35.76666394927274],[139.71089740032582,35.763615237739586],[139.71326248945812,35.76308906417549],[139.7167026191051,35.76024153665214],[139.72171947484028,35.75385007541766],[139.72261534193584,35.75075493680532],[139.7214148800278,35.74631341289662],[139.7195156417852,35.74504440606556],[139.71043154943612,35.74578723933252],[139.7082993857487,35.74163975359198],[139.7023329108922,35.736145882555086],[139.70098911024886,35.73990647596908],[139.69921529339965,35.73972076765234],[139.6988748639033,35.74239806255201],[139.6945388671608,35.74222782992833],[139.69258587689245,35.74363611799694],[139.68961159813514,35.74133023973075],[139.68076043123096,35.73876127468251],[139.67920162248467,35.74018503844419],[139.6808321005986,35.743821826313685],[139.67588691423106,35.745400347005976],[139.67207052040396,35.745214638689234],[139.67502688181932,35.75188466239882],[139.67334265167966,35.754515530219315],[139.6737009985179,35.7583999291778],[139.67069088507677,35.762052192740356],[139.6690066549371,35.76654014372825],[139.66114094183803,35.76867578937076],[139.6511251477096,35.769171011548735],[139.64791794350745,35.768613886598516],[139.64297275713994,35.77091976486471],[139.64051808129807,35.76910910877649],[139.6348382839122,35.76879959491526],[139.63473077986072,35.76986741773651],[139.63021560969906,35.772343528626386],[139.6293555772873,35.771739976596976],[139.62939141197114,35.77687790669346],[139.62518083662198,35.77793025382166],[139.62471498573228,35.77981828837518],[139.62906889981673,35.78574547881781],[139.63168483173578,35.78633355515416],[139.63155941034242,35.78820611401462],[139.6342290942872,35.79034175965713],[139.6375438025408,35.79085245752817],[139.63940720609958,35.79284882193313],[139.6405718333238,35.79769271386144],[139.6436894508164,35.798218887425534],[139.64824045566186,35.79763081108919],[139.6533648154485,35.800230727523555],[139.6577724815587,35.800509289998665],[139.6697591832974,35.800246203216616],[139.67841325944056,35.79882243945494],[139.68919949927118,35.80088070663214],[139.69384009082623,35.800230727523555],[139.69686812160924,35.79889981792025]]]],"type":"MultiPolygon"},"id":"geoshape:13:2016-01-01:d4dc738a6cfd6651082e","properties":{"administrativeCode":"13119","jurisdictionId":"geoshape:13:2016-01-01:d4dc738a6cfd6651082e","municipalityName":"板橋区","prefectureName":"東京都","snapshotDate":"2016-01-01","sourceDataset":"historical-administrative-areas-beta","sourceProvider":"Geoshape","sourceResourceId":"gci:13119A1968"},"type":"Feature"},{"geometry":{"coordinates":[[[[139.7380421733215,35.78022065639479],[139.7378809172443,35.777435031643684],[139.73574875355686,35.77163164674555],[139.736734207362,35.77022335867693],[139.74640957199412,35.7670044145201],[139.75497406142773,35.76838175120259],[139.7579304228431,35.770176931597746],[139.76000883450482,35.76652466803519],[139.75816334828795,35.764590206402474],[139.74888216517786,35.759808217246416],[139.74999304037638,35.756496418931214],[139.75796625752693,35.75485599546667],[139.75758999334678,35.75316914492295],[139.75088890747193,35.75371079418011],[139.74977803227344,35.750120433389796],[139.75470530129905,35.74919189180609],[139.75780500144973,35.7476133711138],[139.75719581182474,35.74546224977823],[139.7603134293173,35.74345040968021],[139.76384314567383,35.74413134017492],[139.76588572265175,35.74162427789892],[139.7681791424164,35.74146952096831],[139.77111758648985,35.73789463587106],[139.76131680046436,35.73380905290277],[139.7609405362842,35.73219958082436],[139.75993716513716,35.731580553101885],[139.75275231103072,35.73506258404077],[139.7495630241705,35.736548250574685],[139.7465708280713,35.739844573196834],[139.74107020410452,35.74235163547282],[139.73555166279584,35.740540979384605],[139.73178902099446,35.74331112844265],[139.7326311360643,35.745090833144744],[139.7279009577997,35.74471941651126],[139.72361871308289,35.7399374273552],[139.7200173273587,35.74177903482954],[139.7195156417852,35.74504440606556],[139.7214148800278,35.74631341289662],[139.72261534193584,35.75075493680532],[139.72171947484028,35.75385007541766],[139.7167026191051,35.76024153665214],[139.71326248945812,35.76308906417549],[139.71089740032582,35.763615237739586],[139.7064001475061,35.76666394927274],[139.70446507457964,35.77495892075381],[139.70238666291795,35.78107181951318],[139.70226124152455,35.78410505535327],[139.69844484769746,35.782124166641374],[139.69498680070856,35.78261938881935],[139.6912779109329,35.784414569214505],[139.68946825939986,35.78679782594601],[139.6906328866241,35.79057389505306],[139.69686812160924,35.79889981792025],[139.70525343762375,35.79340594688335],[139.70919525284424,35.7920131345078],[139.71926479899844,35.79179647480493],[139.72223907775572,35.79072865198368],[139.7244608281527,35.78727757243092],[139.73386743265615,35.79004772148896],[139.73854385889504,35.787401377975414],[139.7380421733215,35.78022065639479]]]],"type":"MultiPolygon"},"id":"geoshape:13:2016-01-01:dbeceec1542150bf1691","properties":{"administrativeCode":"13117","jurisdictionId":"geoshape:13:2016-01-01:dbeceec1542150bf1691","municipalityName":"北区","prefectureName":"東京都","snapshotDate":"2016-01-01","sourceDataset":"historical-administrative-areas-beta","sourceProvider":"Geoshape","sourceResourceId":"gci:13117A1968"},"type":"Feature"},{"geometry":{"coordinates":[[[[139.35726282302167,35.74462656235289],[139.35726282302167,35.74462656235289]]],[[[139.37903239344396,35.77119832733982],[139.3731017532713,35.768985303232],[139.37329884403232,35.77129118149819],[139.37091583755813,35.771430462735744],[139.36855074842583,35.77440179580359],[139.36738612120158,35.76779367486625],[139.36288886838184,35.761928387195866],[139.3609537954554,35.7611081754636],[139.35882163176797,35.75793565838595],[139.359018722529,35.75448457883319],[139.35751366580843,35.753525085863366],[139.3581228554334,35.75075493680532],[139.3566536333967,35.75081683957757],[139.35466480844454,35.74560153101578],[139.3498987954961,35.74772170096523],[139.35043631575346,35.74513726022393],[139.35333892514308,35.742537343789564],[139.35206679386738,35.74123738557238],[139.34552696406973,35.74707172185664],[139.3423376772095,35.74614318027294],[139.342642272022,35.74984187091468],[139.34301853620215,35.7538345997246],[139.34036676959929,35.75372626987317],[139.33585159943763,35.75929751937538],[139.33477655892293,35.764930671649836],[139.33642495437877,35.766044921550275],[139.33319983283474,35.767607966549505],[139.3336477663825,35.77095071625083],[139.33151560269508,35.77291612926967],[139.32879216672455,35.771337608577376],[139.32106979236076,35.77721837194082],[139.3241157404857,35.78108729520624],[139.3206576934968,35.78336222208631],[139.32058602412917,35.78990844025141],[139.32275402250042,35.786302603768036],[139.3220552461659,35.78978463470691],[139.32626582151505,35.78702996134193],[139.33006429800025,35.79060484643918],[139.32848757191206,35.79176552341881],[139.33036889281274,35.79362260658621],[139.33278773397078,35.7918893289633],[139.3348840629744,35.79369998505152],[139.3385033660405,35.7945975752491],[139.34267810670585,35.79402497460582],[139.34670950863588,35.79640823133732],[139.35025714233433,35.79340594688335],[139.3549156512313,35.79371546074458],[139.3598429202569,35.79162624218125],[139.36991246641108,35.79173457203269],[139.368712004503,35.79029533257795],[139.36987663172727,35.78760256198521],[139.36783405474935,35.78704543703499],[139.36749362525305,35.78438361782838],[139.37299424921983,35.77964805575151],[139.3753055863264,35.780421840404586],[139.38014326864246,35.77875046555393],[139.38154082131155,35.77449464996196],[139.37903239344396,35.77119832733982]]]],"type":"MultiPolygon"},"id":"geoshape:13:2016-01-01:dcfedf2a409a8f687b8b","properties":{"administrativeCode":"13303","jurisdictionId":"geoshape:13:2016-01-01:dcfedf2a409a8f687b8b","municipalityName":"瑞穂町","parentJurisdictionName":"西多摩郡","prefectureName":"東京都","snapshotDate":"2016-01-01","sourceDataset":"historical-administrative-areas-beta","sourceProvider":"Geoshape","sourceResourceId":"gci:13303A1968"},"type":"Feature"},{"geometry":{"coordinates":[[[[139.84674668669763,35.79650108549569],[139.84427409351386,35.79385474198214],[139.845259547319,35.787710891836646],[139.84966721342917,35.77967900713763],[139.85776585197308,35.77082691070634],[139.85880505780395,35.767902004717676],[139.85656539006504,35.7644199737788],[139.85217564129675,35.765750883382104],[139.8512976915431,35.769882893429575],[139.8457970675763,35.7695114767961],[139.84169399627862,35.76644728956988],[139.83768051169048,35.765766359075165],[139.83748342092946,35.76318191833386],[139.83173195417592,35.76370809189796],[139.83099734315755,35.759080859672515],[139.82755721351057,35.757347582049604],[139.82542504982314,35.7591272867517],[139.82624924755106,35.76168077610688],[139.82436792665035,35.761789105958314],[139.82354372892243,35.75586191551568],[139.82024693801074,35.75598572106018],[139.81974525243723,35.76044272066194],[139.81354585213592,35.75966893600886],[139.81347418276826,35.75446910314013],[139.817165155202,35.74914546472691],[139.8203544420622,35.743434933987146],[139.81659180026082,35.74146952096831],[139.8144954712572,35.738807701761694],[139.81304416656238,35.74074216339441],[139.8091023513419,35.740865968938905],[139.80243710015088,35.73863746913802],[139.79480431249664,35.739829097503765],[139.79242130602245,35.74077311478053],[139.7889274243497,35.744394426956966],[139.78869449890487,35.74702529477746],[139.79113125740483,35.75030614170653],[139.78880200295634,35.752503690121294],[139.7839822379822,35.7540357837344],[139.77165510674718,35.75361794002173],[139.75796625752693,35.75485599546667],[139.74999304037638,35.756496418931214],[139.74888216517786,35.759808217246416],[139.75816334828795,35.764590206402474],[139.76000883450482,35.76652466803519],[139.7579304228431,35.770176931597746],[139.75497406142773,35.76838175120259],[139.74640957199412,35.7670044145201],[139.736734207362,35.77022335867693],[139.73574875355686,35.77163164674555],[139.7378809172443,35.777435031643684],[139.7380421733215,35.78022065639479],[139.7426110955089,35.78169084723565],[139.74630206794265,35.78388839565041],[139.7466962494647,35.78681330163907],[139.7500288750602,35.78593118713455],[139.75499197876965,35.78689068010438],[139.75560116839463,35.7900322457959],[139.759972999821,35.79433448846705],[139.76076136286508,35.79746057846551],[139.75529657358214,35.80318658489834],[139.7506559820271,35.80666861583722],[139.7519101959609,35.81093990712225],[139.75520698687257,35.81073872311244],[139.76128096578051,35.81288984444802],[139.76577821860027,35.81573737197137],[139.76715785392744,35.81765635791102],[139.77176261079865,35.816882573257935],[139.77923414237569,35.808247136529516],[139.7814917274565,35.80714836232213],[139.78722527686816,35.80688527554008],[139.79399803211064,35.80519842499636],[139.7988357144267,35.80618886935231],[139.8023116787575,35.80855665039075],[139.81329500934916,35.80832451499482],[139.81965566572768,35.811775594547576],[139.82105321839677,35.81507191716972],[139.8249233642496,35.811899400092074],[139.82074862358428,35.80553889024372],[139.81963774838576,35.79958074841497],[139.8204798634556,35.797537956930825],[139.82605215679,35.79335951980416],[139.83277116000679,35.795680873763416],[139.8380030238449,35.800803328166836],[139.84337822641828,35.799797408117826],[139.84674668669763,35.79650108549569]]]],"type":"MultiPolygon"},"id":"geoshape:13:2016-01-01:e3278269061e95094579","properties":{"administrativeCode":"13121","jurisdictionId":"geoshape:13:2016-01-01:e3278269061e95094579","municipalityName":"足立区","prefectureName":"東京都","snapshotDate":"2016-01-01","sourceDataset":"historical-administrative-areas-beta","sourceProvider":"Geoshape","sourceResourceId":"gci:13121A1968"},"type":"Feature"},{"geometry":{"coordinates":[[[[139.6641152205953,35.6763478045647],[139.6620547262755,35.675620446990806],[139.661750131463,35.67252530837847],[139.6551207149558,35.67054441966657],[139.65033678466548,35.66990991625104],[139.64773877008835,35.66842424971712],[139.64127060965836,35.667201669965245],[139.63912052862898,35.66583980897581],[139.63259861617325,35.66808378446976],[139.6250554152286,35.66913613159795],[139.62163320292353,35.67264911392296],[139.61030944283556,35.67664184273288],[139.61328372159284,35.672896725011945],[139.6165625951626,35.6726336382299],[139.6161863309825,35.669894440557975],[139.60891189016647,35.67035871134983],[139.60837436990914,35.67636328025776],[139.6032679274644,35.68065004723585],[139.59418383511536,35.682135713769775],[139.5936104801742,35.684132078174734],[139.59056453204926,35.686995081391146],[139.59405841372197,35.688991445796105],[139.58671230353832,35.69395914326891],[139.5882890296265,35.69561504242651],[139.59025993723677,35.694825782080365],[139.592840034472,35.70109343777035],[139.59547388373295,35.70544210752068],[139.58665855151258,35.711910947220474],[139.58499223871482,35.71630604404999],[139.5868198075898,35.719757123602754],[139.58945365685076,35.72028329716685],[139.59384340561903,35.71828693276189],[139.59565305715208,35.722171331720375],[139.59979196313358,35.72392008503635],[139.60194204416297,35.726009303599675],[139.61539796793838,35.730280594884704],[139.62455372965508,35.730141313647145],[139.62439247357787,35.72927467483569],[139.62899723044907,35.72101065474075],[139.6318819224968,35.719726172216625],[139.6321865173093,35.716940547465526],[139.63688086089007,35.7165072280598],[139.6417902125738,35.714758474743824],[139.64284733574655,35.71150857920087],[139.65060554479416,35.70934198217223],[139.65822041510648,35.709218176627736],[139.65820249776456,35.70503973950108],[139.6609080163932,35.704683798560666],[139.6610871898123,35.70143390301771],[139.66253849450712,35.699236354602945],[139.6606213389226,35.69652810831715],[139.66115885917995,35.69519719871384],[139.66510067440043,35.69542933410977],[139.66755535024228,35.69174611916109],[139.660943851077,35.68677842168829],[139.6592237862535,35.68668556752991],[139.65927753827924,35.68190357837385],[139.66257432919093,35.679427467483976],[139.66499317034896,35.679009623771314],[139.6641152205953,35.6763478045647]]]],"type":"MultiPolygon"},"id":"geoshape:13:2016-01-01:e5954b9b0a12c9b595d1","properties":{"administrativeCode":"13115","jurisdictionId":"geoshape:13:2016-01-01:e5954b9b0a12c9b595d1","municipalityName":"杉並区","prefectureName":"東京都","snapshotDate":"2016-01-01","sourceDataset":"historical-administrative-areas-beta","sourceProvider":"Geoshape","sourceResourceId":"gci:13115A1968"},"type":"Feature"},{"geometry":{"coordinates":[[[[141.4621383987404,24.245072367614505],[141.47093581361887,24.241853423457673],[141.4730500599644,24.23934636118168],[141.4716345899534,24.231964455591253],[141.4687678152476,24.22718246643519],[141.4586803517515,24.22470635554532],[141.454738536531,24.22571227559433],[141.45325139715237,24.22938001484995],[141.45341265322958,24.23476555603542],[141.4550431313435,24.241868899150735],[141.45859076504195,24.244793805139395],[141.4621383987404,24.245072367614505]]],[[[153.98408489234566,24.297612345558953],[153.98515993286034,24.29720997753935],[153.98514201551842,24.290493526750573],[153.986844163,24.28312709685321],[153.98404905766182,24.280728364428647],[153.97075438996362,24.28496870432755],[153.97817216951492,24.291128030166107],[153.98408489234566,24.297612345558953]]],[[[141.28767724054964,24.806607890358038],[141.28755181915628,24.80324966496365],[141.2860288450938,24.79848315150065],[141.28470296179236,24.799550974321907],[141.28576008496515,24.80507579674493],[141.28767724054964,24.806607890358038]]],[[[141.3234760896885,24.812612459265978],[141.3299263327766,24.810677997633263],[141.3357673862397,24.806190046645373],[141.34090966336825,24.799783109717833],[141.34363309933877,24.793407124176415],[141.34617736189017,24.78229557655812],[141.346213196574,24.77875164284699],[141.34426020630568,24.777652868639613],[141.3430597443976,24.77480534111626],[141.33553446079483,24.770642379682663],[141.32553658400832,24.770565001217356],[141.32195311562606,24.767841279238496],[141.30444787257866,24.75744161350104],[141.30199319673682,24.75669878023408],[141.2939124755348,24.75187036399883],[141.29301660843925,24.749812096821625],[141.28817892612318,24.74612888187294],[141.28581383699088,24.745649135388028],[141.2852225647078,24.750647784246958],[141.28592134104235,24.754671464442996],[141.29056193259737,24.760691509043994],[141.29366163274804,24.771400688642686],[141.29382288882525,24.777544538788177],[141.293267451226,24.78167654883565],[141.2916728077959,24.785266909625964],[141.2891822972702,24.787201371258675],[141.28604676243572,24.785638326259445],[141.28559882888794,24.787170419872552],[141.28739056307907,24.79000247170284],[141.28979148689518,24.790961964672668],[141.29968185963025,24.797152241897344],[141.30532582233232,24.798637908431267],[141.30899887742416,24.80085093253909],[141.3136932210049,24.80533888352698],[141.31754544951585,24.806112668180063],[141.32152309942018,24.808418546446255],[141.3234760896885,24.812612459265978]]],[[[141.2841116895093,25.44877177395299],[141.2880893394136,25.447378961577442],[141.29022150310107,25.443788600787126],[141.29031108981061,25.44115773296664],[141.2925149228657,25.439269698413113],[141.29315994717453,25.436329316731392],[141.29224616273706,25.43338893504967],[141.2932853685679,25.42571299129107],[141.2904544285459,25.42235476589668],[141.28767724054964,25.42079172089745],[141.28178243506082,25.418919162036985],[141.27861106554252,25.41876440510637],[141.2752963572889,25.4201262660958],[141.27228624384782,25.429071216685458],[141.27280584676325,25.43942445534373],[141.27388088727793,25.441869614847477],[141.2800086182116,25.44790513514154],[141.2841116895093,25.44877177395299]]],[[[142.2125525126712,26.56446091384963],[142.2180710539799,26.563315712563064],[142.21529386598365,26.556815921477153],[142.20839568934778,26.55458742167627],[142.20474055159787,26.55485050845832],[142.20219628904647,26.552977949597853],[142.20158709942146,26.55659926177429],[142.2039880232376,26.558827761575174],[142.20318174285157,26.562108608504253],[142.2058872614802,26.561690764791585],[142.20914821770805,26.56388831320635],[142.2125525126712,26.56446091384963]]],[[[142.155002010452,26.56453829231494],[142.1567758273012,26.561953851573637],[142.16075347720553,26.56133482385117],[142.15906924706584,26.554370761973406],[142.16082514657316,26.552513678806005],[142.1609147332827,26.54810310628342],[142.1578867024997,26.54691147791767],[142.15808379326074,26.54424965871106],[142.1543749034851,26.543785387919208],[142.1533177803123,26.547762641036066],[142.1551811838711,26.550269703312058],[142.15403447398876,26.55136847751944],[142.15209940106234,26.55861110187231],[142.1536044577829,26.559818205931123],[142.1515797981469,26.56218598696956],[142.15278026005498,26.56419782706758],[142.155002010452,26.56453829231494]]],[[[142.2306669453436,26.575649839933234],[142.23494919006038,26.571069034786973],[142.23978687237644,26.569521465480804],[142.23993021111175,26.567556052461967],[142.2360600652589,26.567958420481574],[142.23118654825902,26.566426326868466],[142.22925147533257,26.564213302760642],[142.22686846885838,26.563779983354916],[142.22582926302752,26.566534656719895],[142.22842727760465,26.56921195161957],[142.2265638740459,26.57048095845063],[142.2306669453436,26.575649839933234]]],[[[142.16143433619814,26.588463713788315],[142.16202560848123,26.58555428349272],[142.159642602007,26.585647137651087],[142.15853172680852,26.583387686464082],[142.15396280462113,26.5842698009686],[142.15127520333442,26.58193297131628],[142.147118380011,26.58238176641507],[142.14921470901461,26.58575546750252],[142.15152604612118,26.585260245324545],[142.15464366361374,26.58775183190748],[142.1589617430144,26.58756612359074],[142.16143433619814,26.588463713788315]]],[[[142.16381734267236,26.59288976200396],[142.16634368788186,26.59098625175737],[142.1651432259738,26.588711324877302],[142.16381734267236,26.59288976200396]]],[[[142.17759577860218,26.60550245184924],[142.17788245607275,26.603103719424677],[142.17548153225664,26.60192756675199],[142.17759577860218,26.60550245184924]]],[[[142.13106444165842,26.61062490625266],[142.1340387204157,26.608009514125236],[142.1359379586583,26.601401393187892],[142.1335370348422,26.596774160962447],[142.12887852594525,26.59508731041872],[142.12758847732763,26.598166973337996],[142.12715846112175,26.595953949230175],[142.12525922287915,26.595598008289755],[142.1258146604784,26.598584817050664],[142.12748097327616,26.599451455862116],[142.12633426339383,26.60236088615772],[142.1229837204564,26.60350608744428],[142.1242020997064,26.606570274670496],[142.12635218073575,26.607746427343187],[142.12602966858134,26.60991302437182],[142.12823350163643,26.610501100708166],[142.12981022772465,26.60870592031301],[142.13106444165842,26.61062490625266]]],[[[142.13047316937536,26.708013442689897],[142.12997148380182,26.70742536635355],[142.13203197812163,26.703154075068525],[142.13204989546355,26.703154075068525],[142.13201406077974,26.70284456120729],[142.13346536547454,26.702333863336253],[142.13437914991204,26.699439908733716],[142.1395214270406,26.700755342643962],[142.14247778845595,26.697969717892857],[142.14181484680523,26.702349339029315],[142.14063230223908,26.708013442689897],[142.14337365555153,26.707843210066216],[142.1434990769449,26.707642026056416],[142.14333782086769,26.707843210066216],[142.1434990769449,26.707642026056416],[142.14484287758825,26.706109932443308],[142.14767381761024,26.70761107467029],[142.15132895536016,26.7067599115519],[142.15134687270208,26.706744435858838],[142.15224273979763,26.70632659214617],[142.15260108663585,26.707301560809057],[142.15482283703287,26.70889555719441],[142.15625622438577,26.70805986976908],[142.15862131351807,26.7036492972465],[142.16206144316504,26.703401686157513],[142.16204352582315,26.703386210464448],[142.16501780458043,26.70258147442524],[142.16396068140764,26.70036845031742],[142.16109390670184,26.70135889467337],[142.16021595694818,26.70156007868317],[142.16021595694818,26.701544602990108],[142.16000094884524,26.701420797445614],[142.16000094884524,26.701405321752553],[142.1589617430144,26.700817245416207],[142.15682957932694,26.69920777333779],[142.1512572859925,26.697226884625895],[142.15093477383812,26.69424007586499],[142.14579249670956,26.693388912746595],[142.14717213203673,26.687353392452536],[142.14658085975364,26.68527964958227],[142.1488742795183,26.683902312899775],[142.15387321791155,26.684072545523456],[142.1592663378269,26.686873645967623],[142.1651253086319,26.6868426945815],[142.1686191903046,26.689891406114654],[142.1677949925767,26.68577487176024],[142.16621826648847,26.683221382405062],[142.16650494395907,26.682045229732374],[142.16630785319805,26.68000243824823],[142.16537615141866,26.67990958408986],[142.16503572192232,26.678191782160013],[142.1616314269592,26.672914570825974],[142.162473542029,26.6707634494904],[142.16190018708784,26.66681714775967],[142.16320815304738,26.665393383997994],[142.164498201665,26.660828054544794],[142.16757998447375,26.657918624249195],[142.17030342044427,26.658011478407566],[142.17265059223465,26.65620082231935],[142.17580404441105,26.65677342296263],[142.1792083393742,26.655457989052387],[142.18229012218296,26.656819850041813],[142.1818959406609,26.659280485238625],[142.18870453058722,26.65963642617904],[142.18736072994386,26.65722221806142],[142.1883641010909,26.655427037666264],[142.18467312865715,26.65615439524016],[142.18558691309465,26.65423540930051],[142.18212886610576,26.65431278776582],[142.18030129723078,26.65312115940007],[142.17798996012422,26.65476158286461],[142.17435273971623,26.654405641924193],[142.17426315300668,26.65312115940007],[142.17474692123827,26.647905850838278],[142.17247141881555,26.644191684503472],[142.1723997494479,26.644145257424288],[142.17121720488174,26.643433375543452],[142.17308060844053,26.639750160594765],[142.1728656003376,26.636716924754676],[142.17738077049924,26.63393130000357],[142.18053422267565,26.630975442628788],[142.18024754520505,26.624197089067763],[142.18169884989987,26.62323759609794],[142.181878023319,26.61932224575333],[142.18083881748814,26.618254422932075],[142.1821826181315,26.61200224293515],[142.18139425508738,26.6096808889759],[142.17804371214996,26.60748334056114],[142.1743348223743,26.610191586846934],[142.17515902010223,26.612714124815987],[142.17816913354335,26.61489619753769],[142.1764849034037,26.61684613486346],[142.17741660518305,26.619647235307628],[142.17610863922354,26.62294355792977],[142.17324186451773,26.625682755601687],[142.171163452856,26.63100639401491],[142.16965839613545,26.632228973766786],[142.1674903977642,26.631192102331653],[142.1618464350621,26.630309987827133],[142.16082514657316,26.63253848762802],[142.16141641885625,26.63942517104047],[142.1585496441504,26.638991851634742],[142.15670415793355,26.635788383170976],[142.1540703086726,26.635958615794653],[142.15161563283073,26.645507118413718],[142.15288776410645,26.646683271086406],[142.14930429572416,26.648261791778697],[142.14891011420212,26.650908135292248],[142.14638376899262,26.652873548311085],[142.14883844483447,26.654281836379695],[142.14557748860662,26.65623177370547],[142.1452549764522,26.65833646796186],[142.14926846104035,26.662097061375853],[142.14930429572416,26.66588860617597],[142.14706462798526,26.667931397660112],[142.142262780353,26.66590408186903],[142.14165359072803,26.666631439442927],[142.14172526009568,26.667250467165395],[142.14439494404047,26.67093368211408],[142.14512955505884,26.675003789389304],[142.14432327467281,26.67689182394283],[142.13645756157374,26.681503580475216],[142.13532876903332,26.685976055770045],[142.13067026013638,26.689164048540754],[142.1302044092467,26.69198062467798],[142.12848434442319,26.697226884625895],[142.12809016290115,26.699702995515764],[142.12638801541956,26.701993398088895],[142.12559965237546,26.702705279969734],[142.12536672693062,26.70440760620652],[142.1253308922468,26.704438557592646],[142.1253488095887,26.704423081899584],[142.1253308922468,26.704438557592646],[142.1232883152689,26.705738515809827],[142.12301955514025,26.709189595362584],[142.12287621640493,26.712083549965122],[142.12303747248214,26.71299661585576],[142.126101337949,26.714141817142327],[142.12735555188277,26.709669341847494],[142.13047316937536,26.708028918382958],[142.13047316937536,26.708013442689897]]],[[[142.17401231021992,27.044099068910683],[142.17772119999557,27.036810017478626],[142.17514110276034,27.03547910787532],[142.17691491960954,27.031935174164193],[142.1752665241537,27.03182684431276],[142.17397647553608,27.036252892528406],[142.17440649174196,27.03820282985418],[142.17261475755083,27.042288412822465],[142.17401231021992,27.044099068910683]]],[[[142.2218695304651,27.093915324876274],[142.22398377681066,27.091547543837834],[142.2239479421268,27.09133088413497],[142.22398377681066,27.090742807798627],[142.22477213985474,27.089829741907987],[142.2248796439062,27.089040481561838],[142.2248617265643,27.089040481561838],[142.22303415768934,27.085527499236836],[142.2258113456856,27.080699083001587],[142.229573987487,27.08147286765467],[142.23145530838767,27.078841999834182],[142.2327274396634,27.07771227424068],[142.2327274396634,27.07761942008231],[142.23281702637294,27.072821955233188],[142.2313298869943,27.07147556993682],[142.23115071357518,27.06599717459298],[142.23278119168913,27.062561570733283],[142.23113279623328,27.061911591624693],[142.23014734242815,27.05949738350707],[142.23168823383253,27.057083175389444],[142.2365438334905,27.05474634573713],[142.23760095666327,27.05175953697622],[142.23632882538757,27.05092384955089],[142.23442958714497,27.049438183016967],[142.23346205068174,27.05146549880805],[142.22796142671496,27.05660342890453],[142.22410919820402,27.053276154896267],[142.22618760986575,27.049886978115758],[142.2258471803694,27.045321648662558],[142.2226041414835,27.044733572326212],[142.22697597290983,27.04106583307059],[142.22498714795768,27.039301604061556],[142.2283018562113,27.039069468665634],[142.22982483027374,27.037459996587216],[142.22939481406786,27.03594337866717],[142.219468606649,27.03629931960759],[142.21889525170783,27.038543295101537],[142.2204361431122,27.04060156227874],[142.21873399563063,27.04148367678326],[142.21669141865274,27.041452725397136],[142.21418299078513,27.039177798517066],[142.2123733392521,27.04067894074405],[142.21151330684035,27.038558770794598],[142.2106532744286,27.04058608658568],[142.20862861479262,27.040199194259138],[142.20644269907945,27.044006214752315],[142.2011570832156,27.04460976678172],[142.19923992763108,27.04563116252379],[142.19633731824143,27.044594291088657],[142.1940438984768,27.041375346931826],[142.1874503166534,27.044841902177644],[142.18626777208726,27.043820506435573],[142.18573025182994,27.040446805348125],[142.18401018700644,27.04552283267236],[142.1864648628483,27.04818465187897],[142.18908079476736,27.048757252522254],[142.18929580287028,27.05202262375827],[142.18933163755412,27.053369009054638],[142.1894391416056,27.054514210341203],[142.18669778829315,27.056835564300457],[142.18784449817548,27.05904858840828],[142.1877190767821,27.05951285920013],[142.1891345467931,27.06161755345652],[142.19418723721208,27.059296199497265],[142.1948501788628,27.06288656028758],[142.19130254516435,27.065068633009275],[142.1929330232783,27.067745927908952],[142.18995874452102,27.06785425776038],[142.18958248034087,27.070051806175144],[142.18718155652476,27.071645802560496],[142.18452978992187,27.070624406818425],[142.1836160054844,27.070701785283735],[142.18169884989987,27.072744576767878],[142.1823438742087,27.074524281469973],[142.18390268295497,27.07526711473693],[142.18655444955786,27.072791003847062],[142.19081877693276,27.073657642658517],[142.1938647250577,27.07587066676634],[142.19857698598037,27.075282590429996],[142.2021067023369,27.072899333698494],[142.20570808806107,27.074740941172834],[142.20490180767507,27.07741823607251],[142.20721314478163,27.07870271859663],[142.20823443327058,27.084181113940467],[142.20644269907945,27.08620842973155],[142.20190961157587,27.087400058097302],[142.20373718045084,27.089814266214923],[142.20377301513466,27.093574859628916],[142.2013362566347,27.0958033594298],[142.20280547867145,27.098573508487842],[142.2010316618222,27.099409195913175],[142.1981290524326,27.098325897398855],[142.19814696977448,27.09605097051879],[142.1916788093445,27.092460609728473],[142.19223424694374,27.08948927666063],[142.18784449817548,27.087988134433644],[142.18621402006153,27.088994054482654],[142.1859810946167,27.091315408441908],[142.18263055167927,27.09306416175788],[142.1828276424403,27.097505685666587],[142.18168093255798,27.100384164576063],[142.18311431991089,27.103278119178597],[142.1863036067711,27.105104250959876],[142.19094419832612,27.10448522323741],[142.1932376180908,27.10601731685052],[142.19425890657973,27.103525730267584],[142.19648065697675,27.10558399744479],[142.19760944951716,27.10448522323741],[142.20436428741772,27.105460191900296],[142.20551099730005,27.10340192472309],[142.2126958514065,27.10204006373366],[142.21733644296154,27.099424671606236],[142.2218695304651,27.093915324876274]]],[[[142.24130984643892,27.095834310815924],[142.24510832292412,27.095493845568566],[142.24883513004167,27.09151659245171],[142.24573542989103,27.090309488392897],[142.2447499760859,27.092120144481118],[142.24102316896833,27.094812915073852],[142.24130984643892,27.095834310815924]]],[[[142.1856764998042,27.118753812240293],[142.18829243172326,27.11598366318225],[142.18418936042556,27.11811930882476],[142.1856764998042,27.118753812240293]]],[[[142.16842209954356,27.12157038837752],[142.17152179969423,27.116401506894913],[142.16946130537443,27.11473013204425],[142.16731122434507,27.115132500063854],[142.1655911595216,27.112904000262972],[142.1616314269592,27.113105184272772],[142.1657703329407,27.117252670013308],[142.1634410784922,27.12157038837752],[142.16646910927523,27.120270430160335],[142.16842209954356,27.12157038837752]]],[[[142.179047083297,27.129401089066736],[142.17954876887052,27.127017832335234],[142.1769507542934,27.12898324535407],[142.179047083297,27.129401089066736]]],[[[142.19166089200257,27.144180375940653],[142.1940797331606,27.14360777529737],[142.19458141873415,27.137912720250668],[142.20011787738474,27.132573606144383],[142.20488389033315,27.134848533024453],[142.20689063262722,27.134059272678307],[142.20504514641036,27.130762950056166],[142.20565433603534,27.12895229396795],[142.21645849320788,27.13254265475826],[142.21966569741002,27.13263550891663],[142.21780229385124,27.12916895367081],[142.2213678448916,27.127636860057702],[142.22400169415255,27.123009627832257],[142.2267609648069,27.123907218029835],[142.22760307987673,27.114977743133238],[142.2325661835862,27.113786114767485],[142.23566588373683,27.113971823084228],[142.2360779826008,27.111588566352726],[142.23389206688762,27.109096979769795],[142.22663554341352,27.111031441402506],[142.22278331490259,27.110118375511867],[142.22077657260851,27.110845733085768],[142.22000612690633,27.108833892987747],[142.21651224523362,27.108477952047327],[142.21262418203887,27.109623153333892],[142.20907654834042,27.108741038829375],[142.20422094868243,27.110365986600854],[142.20038663751342,27.110690976155148],[142.20268005727806,27.114234909866276],[142.20629936034416,27.116803874914517],[142.20586934413828,27.11858357961661],[142.20194544625969,27.11992996491298],[142.20232171043983,27.120966836348114],[142.19775278825244,27.12341199585186],[142.1931480313812,27.123257238921244],[142.19035292604306,27.120641846793816],[142.18716363918284,27.12149300991221],[142.19080085959084,27.12477385684129],[142.18814909298797,27.129571321690413],[142.19006624857246,27.131939102728854],[142.19300469264593,27.133409293569713],[142.1889912080578,27.13692227589472],[142.19166089200257,27.144180375940653]]],[[[142.18922413350265,27.190034854482448],[142.18895537337397,27.187249229731343],[142.19581771532603,27.184711216069225],[142.1945276667084,27.182854132901824],[142.20008204270093,27.182838657208762],[142.1999387039656,27.181414893447087],[142.19572812861645,27.17978994567561],[142.1945097493665,27.176447195974283],[142.19519060835913,27.173290154589697],[142.19762736685905,27.17113903325412],[142.19805738306493,27.16883315498793],[142.20216045436263,27.16920457162141],[142.20182002486632,27.16626418993969],[142.19995662130754,27.165490405286604],[142.20033288548768,27.162627402070193],[142.198039465723,27.16087864875422],[142.1994011837083,27.15817040246842],[142.19622981419,27.154533614598925],[142.19305844467166,27.152490823114782],[142.1923417509952,27.15054088578901],[142.18782658083356,27.149952809452664],[142.18748615133725,27.147677882572594],[142.1888478693225,27.144598219653318],[142.18151967648078,27.146114837573364],[142.17971002494772,27.148018347819953],[142.1804804706499,27.150432555937577],[142.18465521131526,27.149519490046938],[142.1847268806829,27.15238249326335],[142.18635735879684,27.15465742014342],[142.18444020321232,27.1568859199443],[142.18114341230063,27.157922791379434],[142.1844043685285,27.159300128061926],[142.1832755759881,27.166063005929885],[142.18531815296598,27.17149497419454],[142.18761157273062,27.17194376929333],[142.18755782070488,27.17669480706327],[142.1849239714439,27.179635188744992],[142.18770115944017,27.182157726714046],[142.1877190767821,27.184463604980238],[142.18560483043655,27.184835021613722],[142.18420727776746,27.18729565681053],[142.18922413350265,27.190034854482448]]],[[[142.19855906863845,27.196766780964285],[142.19773487091052,27.194182340222984],[142.19511893899147,27.192928809084986],[142.19345262619373,27.19390377774787],[142.19522644304294,27.19644179140999],[142.19855906863845,27.196766780964285]]],[[[140.87538128582776,27.249987689403447],[140.87995020801515,27.247155637573158],[140.8766892517873,27.244215255891437],[140.8736970556881,27.244586672524918],[140.87253242846387,27.24748062712745],[140.87538128582776,27.249987689403447]]],[[[142.20694438465296,27.489504990919272],[142.20882570555366,27.487941945920042],[142.2047584689398,27.487972897306165],[142.20694438465296,27.489504990919272]]],[[[142.21140580278887,27.502241486309046],[142.21312586761238,27.49863564982567],[142.21210457912343,27.49617501462886],[142.21604639434392,27.491176365769935],[142.21509677522263,27.489613320770705],[142.21228375254253,27.48975260200826],[142.21197915773004,27.49362152527368],[142.21036659695804,27.4954321813619],[142.20538557590666,27.496391674331726],[142.20409552728907,27.498341611657498],[142.20531390653903,27.50044630591389],[142.2098290767007,27.50010584066653],[142.21140580278887,27.502241486309046]]],[[[142.17506943339268,27.635889571589825],[142.17818705088527,27.633722974561188],[142.17958460355433,27.630411176245985],[142.18177051926753,27.630829019958654],[142.18594525993288,27.62615536065402],[142.18549732638508,27.619469861251368],[142.18177051926753,27.623338784516793],[142.18026546254697,27.62284356233882],[142.1781153815176,27.626294641891576],[142.17773911733747,27.62412804486294],[142.1735285419883,27.624112569169878],[142.1705363458891,27.634852700154692],[142.17295518704714,27.632964665601165],[142.17506943339268,27.635889571589825]]],[[[142.1570804221137,27.664426749595588],[142.1589796603563,27.662863704596358],[142.15813754528648,27.65911858687543],[142.1570804221137,27.664426749595588]]],[[[142.12697928770265,27.680830984240984],[142.1258146604784,27.677596564391088],[142.12355707539757,27.679190560776444],[142.12697928770265,27.680830984240984]]],[[[142.13124361507755,27.68873906339551],[142.13269491977235,27.689079528642864],[142.13251574635325,27.685690351862355],[142.13631422283845,27.687361726713018],[142.13871514665456,27.685628449090107],[142.14009478198173,27.68856883077183],[142.14253154048168,27.688816441860816],[142.1431944821324,27.68637128235707],[142.14813966849994,27.683601133299025],[142.14756631355877,27.682007136913672],[142.14882052749257,27.673418127264434],[142.14561332329043,27.67058607543414],[142.1393960056472,27.67211816904725],[142.137819279559,27.67440857162038],[142.1386076426031,27.679190560776444],[142.13303534926868,27.681047643943845],[142.1331070186363,27.67889652260827],[142.13106444165842,27.678385824737234],[142.128932277971,27.68163572028019],[142.12715846112175,27.681790477210807],[142.12583257782032,27.684297539486803],[142.1240408436292,27.683399949289225],[142.12520547085342,27.686990310079537],[142.13124361507755,27.68873906339551]]],[[[142.10671477400092,27.71801907466823],[142.11053116782804,27.717678609420872],[142.10916944984277,27.71610008872858],[142.10671477400092,27.71801907466823]]],[[[142.0965735584791,27.720541612637287],[142.10094538990546,27.719442838429906],[142.10266545472896,27.71599175887715],[142.09651980645336,27.71922617872704],[142.0965735584791,27.720541612637287]]]],"type":"MultiPolygon"},"id":"geoshape:13:2016-01-01:e76e21535fb75922325a","properties":{"administrativeCode":"13421","jurisdictionId":"geoshape:13:2016-01-01:e76e21535fb75922325a","municipalityName":"小笠原村","prefectureName":"東京都","snapshotDate":"2016-01-01","sourceDataset":"historical-administrative-areas-beta","sourceProvider":"Geoshape","sourceResourceId":"gci:13421A1968"},"type":"Feature"},{"geometry":{"coordinates":[[[[139.8144954712572,35.738807701761694],[139.81413712441898,35.73620778532733],[139.81139577110653,35.732973365477434],[139.80971154096687,35.72812947354913],[139.80143372900383,35.72925919914263],[139.7950730726253,35.72896516097446],[139.79120292677246,35.73122461216147],[139.78946494460706,35.728748501271596],[139.7844660062138,35.727866386767076],[139.7814558927727,35.724616491224126],[139.77674363185002,35.72494148077842],[139.7697737858465,35.72812947354913],[139.76604697872895,35.72752592151972],[139.76475693011133,35.730141313647145],[139.76278602250107,35.730744865676556],[139.7609405362842,35.73219958082436],[139.76131680046436,35.73380905290277],[139.77111758648985,35.73789463587106],[139.7681791424164,35.74146952096831],[139.76588572265175,35.74162427789892],[139.76384314567383,35.74413134017492],[139.7603134293173,35.74345040968021],[139.75719581182474,35.74546224977823],[139.75780500144973,35.7476133711138],[139.75470530129905,35.74919189180609],[139.74977803227344,35.750120433389796],[139.75088890747193,35.75371079418011],[139.75758999334678,35.75316914492295],[139.75796625752693,35.75485599546667],[139.77165510674718,35.75361794002173],[139.7839822379822,35.7540357837344],[139.78880200295634,35.752503690121294],[139.79113125740483,35.75030614170653],[139.78869449890487,35.74702529477746],[139.7889274243497,35.744394426956966],[139.79242130602245,35.74077311478053],[139.79480431249664,35.739829097503765],[139.80243710015088,35.73863746913802],[139.8091023513419,35.740865968938905],[139.81304416656238,35.74074216339441],[139.8144954712572,35.738807701761694]]]],"type":"MultiPolygon"},"id":"geoshape:13:2016-01-01:eab1c8ba5b3f1353f8e9","properties":{"administrativeCode":"13118","jurisdictionId":"geoshape:13:2016-01-01:eab1c8ba5b3f1353f8e9","municipalityName":"荒川区","prefectureName":"東京都","snapshotDate":"2016-01-01","sourceDataset":"historical-administrative-areas-beta","sourceProvider":"Geoshape","sourceResourceId":"gci:13118A1968"},"type":"Feature"},{"geometry":{"coordinates":[[[[139.79763525251863,35.617385413999656],[139.79437429629078,35.61394981013996],[139.7852902039417,35.62513873622356],[139.78987704347102,35.627630322806496],[139.79792192998923,35.61772587924701],[139.79763525251863,35.617385413999656]]],[[[139.77344684093833,35.62026389290913],[139.77135051193468,35.6231423718186],[139.78236967721017,35.62950288166696],[139.7849497744454,35.62634584028237],[139.780990041883,35.623885205085564],[139.79263631412536,35.60958566469656],[139.78672359129462,35.60184781816571],[139.77316016346774,35.618499663900096],[139.77344684093833,35.62026389290913]]],[[[139.84011727019043,35.63115878082456],[139.83868388283753,35.614212896922005],[139.83553043066112,35.612495094992155],[139.8306210789774,35.618484188207034],[139.832932416084,35.619737719345025],[139.831714036834,35.62123886157201],[139.8274138747753,35.61979962211728],[139.825855066029,35.63069451003271],[139.83701757003976,35.63177780854703],[139.84011727019043,35.63115878082456]]],[[[139.82481586019813,35.63967041200849],[139.83295033342588,35.64036681819627],[139.83277116000679,35.63820022116763],[139.82512045501062,35.63745738790067],[139.8255504712165,35.63448605483282],[139.82116072244824,35.63406821112016],[139.82044402877176,35.63908233567214],[139.8228628699298,35.64231675552204],[139.82615966084148,35.64262626938327],[139.82481586019813,35.63967041200849]]],[[[139.78245926391972,35.639004957206836],[139.78969787005192,35.643431005422485],[139.7901458035997,35.643121491561246],[139.78245926391972,35.639004957206836]]],[[[139.83540500926773,35.70301242371],[139.84380824262416,35.699530392771116],[139.84771422316084,35.69496506331792],[139.84758880176744,35.688093855598524],[139.84551039010574,35.681284550651384],[139.84823382607627,35.67913342931581],[139.8468900254329,35.67385621798177],[139.84554622478956,35.65670915006942],[139.84296612755432,35.656817479920846],[139.84172983096244,35.65075100824066],[139.84097730260217,35.642982210323694],[139.84026060892572,35.63389797849648],[139.8215907386541,35.6319480411707],[139.8212503091578,35.633433707704626],[139.83366702710234,35.63462533607038],[139.83447330748837,35.64406550883801],[139.82168032536364,35.64293578324451],[139.82040819408795,35.64163582502732],[139.80811689753676,35.64045967235464],[139.80772271601472,35.64335362695717],[139.80917402070955,35.645674980916425],[139.80603848587506,35.64488572057028],[139.80698810499635,35.63690026295045],[139.8013620596362,35.63635861369329],[139.80148748102957,35.63281467998216],[139.80034077114723,35.63106592666619],[139.80218625736413,35.62622203473788],[139.79856695429802,35.6218114622153],[139.79202712450038,35.629874298300436],[139.78729694623578,35.62727438186607],[139.77866078743452,35.6373645337423],[139.78122296732784,35.63878829750397],[139.78263843733885,35.637689523296594],[139.78437641950424,35.639438276612566],[139.7944459656584,35.64490119626334],[139.79587935301132,35.643121491561246],[139.79810110340833,35.64474643933273],[139.79768900454437,35.64785705363813],[139.79482222983856,35.65042601868637],[139.79304841298932,35.65030221314187],[139.79469680844517,35.647222550222594],[139.78016584415508,35.63936089814726],[139.77875037414407,35.63939184953338],[139.77613444222501,35.64240960968041],[139.78659816990125,35.64949747710266],[139.79242130602245,35.65293308096236],[139.78959036600045,35.65626035497063],[139.78907076308502,35.66563862496601],[139.78729694623578,35.671472961250274],[139.78717152484242,35.67450619709036],[139.78908868042691,35.679164380701934],[139.79186586842317,35.682569033175504],[139.79265423146728,35.68646890782705],[139.79039664638645,35.68928548396428],[139.7934784291952,35.690817577577384],[139.79672146808116,35.688542650697315],[139.799176143923,35.689718803370006],[139.80048410988255,35.68829503960833],[139.80480218928318,35.68849622361813],[139.8049992800442,35.68677842168829],[139.80946069818012,35.686995081391146],[139.81187953933815,35.688558126390376],[139.8114674404742,35.69191635178477],[139.8133845960587,35.692674660744785],[139.8196915004115,35.69303060168521],[139.81868812926447,35.70801107256892],[139.83067483100314,35.70301242371],[139.83540500926773,35.70301242371]]]],"type":"MultiPolygon"},"id":"geoshape:13:2016-01-01:ed3603d15d4004eb085b","properties":{"administrativeCode":"13108","jurisdictionId":"geoshape:13:2016-01-01:ed3603d15d4004eb085b","municipalityName":"江東区","prefectureName":"東京都","snapshotDate":"2016-01-01","sourceDataset":"historical-administrative-areas-beta","sourceProvider":"Geoshape","sourceResourceId":"gci:13108A1968"},"type":"Feature"},{"geometry":{"coordinates":[[[[139.54458863270474,35.7547631413083],[139.53353363274545,35.744905124828],[139.52842719030073,35.74471941651126],[139.52717297636693,35.743651593690004],[139.53131188234846,35.740262416909495],[139.52971723891835,35.73972076765234],[139.52016729567958,35.73343763626929],[139.52109899745898,35.73894698299925],[139.5151146052606,35.739117215622926],[139.51264201207684,35.737972014336364],[139.5081805939409,35.73838985804903],[139.50857477546296,35.741268336958505],[139.5067292892461,35.74202664591853],[139.50560049670568,35.7320602995868],[139.50443586948143,35.73219958082436],[139.50472254695202,35.74102072586952],[139.50379084517263,35.7428468576508],[139.49811104778672,35.74586461779783],[139.49816479981246,35.74434799987778],[139.4906395162097,35.741825461908725],[139.48943905430164,35.744905124828],[139.485730164526,35.74386825339287],[139.4873068906142,35.74899070779629],[139.49388255509567,35.75381912403154],[139.49476050484932,35.75829159932637],[139.50479421631965,35.7611081754636],[139.50859269280485,35.762052192740356],[139.51636881919438,35.76558065075842],[139.52138567492958,35.76757701516338],[139.5303085112014,35.76835079981647],[139.5366154155542,35.77025431006305],[139.54657745765692,35.77413870902154],[139.5478316715907,35.77398395209092],[139.54700747386278,35.768165091499725],[139.54763458082968,35.766168727094765],[139.54697163917896,35.76030343942439],[139.54458863270474,35.7547631413083]]]],"type":"MultiPolygon"},"id":"geoshape:13:2016-01-01:f121e0c058cdef8824c0","properties":{"administrativeCode":"13222","jurisdictionId":"geoshape:13:2016-01-01:f121e0c058cdef8824c0","municipalityName":"東久留米市","prefectureName":"東京都","snapshotDate":"2016-01-01","sourceDataset":"historical-administrative-areas-beta","sourceProvider":"Geoshape","sourceResourceId":"gci:13222A1970"},"type":"Feature"},{"geometry":{"coordinates":[[[[139.68584895633379,33.13661634051719],[139.68988035826382,33.131246275024786],[139.69579308109456,33.128955872451655],[139.6990182026386,33.124545299929075],[139.69939446681875,33.1193609427534],[139.7010607796165,33.11858715810032],[139.700146995179,33.11635865829943],[139.6928546370211,33.1176276651305],[139.68882323509106,33.1161729499827],[139.6838242966978,33.11857168240726],[139.6806529271795,33.125814306760134],[139.67518813789653,33.131091518094166],[139.67588691423106,33.13542471215144],[139.67724863221633,33.13646158358657],[139.6787895236207,33.13427951086488],[139.68300009896987,33.13661634051719],[139.68584895633379,33.13661634051719]]],[[[139.76000883450482,33.15897871699134],[139.76126304843862,33.159288230852574],[139.76812539039065,33.15750852615048],[139.77142218130234,33.158282310803564],[139.7762598636184,33.15610023808186],[139.78348055240866,33.148873089422054],[139.78677734332035,33.147774315214676],[139.7960226917466,33.141630465069184],[139.7978860953054,33.13367595883547],[139.80376298345232,33.1316022159652],[139.80573389106257,33.129373716164324],[139.80967570628306,33.130070122352095],[139.81141368844845,33.12830589334306],[139.8141729591028,33.128120185026326],[139.81659180026082,33.12586073383932],[139.8170218164667,33.12022758156486],[139.82259410980114,33.119809737852194],[139.82732428806574,33.117380054041504],[139.8304060708745,33.11711696725946],[139.83574543876406,33.11810741161541],[139.84273320210949,33.116281279834126],[139.84527746466088,33.11623485275494],[139.84896843709464,33.11163857191562],[139.85154853432985,33.10462808295867],[139.85749709184444,33.099041357763404],[139.85437947435184,33.09357843811262],[139.85439739169377,33.09142731677705],[139.85866171906866,33.08582511588872],[139.85796294273413,33.07881462693177],[139.85506033334448,33.0774682416354],[139.84861009025641,33.07787060965501],[139.8452953820028,33.075394498765135],[139.84239277261318,33.07636946742802],[139.83895264296618,33.07500760643859],[139.8374117515618,33.070117287431096],[139.83381036583762,33.06762570084817],[139.83316534152883,33.06547457951259],[139.8343658034369,33.06295204154353],[139.8334341016575,33.05487372976533],[139.83685631396256,33.05081909818317],[139.8342045473597,33.046903747838556],[139.83210821835607,33.045897827789545],[139.82709136262088,33.05012269199539],[139.82080237561,33.05717960803152],[139.81816852634904,33.05899026411974],[139.81264998504034,33.059702146000575],[139.8092636074191,33.05883550718912],[139.80618182461035,33.06018189248549],[139.80508886675375,33.06224015966269],[139.80215042268028,33.06383415604805],[139.79892530113625,33.062874663078226],[139.79523432870252,33.063153225553336],[139.79349634653713,33.065706714908515],[139.78815697864752,33.067594749462046],[139.78389265127262,33.06985420064905],[139.78181423961092,33.07191246782625],[139.78027334820655,33.07559568277494],[139.78045252162565,33.0818323870788],[139.77968207592346,33.08673818177935],[139.78011209212934,33.089492855144336],[139.778768291486,33.09596169484412],[139.77615235956694,33.09842233004093],[139.77776492033897,33.100000850733224],[139.77253305650083,33.098035437714394],[139.76954086040166,33.09914968761483],[139.76719368861126,33.10176507974226],[139.75832460436516,33.10235315607861],[139.75397069028068,33.10583518701748],[139.75183852659325,33.110121953995574],[139.7525552202697,33.11182428023236],[139.7509784941815,33.115817009042274],[139.74789671137276,33.11903595319911],[139.74468950717062,33.12107874468325],[139.74348904526255,33.126092869235244],[139.74185856714863,33.12671189695771],[139.73985182485455,33.13132365349009],[139.73986974219648,33.13414022962732],[139.73825718142444,33.13870555908052],[139.73961889940972,33.143750635018634],[139.73861552826267,33.145746999423594],[139.74105228676262,33.14693862778934],[139.74382947475888,33.15342294318219],[139.74739502579922,33.15627047070554],[139.752895649766,33.15798827263539],[139.76000883450482,33.15897871699134]]]],"type":"MultiPolygon"},"id":"geoshape:13:2016-01-01:f58702da265056a04525","properties":{"administrativeCode":"13401","jurisdictionId":"geoshape:13:2016-01-01:f58702da265056a04525","municipalityName":"八丈町","prefectureName":"東京都","snapshotDate":"2016-01-01","sourceDataset":"historical-administrative-areas-beta","sourceProvider":"Geoshape","sourceResourceId":"gci:13401A1968"},"type":"Feature"},{"geometry":{"coordinates":[[[[139.49717934600733,35.687258168173194],[139.49717934600733,35.687258168173194]]],[[[139.48958239303693,35.69544480980283],[139.48780857618772,35.691978254557014],[139.48902695543768,35.69095685881494],[139.49578179333827,35.68865098054875],[139.49544136384193,35.68690222723278],[139.4987023200698,35.68563322040172],[139.49990278197788,35.68718078970789],[139.5029487301028,35.687273643866256],[139.50112116122784,35.684580873273525],[139.50289497807705,35.684580873273525],[139.50518839784172,35.686979605698085],[139.51457708500325,35.68609749119357],[139.51527586133778,35.689997365845116],[139.51807096667596,35.69139017822067],[139.52226362468323,35.68736649802463],[139.52050772517592,35.6816404915918],[139.52434203634493,35.67969055426603],[139.52468246584124,35.67750848154433],[139.52210236860603,35.677183491990036],[139.5250945647052,35.676007339317344],[139.52645628269048,35.67238602714091],[139.52516623407286,35.66898137466734],[139.52321324380452,35.66778974630159],[139.51882349503623,35.65971143452338],[139.5170317608451,35.65531633769386],[139.5207944026465,35.65359853576401],[139.5208302373303,35.64620115448052],[139.51683467008408,35.64931176878592],[139.5122836652386,35.65116885195333],[139.50680095861372,35.65087481378516],[139.50131825198886,35.64918796324143],[139.49945484843008,35.65144741442844],[139.49103369773175,35.65208191784397],[139.48902695543768,35.65149384150762],[139.48624976744142,35.652685469873376],[139.47924408675408,35.651973587992536],[139.47399430557405,35.65075100824066],[139.47381513215495,35.64932724447898],[139.4678844919823,35.65121527903251],[139.45527068327672,35.65432589333791],[139.44201185026233,35.65796268120741],[139.4407038843028,35.660191181008294],[139.42982805776262,35.67082298214168],[139.43172729600522,35.67268006530908],[139.43606329274775,35.67151938832946],[139.44050679354177,35.671612242487825],[139.44570282269606,35.67350027704135],[139.45080926514078,35.67155033971558],[139.45342519705986,35.67165866956701],[139.4506659264055,35.673190763180116],[139.45071967843123,35.67665731842594],[139.45236807388707,35.67856082867252],[139.45136470274005,35.68066552292892],[139.45292351148632,35.68355947753145],[139.45364020516277,35.68790814728179],[139.4560411289789,35.691281848369236],[139.45940958925823,35.692380622576614],[139.46025170432807,35.69985538232542],[139.4629751402986,35.69987085801848],[139.46376350334268,35.69544480980283],[139.4668094514676,35.6953364799514],[139.46779490527274,35.69250442812111],[139.46370975131697,35.68964142490469],[139.46654069133893,35.68844979653895],[139.47748818724676,35.689424765201835],[139.47822279826514,35.6903687824786],[139.48646477554436,35.69216396287375],[139.48958239303693,35.69544480980283]]]],"type":"MultiPolygon"},"id":"geoshape:13:2016-01-01:f93ffba21f597473cadb","properties":{"administrativeCode":"13206","jurisdictionId":"geoshape:13:2016-01-01:f93ffba21f597473cadb","municipalityName":"府中市","prefectureName":"東京都","snapshotDate":"2016-01-01","sourceDataset":"historical-administrative-areas-beta","sourceProvider":"Geoshape","sourceResourceId":"gci:13206A1968"},"type":"Feature"}],"type":"FeatureCollection"}
