{"features":[{"geometry":{"coordinates":[[[[139.5769652695386,33.86912732020635],[139.57680401346138,33.87931032624095],[139.57879283841356,33.88379827722884],[139.5820358772995,33.88808504420693],[139.59094079622943,33.89795853638029],[139.59398674435437,33.899072786280726],[139.60357252227695,33.90116200484406],[139.609825674604,33.898809699498685],[139.61658051250458,33.89277417920462],[139.61853350277292,33.8924182382642],[139.62527042333156,33.883844704308025],[139.62998268425426,33.87394026074854],[139.63191775718067,33.871309392928055],[139.63139815426524,33.867734507830804],[139.6237116145853,33.85510634229246],[139.61968021265523,33.85170168981889],[139.61116947524735,33.853496870214045],[139.6017807880858,33.854502790263055],[139.59239210092426,33.854363509025504],[139.58339759528477,33.857613404568454],[139.57830907018194,33.861049008428154],[139.57657108801655,33.86649645238587],[139.5769652695386,33.86912732020635]]]],"type":"MultiPolygon"},"id":"geoshape:13:2017-01-01:050dac09a6c07879fb72","properties":{"administrativeCode":"13382","jurisdictionId":"geoshape:13:2017-01-01:050dac09a6c07879fb72","municipalityName":"御蔵島村","prefectureName":"東京都","snapshotDate":"2017-01-01","sourceDataset":"historical-administrative-areas-beta","sourceProvider":"Geoshape","sourceResourceId":"gci:13382A1968"},"type":"Feature"},{"geometry":{"coordinates":[[[[139.379032393444,35.77119832733985],[139.38021493801014,35.766369911104604],[139.38524971108723,35.765271136897226],[139.3896036251717,35.76712822006463],[139.3918253755687,35.766834181896456],[139.39049949226725,35.7637854703633],[139.3916820368334,35.76335215095757],[139.4005332037376,35.761959338582024],[139.40261161539934,35.76107722407751],[139.40497670453163,35.76208314412652],[139.40753888442495,35.760845088681585],[139.40927686659035,35.75822969655415],[139.4090260238036,35.75522741210019],[139.40748513239922,35.75321557200217],[139.40737762834775,35.74866571824203],[139.41065650191752,35.7475050412624],[139.41071025394325,35.74185641329488],[139.4119286331932,35.739751719038495],[139.41119402217487,35.73726013245556],[139.41357702864906,35.73643992072329],[139.4144191437189,35.73303526824972],[139.40945604000945,35.73260194884399],[139.40882893304257,35.733623344586064],[139.40040778234422,35.73356144181382],[139.39827561865678,35.73493877849631],[139.3953013398995,35.733499539041574],[139.3878835603482,35.73950410794951],[139.38354756360565,35.74396110755127],[139.38490928159092,35.74151594804753],[139.38481969488137,35.73787916017803],[139.3872922880651,35.7370434727527],[139.3912161859437,35.7335304904277],[139.38843899794745,35.73370072305137],[139.38385215841814,35.735526854832656],[139.3834938115799,35.73303526824972],[139.38096746637044,35.73484592433794],[139.37847695584475,35.733515014734635],[139.37795735292931,35.73509353542693],[139.37027081324936,35.737352986613935],[139.36946453286333,35.73588279577307],[139.3654689656171,35.739070788543785],[139.35987875494078,35.73958148641482],[139.35491565123132,35.742769479185526],[139.35466480844457,35.745601531015815],[139.35665363339672,35.75081683957761],[139.35812285543346,35.75075493680536],[139.35751366580848,35.7535250858634],[139.35901872252902,35.75448457883323],[139.358821631768,35.75793565838598],[139.36095379545546,35.76110817546363],[139.36288886838187,35.7619283871959],[139.36738612120163,35.76779367486628],[139.36855074842586,35.77440179580363],[139.37091583755816,35.77143046273578],[139.37329884403238,35.77129118149823],[139.37310175327136,35.768985303232036],[139.379032393444,35.77119832733985]],[[139.35726282302173,35.74462656235293],[139.35726282302173,35.74462656235293]]]],"type":"MultiPolygon"},"id":"geoshape:13:2017-01-01:0a2a9f11f96fb2c2797d","properties":{"administrativeCode":"13223","jurisdictionId":"geoshape:13:2017-01-01:0a2a9f11f96fb2c2797d","municipalityName":"武蔵村山市","prefectureName":"東京都","snapshotDate":"2017-01-01","sourceDataset":"historical-administrative-areas-beta","sourceProvider":"Geoshape","sourceResourceId":"gci:13223A1970"},"type":"Feature"},{"geometry":{"coordinates":[[[[139.34264227202206,35.74984187091472],[139.34233767720957,35.74614318027297],[139.3455269640698,35.74707172185668],[139.35206679386744,35.74123738557242],[139.35333892514313,35.7425373437896],[139.35043631575348,35.74513726022396],[139.34989879549616,35.747721700965265],[139.35466480844457,35.745601531015815],[139.35491565123132,35.742769479185526],[139.35987875494078,35.73958148641482],[139.35900080518712,35.73733751092087],[139.35290890893725,35.73605302839675],[139.35335684248506,35.727959240925486],[139.35504107262472,35.725080762016006],[139.35256847944095,35.72289868929431],[139.34627949243006,35.720948751968535],[139.34162098353312,35.72130469290896],[139.3385929527501,35.718952387563576],[139.33886171287878,35.71585724895124],[139.33248313915834,35.71260735340829],[139.33122892522454,35.71345851652668],[139.32845173722828,35.72370342533352],[139.32823672912534,35.72803661939079],[139.3219835767983,35.73272575438848],[139.32010225589758,35.73332930641789],[139.3166621262506,35.74337303121493],[139.31386702091245,35.74711814893586],[139.31879428993807,35.75069303403311],[139.32094437096742,35.75004305492452],[139.32205524616592,35.75360246432871],[139.32492202087175,35.754840519773644],[139.32938343900767,35.75237988457684],[139.33577993007003,35.7511418291319],[139.33776875502218,35.75194656517111],[139.3387362914854,35.75010495769677],[139.34264227202206,35.74984187091472]]]],"type":"MultiPolygon"},"id":"geoshape:13:2017-01-01:0b66306547e3d05eb515","properties":{"administrativeCode":"13218","jurisdictionId":"geoshape:13:2017-01-01:0b66306547e3d05eb515","municipalityName":"福生市","prefectureName":"東京都","snapshotDate":"2017-01-01","sourceDataset":"historical-administrative-areas-beta","sourceProvider":"Geoshape","sourceResourceId":"gci:13218A1970"},"type":"Feature"},{"geometry":{"coordinates":[[[[139.78890950700784,35.69470197653591],[139.78890950700784,35.691653265002756],[139.7903966463865,35.68928548396431],[139.79265423146734,35.686468907827084],[139.79186586842323,35.68256903317554],[139.78908868042697,35.67916438070197],[139.78717152484245,35.674506197090395],[139.78729694623584,35.6714729612503],[139.78907076308505,35.66563862496605],[139.78959036600048,35.65626035497066],[139.78853324282773,35.65618297650535],[139.78018376149703,35.65054982423089],[139.77278389928765,35.646046397549945],[139.76948710837596,35.64926534170678],[139.77276598194572,35.6514783658146],[139.7716371894053,35.65259261571504],[139.76835831583554,35.65037959160722],[139.76731911000468,35.65106052210193],[139.76724744063705,35.65520800784247],[139.7706517356002,35.65494492106042],[139.76721160595324,35.65811743813806],[139.76457775669226,35.65616750081229],[139.75900546335782,35.658999552642584],[139.75807376157843,35.66867186080614],[139.75431111977704,35.66990991625107],[139.76368188959668,35.672509832685435],[139.7703292234458,35.67843702312807],[139.77090257838697,35.684503494808254],[139.76968419913698,35.686917702925875],[139.77043672749727,35.68930095965737],[139.78021959618087,35.692968698913],[139.78258468531317,35.69471745222897],[139.78254885062933,35.69657453539637],[139.78890950700784,35.69470197653591]]]],"type":"MultiPolygon"},"id":"geoshape:13:2017-01-01:1607daa5af76cf308888","properties":{"administrativeCode":"13102","jurisdictionId":"geoshape:13:2017-01-01:1607daa5af76cf308888","municipalityName":"中央区","prefectureName":"東京都","snapshotDate":"2017-01-01","sourceDataset":"historical-administrative-areas-beta","sourceProvider":"Geoshape","sourceResourceId":"gci:13102A1968"},"type":"Feature"},{"geometry":{"coordinates":[[[[139.81666346962854,35.53325954651633],[139.80245501749283,35.52097184622534],[139.79983908557378,35.52292178355111],[139.80179207584212,35.52465506117402],[139.80060953127597,35.52631096033163],[139.80709560904788,35.53110842518075],[139.81979900446302,35.54239020542273],[139.82309579537468,35.54384492057052],[139.82603423944815,35.54156999369046],[139.81666346962854,35.53325954651633]]],[[[139.76423732719593,35.57499749070371],[139.77346475828028,35.57488916085228],[139.76561696252313,35.56489186313443],[139.7584858604424,35.568435796845556],[139.75714205979904,35.57149998407177],[139.75760791068873,35.57445584144655],[139.76423732719593,35.57499749070371]]],[[[139.749473437461,35.58886371168699],[139.75601326725862,35.58925060401353],[139.7559774325748,35.584932885649316],[139.7625710143982,35.58501026411463],[139.76255309705627,35.594605193812875],[139.76541987176208,35.594481388268385],[139.76679950708927,35.59256240232873],[139.77314224612587,35.595750395099444],[139.77677946653387,35.59028747544866],[139.77104591712225,35.584917409956255],[139.773321419545,35.58326151079866],[139.77853536604118,35.58648045495549],[139.78752987168068,35.580073518027945],[139.78509311318075,35.577225990504594],[139.76665616835396,35.57714861203929],[139.76934376964067,35.58013542080019],[139.76760578747528,35.58149728178962],[139.76248142768864,35.57714861203929],[139.75583409383952,35.577071233573974],[139.75411402901602,35.57829381332585],[139.749473437461,35.58886371168699]]],[[[139.69539889957255,35.60749644613327],[139.69821192225265,35.603581095788655],[139.70106077961654,35.60141449876002],[139.71182910210527,35.6006561898],[139.71448086870814,35.59997525930528],[139.71534090111987,35.59691107207907],[139.717544734175,35.59623014158436],[139.71917521228892,35.59185052044789],[139.72109236787344,35.59429567995164],[139.72824138729607,35.59438853411001],[139.73055272440263,35.59216003430913],[139.7289401636306,35.58883276030087],[139.73010479085482,35.587378045153066],[139.73587417495028,35.587362569460005],[139.74653499338754,35.59016366990417],[139.7478967113728,35.58858514921188],[139.75194603064475,35.57946996599854],[139.750279717847,35.5754462858025],[139.75409611167413,35.57448679283267],[139.75635369675496,35.56907030026108],[139.7497780322735,35.56662514075734],[139.75527865624028,35.561595540512286],[139.75859336449386,35.56436568957033],[139.76373564162242,35.560465814918786],[139.77099216509652,35.568977446102714],[139.78543354267705,35.570555966795006],[139.80125455558476,35.54830192017229],[139.8039600742134,35.54602699329222],[139.80890526058093,35.53844390369199],[139.79491181654817,35.53212982092282],[139.7844122541881,35.535379716465776],[139.78208299973963,35.53869151478098],[139.77878620882794,35.53700466423726],[139.7764927890633,35.53446665057514],[139.76807163836497,35.53934149388957],[139.75647911814832,35.54455680245136],[139.750082627086,35.54458775383748],[139.7467858361743,35.54382944487746],[139.7394038913068,35.54512940309464],[139.7346378783584,35.54098191735411],[139.73073189782173,35.542761622056204],[139.7261092236086,35.543473503937044],[139.7182076758257,35.53830462245444],[139.7107540615906,35.53654039344541],[139.7047875867341,35.53629278235642],[139.69993198707613,35.538366525226685],[139.69794316212398,35.54144618814596],[139.6984448476975,35.54540796556975],[139.70301376988488,35.54892094789476],[139.70417839710913,35.55183037819036],[139.70088160619744,35.554894565416575],[139.69778190604677,35.556132620861504],[139.69045371320505,35.55695283259378],[139.6815487942751,35.56119317249268],[139.67878952362074,35.562988352887835],[139.67640651714655,35.56603706442099],[139.67138966141135,35.57818548347442],[139.66931124974965,35.58471622594645],[139.66701782998499,35.58743994792531],[139.66332685755125,35.589869631736],[139.6551386322978,35.59014819421111],[139.65705578788229,35.59341356544712],[139.65297063392651,35.59593610341618],[139.6557836566066,35.59647775267334],[139.6596179677756,35.59995978361222],[139.66262808121672,35.59842768999911],[139.66440189806593,35.59966574544405],[139.66966959658788,35.59909314480077],[139.67565398878625,35.59178861767565],[139.68067084452144,35.594899231981046],[139.6802766629994,35.60067166549306],[139.68040208439277,35.60440130752093],[139.68197881048096,35.60580959558954],[139.68475599847721,35.60534532479769],[139.68400347011695,35.6130986470216],[139.6861356338044,35.611690358952984],[139.69074039067561,35.611133234002764],[139.69539889957255,35.60749644613327]]]],"type":"MultiPolygon"},"id":"geoshape:13:2017-01-01:1be5b211d14cde4370f2","properties":{"administrativeCode":"13111","jurisdictionId":"geoshape:13:2017-01-01:1be5b211d14cde4370f2","municipalityName":"大田区","prefectureName":"東京都","snapshotDate":"2017-01-01","sourceDataset":"historical-administrative-areas-beta","sourceProvider":"Geoshape","sourceResourceId":"gci:13111A1968"},"type":"Feature"},{"geometry":{"coordinates":[[[[139.77314224612587,35.595750395099444],[139.76679950708927,35.59256240232873],[139.76541987176208,35.594481388268385],[139.76255309705627,35.594605193812875],[139.7625710143982,35.58501026411463],[139.7559774325748,35.584932885649316],[139.75601326725862,35.58925060401353],[139.749473437461,35.58886371168699],[139.75019013113746,35.59135529826992],[139.74843423163014,35.591927898913205],[139.74907925593894,35.600718092572244],[139.75174893988373,35.60466439430298],[139.75302107115945,35.61764850078174],[139.75798417486888,35.61767945216786],[139.7619439074313,35.61464621632777],[139.76348479883566,35.60871902588514],[139.77314224612587,35.595750395099444]]],[[[139.77344684093836,35.620263892909165],[139.7706338182583,35.61873179929606],[139.767659539501,35.62207454899738],[139.76758787013335,35.62580419102525],[139.7687345800157,35.62643869444078],[139.77135051193474,35.62314237181864],[139.77344684093836,35.620263892909165]]],[[[139.75350483939104,35.62405543770928],[139.757554158663,35.6240863890954],[139.75742873726963,35.6279243609747],[139.75941756222178,35.62800173944001],[139.75975799171812,35.61935082701852],[139.7531285752109,35.618994886078106],[139.75350483939104,35.62405543770928]]],[[[139.7502618005051,35.624829222362365],[139.7518385265933,35.62475184389706],[139.75038722189848,35.60565483865892],[139.7477175379537,35.6027144569772],[139.74653499338754,35.59016366990417],[139.73587417495028,35.587362569460005],[139.73010479085482,35.587378045153066],[139.7289401636306,35.58883276030087],[139.73055272440263,35.59216003430913],[139.72824138729607,35.59438853411001],[139.72109236787344,35.59429567995164],[139.71917521228892,35.59185052044789],[139.717544734175,35.59623014158436],[139.71534090111987,35.59691107207907],[139.71448086870814,35.59997525930528],[139.71182910210527,35.6006561898],[139.70106077961654,35.60141449876002],[139.69821192225265,35.603581095788655],[139.69539889957255,35.60749644613327],[139.69557807299168,35.61210820266565],[139.70398130634808,35.62187336498758],[139.69615142793285,35.624813746669304],[139.69615142793285,35.624813746669304],[139.7014728784805,35.62589704518362],[139.70401714103193,35.62470541681787],[139.7071347585245,35.62547920147095],[139.71464212478534,35.6290540865682],[139.71444503402432,35.63413011389244],[139.71322665477436,35.63755024205908],[139.71763432088454,35.64166677641349],[139.71921104697273,35.64185248473022],[139.71689970986617,35.63994897448364],[139.71783141164556,35.63504317978308],[139.71996357533303,35.63457890899123],[139.72222116041385,35.635971721366786],[139.72600171955713,35.63502770409002],[139.72632423171154,35.63286110706138],[139.73092898858275,35.63027666632008],[139.7311439966857,35.62648512151996],[139.73395701936576,35.626113704886485],[139.73539040671866,35.62320427459088],[139.7377913305348,35.62453518419419],[139.7433277891854,35.6251387362236],[139.74676791883238,35.62323522597701],[139.7502618005051,35.624829222362365]]]],"type":"MultiPolygon"},"id":"geoshape:13:2017-01-01:1fcc62e3e71fd6f0a9eb","properties":{"administrativeCode":"13109","jurisdictionId":"geoshape:13:2017-01-01:1fcc62e3e71fd6f0a9eb","municipalityName":"品川区","prefectureName":"東京都","snapshotDate":"2017-01-01","sourceDataset":"historical-administrative-areas-beta","sourceProvider":"Geoshape","sourceResourceId":"gci:13109A1968"},"type":"Feature"},{"geometry":{"coordinates":[[[[139.44077555367048,35.76700441452014],[139.4400051079683,35.76373904328412],[139.44054262822564,35.76022606095911],[139.44416193129172,35.75575358566429],[139.44620450826963,35.75566073150591],[139.44753039157106,35.7525965442797],[139.44754830891296,35.74923831888531],[139.451382620082,35.745617006708876],[139.45070176108936,35.74199569453244],[139.45098843855996,35.73699704567351],[139.44554156661889,35.73503163265468],[139.44247770115206,35.736347066564925],[139.42869926522224,35.730063935181875],[139.4264416801414,35.7301722650333],[139.4257966558326,35.73103890384476],[139.41622879525195,35.73209125097296],[139.4144191437189,35.73303526824972],[139.41357702864906,35.73643992072329],[139.41119402217487,35.73726013245556],[139.4119286331932,35.739751719038495],[139.41071025394325,35.74185641329488],[139.41065650191752,35.7475050412624],[139.40737762834775,35.74866571824203],[139.40748513239922,35.75321557200217],[139.4090260238036,35.75522741210019],[139.40927686659035,35.75822969655415],[139.40753888442495,35.760845088681585],[139.40497670453163,35.76208314412652],[139.40261161539934,35.76107722407751],[139.4005332037376,35.761959338582024],[139.3916820368334,35.76335215095757],[139.39845479207588,35.764404498085774],[139.40028236095085,35.7677472477871],[139.405102125925,35.76912458446959],[139.4098681388734,35.768644837984674],[139.41590628309754,35.76627705694624],[139.41975851160848,35.76592111600582],[139.42221318745032,35.767809150559344],[139.42762422470756,35.76644728956992],[139.43609912743162,35.767143695757696],[139.43962884378814,35.76915553585571],[139.44077555367048,35.76700441452014]]]],"type":"MultiPolygon"},"id":"geoshape:13:2017-01-01:23c83c9fa2ecdc7dc816","properties":{"administrativeCode":"13220","jurisdictionId":"geoshape:13:2017-01-01:23c83c9fa2ecdc7dc816","municipalityName":"東大和市","prefectureName":"東京都","snapshotDate":"2017-01-01","sourceDataset":"historical-administrative-areas-beta","sourceProvider":"Geoshape","sourceResourceId":"gci:13220A1970"},"type":"Feature"},{"geometry":{"coordinates":[[[[139.5445886327048,35.75476314130834],[139.5335336327455,35.74490512482804],[139.52842719030076,35.7447194165113],[139.52717297636698,35.74365159369004],[139.5313118823485,35.74026241690953],[139.52971723891838,35.73972076765237],[139.52016729567964,35.73343763626932],[139.52109899745903,35.73894698299929],[139.51511460526064,35.73911721562297],[139.51264201207687,35.7379720143364],[139.50818059394095,35.73838985804907],[139.508574775463,35.74126833695854],[139.50672928924612,35.742026645918564],[139.5056004967057,35.732060299586834],[139.50443586948148,35.732199580824386],[139.50472254695205,35.741020725869554],[139.50379084517266,35.74284685765083],[139.49811104778678,35.745864617797864],[139.4981647998125,35.74434799987782],[139.49063951620974,35.74182546190876],[139.4894390543017,35.74490512482804],[139.48573016452605,35.743868253392904],[139.48730689061424,35.748990707796324],[139.4938825550957,35.75381912403157],[139.49476050484935,35.758291599326405],[139.5047942163197,35.76110817546363],[139.5085926928049,35.7620521927404],[139.51636881919444,35.76558065075846],[139.5213856749296,35.76757701516342],[139.53030851120147,35.7683507998165],[139.53661541555425,35.770254310063095],[139.54657745765695,35.77413870902158],[139.54783167159076,35.77398395209096],[139.54700747386283,35.76816509149977],[139.54763458082974,35.76616872709481],[139.54697163917902,35.76030343942442],[139.5445886327048,35.75476314130834]]]],"type":"MultiPolygon"},"id":"geoshape:13:2017-01-01:270d1c4e73c7805cafa4","properties":{"administrativeCode":"13222","jurisdictionId":"geoshape:13:2017-01-01:270d1c4e73c7805cafa4","municipalityName":"東久留米市","prefectureName":"東京都","snapshotDate":"2017-01-01","sourceDataset":"historical-administrative-areas-beta","sourceProvider":"Geoshape","sourceResourceId":"gci:13222A1970"},"type":"Feature"},{"geometry":{"coordinates":[[[[139.49717934600739,35.68725816817323],[139.49717934600739,35.68725816817323]]],[[[139.48958239303698,35.695444809802865],[139.48780857618775,35.69197825455705],[139.48902695543774,35.69095685881498],[139.4957817933383,35.688650980548786],[139.495441363842,35.686902227232814],[139.49870232006984,35.685633220401755],[139.4999027819779,35.687180789707924],[139.50294873010284,35.68727364386629],[139.50112116122787,35.68458087327356],[139.5028949780771,35.68458087327356],[139.50518839784175,35.68697960569812],[139.5145770850033,35.68609749119361],[139.51527586133784,35.68999736584515],[139.51807096667602,35.6913901782207],[139.52226362468326,35.687366498024666],[139.52050772517595,35.681640491591835],[139.524342036345,35.67969055426607],[139.5246824658413,35.677508481544365],[139.52210236860606,35.67718349199007],[139.52509456470526,35.67600733931738],[139.52645628269053,35.672386027140945],[139.5251662340729,35.668981374667375],[139.52321324380458,35.66778974630162],[139.5188234950363,35.659711434523416],[139.51703176084516,35.6553163376939],[139.52079440264654,35.65359853576405],[139.52083023733036,35.646201154480565],[139.51683467008414,35.649311768785964],[139.51228366523864,35.651168851953365],[139.50680095861378,35.650874813785194],[139.50131825198892,35.64918796324147],[139.49945484843013,35.651447414428475],[139.4910336977318,35.652081917844],[139.48902695543774,35.65149384150766],[139.48624976744148,35.65268546987341],[139.47924408675414,35.65197358799257],[139.4739943055741,35.6507510082407],[139.473815132155,35.649327244479025],[139.46788449198235,35.65121527903255],[139.45527068327675,35.65432589333795],[139.44201185026236,35.65796268120745],[139.44070388430285,35.66019118100833],[139.42982805776265,35.670822982141715],[139.43172729600525,35.672680065309116],[139.4360632927478,35.67151938832949],[139.4405067935418,35.67161224248786],[139.4457028226961,35.673500277041384],[139.45080926514083,35.671550339715616],[139.4534251970599,35.671658669567044],[139.45066592640555,35.67319076318015],[139.45071967843128,35.676657318425974],[139.45236807388713,35.67856082867256],[139.45136470274008,35.68066552292895],[139.45292351148638,35.68355947753149],[139.45364020516283,35.687908147281824],[139.45604112897894,35.69128184836927],[139.45940958925829,35.69238062257665],[139.4602517043281,35.69985538232545],[139.46297514029862,35.699870858018514],[139.46376350334273,35.695444809802865],[139.46684528615148,35.69529005287225],[139.4677949052728,35.69250442812115],[139.463709751317,35.689641424904735],[139.466540691339,35.68844979653898],[139.47686108027992,35.68928548396431],[139.4782227982652,35.69036878247863],[139.4864647755444,35.69216396287379],[139.48958239303698,35.695444809802865]]]],"type":"MultiPolygon"},"id":"geoshape:13:2017-01-01:30276f45f954fcc12ca7","properties":{"administrativeCode":"13206","jurisdictionId":"geoshape:13:2017-01-01:30276f45f954fcc12ca7","municipalityName":"府中市","prefectureName":"東京都","snapshotDate":"2017-01-01","sourceDataset":"historical-administrative-areas-beta","sourceProvider":"Geoshape","sourceResourceId":"gci:13206A1968"},"type":"Feature"},{"geometry":{"coordinates":[[[[139.25687195629246,35.760705807444026],[139.25585066780351,35.75939037353378],[139.2618529773438,35.755583353040606],[139.26855406321866,35.754453627447106],[139.27029204538405,35.75340128031891],[139.27344549756046,35.75391197818995],[139.2776202382258,35.752287030418465],[139.27989574064856,35.74934664873675],[139.28055868229927,35.74467298943211],[139.27930446836547,35.74211950007693],[139.28466175359696,35.740587406463824],[139.28364046510802,35.73769345186129],[139.2844288281521,35.73223053221051],[139.28364046510802,35.731363893399056],[139.27805025443166,35.73366977166525],[139.27013078930685,35.73328287933871],[139.2629280178585,35.73238528914113],[139.25823367427773,35.7352637680506],[139.25285847170431,35.736347066564925],[139.2453869401273,35.73665658042616],[139.24404313948395,35.73879222606867],[139.23943838261272,35.739767194731556],[139.2347977910577,35.73882317745479],[139.2261078802307,35.740045757206666],[139.2219868915911,35.74317184720513],[139.2156799872383,35.74440990265006],[139.2123652789847,35.74854191269753],[139.21275946050673,35.75205489502254],[139.21100356099944,35.75179180824049],[139.20512667285251,35.75377269695239],[139.2043383098084,35.75580001274347],[139.19966188356955,35.75810589100966],[139.18918023855142,35.762253376750195],[139.18147578152954,35.76290335585879],[139.1803290716472,35.76561160214459],[139.18068741848543,35.76858293521243],[139.16303883670278,35.778239767682926],[139.16665813976886,35.78096348966179],[139.17214084639375,35.782201545106716],[139.17561681072453,35.78486336431333],[139.18195954976116,35.787633513371375],[139.18609845574267,35.78777279460893],[139.18878605702938,35.78907275282611],[139.19217243465062,35.789196558370605],[139.19552297758804,35.78682877733216],[139.19824641355856,35.78644188500562],[139.19889143786736,35.78444552060066],[139.20213447675332,35.78248010758183],[139.20824429034508,35.7763517331294],[139.21053771010975,35.77317921605175],[139.21433618659495,35.774092281942394],[139.2166654410434,35.772823275111335],[139.2209118510764,35.77401490347708],[139.2227931719771,35.77240543139867],[139.22734417682258,35.77204949045825],[139.23173392559085,35.76889244907366],[139.2352815592893,35.769372195558574],[139.2382737553885,35.76703536590626],[139.24481358518614,35.76740678253974],[139.24945417674118,35.76660204650053],[139.25429185905725,35.76403308145229],[139.25687195629246,35.760705807444026]]]],"type":"MultiPolygon"},"id":"geoshape:13:2017-01-01:31a04d73f801d822df08","properties":{"administrativeCode":"13305","jurisdictionId":"geoshape:13:2017-01-01:31a04d73f801d822df08","municipalityName":"日の出町","parentJurisdictionName":"西多摩郡","prefectureName":"東京都","snapshotDate":"2017-01-01","sourceDataset":"historical-administrative-areas-beta","sourceProvider":"Geoshape","sourceResourceId":"gci:13305A1974"},"type":"Feature"},{"geometry":{"coordinates":[[[[139.38508845501002,35.69128184836927],[139.37627312278966,35.691637789309695],[139.36761904664647,35.69214848718073],[139.36331888458776,35.69374248356608],[139.3552202460438,35.69323178569505],[139.34644074850726,35.69197825455705],[139.34038468694123,35.693649629407716],[139.3360307728568,35.69611026460452],[139.33567242601856,35.69922087890992],[139.33681913590087,35.70151128148305],[139.3330744114414,35.70452904163008],[139.3313185119341,35.70975982588493],[139.33248313915834,35.71260735340829],[139.33886171287878,35.71585724895124],[139.3385929527501,35.718952387563576],[139.34162098353312,35.72130469290896],[139.34627949243006,35.720948751968535],[139.35256847944095,35.72289868929431],[139.35504107262472,35.725080762016006],[139.35717323631215,35.725808119589914],[139.36245885217602,35.72416769612537],[139.3618138278672,35.7262569146887],[139.36541521359138,35.72501885924376],[139.37028873059126,35.725839070976036],[139.37005580514642,35.724508161372725],[139.3763627094992,35.72545217864949],[139.37770651014256,35.724214123204554],[139.38008951661678,35.72559145988704],[139.38179166409833,35.723115348997176],[139.3793190709146,35.72172253662163],[139.382060424227,35.7202368700877],[139.38550055387398,35.72045352979056],[139.3888510968114,35.71790004043538],[139.3870951973041,35.71666198499045],[139.3889944355467,35.71438705811038],[139.39094742581503,35.71533107538714],[139.39456672888113,35.7116323847454],[139.39569552142154,35.7128859158834],[139.398436874734,35.71164786043846],[139.3954446786348,35.706448027569735],[139.3929541681091,35.69908159767237],[139.39023073213858,35.6987875595042],[139.38858233668273,35.69306155307137],[139.38508845501002,35.69128184836927]]]],"type":"MultiPolygon"},"id":"geoshape:13:2017-01-01:3310a5a25583899a2049","properties":{"administrativeCode":"13207","jurisdictionId":"geoshape:13:2017-01-01:3310a5a25583899a2049","municipalityName":"昭島市","prefectureName":"東京都","snapshotDate":"2017-01-01","sourceDataset":"historical-administrative-areas-beta","sourceProvider":"Geoshape","sourceResourceId":"gci:13207A1968"},"type":"Feature"},{"geometry":{"coordinates":[[[[139.76278602250113,35.73074486567659],[139.76475693011136,35.73014131364718],[139.76604697872898,35.72752592151976],[139.76977378584655,35.72812947354916],[139.77674363185005,35.724941480778455],[139.78145589277273,35.72461649122416],[139.78446600621385,35.72786638676712],[139.78946494460712,35.72874850127163],[139.7912029267725,35.731224612161505],[139.79507307262537,35.7289651609745],[139.8014337290039,35.72925919914267],[139.80971154096693,35.72812947354916],[139.80843940969123,35.720376151325254],[139.80664767550007,35.71743576964354],[139.7970260628937,35.70777893717304],[139.79347842919526,35.70121724331488],[139.78890950700784,35.69470197653591],[139.78254885062933,35.69657453539637],[139.7799687533941,35.69807567762336],[139.78039876959997,35.700335128810366],[139.77317808080969,35.701882698116535],[139.7730347420744,35.70510164227336],[139.77013213268478,35.70534925336235],[139.77124300788327,35.70898604123185],[139.76662033367015,35.708707478756736],[139.76823289444218,35.71045623207271],[139.7676237048172,35.712963294348704],[139.76568863189075,35.713582322071176],[139.7645060873246,35.71728101271292],[139.76868082798995,35.715810821872054],[139.76325187339083,35.72187729355224],[139.76491818618857,35.727216407658524],[139.76278602250113,35.73074486567659]]]],"type":"MultiPolygon"},"id":"geoshape:13:2017-01-01:3327a873127d4e0132b6","properties":{"administrativeCode":"13106","jurisdictionId":"geoshape:13:2017-01-01:3327a873127d4e0132b6","municipalityName":"台東区","prefectureName":"東京都","snapshotDate":"2017-01-01","sourceDataset":"historical-administrative-areas-beta","sourceProvider":"Geoshape","sourceResourceId":"gci:13106A1968"},"type":"Feature"},{"geometry":{"coordinates":[[[[139.6779653258928,35.73068296290434],[139.67733821892594,35.7293675289941],[139.67518813789658,35.72370342533352],[139.67576149283772,35.721954672017546],[139.67368308117602,35.720267821473826],[139.67909411843326,35.718271457068866],[139.67909411843326,35.71523822122877],[139.6818533890876,35.713149002665446],[139.68034833236703,35.711260968111915],[139.682785090867,35.71011576682535],[139.6900774490249,35.71147762781478],[139.69432385905787,35.71104430840906],[139.68887698711683,35.70750037469793],[139.68749735178966,35.704002868065984],[139.68837530154332,35.69906612197931],[139.68398555277503,35.69199373025011],[139.6803304150251,35.68979618183535],[139.6713000747018,35.68148573466122],[139.6678420277129,35.679953641048115],[139.66411522059536,35.67634780456474],[139.662574329191,35.67942746748402],[139.6592775382793,35.68190357837389],[139.65922378625356,35.68668556752995],[139.66094385107706,35.68677842168832],[139.66755535024234,35.691746119161124],[139.6651006744005,35.695429334109804],[139.66115885917998,35.695197198713885],[139.66062133892265,35.69652810831719],[139.66253849450717,35.69923635460298],[139.66108718981235,35.701433903017744],[139.66090801639322,35.7046837985607],[139.65820249776462,35.70503973950112],[139.65822041510654,35.70921817662777],[139.65060554479422,35.70934198217227],[139.6428473357466,35.71150857920091],[139.64179021257382,35.71475847474386],[139.63688086089013,35.71650722805983],[139.63218651730935,35.71694054746556],[139.63188192249686,35.71972617221667],[139.62992893222852,35.72040710271138],[139.62439247357793,35.72927467483573],[139.6245537296551,35.73014131364718],[139.6271696615742,35.73510901111999],[139.6335482352946,35.73527924374366],[139.63643292734233,35.7322769592897],[139.6398372223055,35.726380720233195],[139.64358194676495,35.72531289741194],[139.64739834059208,35.72548313003561],[139.6474341752759,35.72675213686667],[139.6596179677756,35.725823595282975],[139.66225181703658,35.72692236949035],[139.664796079588,35.73111628231007],[139.66818245720924,35.73139484478518],[139.671461330779,35.73354596612076],[139.67468645232304,35.733066219635845],[139.6779653258928,35.73068296290434]]]],"type":"MultiPolygon"},"id":"geoshape:13:2017-01-01:338c3a2e93f94ab7747b","properties":{"administrativeCode":"13114","jurisdictionId":"geoshape:13:2017-01-01:338c3a2e93f94ab7747b","municipalityName":"中野区","prefectureName":"東京都","snapshotDate":"2017-01-01","sourceDataset":"historical-administrative-areas-beta","sourceProvider":"Geoshape","sourceResourceId":"gci:13114A1968"},"type":"Feature"},{"geometry":{"coordinates":[[[[139.49678516448535,35.77870403847478],[139.4976810315809,35.77214234461662],[139.4992577576691,35.771678073824766],[139.50121074793745,35.76562707783765],[139.4971972633493,35.76243908506694],[139.5047942163197,35.76110817546363],[139.49476050484935,35.758291599326405],[139.4938825550957,35.75381912403157],[139.48730689061424,35.748990707796324],[139.48573016452605,35.743868253392904],[139.48515680958488,35.740881444631995],[139.48732480795616,35.740912396018125],[139.48621393275764,35.734505459090585],[139.47883198789017,35.73521734097142],[139.47709400572478,35.73758512200986],[139.477255261802,35.739906475969114],[139.4710021094749,35.742754003492465],[139.4663973526037,35.74408491309577],[139.45098843855996,35.73699704567351],[139.45070176108936,35.74199569453244],[139.451382620082,35.745617006708876],[139.44754830891296,35.74923831888531],[139.44753039157106,35.7525965442797],[139.44620450826963,35.75566073150591],[139.44416193129172,35.75575358566429],[139.44054262822564,35.76022606095911],[139.4400051079683,35.76373904328412],[139.44077555367048,35.76700441452014],[139.4450936330711,35.766710376351966],[139.44620450826963,35.767948431796896],[139.4513467853982,35.76932576847939],[139.45871081292373,35.77005312605329],[139.4613446621847,35.7734423028338],[139.4698553995926,35.77420061179382],[139.47116336555212,35.77341135144768],[139.4794949295409,35.779942093919715],[139.48497763616575,35.78080873273117],[139.48958239303698,35.77915283357356],[139.49038867342298,35.780901586889534],[139.49379296838615,35.779617104365414],[139.49348837357365,35.78170632292874],[139.49597888409932,35.78159799307731],[139.49678516448535,35.77870403847478]]]],"type":"MultiPolygon"},"id":"geoshape:13:2017-01-01:3685576119032001c82b","properties":{"administrativeCode":"13213","jurisdictionId":"geoshape:13:2017-01-01:3685576119032001c82b","municipalityName":"東村山市","prefectureName":"東京都","snapshotDate":"2017-01-01","sourceDataset":"historical-administrative-areas-beta","sourceProvider":"Geoshape","sourceResourceId":"gci:13213A1968"},"type":"Feature"},{"geometry":{"coordinates":[[[[139.71655928036986,35.67343837426914],[139.71492880225594,35.67298957917035],[139.71381792705742,35.66935279130085],[139.7085681458774,35.66406010427376],[139.7138000097155,35.6597578616026],[139.71498255428165,35.657142469475176],[139.7217194748403,35.65568775432738],[139.7235649610572,35.64669637665854],[139.71921104697273,35.64185248473022],[139.71763432088454,35.64166677641349],[139.71523339706843,35.642626269383314],[139.70862189790313,35.64200724166084],[139.6997348963151,35.648058237647966],[139.6929442237307,35.653877098239164],[139.6880169547051,35.660841160116924],[139.68414680885223,35.66291490298719],[139.67500896447746,35.663874395957016],[139.67280513142236,35.66748023244039],[139.6726976273709,35.67229317298258],[139.66205472627556,35.67144200986418],[139.66175013146307,35.6725253083785],[139.66205472627556,35.67562044699084],[139.66411522059536,35.67634780456474],[139.6678420277129,35.679953641048115],[139.6713000747018,35.68148573466122],[139.6803304150251,35.68979618183535],[139.68398555277503,35.69199373025011],[139.68321510707284,35.68871288332103],[139.6859743777272,35.68789267158876],[139.68498892392208,35.68588083149074],[139.6876765252088,35.68159406451265],[139.69502263539243,35.68665461614383],[139.7020999854474,35.68917715411288],[139.70270917507239,35.687768866044266],[139.70577304053924,35.68804742851938],[139.70740351865317,35.68445706772907],[139.7113990858994,35.68337376921475],[139.71478546352063,35.68086670693875],[139.71290414261995,35.6772918218415],[139.71288622527803,35.67461452694183],[139.71485713288828,35.67507879773368],[139.71655928036986,35.67343837426914]]]],"type":"MultiPolygon"},"id":"geoshape:13:2017-01-01:3bd6dfcda6bfc1a5b8cd","properties":{"administrativeCode":"13113","jurisdictionId":"geoshape:13:2017-01-01:3bd6dfcda6bfc1a5b8cd","municipalityName":"渋谷区","prefectureName":"東京都","snapshotDate":"2017-01-01","sourceDataset":"historical-administrative-areas-beta","sourceProvider":"Geoshape","sourceResourceId":"gci:13113A1968"},"type":"Feature"},{"geometry":{"coordinates":[[[[139.16352260493437,35.850867195221454],[139.16257298581309,35.849551761311204],[139.16642521432402,35.84435192844248],[139.16612061951153,35.84297459175998],[139.16954283181659,35.84051395656318],[139.17190792094888,35.84000325869214],[139.17533013325394,35.836072432654476],[139.17735479288993,35.83514389107077],[139.17694269402597,35.83302372112132],[139.1784298334046,35.83059403731063],[139.1752405465444,35.82712748206481],[139.17740854491566,35.820488409741344],[139.17420134071352,35.812827941675806],[139.17550930667306,35.806838848460934],[139.17357423374665,35.80676146999563],[139.1714599874011,35.80346514737349],[139.16490224026154,35.80162353989914],[139.16092459035724,35.79919385608846],[139.15639150285367,35.79863673113824],[139.1498158383722,35.79637727995123],[139.14693114632448,35.793034530249905],[139.14757617063327,35.78901085005386],[139.1464832127767,35.785760954510906],[139.14780909607813,35.78203131248304],[139.14281015768486,35.781056343820154],[139.14053465526212,35.77902902802907],[139.13743495511147,35.778379048920485],[139.1376320458725,35.77243638278479],[139.13609115446812,35.770254310063095],[139.13075178657854,35.765116379966614],[139.12815377200138,35.76700441452014],[139.12512574121837,35.76760796654954],[139.122778569428,35.76951147679613],[139.117116689384,35.77144593842884],[139.11435741872964,35.77355063268523],[139.10754882880335,35.776831479614316],[139.10584668132176,35.77910640649438],[139.10220946091377,35.778379048920485],[139.09661925023744,35.77591841372367],[139.0934120460353,35.76996027189492],[139.08846685966776,35.77019240729084],[139.0867826295281,35.771244754419044],[139.08319916114584,35.76996027189492],[139.08008154365325,35.770099553132475],[139.07502885323424,35.77200306337906],[139.07359546588134,35.77002217466717],[139.06650019848445,35.76564255353071],[139.06361550643672,35.76559612645152],[139.06094582249193,35.7641104599176],[139.0566098257494,35.76329024818533],[139.0548897609259,35.76017963387993],[139.04917412885618,35.76005582833544],[139.04578775123494,35.75804398823742],[139.04311806729015,35.75767257160393],[139.0420788614593,35.754113162199744],[139.03967793764318,35.75010495769677],[139.04141591980857,35.746174131659096],[139.03967793764318,35.744394426957],[139.034463991147,35.742459965324294],[139.03175847251836,35.744332524184756],[139.02756581451112,35.74396110755127],[139.02711788096332,35.74238258685898],[139.02167100902227,35.74013861136504],[139.01228232186074,35.73866842052418],[139.01038308361814,35.74228973270061],[139.00518705446385,35.74894428071714],[139.00515121978003,35.750445422944125],[139.00215902368083,35.75012043338983],[138.99882639808533,35.7511418291319],[138.99242990702297,35.75552145026836],[138.98936604155614,35.76349143219513],[138.98440293784668,35.76776272348016],[138.98366832682834,35.77223519877499],[138.98531672228418,35.77441727149669],[138.98642759748267,35.7822479721859],[138.9850479621555,35.78526573233293],[138.98187659263718,35.787076388421156],[138.97951150350488,35.78709186411422],[138.97687765424394,35.789026325746924],[138.97711057968877,35.792755967774795],[138.97178912914111,35.798992672078654],[138.97031990710437,35.804579397273926],[138.97202205458595,35.81386481311094],[138.96976446950512,35.81584570182284],[138.9697286348213,35.824512089937386],[138.97048116318157,35.82735961746074],[138.96976446950512,35.83122854072616],[138.9645505230089,35.82947978741019],[138.96220335121853,35.82960359295468],[138.95326259760478,35.83652122775326],[138.94912369162327,35.840467529483995],[138.94731404009022,35.843175775769794],[138.9485503366821,35.849551761311204],[138.94575523134392,35.85408613937828],[138.94392766246898,35.85481349695218],[138.9428705392962,35.86016808675153],[138.94654359438803,35.864361999571244],[138.94514604171894,35.867921408975434],[138.94926703035856,35.86902018318282],[138.95446305951285,35.87491642223932],[138.96519554731773,35.877779425455735],[138.96802648733973,35.88222094936444],[138.97248790547565,35.88197333827546],[138.9792069086924,35.88500657411554],[138.98556756507094,35.881168602236244],[138.98875685193116,35.88115312654318],[138.99588795401186,35.884449449165324],[139.00115565253378,35.884201838076336],[139.00665627650056,35.889618330647934],[139.0067100285263,35.89340987544804],[139.0103293315924,35.897170468862036],[139.01337527971734,35.89825376737635],[139.0183921354525,35.898424000000034],[139.02090056332008,35.897154993168975],[139.02400026347075,35.89729427440653],[139.02932171401844,35.89291465327007],[139.03761744332337,35.88909215708383],[139.0403408792939,35.886306532332725],[139.0430284805806,35.88548632060046],[139.04833201378636,35.88121502931543],[139.0498370705069,35.87883177258393],[139.05782820499937,35.877500862980625],[139.05918992298464,35.87504022778381],[139.06162668148457,35.8736319397152],[139.07045993104686,35.87154272115187],[139.0724308386571,35.87163557531024],[139.0777702065467,35.87533426595199],[139.0826795582304,35.874761665308704],[139.0916740638699,35.86903565887588],[139.09448708654998,35.869499929667725],[139.09909184342118,35.86867971793546],[139.10143901521158,35.86570838486762],[139.10267531180347,35.86657502367907],[139.11600581418548,35.86445485372962],[139.1291213084646,35.86556910363006],[139.13123555481013,35.86447032942268],[139.13535654344975,35.865383395313316],[139.13980004424377,35.8637739232349],[139.14754033594946,35.86270610041365],[139.1528259518133,35.859549059029064],[139.15949120300434,35.85693366690163],[139.16352260493437,35.850867195221454]]]],"type":"MultiPolygon"},"id":"geoshape:13:2017-01-01:41433122e3360b6f6846","properties":{"administrativeCode":"13308","jurisdictionId":"geoshape:13:2017-01-01:41433122e3360b6f6846","municipalityName":"奥多摩町","parentJurisdictionName":"西多摩郡","prefectureName":"東京都","snapshotDate":"2017-01-01","sourceDataset":"historical-administrative-areas-beta","sourceProvider":"Geoshape","sourceResourceId":"gci:13308A1968"},"type":"Feature"},{"geometry":{"coordinates":[[[[139.88998123272972,35.75077041249842],[139.8807538016454,35.749733541063286],[139.8850181290203,35.745601531015815],[139.881846759502,35.74437895126394],[139.88050295885864,35.74027789260259],[139.8775824321271,35.740912396018125],[139.87654322629623,35.7370434727527],[139.87294184057205,35.737368462306996],[139.87394521171908,35.73602207701063],[139.871938469425,35.73243171622032],[139.8721893122118,35.73004845948881],[139.87027215662727,35.72874850127163],[139.87055883409784,35.72470934538253],[139.86874918256478,35.72379627949189],[139.86627658938104,35.718534543850915],[139.86857000914569,35.714588242120186],[139.86659910153543,35.71291686726952],[139.86224518745098,35.71283948880421],[139.85626079525258,35.71446443657569],[139.8513514435689,35.710858600092315],[139.84215984716838,35.719308328504],[139.82976104656572,35.731178185082314],[139.82383040639306,35.73770892755435],[139.82035444206227,35.743434933987174],[139.81716515520205,35.74914546472694],[139.81347418276832,35.75446910314017],[139.81354585213595,35.75966893600889],[139.8197452524373,35.76044272066198],[139.8202469380108,35.75598572106021],[139.8235437289225,35.755861915515716],[139.8243679266504,35.76178910595834],[139.8262492475511,35.761680776106914],[139.82542504982317,35.759127286751735],[139.82755721351063,35.75734758204964],[139.8309973431576,35.75908085967255],[139.83173195417595,35.763708091897996],[139.83748342092952,35.7631819183339],[139.83768051169054,35.7657663590752],[139.84169399627868,35.76644728956992],[139.84579706757637,35.76951147679613],[139.85129769154315,35.76988289342961],[139.8521756412968,35.76575088338214],[139.85656539006507,35.764419973778836],[139.858805057804,35.76790200471771],[139.85776585197314,35.770826910706376],[139.84966721342923,35.77967900713766],[139.84525954731902,35.78771089183668],[139.84427409351392,35.79385474198217],[139.84674668669766,35.79650108549572],[139.8526414921865,35.79215241574539],[139.85649372069744,35.79096078737964],[139.8598980156606,35.7953404085161],[139.86389358290683,35.79484518633812],[139.86770997673395,35.79668679381246],[139.87136511448386,35.79735224861412],[139.8747514921051,35.79654751257491],[139.87659697832197,35.79382379059605],[139.87326435272647,35.79038818673635],[139.87118594106474,35.786627593322365],[139.87453648400216,35.78176822570099],[139.87724200263077,35.78116467367158],[139.8872398794173,35.78401220119494],[139.89377970921495,35.782743194363874],[139.89455015491714,35.78032898624625],[139.89342136237673,35.77831714614823],[139.88285013064902,35.77353515699217],[139.8807538016454,35.771662598131705],[139.87939208366012,35.76801033456915],[139.88267095722992,35.76200576566121],[139.88320847748724,35.7586165888807],[139.88998123272972,35.75077041249842]]]],"type":"MultiPolygon"},"id":"geoshape:13:2017-01-01:42c423f90a19468a9a5f","properties":{"administrativeCode":"13122","jurisdictionId":"geoshape:13:2017-01-01:42c423f90a19468a9a5f","municipalityName":"葛飾区","prefectureName":"東京都","snapshotDate":"2017-01-01","sourceDataset":"historical-administrative-areas-beta","sourceProvider":"Geoshape","sourceResourceId":"gci:13122A1968"},"type":"Feature"},{"geometry":{"coordinates":[[[[139.35726282302173,35.74462656235293],[139.35726282302173,35.74462656235293]]],[[[139.379032393444,35.77119832733985],[139.37310175327136,35.768985303232036],[139.37329884403238,35.77129118149823],[139.37091583755816,35.77143046273578],[139.36855074842586,35.77440179580363],[139.36738612120163,35.76779367486628],[139.36288886838187,35.7619283871959],[139.36095379545546,35.76110817546363],[139.358821631768,35.75793565838598],[139.35901872252902,35.75448457883323],[139.35751366580848,35.7535250858634],[139.35812285543346,35.75075493680536],[139.35665363339672,35.75081683957761],[139.35466480844457,35.745601531015815],[139.34989879549616,35.747721700965265],[139.35043631575348,35.74513726022396],[139.35333892514313,35.7425373437896],[139.35206679386744,35.74123738557242],[139.3455269640698,35.74707172185668],[139.34233767720957,35.74614318027297],[139.34264227202206,35.74984187091472],[139.3430185362022,35.753834599724634],[139.3403667695993,35.753726269873205],[139.33585159943766,35.759297519375416],[139.33477655892298,35.76493067164987],[139.33642495437883,35.76604492155031],[139.3331998328348,35.76760796654954],[139.33364776638257,35.770950716250866],[139.3315156026951,35.7729161292697],[139.32879216672458,35.77133760857741],[139.32106979236082,35.777218371940855],[139.32411574048572,35.78108729520628],[139.32065769349686,35.783362222086346],[139.3205860241292,35.789908440251445],[139.32275402250048,35.786302603768064],[139.32205524616592,35.78978463470695],[139.3262658215151,35.787029961341965],[139.3300642980003,35.790604846439216],[139.3284875719121,35.791765523418846],[139.3303688928128,35.79362260658625],[139.33278773397083,35.791889328963336],[139.33488406297445,35.79369998505156],[139.33850336604056,35.794597575249135],[139.34267810670588,35.794024974605854],[139.34670950863594,35.79640823133735],[139.35025714233439,35.79340594688338],[139.35491565123132,35.79371546074462],[139.35984292025694,35.79162624218129],[139.36991246641114,35.79173457203272],[139.36871200450307,35.79029533257798],[139.3698766317273,35.78760256198525],[139.3678340547494,35.78704543703503],[139.3674936252531,35.78438361782842],[139.3729942492199,35.77964805575154],[139.37530558632645,35.78042184040463],[139.3801432686425,35.77875046555396],[139.38154082131157,35.774494649961994],[139.379032393444,35.77119832733985]]]],"type":"MultiPolygon"},"id":"geoshape:13:2017-01-01:468cdc960d9553ace94f","properties":{"administrativeCode":"13303","jurisdictionId":"geoshape:13:2017-01-01:468cdc960d9553ace94f","municipalityName":"瑞穂町","parentJurisdictionName":"西多摩郡","prefectureName":"東京都","snapshotDate":"2017-01-01","sourceDataset":"historical-administrative-areas-beta","sourceProvider":"Geoshape","sourceResourceId":"gci:13303A1968"},"type":"Feature"},{"geometry":{"coordinates":[[[[139.3939037872304,35.60819285232104],[139.39729016485165,35.610034459795386],[139.40069445981482,35.61045230350805],[139.40126781475598,35.60871902588514],[139.407933065947,35.61204629989341],[139.4107998406528,35.610251119498244],[139.41275283092114,35.612278435289326],[139.41737550513426,35.61153560202237],[139.42052895731067,35.6097868487064],[139.4231090545459,35.60662980732181],[139.42615500267084,35.605469130342186],[139.42823341433254,35.60805357108349],[139.43437906260814,35.6058250712826],[139.43885839808596,35.61008088687457],[139.44593574814095,35.608703550192075],[139.44928629107838,35.61178321311135],[139.45286975946064,35.607450019054085],[139.45351478376944,35.60447868598624],[139.4573849296223,35.60721788365816],[139.46062796850825,35.608409512023904],[139.46319014840157,35.60808452246961],[139.46571649361107,35.609570189003534],[139.4665765260228,35.606583380242625],[139.47026749845656,35.60348824163029],[139.47105586150064,35.60115141197797],[139.47802570750417,35.59896933925627],[139.4801578711916,35.59486828059492],[139.48393843033492,35.59506946460473],[139.4834546621033,35.59344451683325],[139.49196539951117,35.58846134366738],[139.49320169610306,35.589204176934345],[139.49445591003686,35.58631022233181],[139.4939183897795,35.582781764313744],[139.49741227145225,35.58210083381903],[139.5022678711102,35.57821643486054],[139.50545715797043,35.57478083100085],[139.50689054532333,35.575817702435984],[139.50656803316892,35.571716643774636],[139.50044030223526,35.57032383139908],[139.5008344837573,35.56852865100392],[139.49805729576104,35.56789414758839],[139.49617597486036,35.56462877635238],[139.49445591003686,35.564706154817685],[139.4910336977318,35.561425307888605],[139.48908070746347,35.5632050125907],[139.48641102351866,35.56894649471659],[139.48286338982024,35.571376178527274],[139.48374133957387,35.571964254863616],[139.4861243460481,35.57844857025647],[139.48839984847083,35.578525948721776],[139.48986907050755,35.58357102465989],[139.48497763616575,35.58460789609502],[139.4822004481695,35.58171394149249],[139.47795403813652,35.580630642978164],[139.4764848160998,35.58200797966066],[139.4733492812653,35.57687004956418],[139.47325969455574,35.57385228941715],[139.46965830883155,35.56950361966681],[139.46965830883155,35.56529423115403],[139.46836826021394,35.56291097442253],[139.47012415972125,35.56063604754246],[139.475230602166,35.559753933037946],[139.4764848160998,35.56255503348211],[139.47976368966957,35.55935156501834],[139.48178834930553,35.55608619378232],[139.48239753893054,35.54741980566777],[139.48033704461074,35.54314851438275],[139.48164501057025,35.53994504591898],[139.48495971882386,35.53805701136545],[139.48452970261798,35.536091598346616],[139.48671561833117,35.5356118518617],[139.48576599920986,35.53135603626974],[139.48779065884585,35.52788948102392],[139.48759356808483,35.52477886671852],[139.48574808186794,35.52234918290783],[139.4864647755444,35.52030639142369],[139.48327548868417,35.519145714444065],[139.48035496195263,35.51473514192148],[139.4769865016733,35.51120668390341],[139.48112540765482,35.505310444846906],[139.48494180148194,35.50396405955054],[139.47637731204833,35.501348667423116],[139.4677949052728,35.50226173331376],[139.4682607561625,35.50620803504449],[139.46485646119933,35.51089717004218],[139.46327973511112,35.517845756226876],[139.46112965408176,35.519284995681616],[139.45577236885026,35.52046114835431],[139.4548765017547,35.522844405085806],[139.4583345487436,35.5279359081031],[139.450576339696,35.533507157605314],[139.44815749853797,35.537809400276466],[139.4450936330711,35.54113667428473],[139.44070388430285,35.54296280606601],[139.43600954072207,35.54683172933143],[139.43348319551257,35.546321031460394],[139.431978138792,35.54873523957802],[139.42778548078476,35.55114944769564],[139.42715837381786,35.55330056903122],[139.4239153349319,35.555885009772524],[139.4224461128952,35.55942894348365],[139.41800261210116,35.56192053006658],[139.41289616965642,35.566160869965486],[139.4092051972227,35.575105820555144],[139.4033283090758,35.575523664267806],[139.40139323614935,35.57719503911847],[139.3998702620869,35.58432933361991],[139.3948175716679,35.58411267391705],[139.3942083820429,35.58559834045097],[139.39109076455034,35.58525787520362],[139.38861817136657,35.5885387221327],[139.38532138045488,35.588198256885335],[139.38071662358365,35.59051961084459],[139.37915781483738,35.590194621290294],[139.37439180188895,35.594481388268385],[139.36993038375303,35.594605193812875],[139.3659168991649,35.59768485673215],[139.3623155134407,35.59923242603833],[139.35925164797388,35.598597922622794],[139.35480814717985,35.600563335641624],[139.35014963828291,35.600903800888986],[139.34249893328678,35.60320967915518],[139.33929172908464,35.60551555742137],[139.33782250704792,35.604339404748686],[139.3303688928128,35.60320967915518],[139.3242053271953,35.60481915123359],[139.32056810678728,35.60652147747038],[139.308903917203,35.604184647818066],[139.30618048123247,35.60550008172831],[139.3036899707068,35.60471082138216],[139.29919271788705,35.60622743930221],[139.29686346343857,35.60939995637985],[139.29258121872178,35.61182964019054],[139.28600555424032,35.61251057068526],[139.28525302588002,35.61339268518977],[139.27987782330663,35.61147369925012],[139.27405468718544,35.611024904151336],[139.2688049060054,35.60935352930067],[139.2688049060054,35.612123678358714],[139.2733559108509,35.61379505320937],[139.2764914456854,35.616580677960485],[139.27790691569638,35.61945915686996],[139.28577262879546,35.62080554216632],[139.28702684272926,35.6220281219182],[139.28935609717774,35.6201710387508],[139.29313665632102,35.62089839632469],[139.29474921709306,35.61692114320784],[139.293548755185,35.61546642806004],[139.2979743386371,35.61610093147557],[139.3034928799458,35.61517238989187],[139.30761386858538,35.61624021271312],[139.3136340954676,35.61446050801103],[139.31530040826536,35.61291293870486],[139.31750424132045,35.61523429266411],[139.3227898571843,35.614816448951444],[139.32639124290847,35.61576046622821],[139.3373387388163,35.61419742122898],[139.33853920072437,35.61944368117689],[139.33841377933098,35.623405458600686],[139.3412984713787,35.62006270889936],[139.33947090250376,35.61701399736621],[139.33991883605154,35.61419742122898],[139.34230184252576,35.613253403952214],[139.34739036762858,35.60893568558801],[139.35161886031963,35.608688074499014],[139.35366143729755,35.60732621350959],[139.3595741601283,35.6064750503912],[139.36131214229368,35.6050977137087],[139.36582731245534,35.60871902588514],[139.37338843074193,35.60421559920419],[139.37747358469773,35.60406084227357],[139.3816841600469,35.60212638064086],[139.38688018920118,35.5979479435142],[139.3883494112379,35.60240494311597],[139.38763271756144,35.605004859550334],[139.3939037872304,35.60819285232104]]]],"type":"MultiPolygon"},"id":"geoshape:13:2017-01-01:48c16867ce75f4fdbe21","properties":{"administrativeCode":"13209","jurisdictionId":"geoshape:13:2017-01-01:48c16867ce75f4fdbe21","municipalityName":"町田市","prefectureName":"東京都","snapshotDate":"2017-01-01","sourceDataset":"historical-administrative-areas-beta","sourceProvider":"Geoshape","sourceResourceId":"gci:13209A1968"},"type":"Feature"},{"geometry":{"coordinates":[[[[139.16303883670278,35.778239767682926],[139.18068741848543,35.76858293521243],[139.1803290716472,35.76561160214459],[139.18147578152954,35.76290335585879],[139.18918023855142,35.762253376750195],[139.19966188356955,35.75810589100966],[139.2043383098084,35.75580001274347],[139.20512667285251,35.75377269695239],[139.21100356099944,35.75179180824049],[139.21275946050673,35.75205489502254],[139.2123652789847,35.74854191269753],[139.2156799872383,35.74440990265006],[139.2219868915911,35.74317184720513],[139.2261078802307,35.740045757206666],[139.2347977910577,35.73882317745479],[139.23943838261272,35.739767194731556],[139.24404313948395,35.73879222606867],[139.2453869401273,35.73665658042616],[139.25285847170431,35.736347066564925],[139.25823367427773,35.7352637680506],[139.2629280178585,35.73238528914113],[139.27013078930685,35.73328287933871],[139.27805025443166,35.73366977166525],[139.28364046510802,35.731363893399056],[139.2844288281521,35.73223053221051],[139.28364046510802,35.73769345186129],[139.28466175359696,35.740587406463824],[139.27930446836547,35.74211950007693],[139.28055868229927,35.74467298943211],[139.27989574064856,35.74934664873675],[139.2776202382258,35.752287030418465],[139.27344549756046,35.75391197818995],[139.27029204538405,35.75340128031891],[139.26855406321866,35.754453627447106],[139.2618529773438,35.755583353040606],[139.25585066780351,35.75939037353378],[139.25687195629246,35.760705807444026],[139.26153046518942,35.759839168632574],[139.2671923452334,35.76004035264238],[139.26903783145028,35.76106174838445],[139.2744309513656,35.76089151576077],[139.27611518150525,35.76161887333467],[139.2877256190638,35.76092246714689],[139.2900907081961,35.7600713040285],[139.2965409512842,35.75454648160547],[139.3025970128502,35.75519646071406],[139.31105399823235,35.75063113126087],[139.31386702091245,35.74711814893586],[139.3166621262506,35.74337303121493],[139.32010225589758,35.73332930641789],[139.3219835767983,35.73272575438848],[139.32823672912534,35.72803661939079],[139.32845173722828,35.72370342533352],[139.33122892522454,35.71345851652668],[139.32764545684228,35.71039432930046],[139.32293319591957,35.716275092663906],[139.31924222348584,35.71906071741501],[139.31589168054842,35.714247776872824],[139.31359826078378,35.71395373870465],[139.30849181833904,35.71588820033736],[139.30644924136115,35.71259187771523],[139.29584217494963,35.71146215212172],[139.29426544886144,35.71338113806137],[139.2913807568137,35.71367517622954],[139.2829775234573,35.71283948880421],[139.2818487309169,35.71364422484342],[139.27188668881416,35.714418009496505],[139.27220920096858,35.71265378048747],[139.2688049060054,35.709961009894734],[139.2607241848034,35.71048718345884],[139.2580186661748,35.712266888160926],[139.25194468726684,35.712266888160926],[139.24963335016028,35.71048718345884],[139.2465336500096,35.71088955147844],[139.2450644279729,35.71335018667524],[139.2432010244141,35.71248354786379],[139.24038800173403,35.7142168254867],[139.2373420536091,35.71330375959606],[139.23562198878562,35.714835853209166],[139.21886927409852,35.71690959607943],[139.21723879598457,35.71887500909827],[139.2101256112458,35.7136132734573],[139.20691840704364,35.7127621103389],[139.2044637312018,35.707299190688126],[139.20534168095546,35.70324455910596],[139.20489374740765,35.699778003860146],[139.20048608129747,35.699158976137674],[139.20016356914306,35.69013664708271],[139.19939312344087,35.68824861252918],[139.19337289655869,35.689084299954516],[139.1896281720992,35.68759863342059],[139.18407379610667,35.68905334856839],[139.18199538444497,35.688062904212444],[139.17894943632004,35.68922358119207],[139.17140623537537,35.688743834707154],[139.16968617055187,35.690879480349665],[139.1719437556327,35.69281394198238],[139.1724096065224,35.70093868083977],[139.17006243473202,35.70336836465046],[139.1653143391255,35.706277794946054],[139.16511724836448,35.71127644380498],[139.16638937964018,35.71373707900179],[139.16572643798946,35.71842621399948],[139.16694481723945,35.722805835135944],[139.16549351254463,35.72257369974002],[139.16538600849316,35.72727831043077],[139.1662460409049,35.72908896651899],[139.16431096797848,35.732493618992564],[139.16585185938285,35.736176833941244],[139.16409595987554,35.741330239730786],[139.15657067627276,35.74470394081824],[139.15399057903755,35.75010495769677],[139.1493499874825,35.7542524434373],[139.14073174602314,35.755444071803055],[139.14040923386875,35.759003481207245],[139.14465564390173,35.76021058526605],[139.14721782379505,35.762129571205705],[139.1434910166775,35.76632348402542],[139.1387787557548,35.76821151857895],[139.13609115446812,35.770254310063095],[139.1376320458725,35.77243638278479],[139.1393879453798,35.77204949045825],[139.14282807502678,35.776382684515525],[139.1444585531407,35.776955285158806],[139.148239112284,35.77528391030814],[139.14913497937957,35.77884331971233],[139.15386515764416,35.77345777852686],[139.1580219809676,35.77342682714074],[139.15863117059257,35.77791477812863],[139.16303883670278,35.778239767682926]]]],"type":"MultiPolygon"},"id":"geoshape:13:2017-01-01:49bf8fc8aeab48864ed2","properties":{"administrativeCode":"13228","jurisdictionId":"geoshape:13:2017-01-01:49bf8fc8aeab48864ed2","municipalityName":"あきる野市","prefectureName":"東京都","snapshotDate":"2017-01-01","sourceDataset":"historical-administrative-areas-beta","sourceProvider":"Geoshape","sourceResourceId":"gci:13228A1995"},"type":"Feature"},{"geometry":{"coordinates":[[[[139.75275231103078,35.735062584040804],[139.75993716513722,35.73158055310192],[139.76094053628424,35.732199580824386],[139.76278602250113,35.73074486567659],[139.76491818618857,35.727216407658524],[139.76325187339083,35.72187729355224],[139.76868082798995,35.715810821872054],[139.7645060873246,35.71728101271292],[139.76568863189075,35.713582322071176],[139.7676237048172,35.712963294348704],[139.76823289444218,35.71045623207271],[139.76662033367015,35.708707478756736],[139.77124300788327,35.70898604123185],[139.77013213268478,35.70534925336235],[139.76989920723992,35.70336836465046],[139.7664053255672,35.70178984395816],[139.76850165457083,35.70013394480056],[139.7660290613871,35.69963872262259],[139.7612988831225,35.70158865994836],[139.75719581182477,35.701712465492854],[139.74906133859704,35.703120753561464],[139.74587205173682,35.702904093858606],[139.74280818626997,35.708134878113455],[139.73585625760836,35.70918722524165],[139.73245196264523,35.70739204484649],[139.73184277302022,35.709264603706956],[139.7259838022152,35.70920270093471],[139.7232603662447,35.710409804993525],[139.72250783788442,35.712266888160926],[139.71761640354262,35.71449538796181],[139.71831517987718,35.71776075919783],[139.72472958828143,35.72000473469178],[139.72275868067118,35.72514266478826],[139.72648548778875,35.72704617503484],[139.72987186541,35.72628786607482],[139.7319681944136,35.724105793353125],[139.73739714901274,35.72689141810423],[139.73596376165983,35.729352053301035],[139.73908137915242,35.73184363988397],[139.74085519600163,35.730357973350046],[139.74352487994642,35.732895987012164],[139.74244983943174,35.733793577209745],[139.74461783780302,35.73583636869389],[139.7491867599904,35.7328805113191],[139.75275231103078,35.735062584040804]]]],"type":"MultiPolygon"},"id":"geoshape:13:2017-01-01:49e67ece5b0696f5d95f","properties":{"administrativeCode":"13105","jurisdictionId":"geoshape:13:2017-01-01:49e67ece5b0696f5d95f","municipalityName":"文京区","prefectureName":"東京都","snapshotDate":"2017-01-01","sourceDataset":"historical-administrative-areas-beta","sourceProvider":"Geoshape","sourceResourceId":"gci:13105A1968"},"type":"Feature"},{"geometry":{"coordinates":[[[[139.73804217332156,35.780220656394825],[139.73788091724435,35.77743503164372],[139.73574875355692,35.77163164674558],[139.73673420736202,35.77022335867697],[139.74640957199415,35.76700441452014],[139.7549740614278,35.768381751202625],[139.75793042284315,35.77017693159778],[139.76000883450487,35.766524668035224],[139.758163348288,35.76459020640252],[139.74888216517792,35.75980821724645],[139.7499930403764,35.75649641893125],[139.75796625752696,35.754855995466706],[139.75758999334684,35.753169144922985],[139.750888907472,35.753710794180144],[139.7497780322735,35.75012043338983],[139.7547053012991,35.74919189180613],[139.75780500144975,35.747613371113836],[139.75719581182477,35.74546224977826],[139.76031342931736,35.743450409680236],[139.7638431456739,35.74413134017495],[139.76588572265177,35.741624277898964],[139.76817914241644,35.741469520968344],[139.7711175864899,35.73789463587109],[139.76131680046439,35.73380905290281],[139.76094053628424,35.732199580824386],[139.75993716513722,35.73158055310192],[139.75275231103078,35.735062584040804],[139.74956302417056,35.73654825057473],[139.74657082807136,35.73984457319686],[139.74107020410457,35.74235163547286],[139.73555166279587,35.74054097938464],[139.7317890209945,35.743311128442684],[139.73263113606433,35.74509083314478],[139.72790095779973,35.7447194165113],[139.7236187130829,35.73993742735524],[139.72001732735876,35.74177903482958],[139.71951564178522,35.745044406065595],[139.72141488002782,35.746313412896654],[139.7226153419359,35.75075493680536],[139.7217194748403,35.753850075417695],[139.71670261910515,35.760241536652174],[139.71326248945817,35.76308906417553],[139.71089740032588,35.76361523773963],[139.70640014750612,35.76666394927278],[139.7044650745797,35.774958920753846],[139.70238666291797,35.781071819513215],[139.7022612415246,35.78410505535331],[139.6984448476975,35.78212416664141],[139.6949868007086,35.782619388819384],[139.69127791093297,35.78441456921454],[139.68946825939992,35.78679782594604],[139.69063288662414,35.79057389505309],[139.6968681216093,35.79889981792029],[139.7052534376238,35.79340594688338],[139.7091952528443,35.79201313450783],[139.71926479899847,35.79179647480497],[139.72223907775575,35.79072865198371],[139.72446082815276,35.78727757243095],[139.7338674326562,35.790047721488996],[139.73854385889507,35.78740137797545],[139.73804217332156,35.780220656394825]]]],"type":"MultiPolygon"},"id":"geoshape:13:2017-01-01:4b8b95496c7303b20225","properties":{"administrativeCode":"13117","jurisdictionId":"geoshape:13:2017-01-01:4b8b95496c7303b20225","municipalityName":"北区","prefectureName":"東京都","snapshotDate":"2017-01-01","sourceDataset":"historical-administrative-areas-beta","sourceProvider":"Geoshape","sourceResourceId":"gci:13117A1968"},"type":"Feature"},{"geometry":{"coordinates":[[[[139.52083023733036,35.646201154480565],[139.52538124217583,35.642641745076375],[139.52339241722368,35.63881924889013],[139.52099149340756,35.637766901761935],[139.5232669958303,35.6321647008736],[139.51905642048115,35.63143734329971],[139.51660174463927,35.62959573582536],[139.5161538110915,35.62569586117382],[139.51040234433796,35.62334355582844],[139.50961398129385,35.6240863890954],[139.50341458099254,35.62286380934353],[139.4994010964044,35.620403174146716],[139.49803937841912,35.61842228543482],[139.4946709181398,35.61729255984132],[139.49565637194493,35.61251057068526],[139.5000282033713,35.607279786430404],[139.49757352752943,35.60486557831278],[139.49381088572807,35.6058250712826],[139.48906279012155,35.60466439430298],[139.4880594189745,35.60751192182633],[139.48126874639013,35.61004993548845],[139.4796561856181,35.613268879645275],[139.4769506669895,35.613021268556295],[139.4750693460888,35.619985330434055],[139.46727530235736,35.620821017859384],[139.46415768486477,35.624519708501126],[139.46453394904492,35.629626687211484],[139.471593381758,35.633511086169975],[139.4689057804713,35.64086204037427],[139.46960455680582,35.6451333316593],[139.47377929747117,35.64678923081691],[139.473815132155,35.649327244479025],[139.4739943055741,35.6507510082407],[139.47924408675414,35.65197358799257],[139.48624976744148,35.65268546987341],[139.48902695543774,35.65149384150766],[139.4910336977318,35.652081917844],[139.49945484843013,35.651447414428475],[139.50131825198892,35.64918796324147],[139.50680095861378,35.650874813785194],[139.51228366523864,35.651168851953365],[139.51683467008414,35.649311768785964],[139.52083023733036,35.646201154480565]]]],"type":"MultiPolygon"},"id":"geoshape:13:2017-01-01:6350ea867dfda9bfe09b","properties":{"administrativeCode":"13225","jurisdictionId":"geoshape:13:2017-01-01:6350ea867dfda9bfe09b","municipalityName":"稲城市","prefectureName":"東京都","snapshotDate":"2017-01-01","sourceDataset":"historical-administrative-areas-beta","sourceProvider":"Geoshape","sourceResourceId":"gci:13225A1971"},"type":"Feature"},{"geometry":{"coordinates":[[[[139.6968681216093,35.79889981792029],[139.69063288662414,35.79057389505309],[139.68946825939992,35.78679782594604],[139.69127791093297,35.78441456921454],[139.6949868007086,35.782619388819384],[139.6984448476975,35.78212416664141],[139.7022612415246,35.78410505535331],[139.70238666291797,35.781071819513215],[139.7044650745797,35.774958920753846],[139.70640014750612,35.76666394927278],[139.71089740032588,35.76361523773963],[139.71326248945817,35.76308906417553],[139.71670261910515,35.760241536652174],[139.7217194748403,35.753850075417695],[139.7226153419359,35.75075493680536],[139.72141488002782,35.746313412896654],[139.71951564178522,35.745044406065595],[139.71043154943618,35.74578723933256],[139.70815604701343,35.741469520968344],[139.70233291089227,35.73614588255512],[139.7009891102489,35.739906475969114],[139.69921529339967,35.73972076765237],[139.69887486390337,35.74239806255204],[139.69453886716082,35.74222782992837],[139.69258587689248,35.74363611799698],[139.6896115981352,35.741330239730786],[139.680760431231,35.738761274682545],[139.6792016224847,35.740185038444224],[139.68083210059865,35.74382182631372],[139.6758869142311,35.74540034700601],[139.672070520404,35.745214638689276],[139.67502688181938,35.751884662398865],[139.6733426516797,35.75451553021935],[139.67370099851792,35.758399929177834],[139.67069088507682,35.7620521927404],[139.66900665493716,35.766540143728285],[139.66114094183808,35.7686757893708],[139.65112514770965,35.76917101154877],[139.6479179435075,35.76861388659855],[139.64297275713997,35.77091976486474],[139.64051808129813,35.769109108776526],[139.63483828391222,35.76879959491529],[139.63473077986075,35.76986741773655],[139.6302156096991,35.77234352862642],[139.62935557728736,35.77173997659702],[139.62939141197117,35.7768779066935],[139.625180836622,35.777930253821694],[139.6247149857323,35.77981828837522],[139.6290688998168,35.785745478817844],[139.63168483173584,35.786333555154194],[139.63155941034245,35.788206114014656],[139.63422909428724,35.79034175965717],[139.63754380254085,35.7908524575282],[139.63940720609963,35.79284882193316],[139.64057183332386,35.79769271386147],[139.64368945081642,35.79821888742557],[139.64824045566192,35.79763081108923],[139.65336481544855,35.80023072752359],[139.65777248155874,35.8005092899987],[139.66975918329743,35.80024620321665],[139.67841325944062,35.79882243945498],[139.68919949927124,35.800880706632185],[139.69384009082628,35.80023072752359],[139.6968681216093,35.79889981792029]]]],"type":"MultiPolygon"},"id":"geoshape:13:2017-01-01:668664a2fc2085504915","properties":{"administrativeCode":"13119","jurisdictionId":"geoshape:13:2017-01-01:668664a2fc2085504915","municipalityName":"板橋区","prefectureName":"東京都","snapshotDate":"2017-01-01","sourceDataset":"historical-administrative-areas-beta","sourceProvider":"Geoshape","sourceResourceId":"gci:13119A1968"},"type":"Feature"},{"geometry":{"coordinates":[[[[139.68398555277503,35.69199373025011],[139.68837530154332,35.69906612197931],[139.68749735178966,35.704002868065984],[139.68887698711683,35.70750037469793],[139.69432385905787,35.71104430840906],[139.6900774490249,35.71147762781478],[139.682785090867,35.71011576682535],[139.68034833236703,35.711260968111915],[139.6818533890876,35.713149002665446],[139.67909411843326,35.71523822122877],[139.67909411843326,35.718271457068866],[139.67368308117602,35.720267821473826],[139.67576149283772,35.721954672017546],[139.67518813789658,35.72370342533352],[139.67733821892594,35.7293675289941],[139.68135170351408,35.72704617503484],[139.68271342149933,35.72364152256127],[139.686619402036,35.72272845667063],[139.69572141172696,35.72173801231469],[139.69982448302466,35.7235486684029],[139.704608413315,35.72300701914574],[139.70593429661642,35.71885953340521],[139.70455466128925,35.7158727246443],[139.70536094167528,35.713706127615666],[139.71053905348765,35.713535894991985],[139.71211577957584,35.71475847474386],[139.7144091993405,35.71317995405157],[139.72250783788442,35.712266888160926],[139.7232603662447,35.710409804993525],[139.7259838022152,35.70920270093471],[139.73184277302022,35.709264603706956],[139.73245196264523,35.70739204484649],[139.73585625760836,35.70918722524165],[139.74280818626997,35.708134878113455],[139.74587205173682,35.702904093858606],[139.73628627381424,35.692194914259915],[139.73157401289157,35.68957952213249],[139.72999728680335,35.68554036624339],[139.7315023435239,35.681501210354284],[139.72852806476664,35.68283211995759],[139.7267542479174,35.67928818624646],[139.71958731115288,35.67831321758357],[139.7194798071014,35.67449072139733],[139.71655928036986,35.67343837426914],[139.71485713288828,35.67507879773368],[139.71288622527803,35.67461452694183],[139.71290414261995,35.6772918218415],[139.71478546352063,35.68086670693875],[139.7113990858994,35.68337376921475],[139.70740351865317,35.68445706772907],[139.70577304053924,35.68804742851938],[139.70270917507239,35.687768866044266],[139.7020999854474,35.68917715411288],[139.69502263539243,35.68665461614383],[139.6876765252088,35.68159406451265],[139.68498892392208,35.68588083149074],[139.6859743777272,35.68789267158876],[139.68321510707284,35.68871288332103],[139.68398555277503,35.69199373025011]]]],"type":"MultiPolygon"},"id":"geoshape:13:2017-01-01:6b3eaa72e7903b5c1f5d","properties":{"administrativeCode":"13104","jurisdictionId":"geoshape:13:2017-01-01:6b3eaa72e7903b5c1f5d","municipalityName":"新宿区","prefectureName":"東京都","snapshotDate":"2017-01-01","sourceDataset":"historical-administrative-areas-beta","sourceProvider":"Geoshape","sourceResourceId":"gci:13104A1968"},"type":"Feature"},{"geometry":{"coordinates":[[[[139.66411522059536,35.67634780456474],[139.66205472627556,35.67562044699084],[139.66175013146307,35.6725253083785],[139.65512071495587,35.670544419666605],[139.65033678466554,35.66990991625107],[139.64773877008838,35.66842424971715],[139.6412706096584,35.66720166996528],[139.63912052862904,35.665839808975846],[139.6325986161733,35.66808378446979],[139.62505541522864,35.66913613159799],[139.62163320292356,35.67264911392299],[139.61030944283561,35.67664184273291],[139.6132837215929,35.67289672501198],[139.61656259516266,35.67263363822993],[139.61618633098252,35.66989444055801],[139.60891189016652,35.67035871134986],[139.60837436990917,35.6763632802578],[139.60326792746443,35.680650047235886],[139.5941838351154,35.68213571376981],[139.59361048017422,35.68413207817477],[139.5905645320493,35.68699508139118],[139.59405841372202,35.68899144579614],[139.58671230353838,35.69395914326894],[139.58828902962657,35.695615042426546],[139.5902599372368,35.6948257820804],[139.59284003447203,35.70109343777038],[139.595473883733,35.705442107520724],[139.58665855151264,35.71191094722051],[139.58499223871488,35.71630604405003],[139.58681980758982,35.71975712360279],[139.5894536568508,35.72028329716689],[139.59384340561908,35.71828693276193],[139.59565305715213,35.72217133172041],[139.59979196313364,35.72392008503638],[139.601942044163,35.72600930359971],[139.61539796793843,35.73028059488474],[139.6245537296551,35.73014131364718],[139.62439247357793,35.72927467483573],[139.62992893222852,35.72040710271138],[139.63188192249686,35.71972617221667],[139.63218651730935,35.71694054746556],[139.63688086089013,35.71650722805983],[139.64179021257382,35.71475847474386],[139.6428473357466,35.71150857920091],[139.65060554479422,35.70934198217227],[139.65822041510654,35.70921817662777],[139.65820249776462,35.70503973950112],[139.66090801639322,35.7046837985607],[139.66108718981235,35.701433903017744],[139.66253849450717,35.69923635460298],[139.66062133892265,35.69652810831719],[139.66115885917998,35.695197198713885],[139.6651006744005,35.695429334109804],[139.66755535024234,35.691746119161124],[139.66094385107706,35.68677842168832],[139.65922378625356,35.68668556752995],[139.6592775382793,35.68190357837389],[139.662574329191,35.67942746748402],[139.66411522059536,35.67634780456474]]]],"type":"MultiPolygon"},"id":"geoshape:13:2017-01-01:6e7ab932506d0824c419","properties":{"administrativeCode":"13115","jurisdictionId":"geoshape:13:2017-01-01:6e7ab932506d0824c419","municipalityName":"杉並区","prefectureName":"東京都","snapshotDate":"2017-01-01","sourceDataset":"historical-administrative-areas-beta","sourceProvider":"Geoshape","sourceResourceId":"gci:13115A1968"},"type":"Feature"},{"geometry":{"coordinates":[[[[139.85559785360186,35.63855616210809],[139.85828545488857,35.63804546423705],[139.85860796704299,35.636358613693325],[139.855777027021,35.638060939930114],[139.84991805621598,35.63838592948441],[139.852139806613,35.64035134250324],[139.85559785360186,35.63855616210809]]],[[[139.84943428798437,35.642765550620865],[139.85038390710568,35.65652344175271],[139.84554622478962,35.65670915006945],[139.84689002543297,35.67385621798181],[139.84823382607632,35.67913342931584],[139.8455103901058,35.68128455065142],[139.8475888017675,35.68809385559857],[139.8477142231609,35.69496506331795],[139.84380824262422,35.69953039277115],[139.8354050092678,35.703012423710035],[139.83438372077885,35.704730225639885],[139.83888097359858,35.70915627385553],[139.83931098980446,35.71087407578538],[139.83363119241858,35.7140156414769],[139.83415079533398,35.71715720716843],[139.83676672725306,35.717961943207634],[139.83904222967578,35.717110780089236],[139.84215984716838,35.719308328504],[139.8513514435689,35.710858600092315],[139.85626079525258,35.71446443657569],[139.86224518745098,35.71283948880421],[139.86659910153543,35.71291686726952],[139.86857000914569,35.714588242120186],[139.86627658938104,35.718534543850915],[139.86874918256478,35.72379627949189],[139.87055883409784,35.72470934538253],[139.87027215662727,35.72874850127163],[139.8721893122118,35.73004845948881],[139.871938469425,35.73243171622032],[139.87394521171908,35.73602207701063],[139.87294184057205,35.737368462306996],[139.87654322629623,35.7370434727527],[139.8775824321271,35.740912396018125],[139.88050295885864,35.74027789260259],[139.881846759502,35.74437895126394],[139.8850181290203,35.745601531015815],[139.8807538016454,35.749733541063286],[139.88998123272972,35.75077041249842],[139.89288384211937,35.74807764190569],[139.89666440126265,35.74670030522319],[139.89945950660083,35.74437895126394],[139.9009645633214,35.74006123289973],[139.90089289395374,35.737461316465364],[139.89793653253838,35.73187459127009],[139.89720192152,35.72675213686667],[139.89865322621483,35.72345581424453],[139.9039746767625,35.71958689097911],[139.90813150008591,35.71386088454628],[139.91621222128794,35.707995596875904],[139.91873856649744,35.69770426098987],[139.91384713215564,35.690925907428856],[139.90865110300135,35.685509414857265],[139.9037955033434,35.6831106824327],[139.893564701112,35.68199643253226],[139.88793865575184,35.6800000681273],[139.88643359903128,35.67856082867256],[139.8856452359872,35.67207651327971],[139.8872398794173,35.66879566635063],[139.8873832181526,35.65616750081229],[139.88689944992097,35.653737817001605],[139.88349515495784,35.64511785596624],[139.87145470119341,35.638649016266456],[139.86903586003538,35.63912876275137],[139.86204809668996,35.63846330794971],[139.85497074663496,35.64025848834487],[139.84943428798437,35.642765550620865]]]],"type":"MultiPolygon"},"id":"geoshape:13:2017-01-01:71307c3e6d64093ac267","properties":{"administrativeCode":"13123","jurisdictionId":"geoshape:13:2017-01-01:71307c3e6d64093ac267","municipalityName":"江戸川区","prefectureName":"東京都","snapshotDate":"2017-01-01","sourceDataset":"historical-administrative-areas-beta","sourceProvider":"Geoshape","sourceResourceId":"gci:13123A1968"},"type":"Feature"},{"geometry":{"coordinates":[[[[139.3303688928128,35.79362260658625],[139.3284875719121,35.791765523418846],[139.3300642980003,35.790604846439216],[139.3262658215151,35.787029961341965],[139.32205524616592,35.78978463470695],[139.32275402250048,35.786302603768064],[139.3205860241292,35.789908440251445],[139.32065769349686,35.783362222086346],[139.32411574048572,35.78108729520628],[139.32106979236082,35.777218371940855],[139.31843594309984,35.77841000030661],[139.31227237748234,35.77553152139713],[139.3091905946736,35.77570175402081],[139.30802596744934,35.777233847633916],[139.30331370652667,35.77813143783149],[139.2998914942216,35.78116467367158],[139.29756223977313,35.780777781345044],[139.29550174545332,35.77765169134658],[139.29213328517397,35.77534581308039],[139.2930829042953,35.77204949045825],[139.29650511660034,35.76666394927278],[139.29743681837974,35.76008677972156],[139.2965409512842,35.75454648160547],[139.2900907081961,35.7600713040285],[139.2877256190638,35.76092246714689],[139.27611518150525,35.76161887333467],[139.2744309513656,35.76089151576077],[139.26903783145028,35.76106174838445],[139.2671923452334,35.76004035264238],[139.26153046518942,35.759839168632574],[139.25687195629246,35.760705807444026],[139.25429185905725,35.76403308145229],[139.24945417674118,35.76660204650053],[139.24481358518614,35.76740678253974],[139.2382737553885,35.76703536590626],[139.2352815592893,35.769372195558574],[139.23173392559085,35.76889244907366],[139.22734417682258,35.77204949045825],[139.2227931719771,35.77240543139867],[139.2209118510764,35.77401490347708],[139.2166654410434,35.772823275111335],[139.21433618659495,35.774092281942394],[139.21053771010975,35.77317921605175],[139.20824429034508,35.7763517331294],[139.20213447675332,35.78248010758183],[139.19889143786736,35.78444552060066],[139.19824641355856,35.78644188500562],[139.19552297758804,35.78682877733216],[139.19217243465062,35.789196558370605],[139.18878605702938,35.78907275282611],[139.18609845574267,35.78777279460893],[139.18195954976116,35.787633513371375],[139.17561681072453,35.78486336431333],[139.17214084639375,35.782201545106716],[139.16665813976886,35.78096348966179],[139.16303883670278,35.778239767682926],[139.15863117059257,35.77791477812863],[139.1580219809676,35.77342682714074],[139.15386515764416,35.77345777852686],[139.14913497937957,35.77884331971233],[139.148239112284,35.77528391030814],[139.1444585531407,35.776955285158806],[139.14282807502678,35.776382684515525],[139.1393879453798,35.77204949045825],[139.1376320458725,35.77243638278479],[139.13743495511147,35.778379048920485],[139.14053465526212,35.77902902802907],[139.14281015768486,35.781056343820154],[139.14780909607813,35.78203131248304],[139.1464832127767,35.785760954510906],[139.14757617063327,35.78901085005386],[139.14693114632448,35.793034530249905],[139.1498158383722,35.79637727995123],[139.15639150285367,35.79863673113824],[139.16092459035724,35.79919385608846],[139.16490224026154,35.80162353989914],[139.1714599874011,35.80346514737349],[139.17357423374665,35.80676146999563],[139.17550930667306,35.806838848460934],[139.17420134071352,35.812827941675806],[139.17740854491566,35.820488409741344],[139.1752405465444,35.82712748206481],[139.1784298334046,35.83059403731063],[139.17694269402597,35.83302372112132],[139.17735479288993,35.83514389107077],[139.17533013325394,35.836072432654476],[139.17190792094888,35.84000325869214],[139.16954283181659,35.84051395656318],[139.16612061951153,35.84297459175998],[139.16642521432402,35.84435192844248],[139.16257298581309,35.849551761311204],[139.16352260493437,35.850867195221454],[139.16922031966217,35.84992317794469],[139.17436259679073,35.848313705866275],[139.1836258625589,35.843578143789394],[139.18688681878677,35.842866261908554],[139.1924411947793,35.84026634547419],[139.19656218341888,35.840173491315824],[139.19930353673132,35.84124131413708],[139.20313784790036,35.841194887057895],[139.20489374740765,35.84456858814534],[139.2074738446429,35.846425671312744],[139.2126519564553,35.846611379629486],[139.21933512498822,35.8425257966612],[139.2202847441095,35.84124131413708],[139.2243878154072,35.8405449079493],[139.23065888507617,35.836737887456124],[139.23280896610552,35.836753363149185],[139.2370195414547,35.84015801562276],[139.24139137288105,35.83980207468234],[139.24307560302074,35.83659860621857],[139.25224928207933,35.83825450537617],[139.25887869858653,35.837186682554915],[139.26050917670048,35.83599505418916],[139.2712595818473,35.83960089067254],[139.2800032447,35.839306852504365],[139.28516343917047,35.83601052988222],[139.290914905924,35.837960467208],[139.2956092495048,35.83384393285359],[139.2966126206518,35.835453404932004],[139.3011636254973,35.83495818275403],[139.3025970128502,35.824047819145534],[139.3047650112215,35.822391919987936],[139.31146609709631,35.82528587459047],[139.3149241440852,35.82523944751129],[139.3161604406771,35.823660926818995],[139.3165008701734,35.81935868414784],[139.31499581345287,35.81434455959585],[139.31675171296018,35.812688660438255],[139.3226106837652,35.80019977613747],[139.32572830125775,35.79521660297161],[139.3303688928128,35.79362260658625]]]],"type":"MultiPolygon"},"id":"geoshape:13:2017-01-01:72076655d6aedac1bd62","properties":{"administrativeCode":"13205","jurisdictionId":"geoshape:13:2017-01-01:72076655d6aedac1bd62","municipalityName":"青梅市","prefectureName":"東京都","snapshotDate":"2017-01-01","sourceDataset":"historical-administrative-areas-beta","sourceProvider":"Geoshape","sourceResourceId":"gci:13205A1968"},"type":"Feature"},{"geometry":{"coordinates":[[[[139.1717824995555,34.21963629236064],[139.1757422321179,34.21646377528299],[139.17490011704808,34.215968553105014],[139.17326963893416,34.213569820680455],[139.17473886097088,34.21005683835545],[139.1752405465444,34.20434630761569],[139.171477904743,34.205878401228794],[139.1703311948607,34.20457844301161],[139.16896947687542,34.208447366277035],[139.16558309925418,34.20830808503948],[139.15666026298234,34.20474867563529],[139.1537755709346,34.201870196725814],[139.15350681080594,34.19957979415268],[139.15637358551174,34.197908419302024],[139.15529854499707,34.195200173016225],[139.1517329939567,34.19267763504717],[139.15144631648613,34.19414782588803],[139.14714615442742,34.19653108261953],[139.14608903125463,34.194349009897834],[139.14644737809286,34.1894741665834],[139.14537233757818,34.18788017019804],[139.1453544202363,34.18786469450498],[139.14345518199366,34.18976820475157],[139.14211138135033,34.18572904886247],[139.14135885299004,34.187957548663356],[139.13820540081366,34.18557429193186],[139.13684368282838,34.18658021198086],[139.13254352076967,34.18670401752536],[139.13026801834692,34.184661226041214],[139.1269533100933,34.186936152921284],[139.12693539275142,34.18692067722822],[139.1253586666632,34.18741589940619],[139.1251436585603,34.18959797212789],[139.12335192436916,34.188793236088685],[139.12003721611555,34.18986105890994],[139.11987596003834,34.19153243376061],[139.12034181092804,34.19538588133297],[139.12157810751992,34.198651252568986],[139.12569909615954,34.20070951974619],[139.1316476536741,34.20123569331029],[139.13311687571084,34.205058189496526],[139.1327585288726,34.20835451211867],[139.13064428252707,34.21624711558013],[139.13358272660054,34.218398236915704],[139.1287987963102,34.22003866038024],[139.1291392258065,34.22302546914115],[139.13424566825125,34.22339688577463],[139.1368795175122,34.22593489943675],[139.13625241054532,34.229215746365824],[139.13492652724386,34.23187756557244],[139.13618074117767,34.232929912700634],[139.13424566825125,34.234941752798655],[139.13739912042763,34.23732500953015],[139.13713036029898,34.241240359874766],[139.1395671187989,34.243205772893596],[139.1432043392069,34.243778373536884],[139.14866912848987,34.2397701690339],[139.15619441209265,34.23942970378654],[139.15820115438672,34.23775832893588],[139.16769734559972,34.23415249245251],[139.1703491122026,34.231119256612416],[139.1717645822136,34.22429447597221],[139.1717824995555,34.21963629236064]]],[[[139.07678475274156,34.18815873267316],[139.0766593313482,34.18574452455553],[139.07501093589235,34.18719923970333],[139.07678475274156,34.18815873267316]]],[[[139.19238744275356,34.20934495647461],[139.19186783983812,34.206033158159414],[139.18923399057715,34.20869497736602],[139.19238744275356,34.20934495647461]]]],"type":"MultiPolygon"},"id":"geoshape:13:2017-01-01:72812b82fec434f8d47b","properties":{"administrativeCode":"13364","jurisdictionId":"geoshape:13:2017-01-01:72812b82fec434f8d47b","municipalityName":"神津島村","prefectureName":"東京都","snapshotDate":"2017-01-01","sourceDataset":"historical-administrative-areas-beta","sourceProvider":"Geoshape","sourceResourceId":"gci:13364A1968"},"type":"Feature"},{"geometry":{"coordinates":[[[[140.3039614175913,30.495766698004637],[140.30706111774197,30.49510124320299],[140.31284841917932,30.4895609450869],[140.3143893105837,30.487146736969276],[140.31385179032637,30.48197785548667],[140.3109133462529,30.476251849053845],[140.30890660395883,30.474642376975428],[140.29838912425686,30.47303290489701],[140.29557610157678,30.474549522817057],[140.2864203398601,30.483540900485902],[140.28839124747034,30.487394348058263],[140.29206430256215,30.492315618451883],[140.29806661210247,30.49411079884704],[140.29835328957304,30.49510124320299],[140.3039614175913,30.495766698004637]]],[[[139.84554622478962,35.65670915006945],[139.85038390710568,35.65652344175271],[139.84943428798437,35.642765550620865],[139.84097730260223,35.64298221032373],[139.8417298309625,35.6507510082407],[139.84296612755438,35.65681747992088],[139.84554622478962,35.65670915006945]]],[[[139.81008780514708,35.61354744212039],[139.81893897205126,35.608873782815756],[139.79157919095266,35.59395521470429],[139.79027122499312,35.595456356931265],[139.79412345350406,35.60113593628491],[139.7991044745554,35.60695479687611],[139.80874400450372,35.61218558113096],[139.81008780514708,35.61354744212039]]],[[[139.82664342907313,35.59759200257378],[139.83219780506565,35.5889410901523],[139.81342043074258,35.57872713273158],[139.80847524437505,35.58386506282806],[139.7933709251438,35.592763586338535],[139.80378090079427,35.59841221430605],[139.80560846966924,35.59615276311904],[139.80743603854418,35.59714320747499],[139.80559055232732,35.599402658662],[139.82031860737845,35.60738811628183],[139.82664342907313,35.59759200257378]]]],"type":"MultiPolygon"},"id":"geoshape:13:2017-01-01:787639624d50a2b4ce74","properties":{"jurisdictionId":"geoshape:13:2017-01-01:787639624d50a2b4ce74","municipalityName":"所属未定地","prefectureName":"東京都","snapshotDate":"2017-01-01","sourceDataset":"historical-administrative-areas-beta","sourceProvider":"Geoshape","sourceResourceId":"gci:13B9990001"},"type":"Feature"},{"geometry":{"coordinates":[[[[139.4175725958953,35.68275474149228],[139.42241027821134,35.6791489050089],[139.42982805776265,35.670822982141715],[139.44070388430285,35.66019118100833],[139.44201185026236,35.65796268120745],[139.43833879517055,35.654573504426935],[139.43781919225512,35.65003912635986],[139.43398488108608,35.650781959626826],[139.43308901399053,35.64827489735083],[139.42979222307883,35.64739278284631],[139.4305268340972,35.646061873243006],[139.42757047268182,35.64524166151074],[139.42735546457888,35.64378694636294],[139.42140690706432,35.64626305725281],[139.41680215019312,35.64904868200391],[139.41501041600196,35.647036841905894],[139.41053108052412,35.644901196263376],[139.40641009188454,35.6452571372038],[139.40451085364194,35.64358576235313],[139.39936857651338,35.641187029928574],[139.3920045489878,35.63959303354322],[139.38985446795846,35.64115607854245],[139.3820245895432,35.641310835473064],[139.3780827743227,35.639329946761166],[139.37718690722713,35.64101679730489],[139.3785665425543,35.64409646022417],[139.37638062684113,35.64541189413441],[139.3739617856831,35.64409646022417],[139.36880159121262,35.644313119927034],[139.3654331309333,35.64640233849036],[139.357406161757,35.65537824046615],[139.35941290405108,35.65681747992088],[139.35889330113565,35.659355493583],[139.37242089427872,35.66574695481748],[139.37046790401038,35.66856353095471],[139.37242089427872,35.672386027140945],[139.37643437886686,35.67631685317862],[139.3767031389955,35.67820488773214],[139.3750547435397,35.68174882144327],[139.37519808227498,35.68578797733237],[139.37804693963886,35.6876760118859],[139.37964158306897,35.686762945995255],[139.37627312278966,35.691637789309695],[139.38508845501002,35.69128184836927],[139.3951400838223,35.68917715411288],[139.41248407079246,35.68359042891761],[139.4175725958953,35.68275474149228]]]],"type":"MultiPolygon"},"id":"geoshape:13:2017-01-01:7be028b77a6fdc297ad9","properties":{"administrativeCode":"13212","jurisdictionId":"geoshape:13:2017-01-01:7be028b77a6fdc297ad9","municipalityName":"日野市","prefectureName":"東京都","snapshotDate":"2017-01-01","sourceDataset":"historical-administrative-areas-beta","sourceProvider":"Geoshape","sourceResourceId":"gci:13212A1968"},"type":"Feature"},{"geometry":{"coordinates":[[[[139.51636881919444,35.76558065075846],[139.5085926928049,35.7620521927404],[139.5047942163197,35.76110817546363],[139.4971972633493,35.76243908506694],[139.50121074793745,35.76562707783765],[139.4992577576691,35.771678073824766],[139.4976810315809,35.77214234461662],[139.49678516448535,35.77870403847478],[139.49938317906248,35.78217059372059],[139.50671137190423,35.782774145750004],[139.50846727141152,35.78466218030353],[139.51190740105852,35.785080024016196],[139.51403956474596,35.78850015218283],[139.52117066682666,35.78845372510364],[139.5292693053706,35.79413330445728],[139.536866258341,35.8039448938584],[139.54166810597326,35.807287643559725],[139.5442840378923,35.80663766445113],[139.54720456462385,35.80266041133427],[139.54621911081873,35.79924028316764],[139.5440869471313,35.79650108549572],[139.5398226197564,35.793746412130744],[139.53758295201746,35.790759603369835],[139.5438002696607,35.788190638321595],[139.5438002696607,35.78283604852225],[139.54297607193277,35.779802812682156],[139.5374933653079,35.7768779066935],[139.5343219957896,35.77418513610076],[139.52844510764268,35.77303993481419],[139.52634877863906,35.77161617105252],[139.52305198772737,35.771941160606815],[139.51636881919444,35.76558065075846]]]],"type":"MultiPolygon"},"id":"geoshape:13:2017-01-01:7d16309a04a3068cefc1","properties":{"administrativeCode":"13221","jurisdictionId":"geoshape:13:2017-01-01:7d16309a04a3068cefc1","municipalityName":"清瀬市","prefectureName":"東京都","snapshotDate":"2017-01-01","sourceDataset":"historical-administrative-areas-beta","sourceProvider":"Geoshape","sourceResourceId":"gci:13221A1970"},"type":"Feature"},{"geometry":{"coordinates":[[[[139.5619684543588,35.63259802027933],[139.5632047509507,35.63739548512846],[139.5633660070279,35.64137273824531],[139.56574901350209,35.647176123143446],[139.5687770442851,35.64747016131162],[139.56947582061966,35.64903320631085],[139.57431350293572,35.6507510082407],[139.57651733599081,35.650333164528035],[139.5806204072885,35.64729992868794],[139.58432929706416,35.64839870289532],[139.58558351099794,35.64550474829279],[139.58764400531774,35.646170203094435],[139.58658688214499,35.642641745076375],[139.58443680111563,35.641078700077145],[139.58778734405305,35.634965801317776],[139.59140664711913,35.633062291071184],[139.59126330838384,35.63105045097316],[139.59362839751614,35.62662440275752],[139.5922845968728,35.624225670332955],[139.59022410255298,35.62453518419419],[139.58932823545743,35.62122338587899],[139.5902420198949,35.618437761127886],[139.58278840565978,35.62159480251247],[139.57655317067463,35.62198169483901],[139.57245009937694,35.623684021075796],[139.56793492921528,35.626841062460386],[139.56562359210872,35.6271970034008],[139.56617902970797,35.62945645458781],[139.5619684543588,35.63259802027933]]]],"type":"MultiPolygon"},"id":"geoshape:13:2017-01-01:7dae82002a9fe988be72","properties":{"administrativeCode":"13219","jurisdictionId":"geoshape:13:2017-01-01:7dae82002a9fe988be72","municipalityName":"狛江市","prefectureName":"東京都","snapshotDate":"2017-01-01","sourceDataset":"historical-administrative-areas-beta","sourceProvider":"Geoshape","sourceResourceId":"gci:13219A1970"},"type":"Feature"},{"geometry":{"coordinates":[[[[139.32106979236082,35.777218371940855],[139.32879216672458,35.77133760857741],[139.3315156026951,35.7729161292697],[139.33364776638257,35.770950716250866],[139.3331998328348,35.76760796654954],[139.33642495437883,35.76604492155031],[139.33477655892298,35.76493067164987],[139.33585159943766,35.759297519375416],[139.3403667695993,35.753726269873205],[139.3430185362022,35.753834599724634],[139.34264227202206,35.74984187091472],[139.3387362914854,35.75010495769677],[139.33776875502218,35.75194656517111],[139.33577993007003,35.7511418291319],[139.32938343900767,35.75237988457684],[139.32492202087175,35.754840519773644],[139.32205524616592,35.75360246432871],[139.32094437096742,35.75004305492452],[139.31879428993807,35.75069303403311],[139.31386702091245,35.74711814893586],[139.31105399823235,35.75063113126087],[139.3025970128502,35.75519646071406],[139.2965409512842,35.75454648160547],[139.29743681837974,35.76008677972156],[139.29650511660034,35.76666394927278],[139.2930829042953,35.77204949045825],[139.29213328517397,35.77534581308039],[139.29550174545332,35.77765169134658],[139.29756223977313,35.780777781345044],[139.2998914942216,35.78116467367158],[139.30331370652667,35.77813143783149],[139.30802596744934,35.777233847633916],[139.3091905946736,35.77570175402081],[139.31227237748234,35.77553152139713],[139.31843594309984,35.77841000030661],[139.32106979236082,35.777218371940855]]]],"type":"MultiPolygon"},"id":"geoshape:13:2017-01-01:852a1c4c16e70cacede7","properties":{"administrativeCode":"13227","jurisdictionId":"geoshape:13:2017-01-01:852a1c4c16e70cacede7","municipalityName":"羽村市","prefectureName":"東京都","snapshotDate":"2017-01-01","sourceDataset":"historical-administrative-areas-beta","sourceProvider":"Geoshape","sourceResourceId":"gci:13227A1991"},"type":"Feature"},{"geometry":{"coordinates":[[[[139.6858489563338,33.136616340517236],[139.68988035826388,33.131246275024836],[139.69579308109462,33.1289558724517],[139.69901820263865,33.12454529992912],[139.6993944668188,33.11936094275345],[139.70106077961654,33.11858715810037],[139.70014699517907,33.11635865829948],[139.69285463702116,33.11762766513054],[139.6888232350911,33.11617294998274],[139.68402138745887,33.11830859562526],[139.68065292717952,33.12581430676018],[139.67518813789658,33.131091518094216],[139.6758869142311,33.13542471215149],[139.67748155766122,33.13627587526988],[139.67878952362074,33.13427951086493],[139.68300009896993,33.136616340517236],[139.6858489563338,33.136616340517236]]],[[[139.76000883450487,33.158978716991385],[139.76126304843865,33.159288230852624],[139.7681253903907,33.15750852615052],[139.77185219750825,33.158715630209336],[139.77883996085367,33.15348484595449],[139.78348055240872,33.1488730894221],[139.7867773433204,33.14777431521472],[139.79602269174666,33.14163046506923],[139.79788609530544,33.13367595883552],[139.80376298345237,33.13160221596525],[139.8055547176435,33.12945109462967],[139.8095323675478,33.13030225774807],[139.8114136884485,33.12830589334311],[139.8155167597462,33.12733092468022],[139.81696806444103,33.12335367156337],[139.81976316977918,33.1230596333952],[139.8167888910219,33.12189895641557],[139.81702181646676,33.120227581564905],[139.82259410980117,33.11980973785224],[139.82646425565403,33.11762766513054],[139.83040607087452,33.117116967259506],[139.8357454387641,33.118107411615455],[139.84273320210954,33.116281279834176],[139.84545663808007,33.11663722077459],[139.84896843709467,33.11163857191567],[139.8515485343299,33.10462808295872],[139.85749709184446,33.09904135776345],[139.8545228130872,33.0940117575184],[139.85439739169382,33.0914273167771],[139.85866171906872,33.08582511588877],[139.85859004970106,33.07934080049591],[139.85463031713866,33.077530144407696],[139.84861009025644,33.07787060965505],[139.84529538200286,33.07558020708193],[139.8400276834809,33.07599805079459],[139.83741175156186,33.070117287431145],[139.83343410165753,33.06722333282861],[139.83436580343692,33.06295204154358],[139.83343410165753,33.054873729765376],[139.83640838041484,33.05190239669753],[139.83631879370526,33.04942628580766],[139.8321082183561,33.045897827789595],[139.82709136262093,33.05012269199544],[139.81935107091522,33.05844861486263],[139.8126858197242,33.059702146000625],[139.80926360741915,33.05883550718917],[139.80215042268034,33.0638341560481],[139.7989253011363,33.062874663078276],[139.79523432870255,33.063153225553386],[139.79349634653715,33.065706714908565],[139.79046831575414,33.06649597525471],[139.78181423961095,33.0719124678263],[139.7801479268132,33.07533259599293],[139.7804525216257,33.08183238707885],[139.77957457187205,33.08695484148227],[139.7801120921294,33.089492855144385],[139.77876829148605,33.09596169484417],[139.776152359567,33.09842233004098],[139.777764920339,33.100000850733274],[139.77280181662957,33.097725923853204],[139.7695408604017,33.09914968761488],[139.76719368861131,33.10176507974231],[139.75832460436519,33.10235315607865],[139.75397069028074,33.10583518701753],[139.7518385265933,33.11012195399562],[139.75246563356018,33.112273075331196],[139.75097849418154,33.115817009042324],[139.74463575514494,33.122533459831104],[139.7434890452626,33.126092869235286],[139.74185856714868,33.12671189695776],[139.7398518248546,33.13132365349014],[139.7398697421965,33.13414022962737],[139.7382571814245,33.13870555908057],[139.73961889940975,33.14375063501868],[139.73861552826273,33.145746999423636],[139.74200190588397,33.148021926303706],[139.74384739210083,33.15269558560834],[139.7434532105788,33.15394911674633],[139.74739502579928,33.15627047070559],[139.75289564976606,33.157988272635436],[139.76000883450487,33.158978716991385]]]],"type":"MultiPolygon"},"id":"geoshape:13:2017-01-01:8fa35dc2f02cb7d84754","properties":{"administrativeCode":"13401","jurisdictionId":"geoshape:13:2017-01-01:8fa35dc2f02cb7d84754","municipalityName":"八丈町","prefectureName":"東京都","snapshotDate":"2017-01-01","sourceDataset":"historical-administrative-areas-beta","sourceProvider":"Geoshape","sourceResourceId":"gci:13401A1968"},"type":"Feature"},{"geometry":{"coordinates":[[[[139.13609115446812,35.770254310063095],[139.1387787557548,35.76821151857895],[139.1434910166775,35.76632348402542],[139.14721782379505,35.762129571205705],[139.14465564390173,35.76021058526605],[139.14040923386875,35.759003481207245],[139.14073174602314,35.755444071803055],[139.1493499874825,35.7542524434373],[139.15399057903755,35.75010495769677],[139.15657067627276,35.74470394081824],[139.16409595987554,35.741330239730786],[139.16585185938285,35.736176833941244],[139.16431096797848,35.732493618992564],[139.1662460409049,35.72908896651899],[139.16538600849316,35.72727831043077],[139.16549351254463,35.72257369974002],[139.16694481723945,35.722805835135944],[139.16572643798946,35.71842621399948],[139.16638937964018,35.71373707900179],[139.16511724836448,35.71127644380498],[139.1653143391255,35.706277794946054],[139.17006243473202,35.70336836465046],[139.1724096065224,35.70093868083977],[139.1719437556327,35.69281394198238],[139.16968617055187,35.690879480349665],[139.17140623537537,35.688743834707154],[139.1697220052357,35.67956674872157],[139.16597728077622,35.675109749119805],[139.16456181076524,35.670095624567814],[139.16160544934985,35.66791355184611],[139.15359639751549,35.66602551729259],[139.1471640717693,35.666814777638734],[139.14264890160766,35.67008014887475],[139.1389220944901,35.670544419666605],[139.1367361787769,35.67241697852707],[139.1310384640491,35.67204556189359],[139.12684580604187,35.67685850243578],[139.11933843978102,35.680510765998335],[139.1163283263399,35.68388446708578],[139.1136228077113,35.684364213570696],[139.10815801842833,35.68982713322147],[139.10563167321882,35.69101876158722],[139.09710301846903,35.69227229272522],[139.09224741881107,35.69056996648843],[139.08439962305388,35.69307702876443],[139.0820166165797,35.6955531396543],[139.07655182729673,35.69490316054571],[139.0721083265027,35.69541385841674],[139.07069285649172,35.697595931138444],[139.0648518030286,35.698153056088664],[139.06271963934117,35.700722021136905],[139.0520229862201,35.704900458263566],[139.05067918557674,35.70737656915343],[139.04738239466505,35.709249128013894],[139.04388851299234,35.709465787716766],[139.03903291333438,35.711121686874364],[139.03478650330138,35.71495965875366],[139.02679536880893,35.71816312721744],[139.02208310788623,35.722651078205324],[139.02090056332008,35.72727831043077],[139.01785461519518,35.73128651493375],[139.0149161711217,35.733344782110954],[139.01228232186074,35.73866842052418],[139.02167100902227,35.74013861136504],[139.02711788096332,35.74238258685898],[139.02756581451112,35.74396110755127],[139.03175847251836,35.744332524184756],[139.034463991147,35.742459965324294],[139.03967793764318,35.744394426957],[139.04141591980857,35.746174131659096],[139.03967793764318,35.75010495769677],[139.0420788614593,35.754113162199744],[139.04311806729015,35.75767257160393],[139.04578775123494,35.75804398823742],[139.04917412885618,35.76005582833544],[139.0548897609259,35.76017963387993],[139.0566098257494,35.76329024818533],[139.06094582249193,35.7641104599176],[139.06361550643672,35.76559612645152],[139.06650019848445,35.76564255353071],[139.07359546588134,35.77002217466717],[139.07502885323424,35.77200306337906],[139.08008154365325,35.770099553132475],[139.08319916114584,35.76996027189492],[139.0867826295281,35.771244754419044],[139.08846685966776,35.77019240729084],[139.0934120460353,35.76996027189492],[139.09661925023744,35.77591841372367],[139.10220946091377,35.778379048920485],[139.10584668132176,35.77910640649438],[139.10754882880335,35.776831479614316],[139.11435741872964,35.77355063268523],[139.117116689384,35.77144593842884],[139.122778569428,35.76951147679613],[139.12512574121837,35.76760796654954],[139.12815377200138,35.76700441452014],[139.13075178657854,35.765116379966614],[139.13609115446812,35.770254310063095]]]],"type":"MultiPolygon"},"id":"geoshape:13:2017-01-01:905c74d90cc5d68f325b","properties":{"administrativeCode":"13307","jurisdictionId":"geoshape:13:2017-01-01:905c74d90cc5d68f325b","municipalityName":"檜原村","parentJurisdictionName":"西多摩郡","prefectureName":"東京都","snapshotDate":"2017-01-01","sourceDataset":"historical-administrative-areas-beta","sourceProvider":"Geoshape","sourceResourceId":"gci:13307A1968"},"type":"Feature"},{"geometry":{"coordinates":[[[[139.7976352525187,35.617385413999685],[139.7943742962908,35.61394981013999],[139.78529020394177,35.6251387362236],[139.78987704347108,35.62763032280653],[139.79792192998926,35.61772587924705],[139.7976352525187,35.617385413999685]]],[[[139.77344684093836,35.620263892909165],[139.77135051193474,35.62314237181864],[139.78236967721023,35.629502881666994],[139.78494977444544,35.62634584028241],[139.78099004188306,35.6238852050856],[139.79263631412542,35.609585664696596],[139.78672359129467,35.60184781816575],[139.7731601634678,35.61849966390013],[139.77344684093836,35.620263892909165]]],[[[139.84011727019046,35.63115878082459],[139.83868388283756,35.61421289692204],[139.83553043066118,35.61249509499219],[139.83062107897746,35.61848418820707],[139.83293241608402,35.61973771934507],[139.83171403683406,35.62123886157205],[139.82741387477535,35.61979962211731],[139.82585506602905,35.63069451003275],[139.83701757003982,35.631777808547064],[139.84011727019046,35.63115878082459]]],[[[139.82481586019819,35.63967041200853],[139.83295033342594,35.6403668181963],[139.8327711600068,35.638200221167665],[139.82512045501068,35.6374573879007],[139.82555047121656,35.63448605483286],[139.82116072244827,35.634068211120194],[139.82044402877182,35.639082335672185],[139.82286286992985,35.642316755522074],[139.82615966084154,35.642626269383314],[139.82481586019819,35.63967041200853]]],[[[139.78245926391978,35.63900495720687],[139.78969787005195,35.643431005422514],[139.79014580359973,35.64312149156129],[139.78245926391978,35.63900495720687]]],[[[139.8354050092678,35.703012423710035],[139.84380824262422,35.69953039277115],[139.8477142231609,35.69496506331795],[139.8475888017675,35.68809385559857],[139.8455103901058,35.68128455065142],[139.84823382607632,35.67913342931584],[139.84689002543297,35.67385621798181],[139.84554622478962,35.65670915006945],[139.84296612755438,35.65681747992088],[139.8417298309625,35.6507510082407],[139.84097730260223,35.64298221032373],[139.84026060892577,35.63389797849651],[139.82159073865415,35.631948041170745],[139.82125030915782,35.63343370770467],[139.8336670271024,35.634625336070414],[139.8344733074884,35.64406550883805],[139.8216803253637,35.642935783244546],[139.820408194088,35.641635825027365],[139.80811689753682,35.64045967235467],[139.80772271601478,35.64335362695721],[139.80917402070958,35.64567498091647],[139.8060384858751,35.644885720570315],[139.8069881049964,35.63690026295048],[139.80136205963623,35.636358613693325],[139.80148748102962,35.6328146799822],[139.8003407711473,35.631065926666224],[139.80218625736416,35.626222034737914],[139.79856695429808,35.621811462215334],[139.79202712450044,35.62987429830048],[139.78729694623584,35.62727438186611],[139.7786966221184,35.63741096082152],[139.78127671935363,35.63878829750401],[139.78263843733887,35.63768952329663],[139.7843764195043,35.6394382766126],[139.79444596565847,35.644901196263376],[139.79587935301137,35.64312149156129],[139.79810110340838,35.64474643933276],[139.79768900454442,35.64785705363816],[139.7948222298386,35.6504260186864],[139.79304841298938,35.65030221314191],[139.79469680844522,35.64722255022264],[139.78016584415514,35.639360898147295],[139.77875037414412,35.63939184953342],[139.77613444222507,35.64240960968044],[139.78659816990128,35.6494974771027],[139.79242130602248,35.6529330809624],[139.78959036600048,35.65626035497066],[139.78907076308505,35.66563862496605],[139.78729694623584,35.6714729612503],[139.78717152484245,35.674506197090395],[139.78908868042697,35.67916438070197],[139.79186586842323,35.68256903317554],[139.79265423146734,35.686468907827084],[139.7903966463865,35.68928548396431],[139.79347842919526,35.69081757757742],[139.79672146808122,35.68854265069736],[139.79917614392306,35.68971880337004],[139.80048410988258,35.68829503960836],[139.8048021892832,35.688496223618166],[139.80499928004423,35.68677842168832],[139.80946069818017,35.68699508139118],[139.8118795393382,35.68855812639042],[139.81146744047425,35.6919163517848],[139.81338459605874,35.69267466074483],[139.81969150041155,35.693030601685244],[139.8186881292645,35.708011072568965],[139.8306748310032,35.703012423710035],[139.8354050092678,35.703012423710035]]]],"type":"MultiPolygon"},"id":"geoshape:13:2017-01-01:945917fe041c21c26f49","properties":{"administrativeCode":"13108","jurisdictionId":"geoshape:13:2017-01-01:945917fe041c21c26f49","municipalityName":"江東区","prefectureName":"東京都","snapshotDate":"2017-01-01","sourceDataset":"historical-administrative-areas-beta","sourceProvider":"Geoshape","sourceResourceId":"gci:13108A1968"},"type":"Feature"},{"geometry":{"coordinates":[[[[139.53392781426754,35.69897326782093],[139.53419657439622,35.694887684852645],[139.53136563437423,35.694609122377535],[139.53215399741833,35.688774786093276],[139.52853469435223,35.69067829633987],[139.52487955660231,35.69010569569659],[139.52692213358023,35.684209456640076],[139.5245032924222,35.68793909866795],[139.52226362468326,35.687366498024666],[139.51807096667602,35.6913901782207],[139.51527586133784,35.68999736584515],[139.5145770850033,35.68609749119361],[139.50518839784175,35.68697960569812],[139.5028949780771,35.68458087327356],[139.50112116122787,35.68458087327356],[139.50294873010284,35.68727364386629],[139.4999027819779,35.687180789707924],[139.49870232006984,35.685633220401755],[139.495441363842,35.686902227232814],[139.4957817933383,35.688650980548786],[139.48902695543774,35.69095685881498],[139.48780857618775,35.69197825455705],[139.48958239303698,35.695444809802865],[139.49144579659577,35.70024227465199],[139.48445803325032,35.70225411475001],[139.48743231200763,35.706463503262796],[139.48571224718413,35.70838248920244],[139.49162497001487,35.70807297534121],[139.49243125040087,35.710131242518415],[139.49540552915818,35.70963602034044],[139.4959072147317,35.71316447835851],[139.5006732276801,35.71231331524011],[139.50782224710272,35.71222046108174],[139.5085926928049,35.716367946822274],[139.51493543184154,35.717250061326794],[139.52314157443692,35.71906071741501],[139.52292656633398,35.71763695365334],[139.52645628269053,35.71728101271292],[139.52521998609865,35.71305614850708],[139.5273879844699,35.712808537418084],[139.52715505902506,35.70991458281555],[139.53254817894037,35.70910984677634],[139.53218983210215,35.70291956955167],[139.53392781426754,35.69897326782093]],[[139.49717934600739,35.68725816817323],[139.49717934600739,35.68725816817323]]]],"type":"MultiPolygon"},"id":"geoshape:13:2017-01-01:96748511b9eb0862e4b6","properties":{"administrativeCode":"13210","jurisdictionId":"geoshape:13:2017-01-01:96748511b9eb0862e4b6","municipalityName":"小金井市","prefectureName":"東京都","snapshotDate":"2017-01-01","sourceDataset":"historical-administrative-areas-beta","sourceProvider":"Geoshape","sourceResourceId":"gci:13210A1968"},"type":"Feature"},{"geometry":{"coordinates":[[[[139.84674668669766,35.79650108549572],[139.84427409351392,35.79385474198217],[139.84525954731902,35.78771089183668],[139.84966721342923,35.77967900713766],[139.85776585197314,35.770826910706376],[139.858805057804,35.76790200471771],[139.85656539006507,35.764419973778836],[139.8521756412968,35.76575088338214],[139.85129769154315,35.76988289342961],[139.84579706757637,35.76951147679613],[139.84169399627868,35.76644728956992],[139.83768051169054,35.7657663590752],[139.83748342092952,35.7631819183339],[139.83173195417595,35.763708091897996],[139.8309973431576,35.75908085967255],[139.82755721351063,35.75734758204964],[139.82542504982317,35.759127286751735],[139.8262492475511,35.761680776106914],[139.8243679266504,35.76178910595834],[139.8235437289225,35.755861915515716],[139.8202469380108,35.75598572106021],[139.8197452524373,35.76044272066198],[139.81354585213595,35.75966893600889],[139.81347418276832,35.75446910314017],[139.81716515520205,35.74914546472694],[139.82035444206227,35.743434933987174],[139.8172547419116,35.74208854869081],[139.81449547125726,35.73880770176173],[139.81304416656243,35.740742163394444],[139.80910235134195,35.740865968938934],[139.8024371001509,35.738637469138055],[139.7948043124967,35.7398290975038],[139.79242130602248,35.740773114780566],[139.78892742434977,35.744394426957],[139.78869449890493,35.74702529477749],[139.79113125740486,35.750306141706574],[139.7888020029564,35.75250369012133],[139.78398223798223,35.75403578373444],[139.77165510674723,35.75361794002177],[139.75796625752696,35.754855995466706],[139.7499930403764,35.75649641893125],[139.74888216517792,35.75980821724645],[139.758163348288,35.76459020640252],[139.76000883450487,35.766524668035224],[139.75793042284315,35.77017693159778],[139.7549740614278,35.768381751202625],[139.74640957199415,35.76700441452014],[139.73673420736202,35.77022335867697],[139.73574875355692,35.77163164674558],[139.73788091724435,35.77743503164372],[139.73804217332156,35.780220656394825],[139.74261109550895,35.78169084723568],[139.74630206794268,35.78388839565044],[139.74669624946475,35.7868133016391],[139.75002887506025,35.78593118713459],[139.75499197876968,35.78689068010441],[139.75560116839466,35.790032245795935],[139.75997299982103,35.794334488467086],[139.76076136286514,35.79746057846555],[139.75529657358217,35.80318658489838],[139.75065598202715,35.80666861583725],[139.75191019596093,35.81093990712228],[139.75520698687262,35.81073872311248],[139.75561908573658,35.812704136131316],[139.75839627373284,35.81203868132966],[139.76128096578057,35.81288984444806],[139.7657782186003,35.81573737197141],[139.7671578539275,35.81765635791106],[139.7717626107987,35.81688257325797],[139.77923414237574,35.808247136529545],[139.78149172745657,35.80714836232217],[139.78722527686818,35.80688527554012],[139.79399803211066,35.80519842499639],[139.79883571442673,35.80618886935234],[139.80231167875755,35.808556650390784],[139.8132950093492,35.80832451499486],[139.8196556657277,35.81177559454761],[139.8210532183968,35.81507191716975],[139.82492336424966,35.81189940009211],[139.8207486235843,35.80553889024375],[139.81963774838582,35.799580748414996],[139.82047986345563,35.79753795693085],[139.82605215679007,35.7933595198042],[139.8327711600068,35.79568087376345],[139.83800302384495,35.80080332816687],[139.84337822641834,35.79979740811787],[139.84674668669766,35.79650108549572]]]],"type":"MultiPolygon"},"id":"geoshape:13:2017-01-01:9819fcc886db3e7207c5","properties":{"administrativeCode":"13121","jurisdictionId":"geoshape:13:2017-01-01:9819fcc886db3e7207c5","municipalityName":"足立区","prefectureName":"東京都","snapshotDate":"2017-01-01","sourceDataset":"historical-administrative-areas-beta","sourceProvider":"Geoshape","sourceResourceId":"gci:13121A1968"},"type":"Feature"},{"geometry":{"coordinates":[[[[139.53236900552128,34.1246310126549],[139.5360778952969,34.123315578744666],[139.53933885152478,34.123810800922634],[139.5466312096827,34.11995735335027],[139.5471149779143,34.117403863995094],[139.55123596655392,34.116305089787716],[139.55539278987735,34.112575447759845],[139.55883291952432,34.111290965235725],[139.56187886764926,34.10850534048462],[139.56334808968597,34.105503056030656],[139.56345559373744,34.1024543444975],[139.56567734413446,34.101216289052566],[139.56368851918228,34.10050440717173],[139.56551608805725,34.09751759841082],[139.56524732792857,34.09375700499683],[139.5616459422044,34.08699412712887],[139.56162802486247,34.082660933071594],[139.56388560994333,34.079441988914766],[139.562935990822,34.07773966267798],[139.56388560994333,34.07438143728359],[139.56322266829258,34.06905779887037],[139.56092924852794,34.068748285009136],[139.55874333281477,34.06435318817961],[139.55515986443248,34.06311513273468],[139.55369064239576,34.06039141075582],[139.55073428098038,34.058441473430044],[139.54560992119374,34.05820933803412],[139.54039597469753,34.05622844932222],[139.5377621254366,34.053783289818476],[139.53373072350652,34.05274641838334],[139.5340174009771,34.04971318254325],[139.53170606387053,34.046912082099084],[139.5291080492934,34.046494238386416],[139.52573958901405,34.049357241602834],[139.52319532646266,34.04898582496935],[139.52032855175685,34.0468656550199],[139.5123911692901,34.048815592345676],[139.50837768470197,34.04740730427706],[139.506353025066,34.047763245217475],[139.50112116122787,34.04573592942639],[139.49522635573905,34.04886201942486],[139.49289710129057,34.04813466185096],[139.48780857618775,34.052375001749866],[139.48302464589742,34.051616692789835],[139.48098206891953,34.054185657838076],[139.48128666373202,34.05624392501528],[139.4791545000446,34.05698675828225],[139.47766736066595,34.05995809135009],[139.47772111269168,34.063734160457145],[139.48087456486806,34.06528172976331],[139.48182418398937,34.06754118095032],[139.48010411916587,34.06856257669239],[139.47847364105195,34.07250887842312],[139.47521268482407,34.073267187383145],[139.47329552923958,34.07750752728205],[139.4782227982652,34.08021577356784],[139.48175251462172,34.083233533714875],[139.48223628285334,34.09029044975101],[139.48829234441936,34.09559861247117],[139.48832817910318,34.10042702870642],[139.49296877065822,34.102500771576686],[139.49395422446335,34.10554948310984],[139.4893136329083,34.11248259360148],[139.49282543192294,34.11963236379598],[139.49744810613606,34.120591856765806],[139.49825438652206,34.12178348513156],[139.50151534274994,34.12127278726052],[139.50647844645937,34.12274297810138],[139.51101153396294,34.12034424567682],[139.51753344641867,34.12201562052748],[139.51919975921643,34.1238262766157],[139.5226398888634,34.12489409943696],[139.52493330862805,34.124120314783866],[139.52747757117947,34.12520361329819],[139.53236900552128,34.1246310126549]]]],"type":"MultiPolygon"},"id":"geoshape:13:2017-01-01:988dba6bd7af8c3b0f56","properties":{"administrativeCode":"13381","jurisdictionId":"geoshape:13:2017-01-01:988dba6bd7af8c3b0f56","municipalityName":"三宅村","prefectureName":"東京都","snapshotDate":"2017-01-01","sourceDataset":"historical-administrative-areas-beta","sourceProvider":"Geoshape","sourceResourceId":"gci:13381A1968"},"type":"Feature"},{"geometry":{"coordinates":[[[[139.81449547125726,35.73880770176173],[139.81413712441903,35.736207785327366],[139.8113957711066,35.73297336547748],[139.80971154096693,35.72812947354916],[139.8014337290039,35.72925919914267],[139.79507307262537,35.7289651609745],[139.7912029267725,35.731224612161505],[139.78946494460712,35.72874850127163],[139.78446600621385,35.72786638676712],[139.78145589277273,35.72461649122416],[139.77674363185005,35.724941480778455],[139.76977378584655,35.72812947354916],[139.76604697872898,35.72752592151976],[139.76475693011136,35.73014131364718],[139.76278602250113,35.73074486567659],[139.76094053628424,35.732199580824386],[139.76131680046439,35.73380905290281],[139.7711175864899,35.73789463587109],[139.76817914241644,35.741469520968344],[139.76588572265177,35.741624277898964],[139.7638431456739,35.74413134017495],[139.76031342931736,35.743450409680236],[139.75719581182477,35.74546224977826],[139.75780500144975,35.747613371113836],[139.7547053012991,35.74919189180613],[139.7497780322735,35.75012043338983],[139.750888907472,35.753710794180144],[139.75758999334684,35.753169144922985],[139.75796625752696,35.754855995466706],[139.77165510674723,35.75361794002177],[139.78398223798223,35.75403578373444],[139.7888020029564,35.75250369012133],[139.79113125740486,35.750306141706574],[139.78869449890493,35.74702529477749],[139.78892742434977,35.744394426957],[139.79242130602248,35.740773114780566],[139.7948043124967,35.7398290975038],[139.8024371001509,35.738637469138055],[139.80910235134195,35.740865968938934],[139.81304416656243,35.740742163394444],[139.81449547125726,35.73880770176173]]]],"type":"MultiPolygon"},"id":"geoshape:13:2017-01-01:9c7215872ace03cff74a","properties":{"administrativeCode":"13118","jurisdictionId":"geoshape:13:2017-01-01:9c7215872ace03cff74a","municipalityName":"荒川区","prefectureName":"東京都","snapshotDate":"2017-01-01","sourceDataset":"historical-administrative-areas-beta","sourceProvider":"Geoshape","sourceResourceId":"gci:13118A1968"},"type":"Feature"},{"geometry":{"coordinates":[[[[141.46213839874045,24.245072367614593],[141.47093581361892,24.241853423457762],[141.47305005996444,24.239346361181767],[141.47163458995345,24.23196445559134],[141.46880364993146,24.227182466435274],[141.45868035175155,24.224706355545404],[141.45473853653107,24.225712275594415],[141.45325139715243,24.229380014850037],[141.4534126532296,24.234765556035505],[141.45504313134356,24.241868899150823],[141.4589311945383,24.24493308637704],[141.46213839874045,24.245072367614593]]],[[[153.98408489234578,24.29761234555904],[153.98515993286046,24.297209977539435],[153.98514201551853,24.290493526750662],[153.98684416300011,24.283127096853296],[153.98404905766193,24.280728364428732],[153.97075438996373,24.28496870432764],[153.97738380647093,24.29036972120617],[153.98408489234578,24.29761234555904]]],[[[141.2876772405497,24.806607890358123],[141.28755181915633,24.803249664963737],[141.28602884509385,24.798483151500733],[141.28470296179242,24.799550974321992],[141.28635135724826,24.80620552233852],[141.2876772405497,24.806607890358123]]],[[[141.32347608968857,24.81261245926606],[141.32992633277664,24.81067799763335],[141.33576738623975,24.806190046645458],[141.3409096633683,24.799783109717914],[141.34363309933883,24.793407124176497],[141.34617736189023,24.782295576558205],[141.34621319657407,24.778751642847077],[141.34426020630573,24.777652868639695],[141.34305974439766,24.774805341116345],[141.3355344607949,24.770642379682748],[141.32553658400838,24.77056500121744],[141.32195311562612,24.76784127923858],[141.30444787257872,24.757441613501125],[141.30199319673687,24.756698780234164],[141.29391247553485,24.751870363998915],[141.29301660843927,24.74981209682171],[141.28817892612324,24.746128881873027],[141.28581383699094,24.745649135388113],[141.28522256470785,24.750647784247043],[141.28592134104238,24.75467146444308],[141.29056193259743,24.76069150904408],[141.2936616327481,24.77140068864277],[141.2938228888253,24.777544538788263],[141.29326745122603,24.781676548835733],[141.29167280779595,24.78526690962605],[141.28918229727026,24.78720137125876],[141.28604676243577,24.78563832625953],[141.285598828888,24.787170419872638],[141.28739056307913,24.790002471702927],[141.28979148689524,24.79096196467275],[141.2996818596303,24.79715224189743],[141.30532582233238,24.798637908431353],[141.3089988774242,24.800850932539173],[141.31369322100497,24.805338883527064],[141.3175454495159,24.80611266818015],[141.32152309942023,24.80841854644634],[141.32347608968857,24.81261245926606]]],[[[141.28411168950936,25.448771773953073],[141.28808933941366,25.44737896157752],[141.29022150310112,25.443788600787208],[141.29031108981067,25.441157732966722],[141.29251492286576,25.439269698413195],[141.2931599471746,25.436329316731474],[141.2922461627371,25.43338893504975],[141.29328536856795,25.42571299129115],[141.29045442854596,25.422354765896763],[141.2876772405497,25.420791720897533],[141.28178243506088,25.418919162037067],[141.27861106554258,25.41876440510645],[141.27529635728897,25.42012626609588],[141.27228624384787,25.42907121668554],[141.2728058467633,25.43942445534381],[141.27388088727798,25.44186961484756],[141.28000861821164,25.447905135141617],[141.28411168950936,25.448771773953073]]],[[[142.21255251267127,26.564460913849707],[142.21807105397997,26.563315712563142],[142.2152938659837,26.55681592147723],[142.20839568934784,26.554587421676345],[142.20474055159792,26.554850508458394],[142.20219628904653,26.55297794959793],[142.20165876878917,26.556506407616],[142.20398802323766,26.55882776157525],[142.20413136197294,26.56227884112801],[142.20588726148026,26.561690764791663],[142.2091482177081,26.563888313206423],[142.21255251267127,26.564460913849707]]],[[[142.15500201045205,26.564538292315014],[142.15677582730126,26.561953851573712],[142.1607534772056,26.561334823851244],[142.1590692470659,26.554370761973484],[142.16082514657322,26.55251367880608],[142.16091473328277,26.5481031062835],[142.15788670249975,26.546911477917746],[142.1580837932608,26.544249658711134],[142.15437490348515,26.543785387919286],[142.15331778031236,26.54776264103614],[142.15518118387115,26.550269703312132],[142.15410614335647,26.551368477519514],[142.1520994010624,26.558611101872387],[142.15360445778296,26.559818205931197],[142.15157979814697,26.562185986969638],[142.15278026005504,26.56419782706766],[142.15500201045205,26.564538292315014]]],[[[142.23066694534364,26.575649839933313],[142.23494919006043,26.57106903478705],[142.2389805919905,26.570016687658853],[142.2399302111118,26.567556052462045],[142.23606006525895,26.56795842048165],[142.23161656446493,26.566565608106096],[142.22925147533263,26.56421330276072],[142.22686846885844,26.56377998335499],[142.22582926302758,26.566534656719973],[142.2284272776047,26.569211951619646],[142.2265280393621,26.57096070493562],[142.23066694534364,26.575649839933313]]],[[[142.1614343361982,26.588463713788393],[142.1620256084813,26.585554283492794],[142.15964260200707,26.585647137651165],[142.15853172680858,26.583387686464157],[142.1539628046212,26.584269800968674],[142.15127520333448,26.58193297131636],[142.14711838001105,26.582381766415146],[142.14921470901467,26.585755467502597],[142.15152604612123,26.585260245324623],[142.1546436636138,26.587751831907553],[142.15896174301446,26.587566123590815],[142.1614343361982,26.588463713788393]]],[[[142.16381734267242,26.592889762004035],[142.16634368788192,26.59098625175745],[142.16514322597385,26.58871132487738],[142.16381734267242,26.592889762004035]]],[[[142.17759577860224,26.60550245184932],[142.1778824560728,26.60310371942475],[142.1754815322567,26.601927566752067],[142.17759577860224,26.60550245184932]]],[[[142.13106444165848,26.61062490625274],[142.13403872041576,26.60800951412531],[142.13593795865836,26.601401393187967],[142.13353703484225,26.59677416096252],[142.1288785259453,26.595087310418798],[142.1275884773277,26.598166973338074],[142.1271584611218,26.59595394923025],[142.1252592228792,26.595598008289834],[142.12581466047845,26.59858481705074],[142.12748097327622,26.599451455862194],[142.1263342633939,26.602360886157793],[142.12298372045646,26.60350608744436],[142.12420209970645,26.606570274670574],[142.1263521807358,26.607746427343262],[142.1260296685814,26.6099130243719],[142.1282335016365,26.61050110070824],[142.1298102277247,26.608705920313085],[142.13106444165848,26.61062490625274]]],[[[142.13047316937542,26.70801344268997],[142.12997148380188,26.707425366353625],[142.1320319781217,26.7031540750686],[142.1320498954636,26.7031540750686],[142.1320140607798,26.702844561207364],[142.1334653654746,26.702333863336328],[142.1343791499121,26.699439908733794],[142.13660090030908,26.700461304475866],[142.14030979008473,26.700337498931372],[142.142477788456,26.69796971789293],[142.1418148468053,26.70234933902939],[142.14063230223914,26.70801344268997],[142.14337365555158,26.707843210066294],[142.14349907694495,26.70764202605649],[142.14333782086774,26.707843210066294],[142.14349907694495,26.70764202605649],[142.1448428775883,26.706109932443383],[142.1476738176103,26.707611074670368],[142.1513289553602,26.706759911551973],[142.15134687270213,26.706744435858912],[142.15224273979769,26.706326592146247],[142.1526010866359,26.70730156080913],[142.15482283703292,26.708895557194488],[142.15625622438583,26.708059869769155],[142.15862131351813,26.703649297246574],[142.1620614431651,26.703401686157587],[142.1620435258232,26.703386210464522],[142.1650178045805,26.702581474425315],[142.1639606814077,26.700368450317495],[142.1610939067019,26.701358894673444],[142.16021595694824,26.701560078683244],[142.16021595694824,26.701544602990182],[142.1600009488453,26.70142079744569],[142.1600009488453,26.701405321752627],[142.15896174301446,26.70081724541628],[142.15521701855496,26.698542318536216],[142.15125728599256,26.69722688462597],[142.15093477383817,26.694240075865064],[142.14579249670962,26.69338891274667],[142.14724380140441,26.687121257056685],[142.1465808597537,26.685279649582345],[142.14887427951837,26.683902312899853],[142.1538732179116,26.68407254552353],[142.15926633782695,26.686873645967697],[142.16605701041135,26.68743077091792],[142.16861919030467,26.68989140611473],[142.16779499257675,26.685774871760316],[142.16621826648853,26.683221382405137],[142.16650494395913,26.68204522973245],[142.1663078531981,26.680002438248305],[142.1653761514187,26.679909584089934],[142.1653761514187,26.678129879387843],[142.16163142695925,26.67291457082605],[142.16247354202906,26.670763449490476],[142.1619001870879,26.666817147759744],[142.16387109469815,26.66434103686987],[142.16449820166505,26.66082805454487],[142.1675799844738,26.65791862424927],[142.17030342044433,26.65801147840764],[142.1726505922347,26.656200822319423],[142.1758040444111,26.656773422962704],[142.17920833937427,26.65545798905246],[142.18229012218302,26.65681985004189],[142.18189594066095,26.6592804852387],[142.1891882988189,26.659249533852577],[142.18736072994392,26.657222218061495],[142.18791616754316,26.65516395088429],[142.1846731286572,26.656154395240236],[142.1855869130947,26.65423540930059],[142.18214678344773,26.654312787765896],[142.1801937931794,26.653121159400147],[142.17798996012428,26.654761582864687],[142.17435273971628,26.654405641924267],[142.17426315300673,26.653121159400147],[142.17476483858024,26.647890375145295],[142.1724714188156,26.64419168450355],[142.17239974944795,26.644145257424363],[142.1712172048818,26.643433375543527],[142.17308060844059,26.639750160594843],[142.17286560033764,26.63671692475475],[142.1773807704993,26.633931300003646],[142.18048047064997,26.631068296787234],[142.1810179909073,26.628700515748793],[142.1802475452051,26.62419708906784],[142.18169884989993,26.623237596098015],[142.18187802331906,26.61932224575341],[142.1808388174882,26.61825442293215],[142.18216470078963,26.612079621400536],[142.18139425508744,26.609680888975973],[142.17804371215001,26.607483340561213],[142.17433482237436,26.61019158684701],[142.17515902010229,26.612714124816065],[142.17748827455077,26.61478786768633],[142.17648490340375,26.616846134863536],[142.17741660518314,26.619647235307703],[142.17456774781922,26.621736453871033],[142.1764132340361,26.624243516147025],[142.1732418645178,26.625682755601765],[142.17116345285606,26.631006394014985],[142.1696583961355,26.63222897376686],[142.16749039776425,26.631192102331728],[142.16184643506216,26.63030998782721],[142.16082514657322,26.632538487628093],[142.1614164188563,26.639425171040546],[142.1585496441505,26.63899185163482],[142.1567041579336,26.63578838317105],[142.15407030867266,26.635958615794728],[142.1516335501727,26.645538069799915],[142.15192022764327,26.647751093907736],[142.14930429572422,26.648261791778772],[142.14891011420218,26.650908135292322],[142.14633001696694,26.653043780934837],[142.14885636217645,26.653941371132415],[142.14520122442653,26.656231773705546],[142.14758423090075,26.660704249000375],[142.1492684610404,26.662097061375928],[142.14930429572422,26.665888606176043],[142.14778132166177,26.66759093241283],[142.14226278035306,26.665904081869105],[142.14165359072808,26.666631439443],[142.14172526009574,26.667250467165474],[142.14439494404053,26.670933682114153],[142.1451295550589,26.67500378938938],[142.14432327467287,26.676891823942906],[142.1364575615738,26.68150358047529],[142.13532876903338,26.68597605577012],[142.13067026013644,26.689164048540828],[142.13020440924674,26.691980624678056],[142.12848434442324,26.69722688462597],[142.1280901629012,26.699702995515842],[142.12638801541962,26.701993398088973],[142.1255996523755,26.70270527996981],[142.12536672693068,26.704407606206594],[142.12533089224686,26.70443855759272],[142.12534880958876,26.70442308189966],[142.12533089224686,26.70443855759272],[142.12328831526895,26.7057385158099],[142.1230195551403,26.70918959536266],[142.122876216405,26.712083549965197],[142.1230374724822,26.712996615855836],[142.12610133794905,26.7141418171424],[142.12735555188283,26.709669341847572],[142.13047316937542,26.708028918383032],[142.13047316937542,26.70801344268997]]],[[[142.17401231021998,27.044099068910757],[142.17772119999563,27.0368100174787],[142.1751411027604,27.035479107875396],[142.1769149196096,27.031935174164268],[142.17526652415376,27.031826844312835],[142.17397647553614,27.03625289252848],[142.17440649174202,27.038202829854253],[142.1726147575509,27.04228841282254],[142.17401231021998,27.044099068910757]]],[[[142.22186953046517,27.09391532487635],[142.2239837768107,27.09154754383791],[142.22394794212687,27.091330884135044],[142.2239837768107,27.0907428077987],[142.2247721398548,27.089829741908062],[142.22487964390626,27.089040481561913],[142.22486172656437,27.089040481561913],[142.2230341576894,27.08552749923691],[142.22581134568566,27.08069908300166],[142.22957398748704,27.081472867654746],[142.23145530838772,27.07884199983426],[142.23272743966345,27.077712274240753],[142.23272743966345,27.077619420082385],[142.232817026373,27.072806479540198],[142.23132988699436,27.071491045629955],[142.2309536228142,27.067204278651865],[142.23278119168918,27.062561570733358],[142.23113279623334,27.061911591624767],[142.2301473424282,27.059497383507143],[142.23168823383259,27.05708317538952],[142.23654383349054,27.0547463457372],[142.23760095666333,27.051759536976295],[142.23632882538763,27.050923849550962],[142.23442958714503,27.049438183017042],[142.2334620506818,27.051465498808124],[142.227961426715,27.056603428904605],[142.22410919820408,27.05327615489634],[142.2218874478071,27.053384484747774],[142.2262055272077,27.04988697811583],[142.22581134568566,27.045290697276506],[142.22364334731438,27.04606448192959],[142.2228908189541,27.043975263366264],[142.2269759729099,27.041065833070665],[142.22498714795773,27.039301604061635],[142.22833769089516,27.039038517279586],[142.2298248302738,27.03745999658729],[142.22939481406792,27.035943378667245],[142.21945068930714,27.036314795300726],[142.21878774765642,27.038156402775066],[142.22043614311227,27.040601562278816],[142.21873399563069,27.04148367678333],[142.21642265852412,27.04128249277353],[142.2141829907852,27.039177798517137],[142.21237333925217,27.040678940744122],[142.2115133068404,27.038558770794673],[142.21065327442867,27.040586086585755],[142.20862861479267,27.04019919425921],[142.20588726148026,27.04430025292056],[142.20115708321566,27.044609766781793],[142.1991861756054,27.045631162523865],[142.19630148355768,27.04457881539567],[142.19404389847685,27.0413753469319],[142.18745031665347,27.04484190217772],[142.18626777208732,27.043820506435647],[142.18573025183,27.040462281041258],[142.1840101870065,27.045522832672432],[142.18646486284837,27.048184651879044],[142.18908079476742,27.04875725252233],[142.18929580287033,27.052022623758344],[142.18933163755418,27.053369009054713],[142.18943914160565,27.054514210341278],[142.1866977882932,27.05683556430053],[142.18784449817554,27.059048588408352],[142.18771907678214,27.059512859200204],[142.18931372021225,27.06160207776353],[142.19418723721213,27.05929619949734],[142.19485017886285,27.06285560890153],[142.192395503021,27.06477459484118],[142.19293302327836,27.067745927909023],[142.18995874452108,27.067854257760455],[142.18958248034093,27.070051806175215],[142.18718155652482,27.07164580256057],[142.18452978992192,27.0706244068185],[142.18361600548445,27.07070178528381],[142.18169884989993,27.072744576767953],[142.18234387420875,27.074524281470048],[142.18390268295502,27.075267114737006],[142.18655444955792,27.072791003847136],[142.19081877693282,27.073657642658592],[142.19386472505775,27.075870666766413],[142.19857698598042,27.07528259043007],[142.20210670233695,27.07289933369857],[142.20570808806113,27.07474094117291],[142.20490180767513,27.07741823607258],[142.2072131447817,27.078702718596702],[142.20680104591773,27.08051337468492],[142.20823443327063,27.08418111394054],[142.2064426990795,27.086208429731624],[142.20190961157593,27.087400058097373],[142.2037371804509,27.089814266215],[142.20377301513471,27.09357485962899],[142.20133625663476,27.095803359429873],[142.2028054786715,27.098573508487917],[142.20103166182227,27.099409195913246],[142.19812905243265,27.09832589739893],[142.19814696977454,27.09605097051886],[142.19167880934455,27.092460609728548],[142.1922342469438,27.089489276660704],[142.18775491146596,27.08792623166147],[142.18621402006158,27.08899405448273],[142.18598109461675,27.091315408441982],[142.18263055167932,27.093064161757955],[142.182899311808,27.09713426903318],[142.18168093255804,27.10033773749695],[142.18311431991094,27.103278119178672],[142.18630360677116,27.10510425095995],[142.19094419832618,27.104485223237482],[142.19323761809085,27.10601731685059],[142.19347054353568,27.10381976843583],[142.20182002486638,27.104578077395853],[142.20436428741777,27.10546019190037],[142.2055109973001,27.103401924723165],[142.21269585140655,27.102040063733735],[142.2173364429616,27.099455622992433],[142.21959402804242,27.095803359429873],[142.22186953046517,27.09391532487635]]],[[[142.24130984643898,27.095834310815995],[142.24510832292418,27.09549384556864],[142.24883513004173,27.091516592451786],[142.24573542989108,27.090309488392972],[142.24216987885072,27.093528432549803],[142.24130984643898,27.095834310815995]]],[[[142.18567649980426,27.118753812240364],[142.1882924317233,27.11598366318232],[142.18418936042562,27.118119308824834],[142.18567649980426,27.118753812240364]]],[[[142.16842209954362,27.12157038837759],[142.17177264248105,27.116355079815804],[142.16946130537448,27.114730132044325],[142.16731122434513,27.11513250006393],[142.16559115952165,27.112904000263043],[142.16163142695925,27.113105184272847],[142.16577033294075,27.11725267001338],[142.16344107849227,27.12157038837759],[142.16646910927528,27.12027043016041],[142.16842209954362,27.12157038837759]]],[[[142.17904708329706,27.12940108906681],[142.17954876887057,27.12701783233531],[142.17695075429344,27.128983245354142],[142.17904708329706,27.12940108906681]]],[[[142.19166089200263,27.144180375940728],[142.19407973316066,27.143607775297443],[142.1945814187342,27.13791272025074],[142.2001178773848,27.132573606144454],[142.2035759243737,27.13453901916329],[142.20689063262728,27.13405927267838],[142.2050451464104,27.130762950056237],[142.2056543360354,27.12895229396802],[142.21645849320794,27.132542654758332],[142.21966569741008,27.132635508916703],[142.2178022938513,27.129168953670884],[142.22011363095785,27.12833326624555],[142.2233387525019,27.125253603326275],[142.2240016941526,27.12300962783233],[142.22676096480697,27.123907218029906],[142.2276030798768,27.11497774313331],[142.23256618358624,27.11378611476756],[142.23566588373689,27.113971823084302],[142.23607798260085,27.1115885663528],[142.23389206688768,27.109096979769866],[142.22663554341358,27.11103144140258],[142.22278331490264,27.110118375511938],[142.22077657260857,27.11084573308584],[142.21979111880344,27.108694611750263],[142.21651224523367,27.1084779520474],[142.21262418203892,27.109623153333967],[142.20907654834048,27.10874103882945],[142.2042209486825,27.110365986600925],[142.2007629016936,27.109793385957644],[142.2026442225943,27.111789750362604],[142.20268005727812,27.11423490986635],[142.20629936034422,27.11680387491459],[142.20586934413834,27.118583579616686],[142.20194544625974,27.119929964913055],[142.2023217104399,27.120966836348188],[142.1977527882525,27.123411995851935],[142.1931480313813,27.12325723892132],[142.19035292604312,27.12064184679389],[142.1871636391829,27.121493009912285],[142.1901916699659,27.123241763228258],[142.19044251275267,27.125578592880572],[142.1882924317233,27.126801172632444],[142.18814909298803,27.129571321690488],[142.19006624857252,27.13193910272893],[142.19311219669746,27.13351762342122],[142.18899120805784,27.13692227589479],[142.19166089200263,27.144180375940728]]],[[[142.1892241335027,27.190034854482523],[142.18895537337403,27.187249229731417],[142.1958177153261,27.1847112160693],[142.19452766670847,27.182854132901895],[142.20008204270098,27.182838657208833],[142.19993870396567,27.181414893447158],[142.1957281286165,27.17978994567568],[142.19450974936655,27.176447195974355],[142.19519060835918,27.173290154589772],[142.1976273668591,27.171139033254196],[142.198057383065,27.168833154988004],[142.20216045436268,27.169204571621485],[142.1999566213076,27.165490405286675],[142.20033288548774,27.162627402070264],[142.19803946572307,27.16087864875429],[142.19940118370835,27.158170402468496],[142.19622981419005,27.154533614599],[142.19305844467172,27.152490823114857],[142.19234175099527,27.15054088578908],[142.18782658083362,27.14995280945274],[142.1874861513373,27.14767788257267],[142.18884786932256,27.144598219653393],[142.18151967648083,27.14611483757344],[142.17971002494778,27.148018347820027],[142.18048047064997,27.15043255593765],[142.18465521131532,27.14951949004701],[142.18472688068294,27.152382493263424],[142.1863573587969,27.154657420143494],[142.18444020321238,27.156885919944376],[142.18114341230068,27.15792279137951],[142.18440436852856,27.159300128062],[142.18327557598815,27.16606300592996],[142.18531815296603,27.171494974194616],[142.18761157273067,27.171943769293403],[142.18755782070494,27.176694807063342],[142.18483438473442,27.17831975483482],[142.18770115944022,27.18215772671412],[142.1842072777675,27.187295656810605],[142.1892241335027,27.190034854482523]]],[[[142.1985590686385,27.19676678096436],[142.19773487091058,27.19418234022306],[142.19511893899153,27.19292880908506],[142.1934526261938,27.193903777747945],[142.195226443043,27.196441791410063],[142.1985590686385,27.19676678096436]]],[[[140.8753812858278,27.249987689403522],[140.88002187738286,27.24706278341486],[140.87683259052264,27.244277158663756],[140.87246075909627,27.245902106435235],[140.8725324284639,27.247480627127526],[140.8753812858278,27.249987689403522]]],[[[142.206944384653,27.489504990919343],[142.20882570555372,27.487941945920113],[142.20475846893984,27.487972897306236],[142.206944384653,27.489504990919343]]],[[[142.21140580278893,27.502241486309117],[142.21312586761243,27.498635649825744],[142.2121045791235,27.496175014628932],[142.21468467635873,27.492244188591265],[142.2150967752227,27.489613320770776],[142.2122837525426,27.48975260200833],[142.2119791577301,27.493621525273753],[142.2103665969581,27.49543218136197],[142.20538557590675,27.496391674331797],[142.20409552728913,27.49834161165757],[142.2053139065391,27.50044630591396],[142.20982907670074,27.500105840666603],[142.21140580278893,27.502241486309117]]],[[[142.17506943339274,27.6358895715899],[142.17818705088533,27.63372297456126],[142.1795846035544,27.630411176246056],[142.1817705192676,27.630829019958725],[142.18395643498076,27.629095742335814],[142.18594525993294,27.6247780239716],[142.18673362297702,27.62055315976576],[142.18549732638513,27.619469861251442],[142.1817705192676,27.623338784516864],[142.18026546254703,27.62284356233889],[142.17811538151767,27.626294641891647],[142.17773911733752,27.62412804486301],[142.17352854198836,27.62411256916995],[142.17053634588916,27.634852700154763],[142.1729551870472,27.632964665601236],[142.17506943339274,27.6358895715899]]],[[[142.15708042211375,27.66442674959566],[142.15897966035635,27.66286370459643],[142.15813754528654,27.6591185868755],[142.15708042211375,27.66442674959566]]],[[[142.1269792877027,27.680830984241055],[142.12581466047845,27.67759656439116],[142.12355707539763,27.679190560776515],[142.1269792877027,27.680830984241055]]],[[[142.1312436150776,27.68873906339558],[142.1326949197724,27.689079528642935],[142.1325157463533,27.685690351862426],[142.1363142228385,27.68736172671309],[142.13871514665462,27.685628449090178],[142.14009478198182,27.6885688307719],[142.14253154048174,27.688816441860887],[142.14319448213246,27.68637128235714],[142.1481396685,27.6836011332991],[142.14756631355883,27.682007136913743],[142.14882052749263,27.673541932808995],[142.1456133232905,27.670586075434212],[142.13939600564726,27.672118169047323],[142.13781927955907,27.67440857162045],[142.13860764260315,27.679190560776515],[142.13303534926874,27.681047643943916],[142.13310701863637,27.67889652260834],[142.13106444165848,27.678385824737305],[142.12893227797105,27.681635720280262],[142.1271584611218,27.68179047721088],[142.12583257782038,27.684297539486874],[142.12404084362925,27.683399949289296],[142.12520547085347,27.686990310079608],[142.1312436150776,27.68873906339558]]],[[[142.10671477400098,27.7180190746683],[142.1105311678281,27.717678609420943],[142.10916944984282,27.716100088728652],[142.10671477400098,27.7180190746683]]],[[[142.09657355847915,27.72054161263736],[142.10094538990552,27.719442838429977],[142.10266545472902,27.71599175887722],[142.09651980645341,27.719226178727112],[142.09657355847915,27.72054161263736]]]],"type":"MultiPolygon"},"id":"geoshape:13:2017-01-01:9f4626668b2f64466731","properties":{"administrativeCode":"13421","jurisdictionId":"geoshape:13:2017-01-01:9f4626668b2f64466731","municipalityName":"小笠原村","prefectureName":"東京都","snapshotDate":"2017-01-01","sourceDataset":"historical-administrative-areas-beta","sourceProvider":"Geoshape","sourceResourceId":"gci:13421A1968"},"type":"Feature"},{"geometry":{"coordinates":[[[[139.33122892522454,35.71345851652668],[139.33248313915834,35.71260735340829],[139.3313185119341,35.70975982588493],[139.3330744114414,35.70452904163008],[139.33681913590087,35.70151128148305],[139.33567242601856,35.69922087890992],[139.3360307728568,35.69611026460452],[139.34038468694123,35.693649629407716],[139.34644074850726,35.69197825455705],[139.3552202460438,35.69323178569505],[139.36331888458776,35.69374248356608],[139.36761904664647,35.69214848718073],[139.37627312278966,35.691637789309695],[139.37964158306897,35.686762945995255],[139.37804693963886,35.6876760118859],[139.37519808227498,35.68578797733237],[139.3750547435397,35.68174882144327],[139.3767031389955,35.67820488773214],[139.37643437886686,35.67631685317862],[139.37242089427872,35.672386027140945],[139.37046790401038,35.66856353095471],[139.37242089427872,35.66574695481748],[139.35889330113565,35.659355493583],[139.35941290405108,35.65681747992088],[139.357406161757,35.65537824046615],[139.3654331309333,35.64640233849036],[139.36880159121262,35.644313119927034],[139.3739617856831,35.64409646022417],[139.37638062684113,35.64541189413441],[139.3785665425543,35.64409646022417],[139.37718690722713,35.64101679730489],[139.3780827743227,35.639329946761166],[139.3820245895432,35.641310835473064],[139.38985446795846,35.64115607854245],[139.3920045489878,35.63959303354322],[139.39936857651338,35.641187029928574],[139.40451085364194,35.64358576235313],[139.40641009188454,35.6452571372038],[139.41053108052412,35.644901196263376],[139.41501041600196,35.647036841905894],[139.41800261210116,35.643028637402914],[139.4202422798401,35.6430750644821],[139.42384366556428,35.6395620821571],[139.42680002697963,35.6379835614648],[139.4295772149759,35.63397535696183],[139.42979222307883,35.631963516863806],[139.42703295242447,35.63199446824993],[139.4250082927885,35.62985882260742],[139.41984809831803,35.62860529146941],[139.41897014856437,35.626964868004876],[139.41318284712702,35.62561848270851],[139.40470794440296,35.6207745907802],[139.39852646144354,35.61195344573503],[139.3939037872304,35.60819285232104],[139.38763271756144,35.605004859550334],[139.3883494112379,35.60240494311597],[139.38688018920118,35.5979479435142],[139.3816841600469,35.60212638064086],[139.37747358469773,35.60406084227357],[139.37338843074193,35.60421559920419],[139.36582731245534,35.60871902588514],[139.36131214229368,35.6050977137087],[139.3595741601283,35.6064750503912],[139.35366143729755,35.60732621350959],[139.35161886031963,35.608688074499014],[139.34739036762858,35.60893568558801],[139.34230184252576,35.613253403952214],[139.33991883605154,35.61419742122898],[139.33947090250376,35.61701399736621],[139.3412984713787,35.62006270889936],[139.33841377933098,35.623405458600686],[139.33853920072437,35.61944368117689],[139.3373387388163,35.61419742122898],[139.32639124290847,35.61576046622821],[139.3227898571843,35.614816448951444],[139.31750424132045,35.61523429266411],[139.31530040826536,35.61291293870486],[139.3136340954676,35.61446050801103],[139.30761386858538,35.61624021271312],[139.3034928799458,35.61517238989187],[139.2979743386371,35.61610093147557],[139.293548755185,35.61546642806004],[139.29474921709306,35.61692114320784],[139.29313665632102,35.62089839632469],[139.28935609717774,35.6201710387508],[139.28702684272926,35.6220281219182],[139.28577262879546,35.62080554216632],[139.27790691569638,35.61945915686996],[139.2764914456854,35.616580677960485],[139.2733559108509,35.61379505320937],[139.2688049060054,35.612123678358714],[139.2688049060054,35.60935352930067],[139.26615313940255,35.60811547385573],[139.26477350407538,35.602451370195155],[139.2577140713623,35.60423107489725],[139.25223136473744,35.60166210984901],[139.24687407950594,35.6052215192532],[139.23836334209804,35.607310737816526],[139.23667911195838,35.60974042162721],[139.22985260469017,35.61466169202083],[139.23046179431515,35.61661162934661],[139.22886715088504,35.62023294152304],[139.22544493857998,35.62374592384805],[139.22023099208377,35.62557205562932],[139.2194784637235,35.626670829836705],[139.22143145399184,35.62947193028087],[139.2153753924258,35.637070495574164],[139.2144257733045,35.64168225210655],[139.21544706179344,35.64612377601525],[139.21146941188914,35.64911058477616],[139.20754551401055,35.649621282647196],[139.2021165594114,35.653010459427705],[139.19803140545562,35.65294855665546],[139.1924770294631,35.65025578606272],[139.19174241844473,35.64750111269774],[139.18405587876478,35.64508690458012],[139.17909277505532,35.64556665106503],[139.17373548982386,35.6503486402211],[139.16934574105557,35.6514783658146],[139.16701648660708,35.651014095022745],[139.1685932126953,35.656693674376385],[139.16692689989753,35.65961858036505],[139.16723149471002,35.66175422600756],[139.1649739096292,35.66528268402563],[139.16160544934985,35.66791355184611],[139.16456181076524,35.670095624567814],[139.16597728077622,35.675109749119805],[139.1697220052357,35.67956674872157],[139.17140623537537,35.688743834707154],[139.17894943632004,35.68922358119207],[139.18199538444497,35.688062904212444],[139.18407379610667,35.68905334856839],[139.1896281720992,35.68759863342059],[139.19337289655869,35.689084299954516],[139.19939312344087,35.68824861252918],[139.20016356914306,35.69013664708271],[139.20048608129747,35.699158976137674],[139.20489374740765,35.699778003860146],[139.20534168095546,35.70324455910596],[139.2044637312018,35.707299190688126],[139.20691840704364,35.7127621103389],[139.2101256112458,35.7136132734573],[139.21723879598457,35.71887500909827],[139.21886927409852,35.71690959607943],[139.23562198878562,35.714835853209166],[139.2373420536091,35.71330375959606],[139.24038800173403,35.7142168254867],[139.2432010244141,35.71248354786379],[139.2450644279729,35.71335018667524],[139.2465336500096,35.71088955147844],[139.24963335016028,35.71048718345884],[139.25194468726684,35.712266888160926],[139.2580186661748,35.712266888160926],[139.2607241848034,35.71048718345884],[139.2688049060054,35.709961009894734],[139.27220920096858,35.71265378048747],[139.27188668881416,35.714418009496505],[139.2818487309169,35.71364422484342],[139.2829775234573,35.71283948880421],[139.2913807568137,35.71367517622954],[139.29426544886144,35.71338113806137],[139.29584217494963,35.71146215212172],[139.30644924136115,35.71259187771523],[139.30849181833904,35.71588820033736],[139.31359826078378,35.71395373870465],[139.31589168054842,35.714247776872824],[139.31924222348584,35.71906071741501],[139.32293319591957,35.716275092663906],[139.32764545684228,35.71039432930046],[139.33122892522454,35.71345851652668]]]],"type":"MultiPolygon"},"id":"geoshape:13:2017-01-01:a1df6c338b9565116f2f","properties":{"administrativeCode":"13201","jurisdictionId":"geoshape:13:2017-01-01:a1df6c338b9565116f2f","municipalityName":"八王子市","prefectureName":"東京都","snapshotDate":"2017-01-01","sourceDataset":"historical-administrative-areas-beta","sourceProvider":"Geoshape","sourceResourceId":"gci:13201A1968"},"type":"Feature"},{"geometry":{"coordinates":[[[[139.78254885062933,35.69657453539637],[139.78258468531317,35.69471745222897],[139.78021959618087,35.692968698913],[139.77043672749727,35.68930095965737],[139.76968419913698,35.686917702925875],[139.77090257838697,35.684503494808254],[139.7703292234458,35.67843702312807],[139.76368188959668,35.672509832685435],[139.75431111977704,35.66990991625107],[139.7499572056926,35.670838457834776],[139.74780712466324,35.6696158780829],[139.7431665331082,35.67145748555724],[139.7390634618105,35.67401097491242],[139.73677004204586,35.6788703425338],[139.7338315979724,35.6788703425338],[139.7315023435239,35.681501210354284],[139.72999728680335,35.68554036624339],[139.73157401289157,35.68957952213249],[139.73628627381424,35.692194914259915],[139.74587205173682,35.702904093858606],[139.74906133859704,35.703120753561464],[139.75719581182477,35.701712465492854],[139.7612988831225,35.70158865994836],[139.7660290613871,35.69963872262259],[139.76850165457083,35.70013394480056],[139.7664053255672,35.70178984395816],[139.76989920723992,35.70336836465046],[139.77013213268478,35.70534925336235],[139.7730347420744,35.70510164227336],[139.77317808080969,35.701882698116535],[139.78039876959997,35.700335128810366],[139.7799687533941,35.69807567762336],[139.78254885062933,35.69657453539637]]]],"type":"MultiPolygon"},"id":"geoshape:13:2017-01-01:a42564a4ab60b05fe511","properties":{"administrativeCode":"13101","jurisdictionId":"geoshape:13:2017-01-01:a42564a4ab60b05fe511","municipalityName":"千代田区","prefectureName":"東京都","snapshotDate":"2017-01-01","sourceDataset":"historical-administrative-areas-beta","sourceProvider":"Geoshape","sourceResourceId":"gci:13101A1968"},"type":"Feature"},{"geometry":{"coordinates":[[[[139.3939037872304,35.60819285232104],[139.39852646144354,35.61195344573503],[139.40470794440296,35.6207745907802],[139.41318284712702,35.62561848270851],[139.41897014856437,35.626964868004876],[139.41984809831803,35.62860529146941],[139.4250082927885,35.62985882260742],[139.42703295242447,35.63199446824993],[139.42979222307883,35.631963516863806],[139.4295772149759,35.63397535696183],[139.42680002697963,35.6379835614648],[139.42384366556428,35.6395620821571],[139.4202422798401,35.6430750644821],[139.41800261210116,35.643028637402914],[139.41501041600196,35.647036841905894],[139.41680215019312,35.64904868200391],[139.42140690706432,35.64626305725281],[139.42735546457888,35.64378694636294],[139.42757047268182,35.64524166151074],[139.4305268340972,35.646061873243006],[139.42979222307883,35.64739278284631],[139.43308901399053,35.64827489735083],[139.43398488108608,35.650781959626826],[139.43781919225512,35.65003912635986],[139.43833879517055,35.654573504426935],[139.44201185026236,35.65796268120745],[139.45527068327675,35.65432589333795],[139.46788449198235,35.65121527903255],[139.473815132155,35.649327244479025],[139.47377929747117,35.64678923081691],[139.46960455680582,35.6451333316593],[139.4689057804713,35.64086204037427],[139.471593381758,35.633511086169975],[139.46453394904492,35.629626687211484],[139.46415768486477,35.624519708501126],[139.4624734547251,35.625061357758284],[139.46073547255972,35.62216740315575],[139.45516317922528,35.618097295880524],[139.45317435427313,35.61860799375156],[139.45242182591286,35.61577594192127],[139.44928629107838,35.61178321311135],[139.44593574814095,35.608703550192075],[139.43885839808596,35.61008088687457],[139.43437906260814,35.6058250712826],[139.42823341433254,35.60805357108349],[139.42615500267084,35.605469130342186],[139.4231090545459,35.60662980732181],[139.42052895731067,35.6097868487064],[139.41737550513426,35.61153560202237],[139.41275283092114,35.612278435289326],[139.4107998406528,35.610251119498244],[139.407933065947,35.61204629989341],[139.40126781475598,35.60871902588514],[139.40069445981482,35.61045230350805],[139.39729016485165,35.610034459795386],[139.3939037872304,35.60819285232104]]]],"type":"MultiPolygon"},"id":"geoshape:13:2017-01-01:a819dadcfcd9a6521d38","properties":{"administrativeCode":"13224","jurisdictionId":"geoshape:13:2017-01-01:a819dadcfcd9a6521d38","municipalityName":"多摩市","prefectureName":"東京都","snapshotDate":"2017-01-01","sourceDataset":"historical-administrative-areas-beta","sourceProvider":"Geoshape","sourceResourceId":"gci:13224A1971"},"type":"Feature"},{"geometry":{"coordinates":[[[[139.52692213358023,35.684209456640076],[139.52867803308752,35.681191696493045],[139.52538124217583,35.68089765832488],[139.52659962142582,35.67913342931584],[139.52676087750302,35.674676429714076],[139.5294484787897,35.67560497129778],[139.5294484787897,35.67272649238831],[139.5324406748889,35.66989444055801],[139.53136563437423,35.667696892143255],[139.53439366515724,35.667542135212635],[139.5355941270653,35.66929088852861],[139.53849673645493,35.667124291499974],[139.53837131506157,35.66474103476847],[139.5415964366056,35.664276763976616],[139.54439154194378,35.66664454501506],[139.5419368661019,35.6679599789253],[139.54139934584458,35.66989444055801],[139.54294023724896,35.68046433891915],[139.54543074777462,35.682058335304504],[139.55216766833328,35.68083575555263],[139.55458650949132,35.68212023807675],[139.5608754965022,35.68284759565065],[139.56445896488447,35.672262221596455],[139.5643335434911,35.66902780174656],[139.565569840083,35.66506602432277],[139.56884871365276,35.66350297932353],[139.57300553697618,35.664137482739065],[139.57549604750187,35.66003642407772],[139.58214338135096,35.66501959724358],[139.57979620956058,35.665530295114614],[139.57830907018194,35.67204556189359],[139.5804591512113,35.670714652290286],[139.58517141213397,35.67128725293357],[139.58889821925155,35.6694146940731],[139.5901165985015,35.66579338189666],[139.58656896480306,35.66395177442232],[139.5889698886192,35.66245063219534],[139.58988367305668,35.65725079932661],[139.59233834889852,35.65542466754533],[139.5930908772588,35.65152479289378],[139.59196208471838,35.65135456027011],[139.59206958876985,35.64590711631239],[139.58956116090226,35.6451333316593],[139.58764400531774,35.646170203094435],[139.58558351099794,35.64550474829279],[139.58432929706416,35.64839870289532],[139.5806204072885,35.64729992868794],[139.57651733599081,35.650333164528035],[139.57431350293572,35.6507510082407],[139.56947582061966,35.64903320631085],[139.5687770442851,35.64747016131162],[139.56574901350209,35.647176123143446],[139.5633660070279,35.64137273824531],[139.5632047509507,35.63739548512846],[139.5619684543588,35.63259802027933],[139.55856415939564,35.6337432215659],[139.54942631502087,35.63437772498143],[139.5477241675393,35.63669907894068],[139.53595247390354,35.639484703691785],[139.5308818661426,35.64196081458166],[139.52538124217583,35.642641745076375],[139.52083023733036,35.646201154480565],[139.52079440264654,35.65359853576405],[139.51703176084516,35.6553163376939],[139.5188234950363,35.659711434523416],[139.52321324380458,35.66778974630162],[139.5251662340729,35.668981374667375],[139.52645628269053,35.672386027140945],[139.52509456470526,35.67600733931738],[139.52210236860606,35.67718349199007],[139.5246824658413,35.677508481544365],[139.524342036345,35.67969055426607],[139.52050772517595,35.681640491591835],[139.52226362468326,35.687366498024666],[139.5245032924222,35.68793909866795],[139.52692213358023,35.684209456640076]]]],"type":"MultiPolygon"},"id":"geoshape:13:2017-01-01:acf7c0b79974e5dfcf1c","properties":{"administrativeCode":"13208","jurisdictionId":"geoshape:13:2017-01-01:acf7c0b79974e5dfcf1c","municipalityName":"調布市","prefectureName":"東京都","snapshotDate":"2017-01-01","sourceDataset":"historical-administrative-areas-beta","sourceProvider":"Geoshape","sourceResourceId":"gci:13208A1968"},"type":"Feature"},{"geometry":{"coordinates":[[[[139.43031182599427,35.70353859727413],[139.43199605613393,35.70165056272061],[139.44100847911534,35.701325573166315],[139.44161766874032,35.70036608019649],[139.44855168006,35.70095415653283],[139.45561111277308,35.69473292792203],[139.45940958925829,35.69238062257665],[139.45604112897894,35.69128184836927],[139.45364020516283,35.687908147281824],[139.45292351148638,35.68355947753149],[139.45136470274008,35.68066552292895],[139.45236807388713,35.67856082867256],[139.45071967843128,35.676657318425974],[139.45066592640555,35.67319076318015],[139.4534251970599,35.671658669567044],[139.45080926514083,35.671550339715616],[139.4457028226961,35.673500277041384],[139.4405067935418,35.67161224248786],[139.4360632927478,35.67151938832949],[139.43172729600525,35.672680065309116],[139.42982805776265,35.670822982141715],[139.42241027821134,35.6791489050089],[139.4175725958953,35.68275474149228],[139.42156816314153,35.688650980548786],[139.424703697976,35.68671651891607],[139.42841258775167,35.69112709143866],[139.43120769308982,35.69027592832026],[139.4299176444722,35.69380438633833],[139.43165562663762,35.69693047633679],[139.42739129926272,35.698447094256835],[139.42559956507156,35.701882698116535],[139.42726587786933,35.7036314514325],[139.43031182599427,35.70353859727413]]]],"type":"MultiPolygon"},"id":"geoshape:13:2017-01-01:af60f20faeca2a9e0c5e","properties":{"administrativeCode":"13215","jurisdictionId":"geoshape:13:2017-01-01:af60f20faeca2a9e0c5e","municipalityName":"国立市","prefectureName":"東京都","snapshotDate":"2017-01-01","sourceDataset":"historical-administrative-areas-beta","sourceProvider":"Geoshape","sourceResourceId":"gci:13215A1968"},"type":"Feature"},{"geometry":{"coordinates":[[[[139.6802766629994,35.60067166549306],[139.67930912653617,35.60551555742137],[139.67726654955828,35.60794524123206],[139.67339640370542,35.60817737662798],[139.6683078786026,35.60649052608426],[139.66318351881597,35.608734501578205],[139.66321935349978,35.61566761206984],[139.66477816224608,35.618267528504205],[139.66649822706958,35.618530615286254],[139.66348811362846,35.62670178122283],[139.6618038834888,35.62749104156897],[139.6614813713344,35.63170043008176],[139.6638464604667,35.631948041170745],[139.67199885103636,35.6297040656768],[139.67959580400677,35.625061357758284],[139.6820325625067,35.63112782943847],[139.68609979912057,35.63804546423705],[139.68608188177868,35.64053705081998],[139.68430806492944,35.643771470669876],[139.6839138834074,35.64920343893453],[139.68459474240004,35.65135456027011],[139.67950621729722,35.65732817779192],[139.67500896447746,35.663874395957016],[139.68414680885223,35.66291490298719],[139.6880169547051,35.660841160116924],[139.6929442237307,35.653877098239164],[139.6997348963151,35.648058237647966],[139.70862189790313,35.64200724166084],[139.71523339706843,35.642626269383314],[139.71763432088454,35.64166677641349],[139.71322665477436,35.63755024205908],[139.71444503402432,35.63413011389244],[139.71464212478534,35.6290540865682],[139.7071347585245,35.62547920147095],[139.70401714103193,35.62470541681787],[139.7014728784805,35.62589704518362],[139.69615142793285,35.624813746669304],[139.69615142793285,35.624813746669304],[139.70398130634808,35.62187336498758],[139.69557807299168,35.61210820266565],[139.69539889957255,35.60749644613327],[139.69074039067561,35.611133234002764],[139.6861356338044,35.611690358952984],[139.68400347011695,35.6130986470216],[139.68475599847721,35.60534532479769],[139.68197881048096,35.60580959558954],[139.68040208439277,35.60440130752093],[139.6802766629994,35.60067166549306]]]],"type":"MultiPolygon"},"id":"geoshape:13:2017-01-01:b718e925edad07aafa75","properties":{"administrativeCode":"13110","jurisdictionId":"geoshape:13:2017-01-01:b718e925edad07aafa75","municipalityName":"目黒区","prefectureName":"東京都","snapshotDate":"2017-01-01","sourceDataset":"historical-administrative-areas-beta","sourceProvider":"Geoshape","sourceResourceId":"gci:13110A1968"},"type":"Feature"},{"geometry":{"coordinates":[[[[139.5941838351154,35.68213571376981],[139.60326792746443,35.680650047235886],[139.60837436990917,35.6763632802578],[139.60891189016652,35.67035871134986],[139.61618633098252,35.66989444055801],[139.61656259516266,35.67263363822993],[139.6132837215929,35.67289672501198],[139.61030944283561,35.67664184273291],[139.62163320292356,35.67264911392299],[139.62505541522864,35.66913613159799],[139.6325986161733,35.66808378446979],[139.63912052862904,35.665839808975846],[139.6412706096584,35.66720166996528],[139.64773877008838,35.66842424971715],[139.65033678466554,35.66990991625107],[139.65512071495587,35.670544419666605],[139.66175013146307,35.6725253083785],[139.66205472627556,35.67144200986418],[139.6726976273709,35.67229317298258],[139.67280513142236,35.66748023244039],[139.67500896447746,35.663874395957016],[139.67950621729722,35.65732817779192],[139.68459474240004,35.65135456027011],[139.6839138834074,35.64920343893453],[139.68430806492944,35.643771470669876],[139.68608188177868,35.64053705081998],[139.68609979912057,35.63804546423705],[139.6820325625067,35.63112782943847],[139.67959580400677,35.625061357758284],[139.67199885103636,35.6297040656768],[139.6638464604667,35.631948041170745],[139.6614813713344,35.63170043008176],[139.6618038834888,35.62749104156897],[139.66348811362846,35.62670178122283],[139.66649822706958,35.618530615286254],[139.66477816224608,35.618267528504205],[139.66321935349978,35.61566761206984],[139.66318351881597,35.608734501578205],[139.6683078786026,35.60649052608426],[139.67339640370542,35.60817737662798],[139.67726654955828,35.60794524123206],[139.67930912653617,35.60551555742137],[139.6802766629994,35.60067166549306],[139.68067084452144,35.594899231981046],[139.67565398878625,35.59178861767565],[139.66966959658788,35.59909314480077],[139.66440189806593,35.59966574544405],[139.66262808121672,35.59842768999911],[139.6596179677756,35.59995978361222],[139.6557836566066,35.59647775267334],[139.65297063392651,35.59593610341618],[139.65705578788229,35.59341356544712],[139.6551386322978,35.59014819421111],[139.6504263713751,35.59257787802179],[139.6488496452869,35.59497661044636],[139.63998056104077,35.60006811346366],[139.6370062822835,35.60305492222456],[139.6317923357873,35.60579411989648],[139.63136231958143,35.607140505192845],[139.62475082041615,35.60987970286477],[139.61864100682436,35.61373315043713],[139.61557714135753,35.61333078241753],[139.6121907637363,35.61585332038658],[139.6096644185268,35.616410445336804],[139.6058838593835,35.61545095236698],[139.60000697123658,35.61842228543482],[139.5931087946007,35.61757112231643],[139.5902420198949,35.618437761127886],[139.58932823545743,35.62122338587899],[139.59022410255298,35.62453518419419],[139.5922845968728,35.624225670332955],[139.59362839751614,35.62662440275752],[139.59126330838384,35.63105045097316],[139.59140664711913,35.633062291071184],[139.58778734405305,35.634965801317776],[139.58443680111563,35.641078700077145],[139.58658688214499,35.642641745076375],[139.58764400531774,35.646170203094435],[139.58956116090226,35.6451333316593],[139.59206958876985,35.64590711631239],[139.59196208471838,35.65135456027011],[139.5930908772588,35.65152479289378],[139.59233834889852,35.65542466754533],[139.58988367305668,35.65725079932661],[139.5889698886192,35.66245063219534],[139.58656896480306,35.66395177442232],[139.5901165985015,35.66579338189666],[139.58889821925155,35.6694146940731],[139.5885040377295,35.67051346828048],[139.5824838108473,35.673391947189955],[139.58664063417072,35.6739800235263],[139.586783972906,35.677802519712536],[139.58812777354936,35.68004649520648],[139.5853147508693,35.68204285961144],[139.5941838351154,35.68213571376981]]]],"type":"MultiPolygon"},"id":"geoshape:13:2017-01-01:bddaa6fdf854f0b34032","properties":{"administrativeCode":"13112","jurisdictionId":"geoshape:13:2017-01-01:bddaa6fdf854f0b34032","municipalityName":"世田谷区","prefectureName":"東京都","snapshotDate":"2017-01-01","sourceDataset":"historical-administrative-areas-beta","sourceProvider":"Geoshape","sourceResourceId":"gci:13112A1968"},"type":"Feature"},{"geometry":{"coordinates":[[[[139.58671230353838,35.69395914326894],[139.59405841372202,35.68899144579614],[139.5905645320493,35.68699508139118],[139.59361048017422,35.68413207817477],[139.5941838351154,35.68213571376981],[139.5853147508693,35.68204285961144],[139.58812777354936,35.68004649520648],[139.586783972906,35.677802519712536],[139.58664063417072,35.6739800235263],[139.5824838108473,35.673391947189955],[139.5885040377295,35.67051346828048],[139.58889821925155,35.6694146940731],[139.58517141213397,35.67128725293357],[139.5804591512113,35.670714652290286],[139.57830907018194,35.67204556189359],[139.57979620956058,35.665530295114614],[139.58214338135096,35.66501959724358],[139.57549604750187,35.66003642407772],[139.57300553697618,35.664137482739065],[139.56884871365276,35.66350297932353],[139.565569840083,35.66506602432277],[139.5643335434911,35.66902780174656],[139.56445896488447,35.672262221596455],[139.5608754965022,35.68284759565065],[139.55458650949132,35.68212023807675],[139.55216766833328,35.68083575555263],[139.54543074777462,35.682058335304504],[139.54294023724896,35.68046433891915],[139.54139934584458,35.66989444055801],[139.5419368661019,35.6679599789253],[139.54439154194378,35.66664454501506],[139.5415964366056,35.664276763976616],[139.53837131506157,35.66474103476847],[139.53849673645493,35.667124291499974],[139.5355941270653,35.66929088852861],[139.53439366515724,35.667542135212635],[139.53136563437423,35.667696892143255],[139.5324406748889,35.66989444055801],[139.5294484787897,35.67272649238831],[139.5294484787897,35.67560497129778],[139.52676087750302,35.674676429714076],[139.52659962142582,35.67913342931584],[139.52538124217583,35.68089765832488],[139.52867803308752,35.681191696493045],[139.52692213358023,35.684209456640076],[139.52487955660231,35.69010569569659],[139.52853469435223,35.69067829633987],[139.53215399741833,35.688774786093276],[139.53136563437423,35.694609122377535],[139.53419657439622,35.694887684852645],[139.53392781426754,35.69897326782093],[139.53641832479323,35.69829233732622],[139.5365258288447,35.695336479951436],[139.5421877088887,35.69529005287225],[139.54227729559824,35.69669834094086],[139.55066261161275,35.69501149039714],[139.5501609260392,35.70678849281709],[139.57051502645052,35.69892684074175],[139.5725576034284,35.69883398658338],[139.5766606747261,35.701433903017744],[139.57992163095398,35.69881851089032],[139.58483098263767,35.69725546589109],[139.58671230353838,35.69395914326894]]]],"type":"MultiPolygon"},"id":"geoshape:13:2017-01-01:c1d8bd1870b336b51b2b","properties":{"administrativeCode":"13204","jurisdictionId":"geoshape:13:2017-01-01:c1d8bd1870b336b51b2b","municipalityName":"三鷹市","prefectureName":"東京都","snapshotDate":"2017-01-01","sourceDataset":"historical-administrative-areas-beta","sourceProvider":"Geoshape","sourceResourceId":"gci:13204A1968"},"type":"Feature"},{"geometry":{"coordinates":[[[[139.44102639645723,34.752402501702484],[139.44328398153806,34.7477907451701],[139.44518321978066,34.7476669396256],[139.448354589299,34.74378254066712],[139.44831875461514,34.73875294042207],[139.4442873526851,34.73412570819662],[139.44387525382115,34.73199006255411],[139.44548781459318,34.728074712209505],[139.44484279028435,34.72511885483472],[139.44796040777692,34.720507098302335],[139.44959088589087,34.71529178974054],[139.4489816962659,34.71318709548415],[139.44453819547186,34.71015385964406],[139.44371399774394,34.70292671098425],[139.44941171247174,34.69843875999636],[139.44993131538718,34.69636501712609],[139.44787082106737,34.69461626381012],[139.44604325219242,34.690283069752844],[139.44430527002703,34.68862717059525],[139.4447711209167,34.68455706332002],[139.4393600836595,34.68547012921066],[139.43878672871833,34.68820932688258],[139.43638580490222,34.68754387208092],[139.4407934710124,34.68200357396484],[139.44025595075504,34.68039410188642],[139.43871505935067,34.67867629995658],[139.4352570123618,34.6781036993133],[139.43002514852367,34.678753678421884],[139.42825133167446,34.681291692084],[139.425312887601,34.682653553073436],[139.4238795002481,34.681895244113406],[139.42224902213417,34.68252974752894],[139.41449081308653,34.6806881400546],[139.41289616965642,34.6818178656481],[139.41051316318223,34.68079646990603],[139.40662509998745,34.6810905080742],[139.4041345894618,34.68256069891506],[139.40090946791776,34.68226666074689],[139.399440245881,34.68409279252817],[139.39684223130388,34.683876132825304],[139.39472798495834,34.68720340683357],[139.39109076455034,34.687435542229494],[139.38636058628575,34.690159264208354],[139.38383424107624,34.69379605207785],[139.38066287155792,34.695854319255055],[139.3763268748154,34.69591622202731],[139.37254631567208,34.69963038836211],[139.36520020548843,34.700419648708255],[139.35891121847757,34.70292671098425],[139.35891121847757,34.70294218667731],[139.36018334975327,34.70808011677379],[139.36012959772754,34.7114692935543],[139.3526939008343,34.718386928352885],[139.35253264475713,34.72513433052778],[139.35314183438211,34.73096866681204],[139.35688655884158,34.735317336562375],[139.35606236111366,34.73985171462945],[139.35688655884158,34.74190998180666],[139.35267598349242,34.74681577650721],[139.35314183438211,34.75032875883221],[139.35077674524982,34.756534511749955],[139.34909251511016,34.75902609833289],[139.3488954243491,34.76603658728983],[139.3508842493013,34.76673299347761],[139.35204887652552,34.76941028837729],[139.3493612752388,34.77493511080031],[139.34955836599983,34.78256462747972],[139.352353471338,34.78426695371651],[139.3540914535034,34.78996200876321],[139.35878579708418,34.79321190430617],[139.36156298508044,34.799015289204306],[139.36758321196265,34.796260615839316],[139.3730659185875,34.79817960177897],[139.37677480836317,34.79426425143436],[139.380447863455,34.79435710559273],[139.38195292017554,34.791571480841625],[139.38460468677843,34.78983820321872],[139.38992613732609,34.788615623466846],[139.39313334152823,34.78966797059504],[139.3980068585281,34.787872790199884],[139.40313121831474,34.78708352985374],[139.4056933982081,34.787609703417836],[139.4092051972227,34.78610856119085],[139.41271699623732,34.78624784242841],[139.41431163966743,34.78394196416221],[139.42065437870406,34.78106348525274],[139.42206984871504,34.781744415747454],[139.42796465420386,34.77586365238401],[139.4332323527258,34.77230424297982],[139.43679790376618,34.767630583675185],[139.44124140456017,34.755250029225834],[139.44102639645723,34.752402501702484]]]],"type":"MultiPolygon"},"id":"geoshape:13:2017-01-01:c8354c647841dea35354","properties":{"administrativeCode":"13361","jurisdictionId":"geoshape:13:2017-01-01:c8354c647841dea35354","municipalityName":"大島町","prefectureName":"東京都","snapshotDate":"2017-01-01","sourceDataset":"historical-administrative-areas-beta","sourceProvider":"Geoshape","sourceResourceId":"gci:13361A1968"},"type":"Feature"},{"geometry":{"coordinates":[[[[139.71951564178522,35.745044406065595],[139.72001732735876,35.74177903482958],[139.7236187130829,35.73993742735524],[139.72790095779973,35.7447194165113],[139.73263113606433,35.74509083314478],[139.7317890209945,35.743311128442684],[139.73555166279587,35.74054097938464],[139.74107020410457,35.74235163547286],[139.74657082807136,35.73984457319686],[139.74956302417056,35.73654825057473],[139.75275231103078,35.735062584040804],[139.7491867599904,35.7328805113191],[139.74461783780302,35.73583636869389],[139.74244983943174,35.733793577209745],[139.74352487994642,35.732895987012164],[139.74085519600163,35.730357973350046],[139.73908137915242,35.73184363988397],[139.73596376165983,35.729352053301035],[139.73739714901274,35.72689141810423],[139.7319681944136,35.724105793353125],[139.72987186541,35.72628786607482],[139.72648548778875,35.72704617503484],[139.72275868067118,35.72514266478826],[139.72472958828143,35.72000473469178],[139.71831517987718,35.71776075919783],[139.71761640354262,35.71449538796181],[139.72250783788442,35.712266888160926],[139.7144091993405,35.71317995405157],[139.71211577957584,35.71475847474386],[139.71053905348765,35.713535894991985],[139.70536094167528,35.713706127615666],[139.70455466128925,35.7158727246443],[139.70593429661642,35.71885953340521],[139.704608413315,35.72300701914574],[139.69982448302466,35.7235486684029],[139.69572141172696,35.72173801231469],[139.686619402036,35.72272845667063],[139.68271342149933,35.72364152256127],[139.68135170351408,35.72704617503484],[139.67733821892594,35.7293675289941],[139.6779653258928,35.73068296290434],[139.67873577159503,35.73442808062527],[139.680760431231,35.738761274682545],[139.6896115981352,35.741330239730786],[139.69258587689248,35.74363611799698],[139.69453886716082,35.74222782992837],[139.69887486390337,35.74239806255204],[139.69921529339967,35.73972076765237],[139.7009891102489,35.739906475969114],[139.70233291089227,35.73614588255512],[139.70815604701343,35.741469520968344],[139.71043154943618,35.74578723933256],[139.71951564178522,35.745044406065595]]]],"type":"MultiPolygon"},"id":"geoshape:13:2017-01-01:cc205cccdbf704db569e","properties":{"administrativeCode":"13116","jurisdictionId":"geoshape:13:2017-01-01:cc205cccdbf704db569e","municipalityName":"豊島区","prefectureName":"東京都","snapshotDate":"2017-01-01","sourceDataset":"historical-administrative-areas-beta","sourceProvider":"Geoshape","sourceResourceId":"gci:13116A1968"},"type":"Feature"},{"geometry":{"coordinates":[[[[139.28057659964117,34.533328590721155],[139.2877077017219,34.5310072367619],[139.29236621061884,34.52682879963525],[139.29272455745706,34.52291344929064],[139.29078948453065,34.52049924117301],[139.2809349464794,34.511832853058465],[139.2763301896082,34.51104359271232],[139.2714745899502,34.513101859889524],[139.26815988169662,34.517249345630056],[139.26738943599443,34.52288249790451],[139.26853614587674,34.52701450795199],[139.2739830178178,34.53224529220684],[139.27957322849414,34.53227624359296],[139.28057659964117,34.533328590721155]]]],"type":"MultiPolygon"},"id":"geoshape:13:2017-01-01:d4aa38a8718e4fcc9fe1","properties":{"administrativeCode":"13362","jurisdictionId":"geoshape:13:2017-01-01:d4aa38a8718e4fcc9fe1","municipalityName":"利島村","prefectureName":"東京都","snapshotDate":"2017-01-01","sourceDataset":"historical-administrative-areas-beta","sourceProvider":"Geoshape","sourceResourceId":"gci:13362A1968"},"type":"Feature"},{"geometry":{"coordinates":[[[[139.80971154096693,35.72812947354916],[139.8113957711066,35.73297336547748],[139.81413712441903,35.736207785327366],[139.81449547125726,35.73880770176173],[139.8172547419116,35.74208854869081],[139.82035444206227,35.743434933987174],[139.82383040639306,35.73770892755435],[139.82976104656572,35.731178185082314],[139.84215984716838,35.719308328504],[139.83904222967578,35.717110780089236],[139.83676672725306,35.717961943207634],[139.83415079533398,35.71715720716843],[139.83363119241858,35.7140156414769],[139.83931098980446,35.71087407578538],[139.83888097359858,35.70915627385553],[139.83438372077885,35.704730225639885],[139.8354050092678,35.703012423710035],[139.8306748310032,35.703012423710035],[139.8186881292645,35.708011072568965],[139.81969150041155,35.693030601685244],[139.81338459605874,35.69267466074483],[139.81146744047425,35.6919163517848],[139.8118795393382,35.68855812639042],[139.80946069818017,35.68699508139118],[139.80499928004423,35.68677842168832],[139.8048021892832,35.688496223618166],[139.80048410988258,35.68829503960836],[139.79917614392306,35.68971880337004],[139.79672146808122,35.68854265069736],[139.79347842919526,35.69081757757742],[139.7903966463865,35.68928548396431],[139.78890950700784,35.691653265002756],[139.78890950700784,35.69470197653591],[139.79347842919526,35.70121724331488],[139.7970260628937,35.70777893717304],[139.80664767550007,35.71743576964354],[139.80843940969123,35.720376151325254],[139.80971154096693,35.72812947354916]]]],"type":"MultiPolygon"},"id":"geoshape:13:2017-01-01:d95dadfa43f860106144","properties":{"administrativeCode":"13107","jurisdictionId":"geoshape:13:2017-01-01:d95dadfa43f860106144","municipalityName":"墨田区","prefectureName":"東京都","snapshotDate":"2017-01-01","sourceDataset":"historical-administrative-areas-beta","sourceProvider":"Geoshape","sourceResourceId":"gci:13107A1968"},"type":"Feature"},{"geometry":{"coordinates":[[[[139.680760431231,35.738761274682545],[139.67873577159503,35.73442808062527],[139.6779653258928,35.73068296290434],[139.67468645232304,35.733066219635845],[139.671461330779,35.73354596612076],[139.66818245720924,35.73139484478518],[139.664796079588,35.73111628231007],[139.66225181703658,35.72692236949035],[139.6596179677756,35.725823595282975],[139.6474341752759,35.72675213686667],[139.64739834059208,35.72548313003561],[139.64358194676495,35.72531289741194],[139.6398372223055,35.726380720233195],[139.63643292734233,35.7322769592897],[139.6335482352946,35.73527924374366],[139.6271696615742,35.73510901111999],[139.6245537296551,35.73014131364718],[139.61539796793843,35.73028059488474],[139.601942044163,35.72600930359971],[139.59979196313364,35.72392008503638],[139.59565305715213,35.72217133172041],[139.59384340561908,35.71828693276193],[139.5894536568508,35.72028329716689],[139.58681980758982,35.71975712360279],[139.58499223871488,35.71630604405003],[139.58665855151264,35.71191094722051],[139.5820358772995,35.71393826301159],[139.5739551560975,35.71943213404849],[139.56564150945061,35.721660633849375],[139.5652652452705,35.72426055028374],[139.56634028578517,35.7279128138463],[139.56942206859392,35.73414951815016],[139.5673257395903,35.736362542257986],[139.56825744136967,35.738080344187836],[139.56816785466012,35.742754003492465],[139.56677030199103,35.747427662797094],[139.56883079631083,35.74758241972771],[139.56927872985864,35.749996627845334],[139.56777367313808,35.75507265516957],[139.56279265208673,35.761587921948546],[139.5635810151308,35.76284145308654],[139.56677030199103,35.761959338582024],[139.56823952402777,35.76350690788819],[139.57107046404977,35.76333667526451],[139.5699954235351,35.765363991055594],[139.57458226306437,35.76623062986705],[139.57433142027762,35.76819604288589],[139.57689360017093,35.76807223734139],[139.57816573144666,35.7708578620925],[139.58225088540243,35.77121380303292],[139.58398886756783,35.774835115209356],[139.58653313011925,35.77517558045671],[139.58875488051626,35.7785338058511],[139.5934133894132,35.77718742055473],[139.59414800043157,35.77870403847478],[139.5971939485565,35.77836357322742],[139.59694310576972,35.77641363590165],[139.60437880266295,35.77502082352609],[139.59844816249029,35.77214234461662],[139.5986452532513,35.769093633083465],[139.60285582860047,35.77096619194393],[139.6063497102732,35.770950716250866],[139.60875063408932,35.768830546301416],[139.61127697929882,35.7710590461023],[139.61722553681338,35.77034716422146],[139.6177272223869,35.76664847357972],[139.62299492090884,35.76686513328258],[139.6240878787654,35.771260230112105],[139.6247149857323,35.77981828837522],[139.625180836622,35.777930253821694],[139.62939141197117,35.7768779066935],[139.62935557728736,35.77173997659702],[139.6302156096991,35.77234352862642],[139.63473077986075,35.76986741773655],[139.63483828391222,35.76879959491529],[139.64051808129813,35.769109108776526],[139.64297275713997,35.77091976486474],[139.6479179435075,35.76861388659855],[139.65112514770965,35.76917101154877],[139.66114094183808,35.7686757893708],[139.66900665493716,35.766540143728285],[139.67069088507682,35.7620521927404],[139.67370099851792,35.758399929177834],[139.6733426516797,35.75451553021935],[139.67502688181938,35.751884662398865],[139.672070520404,35.745214638689276],[139.6758869142311,35.74540034700601],[139.68083210059865,35.74382182631372],[139.6792016224847,35.740185038444224],[139.680760431231,35.738761274682545]]]],"type":"MultiPolygon"},"id":"geoshape:13:2017-01-01:dbd638f53e5aae25562b","properties":{"administrativeCode":"13120","jurisdictionId":"geoshape:13:2017-01-01:dbd638f53e5aae25562b","municipalityName":"練馬区","prefectureName":"東京都","snapshotDate":"2017-01-01","sourceDataset":"historical-administrative-areas-beta","sourceProvider":"Geoshape","sourceResourceId":"gci:13120A1968"},"type":"Feature"},{"geometry":{"coordinates":[[[[139.52016729567964,35.73343763626932],[139.51670924869074,35.73059010874597],[139.51767678515395,35.72744854305445],[139.52333866519794,35.723254630234734],[139.52466454849937,35.71940118266237],[139.52314157443692,35.71906071741501],[139.51493543184154,35.717250061326794],[139.5085926928049,35.716367946822274],[139.50782224710272,35.71222046108174],[139.5006732276801,35.71231331524011],[139.4959072147317,35.71316447835851],[139.49540552915818,35.70963602034044],[139.49243125040087,35.710131242518415],[139.49162497001487,35.70807297534121],[139.48571224718413,35.70838248920244],[139.48022954055926,35.714371582417314],[139.47849155839387,35.708707478756736],[139.4719338112543,35.711028832715996],[139.47202339796385,35.715377502466325],[139.4586749782399,35.71788456474232],[139.4578866151958,35.720809470730984],[139.44611492156005,35.72286773790819],[139.43563327654192,35.72475577246171],[139.4338415423508,35.726953320876476],[139.42291196378488,35.730187740726365],[139.4264416801414,35.7301722650333],[139.42869926522224,35.730063935181875],[139.44247770115206,35.736347066564925],[139.44554156661889,35.73503163265468],[139.45098843855996,35.73699704567351],[139.4663973526037,35.74408491309577],[139.4710021094749,35.742754003492465],[139.477255261802,35.739906475969114],[139.47709400572478,35.73758512200986],[139.47883198789017,35.73521734097142],[139.48621393275764,35.734505459090585],[139.48732480795616,35.740912396018125],[139.48515680958488,35.740881444631995],[139.48573016452605,35.743868253392904],[139.4894390543017,35.74490512482804],[139.49063951620974,35.74182546190876],[139.4981647998125,35.74434799987782],[139.49811104778678,35.745864617797864],[139.50379084517266,35.74284685765083],[139.50472254695205,35.741020725869554],[139.50443586948148,35.732199580824386],[139.5056004967057,35.732060299586834],[139.50672928924612,35.742026645918564],[139.508574775463,35.74126833695854],[139.50818059394095,35.73838985804907],[139.51264201207687,35.7379720143364],[139.51511460526064,35.73911721562297],[139.52109899745903,35.73894698299929],[139.52016729567964,35.73343763626932]]]],"type":"MultiPolygon"},"id":"geoshape:13:2017-01-01:e510a116e8ca09bdce7e","properties":{"administrativeCode":"13211","jurisdictionId":"geoshape:13:2017-01-01:e510a116e8ca09bdce7e","municipalityName":"小平市","prefectureName":"東京都","snapshotDate":"2017-01-01","sourceDataset":"historical-administrative-areas-beta","sourceProvider":"Geoshape","sourceResourceId":"gci:13211A1968"},"type":"Feature"},{"geometry":{"coordinates":[[[[139.27600767745378,34.327393543149206],[139.27975240191324,34.3254590815165],[139.27753065151626,34.32414364760625],[139.27518347972585,34.325969779387535],[139.27600767745378,34.327393543149206]]],[[[139.21861843131174,34.33287193849305],[139.21861843131174,34.33285646279998],[139.22553452528953,34.33084462270197],[139.22648414441082,34.33003988666276],[139.22693207795862,34.32614001201121],[139.2248536662969,34.32419007468543],[139.21956805043305,34.321853245033125],[139.21969347182645,34.32064614097431],[139.21783006826766,34.32007354033102],[139.21698795319782,34.31680816909501],[139.2166475237015,34.316684363550515],[139.21403159178246,34.31782956483708],[139.21195318012073,34.315740346273756],[139.21139774252148,34.31826288424281],[139.20711549780466,34.31762838082728],[139.20695424172746,34.31976402646979],[139.2074738446429,34.32112588745922],[139.20234948485626,34.32030567572696],[139.2013102790254,34.31635937399622],[139.19787014937842,34.316111762907234],[139.19774472798503,34.317566478055035],[139.1948421185954,34.318278359935874],[139.19392833415793,34.32032115142002],[139.19552297758804,34.3228746407752],[139.19953646217618,34.32511861626914],[139.20168654320554,34.32603168215978],[139.20025315585264,34.32903396661375],[139.20372912018343,34.327362591763084],[139.20528792892972,34.32778043547575],[139.20656006020542,34.330364876217054],[139.2087638932605,34.33104580671177],[139.2067033989407,34.33496115705638],[139.206846737676,34.33514686537312],[139.206846737676,34.33516234106618],[139.20914015744066,34.33669443467929],[139.2128311298744,34.336957521461336],[139.214121178492,34.33246957047344],[139.21861843131174,34.33287193849305]]],[[[139.2256061946572,34.37501225070004],[139.22933300177473,34.37261351827547],[139.2288133988593,34.36708869585245],[139.22601829352115,34.36773867496104],[139.22600037617923,34.36773867496104],[139.22798920113138,34.37091119203869],[139.22445948477485,34.373371827235495],[139.2256061946572,34.37501225070004]]],[[[139.28786895779908,34.41518714988819],[139.28659682652338,34.41151941063257],[139.2913628394718,34.408161185238185],[139.28926651046817,34.40635052914996],[139.28937401451964,34.40166139415227],[139.28810188324394,34.40081023103388],[139.2853605299315,34.40012930053916],[139.28335378763742,34.398040081975836],[139.2839450599205,34.394604478116136],[139.28197415231026,34.39599729049169],[139.27788899835448,34.390348662524175],[139.27663478442068,34.38344650341866],[139.27579266935084,34.368481508228],[139.27600767745378,34.35340818318591],[139.27640185897582,34.34943093006906],[139.2758643387185,34.34342636116112],[139.27314090274797,34.34057883363777],[139.2717971021046,34.33087557408809],[139.26090335822252,34.33414094532411],[139.25774990604612,34.335765893095584],[139.25536689957192,34.33827295537158],[139.25144300169333,34.340455028093274],[139.2485583096456,34.3457786665065],[139.24447315568983,34.34850238848536],[139.2457273696236,34.35433672476962],[139.24518984936628,34.35913418961874],[139.24203639718988,34.36414831417073],[139.2433443631494,34.3678779561986],[139.23988631616052,34.37064810525664],[139.24164221566784,34.370524299712145],[139.245852791017,34.3678779561986],[139.25036796117865,34.3730468376812],[139.25371850411608,34.3790668822822],[139.25559982501676,34.3838333957452],[139.25723030313068,34.39206646445402],[139.2572123857888,34.3951461273733],[139.25520564349472,34.39779247088685],[139.2554744036234,34.40099593935062],[139.2591116240314,34.40235780034005],[139.26077793682913,34.40455534875481],[139.26713859320768,34.40823856370349],[139.26611730471873,34.410157549643145],[139.26708484118194,34.41325268825548],[139.2693961782885,34.41636330256088],[139.27475346352,34.41681209765967],[139.27643769365966,34.41577522622454],[139.2794836417846,34.41798825033236],[139.28174122686542,34.42413210047785],[139.28050493027354,34.42940931181189],[139.27851610532136,34.43117354082092],[139.283443374347,34.4304152318609],[139.28853189944982,34.42684034676365],[139.2905923937696,34.42414757617091],[139.29116574871077,34.41914892731199],[139.29225870656737,34.418684656520135],[139.28786895779908,34.41518714988819]]],[[[139.28650723981383,34.478358928966024],[139.28860356881745,34.47682683535292],[139.29566300153053,34.47391740505732],[139.2995689820672,34.47148772124663],[139.2984760242106,34.46989372486128],[139.2916674342843,34.4701258602572],[139.2894636012292,34.47506260634388],[139.28650723981383,34.478358928966024]]]],"type":"MultiPolygon"},"id":"geoshape:13:2017-01-01:ea44d71c07526556c54b","properties":{"administrativeCode":"13363","jurisdictionId":"geoshape:13:2017-01-01:ea44d71c07526556c54b","municipalityName":"新島村","prefectureName":"東京都","snapshotDate":"2017-01-01","sourceDataset":"historical-administrative-areas-beta","sourceProvider":"Geoshape","sourceResourceId":"gci:13363A1992"},"type":"Feature"},{"geometry":{"coordinates":[[[[139.56564150945061,35.721660633849375],[139.55761454027433,35.721815390779994],[139.55458650949132,35.72077851934486],[139.54940839767895,35.71692507177249],[139.53736794391452,35.71132287088417],[139.5294305614478,35.71279306172502],[139.53000391638898,35.71749767241578],[139.52692213358023,35.71851906815785],[139.52645628269053,35.71728101271292],[139.52292656633398,35.71763695365334],[139.52314157443692,35.71906071741501],[139.52466454849937,35.71940118266237],[139.52333866519794,35.723254630234734],[139.51767678515395,35.72744854305445],[139.51670924869074,35.73059010874597],[139.52016729567964,35.73343763626932],[139.52971723891838,35.73972076765237],[139.5313118823485,35.74026241690953],[139.52717297636698,35.74365159369004],[139.52842719030076,35.7447194165113],[139.5335336327455,35.74490512482804],[139.5445886327048,35.75476314130834],[139.54715081259812,35.75338580462585],[139.55204224693992,35.75597024536715],[139.55524945114206,35.755738109971226],[139.55539278987735,35.75774995006924],[139.55777579635154,35.759576081850525],[139.5618430329654,35.75960703323665],[139.56279265208673,35.761587921948546],[139.56777367313808,35.75507265516957],[139.56927872985864,35.749996627845334],[139.56883079631083,35.74758241972771],[139.56677030199103,35.747427662797094],[139.56816785466012,35.742754003492465],[139.56825744136967,35.738080344187836],[139.5673257395903,35.736362542257986],[139.56942206859392,35.73414951815016],[139.56634028578517,35.7279128138463],[139.5652652452705,35.72426055028374],[139.56564150945061,35.721660633849375]]]],"type":"MultiPolygon"},"id":"geoshape:13:2017-01-01:ed9a200c89745866f288","properties":{"administrativeCode":"13229","jurisdictionId":"geoshape:13:2017-01-01:ed9a200c89745866f288","municipalityName":"西東京市","prefectureName":"東京都","snapshotDate":"2017-01-01","sourceDataset":"historical-administrative-areas-beta","sourceProvider":"Geoshape","sourceResourceId":"gci:13229A2001"},"type":"Feature"},{"geometry":{"coordinates":[[[[139.75941756222178,35.62800173944001],[139.75742873726963,35.6279243609747],[139.757554158663,35.6240863890954],[139.75350483939104,35.62405543770928],[139.75400652496455,35.63092664542867],[139.75526073889836,35.63360394032834],[139.75916671943503,35.633634891714465],[139.75941756222178,35.62800173944001]]],[[[139.78236967721023,35.629502881666994],[139.77135051193474,35.62314237181864],[139.7687345800157,35.62643869444078],[139.77717364805594,35.63142186760665],[139.7747727242398,35.63482652008022],[139.77265847789428,35.63256706889321],[139.77086674370312,35.633077766764245],[139.77701239197873,35.63609552691128],[139.78236967721023,35.629502881666994]]],[[[139.7315023435239,35.681501210354284],[139.7338315979724,35.6788703425338],[139.73677004204586,35.6788703425338],[139.7390634618105,35.67401097491242],[139.7431665331082,35.67145748555724],[139.74780712466324,35.6696158780829],[139.7499572056926,35.670838457834776],[139.75431111977704,35.66990991625107],[139.75807376157843,35.66867186080614],[139.75900546335782,35.658999552642584],[139.76457775669226,35.65616750081229],[139.76249934503053,35.651880733834204],[139.7613526351482,35.65236048031912],[139.75907713272548,35.64497857472869],[139.76034926400118,35.64497857472869],[139.76042093336883,35.636776457405986],[139.75552949902703,35.63905138428606],[139.75262688963738,35.63442415206061],[139.7519818653286,35.62634584028241],[139.7502618005051,35.624829222362365],[139.74676791883238,35.62323522597701],[139.7433277891854,35.6251387362236],[139.7377913305348,35.62453518419419],[139.73539040671866,35.62320427459088],[139.73395701936576,35.626113704886485],[139.7311439966857,35.62648512151996],[139.73092898858275,35.63027666632008],[139.72632423171154,35.63286110706138],[139.72600171955713,35.63502770409002],[139.72222116041385,35.635971721366786],[139.71996357533303,35.63457890899123],[139.71783141164556,35.63504317978308],[139.71689970986617,35.63994897448364],[139.71921104697273,35.64185248473022],[139.7235649610572,35.64669637665854],[139.7217194748403,35.65568775432738],[139.71498255428165,35.657142469475176],[139.7138000097155,35.6597578616026],[139.7085681458774,35.66406010427376],[139.71381792705742,35.66935279130085],[139.71492880225594,35.67298957917035],[139.71655928036986,35.67343837426914],[139.7194798071014,35.67449072139733],[139.71958731115288,35.67831321758357],[139.7267542479174,35.67928818624646],[139.72852806476664,35.68283211995759],[139.7315023435239,35.681501210354284]]]],"type":"MultiPolygon"},"id":"geoshape:13:2017-01-01:ef016ac370c6cd97f562","properties":{"administrativeCode":"13103","jurisdictionId":"geoshape:13:2017-01-01:ef016ac370c6cd97f562","municipalityName":"港区","prefectureName":"東京都","snapshotDate":"2017-01-01","sourceDataset":"historical-administrative-areas-beta","sourceProvider":"Geoshape","sourceResourceId":"gci:13103A1968"},"type":"Feature"},{"geometry":{"coordinates":[[[[139.4144191437189,35.73303526824972],[139.41622879525195,35.73209125097296],[139.4257966558326,35.73103890384476],[139.4264416801414,35.7301722650333],[139.42291196378488,35.730187740726365],[139.4338415423508,35.726953320876476],[139.43563327654192,35.72475577246171],[139.44611492156005,35.72286773790819],[139.44387525382115,35.71174071459683],[139.44161766874032,35.715826297565116],[139.4365470609794,35.71477395043692],[139.43333985677728,35.718395262613356],[139.42826924901635,35.71735839117822],[139.43563327654192,35.703724305590875],[139.43031182599427,35.70353859727413],[139.42726587786933,35.7036314514325],[139.42559956507156,35.701882698116535],[139.42739129926272,35.698447094256835],[139.43165562663762,35.69693047633679],[139.4299176444722,35.69380438633833],[139.43120769308982,35.69027592832026],[139.42841258775167,35.69112709143866],[139.424703697976,35.68671651891607],[139.42156816314153,35.688650980548786],[139.4175725958953,35.68275474149228],[139.41248407079246,35.68359042891761],[139.3951400838223,35.68917715411288],[139.38508845501002,35.69128184836927],[139.38858233668273,35.69306155307137],[139.39023073213858,35.6987875595042],[139.3929541681091,35.69908159767237],[139.3954446786348,35.706448027569735],[139.398436874734,35.71164786043846],[139.39569552142154,35.7128859158834],[139.39456672888113,35.7116323847454],[139.39094742581503,35.71533107538714],[139.3889944355467,35.71438705811038],[139.3870951973041,35.71666198499045],[139.3888510968114,35.71790004043538],[139.38550055387398,35.72045352979056],[139.382060424227,35.7202368700877],[139.3793190709146,35.72172253662163],[139.38179166409833,35.723115348997176],[139.38008951661678,35.72559145988704],[139.37770651014256,35.724214123204554],[139.3763627094992,35.72545217864949],[139.37005580514642,35.724508161372725],[139.37028873059126,35.725839070976036],[139.36541521359138,35.72501885924376],[139.3618138278672,35.7262569146887],[139.36245885217602,35.72416769612537],[139.35717323631215,35.725808119589914],[139.35504107262472,35.725080762016006],[139.35335684248506,35.727959240925486],[139.35290890893725,35.73605302839675],[139.35900080518712,35.73733751092087],[139.35987875494078,35.73958148641482],[139.3654689656171,35.739070788543785],[139.36946453286333,35.73588279577307],[139.37027081324936,35.737352986613935],[139.37795735292931,35.73509353542693],[139.37847695584475,35.733515014734635],[139.38096746637044,35.73484592433794],[139.3834938115799,35.73303526824972],[139.38385215841814,35.735526854832656],[139.38843899794745,35.73370072305137],[139.3912161859437,35.7335304904277],[139.3872922880651,35.7370434727527],[139.38481969488137,35.73787916017803],[139.38490928159092,35.74151594804753],[139.38354756360565,35.74396110755127],[139.3878835603482,35.73950410794951],[139.3953013398995,35.733499539041574],[139.39827561865678,35.73493877849631],[139.40040778234422,35.73356144181382],[139.40882893304257,35.733623344586064],[139.40945604000945,35.73260194884399],[139.4144191437189,35.73303526824972]]]],"type":"MultiPolygon"},"id":"geoshape:13:2017-01-01:f2e1f3e48796429a26b6","properties":{"administrativeCode":"13202","jurisdictionId":"geoshape:13:2017-01-01:f2e1f3e48796429a26b6","municipalityName":"立川市","prefectureName":"東京都","snapshotDate":"2017-01-01","sourceDataset":"historical-administrative-areas-beta","sourceProvider":"Geoshape","sourceResourceId":"gci:13202A1968"},"type":"Feature"},{"geometry":{"coordinates":[[[[139.52645628269053,35.71728101271292],[139.52692213358023,35.71851906815785],[139.53000391638898,35.71749767241578],[139.5294305614478,35.71279306172502],[139.53736794391452,35.71132287088417],[139.54940839767895,35.71692507177249],[139.55458650949132,35.72077851934486],[139.55761454027433,35.721815390779994],[139.56564150945061,35.721660633849375],[139.5739551560975,35.71943213404849],[139.5820358772995,35.71393826301159],[139.58665855151264,35.71191094722051],[139.595473883733,35.705442107520724],[139.59284003447203,35.70109343777038],[139.5902599372368,35.6948257820804],[139.58828902962657,35.695615042426546],[139.58671230353838,35.69395914326894],[139.58483098263767,35.69725546589109],[139.57992163095398,35.69881851089032],[139.5766606747261,35.701433903017744],[139.5725576034284,35.69883398658338],[139.57051502645052,35.69892684074175],[139.5501609260392,35.70678849281709],[139.55066261161275,35.69501149039714],[139.54227729559824,35.69669834094086],[139.5421877088887,35.69529005287225],[139.5365258288447,35.695336479951436],[139.53641832479323,35.69829233732622],[139.53392781426754,35.69897326782093],[139.53218983210215,35.70291956955167],[139.53254817894037,35.70910984677634],[139.52715505902506,35.70991458281555],[139.5273879844699,35.712808537418084],[139.52521998609865,35.71305614850708],[139.52645628269053,35.71728101271292]]]],"type":"MultiPolygon"},"id":"geoshape:13:2017-01-01:f43266d8e21bab95a468","properties":{"administrativeCode":"13203","jurisdictionId":"geoshape:13:2017-01-01:f43266d8e21bab95a468","municipalityName":"武蔵野市","prefectureName":"東京都","snapshotDate":"2017-01-01","sourceDataset":"historical-administrative-areas-beta","sourceProvider":"Geoshape","sourceResourceId":"gci:13203A1968"},"type":"Feature"},{"geometry":{"coordinates":[[[[139.43031182599427,35.70353859727413],[139.43563327654192,35.703724305590875],[139.42826924901635,35.71735839117822],[139.43333985677728,35.718395262613356],[139.4365470609794,35.71477395043692],[139.44161766874032,35.715826297565116],[139.44387525382115,35.71174071459683],[139.44611492156005,35.72286773790819],[139.4578866151958,35.720809470730984],[139.4586749782399,35.71788456474232],[139.47202339796385,35.715377502466325],[139.4719338112543,35.711028832715996],[139.47849155839387,35.708707478756736],[139.48022954055926,35.714371582417314],[139.48571224718413,35.70838248920244],[139.48743231200763,35.706463503262796],[139.48445803325032,35.70225411475001],[139.49144579659577,35.70024227465199],[139.48958239303698,35.695444809802865],[139.4864647755444,35.69216396287379],[139.4782227982652,35.69036878247863],[139.47686108027992,35.68928548396431],[139.466540691339,35.68844979653898],[139.463709751317,35.689641424904735],[139.4677949052728,35.69250442812115],[139.46684528615148,35.69529005287225],[139.46376350334273,35.695444809802865],[139.46297514029862,35.699870858018514],[139.4602517043281,35.69985538232545],[139.45940958925829,35.69238062257665],[139.45561111277308,35.69473292792203],[139.44855168006,35.70095415653283],[139.44161766874032,35.70036608019649],[139.44100847911534,35.701325573166315],[139.43199605613393,35.70165056272061],[139.43031182599427,35.70353859727413]]]],"type":"MultiPolygon"},"id":"geoshape:13:2017-01-01:f952f498e7dd3f5de7df","properties":{"administrativeCode":"13214","jurisdictionId":"geoshape:13:2017-01-01:f952f498e7dd3f5de7df","municipalityName":"国分寺市","prefectureName":"東京都","snapshotDate":"2017-01-01","sourceDataset":"historical-administrative-areas-beta","sourceProvider":"Geoshape","sourceResourceId":"gci:13214A1968"},"type":"Feature"},{"geometry":{"coordinates":[[[[139.75843210841666,32.473467417130635],[139.76246351034672,32.47142462564649],[139.7698633725561,32.46907232030111],[139.7733393368869,32.46408914713525],[139.77814118451914,32.46060711619637],[139.78127671935363,32.457481026197904],[139.78034501757423,32.4535656758533],[139.781402140747,32.45217286347774],[139.77916247300809,32.44729802016331],[139.77167302408915,32.44373861075912],[139.76731911000468,32.44301125318522],[139.76420149251211,32.44570402377796],[139.76011633855634,32.446400429965735],[139.75461571458956,32.45133717605241],[139.7548486400344,32.46294394584868],[139.75443654117043,32.467075955896156],[139.7551890695307,32.47178056658691],[139.75843210841666,32.473467417130635]]]],"type":"MultiPolygon"},"id":"geoshape:13:2017-01-01:ffef5cb2142a747527e8","properties":{"administrativeCode":"13402","jurisdictionId":"geoshape:13:2017-01-01:ffef5cb2142a747527e8","municipalityName":"青ヶ島村","prefectureName":"東京都","snapshotDate":"2017-01-01","sourceDataset":"historical-administrative-areas-beta","sourceProvider":"Geoshape","sourceResourceId":"gci:13402A1968"},"type":"Feature"}],"type":"FeatureCollection"}
