{"features":[{"geometry":{"coordinates":[[[[139.5269253499862,35.68420945711076],[139.52868123292757,35.68119169696378],[139.52538447311926,35.680897658795615],[139.52660284087452,35.67913342978661],[139.52676409543034,35.67467643018492],[139.52945167136102,35.6756049717686],[139.52945167136102,35.67272649285917],[139.53244383923052,35.66989444102893],[139.53136880885825,35.6676968926142],[139.5343968110735,35.66754213568359],[139.53559726165585,35.66929088899953],[139.53796232847486,35.66768141692114],[139.53744273046158,35.66546839281335],[139.5415995145677,35.66427676444762],[139.54443042788137,35.66659811840684],[139.54193994085227,35.667959979396244],[139.54140242566612,35.66989444102893],[139.54294330253305,35.68046433938989],[139.54543378956214,35.682058335775224],[139.55217064656173,35.68083575602337],[139.55458946489932,35.68212023854747],[139.56087839257714,35.682847596121356],[139.56446182715138,35.67226222206733],[139.5643901584599,35.66854805573258],[139.5655726918694,35.66506602479376],[139.56885153450483,35.66350297979455],[139.57300831861093,35.66413748321007],[139.57549880564005,35.660036424548785],[139.58214607677525,35.665019597714576],[139.57979892712913,35.6655302955856],[139.5784551391638,35.671906281126915],[139.58046186252537,35.670714652761184],[139.5851740789905,35.67128725340446],[139.58888293377484,35.669414694544024],[139.59011921870294,35.665793382367646],[139.58655370130157,35.663951774893334],[139.58974295807266,35.660934014746346],[139.5898862954556,35.65725079979772],[139.59234094813897,35.65542466801648],[139.5930755522267,35.65152479336499],[139.5919646875087,35.65135456074132],[139.59200052185443,35.64581426262532],[139.58764664884671,35.64617020356573],[139.58558617396653,35.64550474876409],[139.58433197186554,35.64839870336658],[139.58062311708122,35.64729992915922],[139.5765200844937,35.65033316499926],[139.57451336113212,35.65073553301886],[139.5694786355553,35.6490332067821],[139.56589520098106,35.64637138757553],[139.56336887960623,35.64137273871668],[139.56320762505038,35.637395485599896],[139.56197134012228,35.63259802075085],[139.55856707727673,35.633743222037396],[139.54942931911242,35.63437772545291],[139.54772718768967,35.636699079412125],[139.5359556051133,35.63948470416319],[139.53088504519073,35.64196081505302],[139.52538447311926,35.64264174554772],[139.52083351121,35.646201154951854],[139.52079767686422,35.65359853623522],[139.5170350705613,35.65531633816504],[139.52321649520184,35.66778974677257],[139.5251694670448,35.6689813751383],[139.52645950349154,35.67238602761182],[139.52434527709272,35.67969055473682],[139.52049308492542,35.68164049206256],[139.52226688503967,35.687366498495294],[139.52450653164857,35.687939099138575],[139.5269253499862,35.68420945711076]]]],"type":"MultiPolygon"},"id":"geoshape:13:2021-01-01:06e7165c7afec6971be4","properties":{"administrativeCode":"13208","jurisdictionId":"geoshape:13:2021-01-01:06e7165c7afec6971be4","municipalityName":"調布市","prefectureName":"東京都","snapshotDate":"2021-01-01","sourceDataset":"historical-administrative-areas-beta","sourceProvider":"Geoshape","sourceResourceId":"gci:13208A1968"},"type":"Feature"},{"geometry":{"coordinates":[[[[139.35724972289583,35.744626562822646],[139.35724972289583,35.744626562822646]]],[[[139.37901908793435,35.771198327809145],[139.3736260189001,35.76879959538462],[139.37330350978843,35.77129118196751],[139.37090260862368,35.771430463205064],[139.36855545897757,35.77440179627287],[139.36739084274092,35.767793675335625],[139.36289363235025,35.76192838766534],[139.36095857768015,35.76110817593308],[139.3588264341085,35.75793565885549],[139.35902352301008,35.75448457930278],[139.35750056331602,35.75363341618441],[139.35812766436652,35.750754937274976],[139.35665845619107,35.75081684004722],[139.35466965000236,35.74560153148552],[139.34990368201863,35.74772170143493],[139.3504232800319,35.745137260693674],[139.3533437792099,35.74253734425935],[139.35207165993603,35.74123738604219],[139.34551397466518,35.74707172232635],[139.34232471789412,35.74614318074266],[139.34262930983292,35.74984187138435],[139.3430772391547,35.753215572471746],[139.34035382887828,35.753726270342774],[139.3358387013147,35.75929751984489],[139.33478158811533,35.76493067211926],[139.33642996801947,35.76604492201969],[139.33318695972977,35.76760796701889],[139.33363488905155,35.770950716720165],[139.33152066265276,35.77291612973897],[139.32877933520348,35.7713376090467],[139.32107495086885,35.77721837241005],[139.32412087025696,35.781087295675405],[139.3206628558928,35.78336222255544],[139.32057327002846,35.78990844072043],[139.32275916511875,35.786302604237115],[139.32204247820388,35.78978463517594],[139.3262709310015,35.787029961811],[139.33006937165018,35.790604846908195],[139.32847474326465,35.791765523887804],[139.330373963589,35.793622607055184],[139.33277486475376,35.791889329432294],[139.33487117397968,35.79369998552049],[139.33850836007252,35.79459757571805],[139.3428801502531,35.79402497507478],[139.34671442524754,35.79640823180624],[139.35026202547604,35.79340594735232],[139.35492049042256,35.79371546121355],[139.35984771296214,35.79162624265025],[139.36991716411578,35.79173457250168],[139.3687167135334,35.79029533304697],[139.36986341259714,35.787602562454275],[139.36782085488983,35.78704543750406],[139.36749834577816,35.7843836182975],[139.37299891784963,35.779648056220694],[139.37531023315,35.78042184087377],[139.38012995265237,35.77875046602313],[139.38154540930918,35.77449465043124],[139.37901908793435,35.771198327809145]]]],"type":"MultiPolygon"},"id":"geoshape:13:2021-01-01:12329f40061f0b7e650b","properties":{"administrativeCode":"13303","jurisdictionId":"geoshape:13:2021-01-01:12329f40061f0b7e650b","municipalityName":"瑞穂町","parentJurisdictionName":"西多摩郡","prefectureName":"東京都","snapshotDate":"2021-01-01","sourceDataset":"historical-administrative-areas-beta","sourceProvider":"Geoshape","sourceResourceId":"gci:13303A1968"},"type":"Feature"},{"geometry":{"coordinates":[[[[139.81449597456913,35.73880770223154],[139.8141376311117,35.73620778579722],[139.8113963036624,35.73297336594737],[139.8097120894125,35.72812947401914],[139.801434355546,35.72925919961263],[139.79507375917672,35.728965161444464],[139.79120364983655,35.731224612631436],[139.78946568406803,35.728748501741606],[139.7844488756641,35.7278663872371],[139.7814567077946,35.72461649169419],[139.77674449132948,35.724941481248486],[139.7697747110826,35.72812947401914],[139.76604793912537,35.72752592198975],[139.76473998550577,35.730141314117134],[139.7627870136628,35.73074486614653],[139.76094154485708,35.7321995812943],[139.76131780548738,35.733809053372696],[139.77111849904793,35.73789463634092],[139.76818008269703,35.741469521438106],[139.76588668456952,35.741624278368725],[139.7638441268622,35.74413134064468],[139.76031444380658,35.743450410149975],[139.757196855727,35.74546225024796],[139.75780603960462,35.747613371583505],[139.7547063686979,35.749191892275775],[139.74977914615832,35.75012043385946],[139.75089001087633,35.75371079464971],[139.75759103353016,35.75316914539256],[139.75796729416044,35.75485599593626],[139.77165601423405,35.753617940491345],[139.78398302916946,35.75403578420401],[139.7888027486718,35.75250369059092],[139.79113198114507,35.75030614217619],[139.78869524563459,35.74702529524717],[139.7889281688819,35.74439442742673],[139.79242201759178,35.74077311525035],[139.79480500158365,35.7398290979736],[139.8024377172268,35.738637469607866],[139.80910290553487,35.740865969408716],[139.81302676639368,35.740742163864226],[139.81449597456913,35.73880770223154]]]],"type":"MultiPolygon"},"id":"geoshape:13:2021-01-01:1495e4433a11443adf3f","properties":{"administrativeCode":"13118","jurisdictionId":"geoshape:13:2021-01-01:1495e4433a11443adf3f","municipalityName":"荒川区","prefectureName":"東京都","snapshotDate":"2021-01-01","sourceDataset":"historical-administrative-areas-beta","sourceProvider":"Geoshape","sourceResourceId":"gci:13118A1968"},"type":"Feature"},{"geometry":{"coordinates":[[[[139.32107495086885,35.77721837241005],[139.32877933520348,35.7713376090467],[139.33152066265276,35.77291612973897],[139.33363488905155,35.770950716720165],[139.33318695972977,35.76760796701889],[139.33642996801947,35.76604492201969],[139.33478158811533,35.76493067211926],[139.3358387013147,35.75929751984489],[139.34035382887828,35.753726270342774],[139.3430772391547,35.753215572471746],[139.34262930983292,35.74984187138435],[139.33874128331985,35.750104958166396],[139.33775583881194,35.75194656564071],[139.3357849497961,35.751141829601515],[139.32938851908108,35.75237988504643],[139.32492714303615,35.7548405202432],[139.32206039537675,35.753602464798284],[139.32094953065874,35.75004305539415],[139.3187994699142,35.75069303450273],[139.31387224737463,35.74711814940554],[139.31104133406097,35.750631131730486],[139.30260234563863,35.755196461183615],[139.29654634120817,35.75454648207503],[139.29744219985173,35.76008678019103],[139.29663592707251,35.76627705741561],[139.29511296737846,35.76999122375035],[139.29314207836262,35.771972112462215],[139.29213871668185,35.77534581354961],[139.29550714518163,35.77765169181577],[139.29754970288894,35.78077778181418],[139.29989685253508,35.78116467414072],[139.30331903255347,35.778131438300676],[139.3080312490186,35.77723384810311],[139.30917794808235,35.77570175449003],[139.31227761898907,35.77553152186635],[139.31844112645678,35.77841000077578],[139.32107495086885,35.77721837241005]]]],"type":"MultiPolygon"},"id":"geoshape:13:2021-01-01:1b325743e71f757bc8a5","properties":{"administrativeCode":"13227","jurisdictionId":"geoshape:13:2021-01-01:1b325743e71f757bc8a5","municipalityName":"羽村市","prefectureName":"東京都","snapshotDate":"2021-01-01","sourceDataset":"historical-administrative-areas-beta","sourceProvider":"Geoshape","sourceResourceId":"gci:13227A1991"},"type":"Feature"},{"geometry":{"coordinates":[[[[139.13609805814647,35.770254310532394],[139.1391439775346,35.76801033503849],[139.14349785054227,35.76632348449479],[139.1472246224995,35.76205219320983],[139.14218989692267,35.7599784503396],[139.1399323331409,35.75764162068732],[139.14073860592012,35.755444072272596],[139.1488371680579,35.75429887098605],[139.15397939667193,35.750104958166396],[139.15672072412124,35.74464203851571],[139.16410259934418,35.741330240200554],[139.16451469432022,35.73775535510336],[139.16587639945843,35.736022077480484],[139.16437135693724,35.732632900700025],[139.1661989085701,35.72939848085018],[139.16533888427227,35.72710807827709],[139.16550013882812,35.722573700210084],[139.1669514298307,35.72280583560601],[139.16571514490258,35.71850359293492],[139.1664497489903,35.71420135026384],[139.1652134640622,35.71155500675034],[139.1653209670994,35.70624684403026],[139.1702302724661,35.703290986655524],[139.1724161675564,35.700938681310184],[139.17221907865482,35.69344844586845],[139.16956733706988,35.68991998785044],[139.17141280587563,35.68874383517777],[139.16997943204592,35.68004649567723],[139.16598390249564,35.67510974959063],[139.16474761756754,35.670327760434645],[139.16161211231508,35.66791355231706],[139.15360313604165,35.666025517763565],[139.14715295380802,35.666814778109696],[139.14265574341732,35.670080149345665],[139.13892897146013,35.6705444201375],[139.13672515919697,35.672416978997944],[139.13102749822392,35.67204556236447],[139.12703196867363,35.67676564874821],[139.11972176214218,35.68012387414254],[139.11633541646952,35.683884467556474],[139.1126086445123,35.68496776607077],[139.10814726846738,35.68982713369207],[139.10562094709255,35.6910187620578],[139.0971102899787,35.69227229319578],[139.09223681895773,35.69056996695902],[139.08438909724015,35.69307702923497],[139.08200611324827,35.6955531401248],[139.07654137552257,35.69490316101622],[139.07211583382337,35.69541385888725],[139.0706824599937,35.697595931608916],[139.06511021923072,35.697951872549325],[139.06272723523887,35.700722021607326],[139.05203068303476,35.70490045873392],[139.05068689506942,35.70737656962375],[139.04669136551914,35.70948126388011],[139.04387836937835,35.70946578818704],[139.03871822359145,35.71129191996829],[139.03273388785246,35.71608938481734],[139.0289712815495,35.71677031531205],[139.02465324288752,35.719880929617396],[139.0219835841297,35.722867738378255],[139.0220731699941,35.724802200010934],[139.01793430306083,35.731224612631436],[139.01497796953709,35.73323645272942],[139.0122903936064,35.73866842099399],[139.0216789921909,35.74013861183482],[139.027233315781,35.74249091718016],[139.02757374206556,35.743961108021004],[139.0317663605174,35.74433252465448],[139.0344539364481,35.74245996579404],[139.03968575092648,35.74439442742673],[139.04140579952212,35.746174132128786],[139.03970366809935,35.75005853108721],[139.04269583596886,35.75510360702524],[139.04312584811777,35.757672572073446],[139.04918185254823,35.76005582880491],[139.05487951352126,35.7601796343494],[139.05681456819136,35.76355333543679],[139.06095343512462,35.764110460387],[139.06362309388243,35.765596126920904],[139.06903408008952,35.76684965805888],[139.0736029591717,35.770022175136475],[139.07503633300138,35.772003063848345],[139.0800710585782,35.77009955360178],[139.08290197189183,35.769898369591985],[139.08677208123203,35.77124475488833],[139.0884742126548,35.77019240776015],[139.09341935236725,35.76996027236423],[139.09653694044684,35.77585651142064],[139.102216684247,35.778379049389656],[139.10585387033987,35.77910640696354],[139.10753808458975,35.776831480083516],[139.11434661028082,35.773550633154485],[139.12513274834927,35.76760796701889],[139.12816075056452,35.76700441498949],[139.13075874063085,35.765116380436],[139.13609805814647,35.770254310532394]]]],"type":"MultiPolygon"},"id":"geoshape:13:2021-01-01:1bc862fd5ecb92c07f1a","properties":{"administrativeCode":"13307","jurisdictionId":"geoshape:13:2021-01-01:1bc862fd5ecb92c07f1a","municipalityName":"檜原村","parentJurisdictionName":"西多摩郡","prefectureName":"東京都","snapshotDate":"2021-01-01","sourceDataset":"historical-administrative-areas-beta","sourceProvider":"Geoshape","sourceResourceId":"gci:13307A1968"},"type":"Feature"},{"geometry":{"coordinates":[[[[139.68027843259088,35.60067166596508],[139.67931090525585,35.60551555789331],[139.67725043037564,35.60794524170396],[139.67339823820834,35.608177377099885],[139.6683097611129,35.606490526556186],[139.66318544967174,35.6087345020501],[139.6632033668446,35.6156366611555],[139.6647621608844,35.61826752897595],[139.66650012665292,35.61853061575799],[139.66349004161054,35.626701781694436],[139.66180582736067,35.62749104204057],[139.66148331824897,35.63170043055328],[139.66384838506798,35.63194804164226],[139.6720006987244,35.629704066148356],[139.67959758002178,35.62506135822992],[139.68203431553226,35.63112782991001],[139.68610151377402,35.63804546470847],[139.68608359660115,35.64053705129137],[139.6843097964869,35.64377147114121],[139.68316309742315,35.65372234177972],[139.67949007698454,35.657328178263036],[139.67501078376674,35.66387439642803],[139.67993800630632,35.66376606657659],[139.68733779870215,35.66156851816187],[139.69294587381083,35.65387709871033],[139.69970064798326,35.64808918950535],[139.70862340007312,35.6420072421322],[139.7152348368626,35.64262626985466],[139.71763573802735,35.64166677688485],[139.71322811350103,35.63755024253051],[139.7144464812563,35.63413011436393],[139.71462565298498,35.629054087039776],[139.70713627472483,35.62547920194258],[139.70401868664524,35.624705417289505],[139.70145653092464,35.625897045655236],[139.6961351305819,35.624813747140934],[139.7039828522995,35.621873365459265],[139.6955796982229,35.612108203137495],[139.69540052649418,35.60749644660518],[139.6912974939067,35.610932050464825],[139.6861194309469,35.611690359424834],[139.6840052045481,35.61309864749342],[139.68475772580868,35.60534532526964],[139.68198056401366,35.60580959606148],[139.680403852801,35.60440130799289],[139.68027843259088,35.60067166596508]]]],"type":"MultiPolygon"},"id":"geoshape:13:2021-01-01:219f1dfb227f1eae964d","properties":{"administrativeCode":"13110","jurisdictionId":"geoshape:13:2021-01-01:219f1dfb227f1eae964d","municipalityName":"目黒区","prefectureName":"東京都","snapshotDate":"2021-01-01","sourceDataset":"historical-administrative-areas-beta","sourceProvider":"Geoshape","sourceResourceId":"gci:13110A1968"},"type":"Feature"},{"geometry":{"coordinates":[[[[139.52645950349154,35.71728101318307],[139.52690743281332,35.718519068627984],[139.53000710372004,35.71749767288593],[139.52941583701528,35.71279306219525],[139.53735314459723,35.71132287135441],[139.54941140193955,35.71692507224266],[139.55458946489932,35.72077851981496],[139.55761746711457,35.721815391250075],[139.56564436056087,35.72166063431946],[139.57395792877313,35.71943213451861],[139.58203857373803,35.7139382634818],[139.58664328716594,35.711910947690754],[139.59547645339143,35.70544210799107],[139.59284262897938,35.701093438240804],[139.59026255608592,35.694825782550915],[139.58829166707008,35.695615042897046],[139.58671495585742,35.69395914373948],[139.58483365270595,35.69725546636156],[139.57990643016635,35.69881851136077],[139.57666342187667,35.70143390348815],[139.57257830646202,35.698880414133015],[139.57051783158184,35.6989268412122],[139.5500026686443,35.70675754190129],[139.55066560404055,35.69501149086765],[139.5422803671368,35.69669834141135],[139.54219078127247,35.69529005334276],[139.53651103747228,35.69533648042194],[139.53642145160794,35.69829233779668],[139.53393096457884,35.69897326829138],[139.5322646675018,35.70219221244816],[139.53255134226774,35.70910984724663],[139.5271582732335,35.70991458328582],[139.52739119648083,35.712808537888314],[139.5252232185634,35.713056148977294],[139.52645950349154,35.71728101318307]]]],"type":"MultiPolygon"},"id":"geoshape:13:2021-01-01:28e8933b818b9527ab63","properties":{"administrativeCode":"13203","jurisdictionId":"geoshape:13:2021-01-01:28e8933b818b9527ab63","municipalityName":"武蔵野市","prefectureName":"東京都","snapshotDate":"2021-01-01","sourceDataset":"historical-administrative-areas-beta","sourceProvider":"Geoshape","sourceResourceId":"gci:13203A1968"},"type":"Feature"},{"geometry":{"coordinates":[[[[139.4407795828214,35.76700441498949],[139.44000914438794,35.76358428682292],[139.44049290805546,35.760272488507766],[139.4441480113212,35.75575358613382],[139.44619056902852,35.75566073197545],[139.44753435699386,35.75259654474929],[139.44753435699386,35.74923831935496],[139.45138654916116,35.74561700717858],[139.45068777941918,35.7419956950022],[139.45099237135798,35.73699704614335],[139.44552763363228,35.73503163312455],[139.44248171424417,35.73634706703477],[139.4287034083062,35.73006393565183],[139.42644584452444,35.730172265503256],[139.42580082630107,35.731038904314694],[139.41623305598785,35.732091251442874],[139.41442342152786,35.73303526871962],[139.41356339723004,35.73643992119314],[139.41119833041103,35.7372601329254],[139.41243461533915,35.7390243619344],[139.41101915868234,35.74089692079484],[139.41062498087916,35.74776812851412],[139.40734613824372,35.74872762148393],[139.40725655237938,35.75222512811581],[139.40958578485262,35.75688331172731],[139.4075432271453,35.76084508915104],[139.40498107142471,35.762083144595955],[139.40261600460573,35.76107722454696],[139.39632707692795,35.76279502647678],[139.39270780800794,35.762330755684935],[139.3916865291543,35.76335215142699],[139.3984592204996,35.76440449855517],[139.40046594386118,35.76804128642461],[139.40489148556037,35.76915553632504],[139.40987245961855,35.76864483845401],[139.41591054687618,35.76627705741561],[139.41976273904348,35.76592111647519],[139.42221739172683,35.767809151028686],[139.42762837793393,35.76644729003928],[139.436103200702,35.767143696227045],[139.43956121506616,35.769232914790344],[139.4407795828214,35.76700441498949]]]],"type":"MultiPolygon"},"id":"geoshape:13:2021-01-01:2ebf713a1717362feb03","properties":{"administrativeCode":"13220","jurisdictionId":"geoshape:13:2021-01-01:2ebf713a1717362feb03","municipalityName":"東大和市","prefectureName":"東京都","snapshotDate":"2021-01-01","sourceDataset":"historical-administrative-areas-beta","sourceProvider":"Geoshape","sourceResourceId":"gci:13220A1970"},"type":"Feature"},{"geometry":{"coordinates":[[[[139.38509300953768,35.69128184883984],[139.37625984331217,35.69163778978026],[139.36762376598824,35.69214848765128],[139.36332364449916,35.69374248403661],[139.3552250823614,35.69323178616558],[139.34644566765448,35.69197825502761],[139.34038966322402,35.693649629878244],[139.3360357902163,35.69611026507501],[139.33558786089452,35.69905064675669],[139.33682414582265,35.70151128195346],[139.33307945669256,35.70452904210044],[139.33132357375118,35.70975982635521],[139.3324881899878,35.71260735387851],[139.33886670352996,35.71585724942142],[139.3385979459369,35.718952388033706],[139.3416259481521,35.72130469337905],[139.34628441309863,35.72094875243863],[139.35255542360358,35.72289868976438],[139.35504591063267,35.72508076248604],[139.35716013703146,35.725808120059924],[139.36246362020134,35.724167696595416],[139.36181860197797,35.72625691515871],[139.36541995372508,35.72501885971379],[139.37029342474605,35.725839071446046],[139.37004258432586,35.72450816184276],[139.37645693221376,35.72542122773339],[139.37771113431475,35.7242141236746],[139.3800941183066,35.725591460357066],[139.38179624972938,35.723115349467236],[139.37932367987315,35.72172253709171],[139.38206500732244,35.720236870557805],[139.38550510451373,35.72045353026067],[139.38883769866777,35.71790004090553],[139.38709973289926,35.71667746115367],[139.38898103605072,35.714387058580584],[139.39104151093093,35.71533107585733],[139.39449952529506,35.711647860908705],[139.39569997587745,35.71288591635362],[139.39844130332673,35.711647860908705],[139.39561039001308,35.70668016343598],[139.39295864842813,35.69908159814281],[139.39023523815172,35.69878755997465],[139.38803142588856,35.69265918552232],[139.38509300953768,35.69128184883984]]]],"type":"MultiPolygon"},"id":"geoshape:13:2021-01-01:34bf542bcc4bdfd3f8cb","properties":{"administrativeCode":"13207","jurisdictionId":"geoshape:13:2021-01-01:34bf542bcc4bdfd3f8cb","municipalityName":"昭島市","prefectureName":"東京都","snapshotDate":"2021-01-01","sourceDataset":"historical-administrative-areas-beta","sourceProvider":"Geoshape","sourceResourceId":"gci:13207A1968"},"type":"Feature"},{"geometry":{"coordinates":[[[[139.8097120894125,35.72812947401914],[139.8113963036624,35.73297336594737],[139.8141376311117,35.73620778579722],[139.81449597456913,35.73880770223154],[139.81657436662218,35.741469521438106],[139.820354890098,35.743434934456914],[139.82383082163503,35.737708928024176],[139.82976140585538,35.73117818555225],[139.84216008948226,35.71930832897412],[139.83904250140267,35.717110780559395],[139.83676702044804,35.71796194367778],[139.83415111320883,35.71715720763858],[139.83363151519558,35.71401564194711],[139.83931125899574,35.710874076255635],[139.83888124684682,35.709156274325814],[139.83438403645616,35.70473022611024],[139.83540531530983,35.70301242418042],[139.83067518167184,35.70301242418042],[139.818688593021,35.708011073039266],[139.81969195470177,35.69303060215579],[139.8133851098511,35.69267466121538],[139.81146797235388,35.69191635225536],[139.81188006732992,35.688558126861025],[139.8094612489923,35.686995081861824],[139.80499987294738,35.686778422158966],[139.8048027840458,35.68849622408878],[139.80048474538384,35.688295040078984],[139.79917679176424,35.689718803840634],[139.79672213908088,35.688542651167964],[139.79347913079118,35.690817578048],[139.79039737705733,35.68928548443492],[139.78891025170904,35.69165326547332],[139.78891025170904,35.694701977006424],[139.79347913079118,35.701217243785294],[139.79702673101968,35.70777893764334],[139.80664825285152,35.71743577011369],[139.80842205296577,35.720376151795364],[139.8097120894125,35.72812947401914]]]],"type":"MultiPolygon"},"id":"geoshape:13:2021-01-01:41adeef0975675e5516e","properties":{"administrativeCode":"13107","jurisdictionId":"geoshape:13:2021-01-01:41adeef0975675e5516e","municipalityName":"墨田区","prefectureName":"東京都","snapshotDate":"2021-01-01","sourceDataset":"historical-administrative-areas-beta","sourceProvider":"Geoshape","sourceResourceId":"gci:13107A1968"},"type":"Feature"},{"geometry":{"coordinates":[[[[139.41757684395319,35.68275474196299],[139.42241448062842,35.67914890547967],[139.4298321901971,35.67082298261261],[139.44092292020437,35.65997452177654],[139.44201586774952,35.657962681678555],[139.43834284731093,35.654573504898096],[139.43769782908757,35.65003912683109],[139.43404272582183,35.65085933856335],[139.43309311565966,35.64827489782209],[139.42979635585135,35.647392783317585],[139.43053095993906,35.6460618737143],[139.42770004662543,35.64536546752654],[139.4269654425377,35.643740519755085],[139.41680640551974,35.64904868247516],[139.41499677105975,35.647036842377176],[139.4106070637063,35.644916672427755],[139.40639652808156,35.6452571376751],[139.40469439665878,35.64367861698284],[139.39935507914316,35.64118703039995],[139.39163277763566,35.63980969371748],[139.3898589775214,35.641156079013825],[139.3820291729767,35.64131083594444],[139.37808739494503,35.639329947232575],[139.3771736191286,35.641016797776274],[139.37857115861257,35.64409646069549],[139.37638526352228,35.64541189460572],[139.37396644518466,35.64409646069549],[139.36880629939776,35.64431312039836],[139.36543787089798,35.64640233896165],[139.36129900396472,35.65053434900906],[139.3573213915873,35.65551752217485],[139.359453535159,35.656894858857314],[139.35889810279997,35.65935549405408],[139.37242556831774,35.66574695528846],[139.37047259647477,35.66856353142564],[139.3726405743922,35.67272649285917],[139.3764390150409,35.676316853649425],[139.37670777263395,35.6783751208266],[139.37513106142129,35.68157858929032],[139.37520273011276,35.68578797780303],[139.3780515605993,35.687676012356526],[139.37964618898482,35.686762946465905],[139.37625984331217,35.69163778978026],[139.38509300953768,35.69128184883984],[139.39514454351843,35.68917715458349],[139.41248836685776,35.6835904293883],[139.41757684395319,35.68275474196299]]]],"type":"MultiPolygon"},"id":"geoshape:13:2021-01-01:436f8ede09d0a15edb0e","properties":{"administrativeCode":"13212","jurisdictionId":"geoshape:13:2021-01-01:436f8ede09d0a15edb0e","municipalityName":"日野市","prefectureName":"東京都","snapshotDate":"2021-01-01","sourceDataset":"historical-administrative-areas-beta","sourceProvider":"Geoshape","sourceResourceId":"gci:13212A1968"},"type":"Feature"},{"geometry":{"coordinates":[[[[139.49718284301997,35.687258168643865],[139.49718284301997,35.687258168643865]]],[[[139.48958596172258,35.69544481027337],[139.48781216160833,35.69197825502761],[139.4890305293636,35.69095685928555],[139.49578530353602,35.6886509810194],[139.49544487725146,35.686902227703456],[139.49870580271403,35.68563322087242],[139.49988833612352,35.68718079017856],[139.5029521726845,35.687273644336926],[139.50112462105164,35.68458087374424],[139.5028984211659,35.68458087374424],[139.5051918192934,35.68697960616876],[139.51456250070504,35.686097491664256],[139.5152791876199,35.689997366315744],[139.5180742665878,35.69139017869127],[139.52226688503967,35.687366498495294],[139.52049308492542,35.68164049206256],[139.52434527709272,35.67969055473682],[139.52645950349154,35.67238602761182],[139.5251694670448,35.6689813751383],[139.52321649520184,35.66778974677257],[139.5170350705613,35.65531633816504],[139.52079767686422,35.65359853623522],[139.52083351121,35.646201154951854],[139.5168379816597,35.6493117692572],[139.5122870197504,35.651168852424576],[139.50331051614194,35.65003912683109],[139.4994583239746,35.651447414899685],[139.49103725272516,35.652081918315204],[139.48901261219072,35.65149384197887],[139.48625336756854,35.6526854703446],[139.4792477529759,35.651973588463775],[139.47399802132463,35.65075100871192],[139.47380093242305,35.649327244950264],[139.4691603846494,35.65081291148417],[139.44201586774952,35.657962681678555],[139.44092292020437,35.65997452177654],[139.4298321901971,35.67082298261261],[139.43173141052145,35.672680065779986],[139.43606736635627,35.67151938880038],[139.44051082522833,35.671612242958744],[139.445706805361,35.67350027751225],[139.45066986224631,35.67159676726568],[139.45351869273284,35.67159676726568],[139.45066986224631,35.673190763651014],[139.4509207026665,35.67690492998576],[139.4523719936691,35.678560829143336],[139.4513686319883,35.680665523399696],[139.45287367450948,35.683513050923],[139.4536799472887,35.688047428990004],[139.45604501410767,35.69128184883984],[139.45941344260746,35.69238062304721],[139.4602555497324,35.69985538279589],[139.46297896000883,35.69987085848895],[139.46376731561517,35.69542933458031],[139.46684906934902,35.69529005334276],[139.4677986795112,35.6925044285917],[139.4638031499609,35.68954857121696],[139.4665444774102,35.688449797009596],[139.47747395286166,35.68940928997941],[139.47820855694937,35.69036878294922],[139.4866475453717,35.69225681750272],[139.48958596172258,35.69544481027337]]]],"type":"MultiPolygon"},"id":"geoshape:13:2021-01-01:46027184dd22474d0ecf","properties":{"administrativeCode":"13206","jurisdictionId":"geoshape:13:2021-01-01:46027184dd22474d0ecf","municipalityName":"府中市","prefectureName":"東京都","snapshotDate":"2021-01-01","sourceDataset":"historical-administrative-areas-beta","sourceProvider":"Geoshape","sourceResourceId":"gci:13206A1968"},"type":"Feature"},{"geometry":{"coordinates":[[[[139.78891025170904,35.694701977006424],[139.78891025170904,35.69165326547332],[139.79039737705733,35.68928548443492],[139.79265494083913,35.68646890829773],[139.79186658523278,35.682569033646246],[139.78908942343773,35.67916438117273],[139.78717228594053,35.674506197561236],[139.7872977061506,35.67147296172119],[139.78907150626486,35.665638625437026],[139.78959110427814,35.656260355441795],[139.78853399107874,35.65618297697649],[139.78018458852074,35.65054982470212],[139.77278479612494,35.64604639802124],[139.76948803631663,35.64926534217802],[139.77276687895207,35.65147836628581],[139.77163809706119,35.65259261618623],[139.76835925442575,35.650379592078444],[139.76730214122634,35.65106052257315],[139.76723047253486,35.655208008313615],[139.77065265255328,35.65494492153157],[139.767212555362,35.65811743860917],[139.76457873094992,35.65616750128343],[139.75900649018698,35.658999553113674],[139.75807479719768,35.668671861277076],[139.75431219089472,35.66990991672199],[139.76368287230636,35.67250983315631],[139.77033014344158,35.678437023598846],[139.77090349297347,35.68450349527893],[139.76966720804535,35.68691770339652],[139.77043764647883,35.68930096012798],[139.77771201866452,35.69176159532475],[139.7825854896855,35.694717452699486],[139.78254965533975,35.69657453586686],[139.78891025170904,35.694701977006424]]]],"type":"MultiPolygon"},"id":"geoshape:13:2021-01-01:4bd5d5d624282c4502ca","properties":{"administrativeCode":"13102","jurisdictionId":"geoshape:13:2021-01-01:4bd5d5d624282c4502ca","municipalityName":"中央区","prefectureName":"東京都","snapshotDate":"2021-01-01","sourceDataset":"historical-administrative-areas-beta","sourceProvider":"Geoshape","sourceResourceId":"gci:13102A1968"},"type":"Feature"},{"geometry":{"coordinates":[[[[139.84554643515492,35.65670915054058],[139.85038407183015,35.656523442223836],[139.84943446166798,35.64276555109221],[139.84097755607277,35.642982210795076],[139.84173007733335,35.65075100871192],[139.84296636226148,35.65681748039201],[139.84554643515492,35.65670915054058]]],[[[139.8099629298327,35.59404806933478],[139.81019585308002,35.59375403116662],[139.81110962889647,35.59426472903765],[139.80786662060677,35.598241982154434],[139.80886998228755,35.598783631411585],[139.81186215015705,35.59510041646296],[139.8170043787711,35.597886041214025],[139.81523057865684,35.600068113935684],[139.82056989617246,35.602962068538176],[139.81953070014592,35.60457154061657],[139.82146575481602,35.60562388774474],[139.8271454986162,35.596972975323396],[139.83219814136586,35.58894109062451],[139.82187784979206,35.58333888973627],[139.81342094419685,35.578727133203955],[139.80899540249766,35.58333888973627],[139.80582406289946,35.58544358399262],[139.81171881277407,35.58863157676328],[139.805609056825,35.59615276359114],[139.80743660845786,35.59714320794707],[139.80695284479035,35.597746759976474],[139.8099629298327,35.59404806933478]]],[[[140.30395730306486,30.495766698558462],[140.30707489114445,30.49510124375682],[140.31284422080898,30.489560945640825],[140.31443884919452,30.487038407671808],[140.31384758248976,30.48193142896153],[140.31089124896602,30.476220898221857],[140.3089024427773,30.47464237752959],[140.30402897175634,30.474255485203052],[140.2982058905732,30.47290909990671],[140.29008941126253,30.479285085448026],[140.28976690215086,30.480786227674983],[140.28647014234255,30.483308765643997],[140.29163028812945,30.49188229960004],[140.29385201756548,30.49369295568823],[140.29806255319022,30.494110799400886],[140.29847464816626,30.49531790345968],[140.30395730306486,30.495766698558462]]]],"type":"MultiPolygon"},"id":"geoshape:13:2021-01-01:53f5701c4c8c6bcc7b63","properties":{"jurisdictionId":"geoshape:13:2021-01-01:53f5701c4c8c6bcc7b63","municipalityName":"所属未定地","prefectureName":"東京都","snapshotDate":"2021-01-01","sourceDataset":"historical-administrative-areas-beta","sourceProvider":"Geoshape","sourceResourceId":"gci:13B9990001"},"type":"Feature"},{"geometry":{"coordinates":[[[[139.60362876704784,33.901146529650255],[139.60959518561395,33.898933505542466],[139.61658288303371,33.89277417970401],[139.6185179377038,33.8924182387636],[139.62530854622202,33.88376732634225],[139.6299849283414,33.87394026124824],[139.63191998301147,33.87130939342779],[139.63140038499822,33.86773450833059],[139.62371391783645,33.85510634279245],[139.61968255394044,33.85170169031893],[139.61117189682662,33.85349687071407],[139.60176538106924,33.85450279076306],[139.59237678248473,33.854363509525506],[139.5885962590089,33.855524186505114],[139.57979892712913,33.85934668269129],[139.5783118017808,33.86104900892805],[139.5766992562224,33.866063133479955],[139.57729052292717,33.87313552520904],[139.57680675925963,33.87931032674055],[139.57879556544833,33.883798277728374],[139.58202065656516,33.88808504470639],[139.59088965713642,33.89800496395878],[139.60362876704784,33.901146529650255]]]],"type":"MultiPolygon"},"id":"geoshape:13:2021-01-01:5482c57d8b9eba9ecb3d","properties":{"administrativeCode":"13382","jurisdictionId":"geoshape:13:2021-01-01:5482c57d8b9eba9ecb3d","municipalityName":"御蔵島村","parentJurisdictionName":"三宅支庁","prefectureName":"東京都","snapshotDate":"2021-01-01","sourceDataset":"historical-administrative-areas-beta","sourceProvider":"Geoshape","sourceResourceId":"gci:13382A1968"},"type":"Feature"},{"geometry":{"coordinates":[[[[139.73150362982966,35.68150121082501],[139.72852937913305,35.682832120428294],[139.7267555790188,35.67928818671722],[139.71958870987032,35.678313218054356],[139.71948120683308,35.674490721868175],[139.71656070765508,35.67343837474],[139.71485857623233,35.67507879820451],[139.7128876872165,35.67461452741267],[139.71290560438936,35.6772918223123],[139.71478690754083,35.68086670740949],[139.71140056186817,35.683373769685446],[139.7074050323179,35.68445706819975],[139.70577456958662,35.688047428990004],[139.70271073302564,35.687768866514894],[139.702101549148,35.68917715458349],[139.69502426586388,35.686654616614476],[139.68767822498668,35.68159406498338],[139.684990649056,35.6858808319614],[139.68597609356394,35.68789267205939],[139.68321684894175,35.688712883791645],[139.68398728737523,35.69199373072067],[139.68841282907442,35.69932920923179],[139.68749905325797,35.70400286853635],[139.68887867556907,35.70750037516824],[139.6942179930847,35.71104430887931],[139.69007912615143,35.71147762828503],[139.68278683679284,35.71011576729562],[139.68035010128236,35.71126096858217],[139.68185514380355,35.71314900313567],[139.6790958991814,35.71523822169896],[139.6790958991814,35.718271457539004],[139.67368491297427,35.72026782194393],[139.67576330502735,35.72195467248763],[139.67518995549545,35.72370342580357],[139.67734001624,35.72936752946406],[139.68135346296316,35.72704617550484],[139.68271516810137,35.723641523031326],[139.68662111178728,35.722728457140704],[139.69572303560585,35.72173801278477],[139.6998081510205,35.72354866887296],[139.7045920361771,35.72300701961581],[139.70593582414244,35.71885953387534],[139.70455620183137,35.71587272511448],[139.70536247461058,35.713706128085875],[139.71054053757035,35.7135358954622],[139.71211724878302,35.714758475214055],[139.71441064691055,35.71317995452179],[139.72250920904833,35.71226688863116],[139.7232617303089,35.71040980546379],[139.72598514058535,35.709202701405],[139.73184405611423,35.70926460417724],[139.73245323999186,35.70739204531681],[139.73585750283738,35.709187225711936],[139.7428093659114,35.708134878583756],[139.74587320247238,35.702904094328986],[139.7362875149863,35.69219491473047],[139.73157529852116,35.68957952260308],[139.7299985873085,35.68554036671405],[139.73150362982966,35.68150121082501]]]],"type":"MultiPolygon"},"id":"geoshape:13:2021-01-01:5db97d9b04e277b901e5","properties":{"administrativeCode":"13104","jurisdictionId":"geoshape:13:2021-01-01:5db97d9b04e277b901e5","municipalityName":"新宿区","prefectureName":"東京都","snapshotDate":"2021-01-01","sourceDataset":"historical-administrative-areas-beta","sourceProvider":"Geoshape","sourceResourceId":"gci:13104A1968"},"type":"Feature"},{"geometry":{"coordinates":[[[[139.54459168243721,35.75476314177789],[139.53307094028102,35.74458013574346],[139.5284124753345,35.74471941698101],[139.52717619040638,35.74365159415977],[139.53131505733964,35.74026241737931],[139.52970251178124,35.73972076812217],[139.52017057581375,35.73343763673922],[139.52110226880305,35.73894698346909],[139.5151000158912,35.73911721609277],[139.51262744603497,35.737972014806225],[139.50816606999004,35.738389858518886],[139.50857816496608,35.74126833742831],[139.50673269616033,35.742026646388325],[139.50560391426944,35.73206030005675],[139.50443929803282,35.7321995812943],[139.50472597279875,35.74102072633933],[139.50379427980945,35.74284685812058],[139.4980966188364,35.74586461826756],[139.4981682875279,35.74434800034754],[139.490643074922,35.74182546237852],[139.48942470716673,35.74490512529775],[139.48573376955528,35.74386825386263],[139.48731048076795,35.74899070826597],[139.49388608321166,35.75381912450114],[139.49476402468235,35.758291599795896],[139.50479764149026,35.76110817593308],[139.50859608213895,35.76205219320983],[139.51637213516506,35.76558065122784],[139.5213710263961,35.76757701563277],[139.53029377848597,35.76835080028584],[139.5478346907269,35.77398395256021],[139.54702841794767,35.76801033503849],[139.5476376018253,35.76616872756418],[139.54697466642907,35.76030343989389],[139.54459168243721,35.75476314177789]]]],"type":"MultiPolygon"},"id":"geoshape:13:2021-01-01:62524d6d46376ed0b3e6","properties":{"administrativeCode":"13222","jurisdictionId":"geoshape:13:2021-01-01:62524d6d46376ed0b3e6","municipalityName":"東久留米市","prefectureName":"東京都","snapshotDate":"2021-01-01","sourceDataset":"historical-administrative-areas-beta","sourceProvider":"Geoshape","sourceResourceId":"gci:13222A1970"},"type":"Feature"},{"geometry":{"coordinates":[[[[139.16352924981229,35.85086719568947],[139.16257963965012,35.84955176177924],[139.16641391464455,35.8443519289106],[139.16610932270575,35.84297459222813],[139.17200407258036,35.83995683208114],[139.1753366667344,35.83607243312272],[139.1774150587875,35.83502008599454],[139.1768954607742,35.83305467297574],[139.17843633764113,35.83059403777897],[139.17524708087007,35.82683344436504],[139.17739714161462,35.82055031298209],[139.17420788484353,35.81282794214443],[139.17582043040196,35.80813880714682],[139.17358078379303,35.806761470464345],[139.17144864022137,35.80346514784226],[139.16474761756754,35.8015616375957],[139.16093125974598,35.7991938565573],[139.15639821500955,35.79863673160709],[139.15021679036897,35.79667131858828],[139.1469200305607,35.79303453071884],[139.14774422051275,35.79074412814575],[139.14647210123888,35.78576095497996],[139.14781588920425,35.78203131295216],[139.14281699797317,35.78105634428928],[139.14054151701853,35.779029028498236],[139.13715517134588,35.77803858414231],[139.1376389350134,35.77243638325406],[139.13609805814647,35.770254310532394],[139.13075874063085,35.765116380436],[139.12816075056452,35.76700441498949],[139.12513274834927,35.76760796701889],[139.11434661028082,35.773550633154485],[139.10753808458975,35.776831480083516],[139.10585387033987,35.77910640696354],[139.102216684247,35.778379049389656],[139.09653694044684,35.77585651142064],[139.09341935236725,35.76996027236423],[139.0884742126548,35.77019240776015],[139.08677208123203,35.77124475488833],[139.08290197189183,35.769898369591985],[139.0800710585782,35.77009955360178],[139.07503633300138,35.772003063848345],[139.0736029591717,35.770022175136475],[139.06903408008952,35.76684965805888],[139.06362309388243,35.765596126920904],[139.06095343512462,35.764110460387],[139.05681456819136,35.76355333543679],[139.05487951352126,35.7601796343494],[139.04918185254823,35.76005582880491],[139.04312584811777,35.757672572073446],[139.04269583596886,35.75510360702524],[139.03970366809935,35.75005853108721],[139.04140579952212,35.746174132128786],[139.03968575092648,35.74439442742673],[139.0344539364481,35.74245996579404],[139.0317663605174,35.74433252465448],[139.02757374206556,35.743961108021004],[139.027233315781,35.74249091718016],[139.0216789921909,35.74013861183482],[139.0122903936064,35.73866842099399],[139.01039117328204,35.74228973317037],[139.00517727597654,35.74895975687985],[139.00515935880367,35.75044542341375],[139.0021492737613,35.75012043385946],[138.9988345967801,35.751141829601515],[138.9924381660651,35.7555214507379],[138.98935641233126,35.763491432664544],[138.98439335544592,35.7677627239495],[138.9836587513582,35.772018539541406],[138.98532504843524,35.77441727196593],[138.98641799598036,35.782247972655014],[138.98503837366928,35.785265732802],[138.98188495124396,35.787076388890185],[138.97951988442495,35.787091864583246],[138.97686814284,35.78902632621593],[138.9771369004331,35.79238455161026],[138.97179758291747,35.7989926725475],[138.97032837474202,35.804579397742685],[138.9710808960026,35.80998041462112],[138.97220967789352,35.81112561590767],[138.97176174857174,35.81453026838119],[138.96977294238303,35.81584570229141],[138.96964752217292,35.82273238570376],[138.970471712125,35.82735961792913],[138.96928917871548,35.831383298125104],[138.9645590450775,35.82947978787855],[138.96219397825848,35.82960359342304],[138.95325330899576,35.83652122822151],[138.94911444206252,35.84046752995217],[138.94734064194827,35.84329958178242],[138.94854109253063,35.84955176177924],[138.94628352874886,35.853544490589094],[138.94393637910272,35.85481349742013],[138.9428971830762,35.860183562912454],[138.94658812068766,35.86447032989047],[138.9451368296851,35.86792140944318],[138.94925777944547,35.86902018365054],[138.95445375957814,35.87491642270695],[138.9600797518597,35.87678898156739],[138.96520406330086,35.87777942592332],[138.96801705944165,35.882220949831954],[138.97249635265945,35.88197333874297],[138.97892861772021,35.88500657458302],[138.98525337974374,35.881184078396835],[138.98874722845363,35.88115312701071],[138.99532283089735,35.88421731423688],[139.0011638292534,35.88420183854382],[139.00666440132485,35.88961833111532],[139.0068077387078,35.8936420113113],[139.01031950459057,35.89717046932931],[139.01315041790423,35.89820734076443],[139.01840014955548,35.89842400046729],[139.0208906365846,35.89715499363625],[139.0240082246642,35.8972942748738],[139.0293296250069,35.89291465373741],[139.03760735887343,35.88909215755123],[139.04034868632272,35.88630653280018],[139.0430362622534,35.885486321067916],[139.0483218282504,35.88121502978296],[139.04984478794447,35.878831773051495],[139.05781792987216,35.87750086344821],[139.05917963501037,35.87504022825144],[139.06163428769372,35.87363194018285],[139.07044953674634,35.871542721619555],[139.07242042576218,35.87163557577792],[139.0777597432778,35.87533426641961],[139.08254362843442,35.87486999562776],[139.08399491943698,35.87343075617305],[139.08922673391538,35.871032023748526],[139.09166346942587,35.8690356593436],[139.09449438273953,35.86949993013545],[139.0990990961674,35.868679718403186],[139.10144624581355,35.86570838533539],[139.10268253074165,35.86657502414683],[139.11558289520895,35.86451675696966],[139.12911036072668,35.86556910409784],[139.13124250429837,35.86447032989047],[139.13536345405876,35.8653833957811],[139.13891105428723,35.86400605909863],[139.14754713161116,35.86270610088147],[139.15283269760818,35.859549059496935],[139.15940830005192,35.85705747291404],[139.16352924981229,35.85086719568947]]]],"type":"MultiPolygon"},"id":"geoshape:13:2021-01-01:6c2914fc6e0e52a3ea5d","properties":{"administrativeCode":"13308","jurisdictionId":"geoshape:13:2021-01-01:6c2914fc6e0e52a3ea5d","municipalityName":"奥多摩町","parentJurisdictionName":"西多摩郡","prefectureName":"東京都","snapshotDate":"2021-01-01","sourceDataset":"historical-administrative-areas-beta","sourceProvider":"Geoshape","sourceResourceId":"gci:13308A1968"},"type":"Feature"},{"geometry":{"coordinates":[[[[139.51637213516506,35.76558065122784],[139.50859608213895,35.76205219320983],[139.50479764149026,35.76110817593308],[139.49720076019284,35.76243908553637],[139.501214206916,35.76562707830703],[139.49926123507305,35.77167807429405],[139.49768452386036,35.772142345085896],[139.49677074804393,35.77870403894394],[139.49938665528313,35.78217059418971],[139.5066968618146,35.782774146219104],[139.50847066192884,35.7846621807726],[139.5119107591201,35.78508002448526],[139.51404290269178,35.78850015265184],[139.52117393749452,35.78845372557266],[139.52927249963233,35.794133304926206],[139.53685146375685,35.80394489432716],[139.54168910043205,35.807303119721496],[139.5442870904984,35.806637664919855],[139.5472075896764,35.80266041180306],[139.54622214516849,35.799240283636486],[139.5440900015968,35.79650108596461],[139.53982571445346,35.793746412599674],[139.53758606784456,35.79075960383881],[139.543785409658,35.78819063879061],[139.54380332683087,35.782836048991356],[139.54297913687878,35.779802813151306],[139.5374964819802,35.7768779071627],[139.534325142382,35.774185136570004],[139.5228223173987,35.77189473399691],[139.51637213516506,35.76558065122784]]]],"type":"MultiPolygon"},"id":"geoshape:13:2021-01-01:6ed1661f945caf7f8ff5","properties":{"administrativeCode":"13221","jurisdictionId":"geoshape:13:2021-01-01:6ed1661f945caf7f8ff5","municipalityName":"清瀬市","prefectureName":"東京都","snapshotDate":"2021-01-01","sourceDataset":"historical-administrative-areas-beta","sourceProvider":"Geoshape","sourceResourceId":"gci:13221A1970"},"type":"Feature"},{"geometry":{"coordinates":[[[[139.6807621962584,35.738761275152356],[139.67873755572396,35.73442808109515],[139.6779671172905,35.730682963374285],[139.67468827465507,35.73306622010575],[139.67146318353824,35.733545966590654],[139.66816642372993,35.73139484525511],[139.66512050434184,35.731317466789804],[139.66225375668245,35.72692236996035],[139.65961993227037,35.725823595752985],[139.64743625471795,35.726752137336675],[139.6474004203722,35.72548313050564],[139.64356614537778,35.72531289788196],[139.6399289592849,35.7263033422379],[139.63643511057504,35.73227695975961],[139.63355044574277,35.73527924421353],[139.6271719322006,35.735109011589856],[139.62453810778854,35.730141314117134],[139.61540034962422,35.730280595354685],[139.60194455279796,35.72600930406973],[139.59565562512014,35.721552304468034],[139.59384599066016,35.718286933232065],[139.5894562833067,35.72028329763699],[139.58680454172176,35.7197571240729],[139.58495907291604,35.71644532575775],[139.58664328716594,35.711910947690754],[139.58203857373803,35.7139382634818],[139.57395792877313,35.71943213451861],[139.56564436056087,35.72166063431946],[139.56607437270978,35.72732473797995],[139.5694248840367,35.73414951862004],[139.56732857481077,35.73636254272783],[139.56826026780007,35.738080344657654],[139.56817068193573,35.74275400396221],[139.56677314245175,35.74742766326676],[139.56883361733196,35.74758242019738],[139.56928154665374,35.74999662831497],[139.56777650413255,35.75507265563912],[139.56277761290147,35.76158792241799],[139.56358388568069,35.762841453555964],[139.56677314245175,35.761959339051465],[139.5682423506272,35.763506908357606],[139.57107326394086,35.76333667573393],[139.56999823356858,35.76536399152498],[139.5745850298236,35.76623063033642],[139.5743341894034,35.768196043355225],[139.576896345124,35.768072237810735],[139.57816846439786,35.7708578625618],[139.58223566263962,35.77121380350221],[139.583991545581,35.774835115678584],[139.5865357841287,35.77517558092594],[139.58875751356473,35.77853380632027],[139.59341597851125,35.777187421023925],[139.59415058259896,35.77870403894394],[139.59719650198707,35.778363573696595],[139.59694566156688,35.776413636370854],[139.60438128830845,35.77502082399532],[139.5984327869152,35.772142345085896],[139.59864779298965,35.769093633552785],[139.6028583286144,35.770966192413226],[139.60635217732425,35.770950716720165],[139.608753078489,35.768830546770744],[139.61127939986386,35.771059046571594],[139.61722790125708,35.77034716469077],[139.6177295820975,35.76664847404908],[139.6229972309216,35.76686513375194],[139.62409017846676,35.77126023058139],[139.62471727951726,35.77981828884437],[139.6251831260119,35.77793025429087],[139.62939366163664,35.7768779071627],[139.6293578272909,35.7717399770663],[139.63019993441586,35.77234352909569],[139.63473297915226,35.76986741820586],[139.6348225650166,35.76879959538462],[139.64052022598966,35.769109109245846],[139.64295696150015,35.77091976533404],[139.64792001838546,35.768613887067886],[139.65112719232943,35.7691710120181],[139.66112497479156,35.76867578984013],[139.66900853085488,35.76654014419765],[139.6706927451048,35.76205219320983],[139.67370283014714,35.75839992964733],[139.67334448668973,35.754515530688906],[139.6750287009396,35.75188466286846],[139.67207236741586,35.74521463915898],[139.67587080806456,35.745400347475716],[139.68083386494988,35.743821826783446],[139.6792034022186,35.74018503891401],[139.6807621962584,35.738761275152356]]]],"type":"MultiPolygon"},"id":"geoshape:13:2021-01-01:71b89ee011ea8dba3d8d","properties":{"administrativeCode":"13120","jurisdictionId":"geoshape:13:2021-01-01:71b89ee011ea8dba3d8d","municipalityName":"練馬区","prefectureName":"東京都","snapshotDate":"2021-01-01","sourceDataset":"historical-administrative-areas-beta","sourceProvider":"Geoshape","sourceResourceId":"gci:13120A1968"},"type":"Feature"},{"geometry":{"coordinates":[[[[139.56564436056087,35.72166063431946],[139.55761746711457,35.721815391250075],[139.55458946489932,35.72077851981496],[139.54941140193955,35.71692507224266],[139.53735314459723,35.71132287135441],[139.52941583701528,35.71279306219525],[139.53000710372004,35.71749767288593],[139.52690743281332,35.718519068627984],[139.52645950349154,35.71728101318307],[139.52300148912738,35.71760600273736],[139.52314482651036,35.719060717885135],[139.52466778620442,35.71940118313249],[139.52332399823908,35.72325463070479],[139.51768008878463,35.72744854352444],[139.5167125614496,35.73059010921591],[139.52017057581375,35.73343763673922],[139.52970251178124,35.73972076812217],[139.53131505733964,35.74026241737931],[139.52717619040638,35.74365159415977],[139.5284124753345,35.74471941698101],[139.53307094028102,35.74458013574346],[139.54459168243721,35.75476314177789],[139.54715383815778,35.75338580509542],[139.55204522635162,35.755970245836686],[139.55525240029556,35.75573811044076],[139.55539573767854,35.75774995053875],[139.55777872167042,35.75957608232],[139.56184591991217,35.759607033706125],[139.56277761290147,35.76158792241799],[139.56777650413255,35.75507265563912],[139.56928154665374,35.74999662831497],[139.56883361733196,35.74758242019738],[139.56677314245175,35.74742766326676],[139.56817068193573,35.74275400396221],[139.56826026780007,35.738080344657654],[139.56732857481077,35.73636254272783],[139.5694248840367,35.73414951862004],[139.56607437270978,35.72732473797995],[139.56564436056087,35.72166063431946]]]],"type":"MultiPolygon"},"id":"geoshape:13:2021-01-01:741577708696c1f2c4a2","properties":{"administrativeCode":"13229","jurisdictionId":"geoshape:13:2021-01-01:741577708696c1f2c4a2","municipalityName":"西東京市","prefectureName":"東京都","snapshotDate":"2021-01-01","sourceDataset":"historical-administrative-areas-beta","sourceProvider":"Geoshape","sourceResourceId":"gci:13229A2001"},"type":"Feature"},{"geometry":{"coordinates":[[[[139.6779671172905,35.730682963374285],[139.67734001624,35.72936752946406],[139.67518995549545,35.72370342580357],[139.67576330502735,35.72195467248763],[139.67368491297427,35.72026782194393],[139.6790958991814,35.718271457539004],[139.6790958991814,35.71523822169896],[139.68185514380355,35.71314900313567],[139.68035010128236,35.71126096858217],[139.68278683679284,35.71011576729562],[139.69007912615143,35.71147762828503],[139.6942179930847,35.71104430887931],[139.68887867556907,35.70750037516824],[139.68749905325797,35.70400286853635],[139.68841282907442,35.69932920923179],[139.68398728737523,35.69199373072067],[139.6803321841095,35.68979618230595],[139.67130192898242,35.68148573513195],[139.66784391461826,35.679953641518864],[139.66411714266104,35.67634780503555],[139.66257626579412,35.67942746795478],[139.6592795059858,35.68190357884461],[139.6592257544672,35.6866855680006],[139.66092788588998,35.686778422158966],[139.66753932267946,35.69174611963169],[139.66510258716897,35.69542933458031],[139.6611608091373,35.69519719918439],[139.66062329395118,35.696528108787675],[139.66254043144838,35.699236355073424],[139.66108914044582,35.70143390348815],[139.6609099687171,35.70468379903106],[139.65820447561356,35.70503973997147],[139.65822239278643,35.70921817709806],[139.65060759431614,35.70934198264255],[139.64284945846293,35.711508579671154],[139.64179234526353,35.714758475214055],[139.63688303989682,35.71650722853],[139.63218874060456,35.71694054793572],[139.63186623149286,35.71972617268678],[139.62899948383347,35.721010655210875],[139.6243947704056,35.72927467530569],[139.62453810778854,35.730141314117134],[139.6271719322006,35.735109011589856],[139.63355044574277,35.73527924421353],[139.63643511057504,35.73227695975961],[139.6399289592849,35.7263033422379],[139.64356614537778,35.72531289788196],[139.6474004203722,35.72548313050564],[139.64743625471795,35.726752137336675],[139.65961993227037,35.725823595752985],[139.66225375668245,35.72692236996035],[139.66512050434184,35.731317466789804],[139.66816642372993,35.73139484525511],[139.67146318353824,35.733545966590654],[139.67468827465507,35.73306622010575],[139.6779671172905,35.730682963374285]]]],"type":"MultiPolygon"},"id":"geoshape:13:2021-01-01:76f852b24a2b981dbdf1","properties":{"administrativeCode":"13114","jurisdictionId":"geoshape:13:2021-01-01:76f852b24a2b981dbdf1","municipalityName":"中野区","prefectureName":"東京都","snapshotDate":"2021-01-01","sourceDataset":"historical-administrative-areas-beta","sourceProvider":"Geoshape","sourceResourceId":"gci:13114A1968"},"type":"Feature"},{"geometry":{"coordinates":[[[[139.52083351121,35.646201154951854],[139.52538447311926,35.64264174554772],[139.52339566693055,35.638819249361546],[139.5209947657658,35.637766902233366],[139.52346733562206,35.63235040966186],[139.51905971109574,35.63143734377124],[139.51660505841238,35.62959573629692],[139.5161571290906,35.62569586164544],[139.51040571659894,35.6233435563001],[139.5096173609926,35.62408638956705],[139.50341801917915,35.62286380981519],[139.499404572456,35.620403174618424],[139.49795328145345,35.618344907441255],[139.494674438818,35.617292560313075],[139.4956598833259,35.61251057115709],[139.5000316735065,35.60727978690232],[139.49757702082314,35.60486557878473],[139.49379649734732,35.605825071754545],[139.48906636370933,35.604664394774936],[139.48804508485566,35.607511922298244],[139.48127239351035,35.61004993596032],[139.47965984795192,35.6132688801171],[139.47695435484837,35.61302126902812],[139.4750730516969,35.61998533090576],[139.46727908149794,35.620821018331085],[139.46416149341835,35.62451970897277],[139.46451983687575,35.62962668768304],[139.47159712015988,35.63351108664147],[139.4689095442292,35.640862040845654],[139.4688557927106,35.64462263425959],[139.47378301525018,35.64678923128819],[139.47380093242305,35.649327244950264],[139.47399802132463,35.65075100871192],[139.4792477529759,35.651973588463775],[139.48625336756854,35.6526854703446],[139.48901261219072,35.65149384197887],[139.49103725272516,35.652081918315204],[139.4994583239746,35.651447414899685],[139.50331051614194,35.65003912683109],[139.5122870197504,35.651168852424576],[139.5168379816597,35.6493117692572],[139.52083351121,35.646201154951854]]]],"type":"MultiPolygon"},"id":"geoshape:13:2021-01-01:7df65e4ddc6f1aa73d98","properties":{"administrativeCode":"13225","jurisdictionId":"geoshape:13:2021-01-01:7df65e4ddc6f1aa73d98","municipalityName":"稲城市","prefectureName":"東京都","snapshotDate":"2021-01-01","sourceDataset":"historical-administrative-areas-beta","sourceProvider":"Geoshape","sourceResourceId":"gci:13225A1971"},"type":"Feature"},{"geometry":{"coordinates":[[[[139.75941858516302,35.628001739911596],[139.7574297789743,35.62792436144629],[139.75755519918442,35.62408638956705],[139.7535059181155,35.624055438180925],[139.75400759895592,35.63092664590021],[139.7552618010569,35.63360394079984],[139.75916774474283,35.63363489218596],[139.75941858516302,35.628001739911596]]],[[[139.78237048361103,35.62950288213855],[139.77135142229525,35.6231423722903],[139.76873551505605,35.62643869491239],[139.7771745034784,35.63142186807818],[139.77477360231364,35.63482652055169],[139.77265937591486,35.632567069364725],[139.77084974145484,35.63307776723575],[139.77701324892254,35.63609552738273],[139.78237048361103,35.62950288213855]]],[[[139.73150362982966,35.68150121082501],[139.73383286230293,35.67887034300456],[139.7367712786538,35.67887034300456],[139.7390646767813,35.67401097538327],[139.74316770936883,35.67145748602813],[139.74780825714248,35.66961587855382],[139.749958317887,35.670838458305674],[139.75431219089472,35.66990991672199],[139.75807479719768,35.668671861277076],[139.75900649018698,35.658999553113674],[139.76457873094992,35.65616750128343],[139.76250033889687,35.65188073430541],[139.76133572266025,35.65236048079031],[139.75907815887845,35.6449785752],[139.76035027815232,35.6449785752],[139.7604219468438,35.63677645787743],[139.75553055864998,35.639051384757465],[139.75262797664482,35.63442415253209],[139.75198295842148,35.62634584075402],[139.75024499265297,35.624829222833995],[139.74676906111594,35.62323522644867],[139.74332896392468,35.62513873669523],[139.73779255750748,35.62453518466583],[139.73539165634273,35.62320427506255],[139.73395828251302,35.6261137053581],[139.73114528637225,35.62648512199157],[139.7309302802978,35.63027666679163],[139.7263255668699,35.63286110753289],[139.72600305775822,35.635027704561494],[139.72220461710953,35.63597172183824],[139.7199649705006,35.63457890946271],[139.71783282692894,35.635043180254556],[139.71690113393964,35.63994897495503],[139.71919453206715,35.64185248520159],[139.72356632224773,35.64669637712982],[139.72172085344198,35.65568775479852],[139.7149839964424,35.657142469946294],[139.71378354586005,35.65975786207368],[139.70856964855452,35.66406010474476],[139.7138193802058,35.66935279177178],[139.7149302449238,35.67298957964122],[139.71656070765508,35.67343837474],[139.71948120683308,35.674490721868175],[139.71958870987032,35.678313218054356],[139.7267555790188,35.67928818671722],[139.72852937913305,35.682832120428294],[139.73150362982966,35.68150121082501]]]],"type":"MultiPolygon"},"id":"geoshape:13:2021-01-01:81cc21c846afef5ac812","properties":{"administrativeCode":"13103","jurisdictionId":"geoshape:13:2021-01-01:81cc21c846afef5ac812","municipalityName":"港区","prefectureName":"東京都","snapshotDate":"2021-01-01","sourceDataset":"historical-administrative-areas-beta","sourceProvider":"Geoshape","sourceResourceId":"gci:13103A1968"},"type":"Feature"},{"geometry":{"coordinates":[[[[139.79448249247199,35.59217551047435],[139.79342537927258,35.59281001388987],[139.80378150519215,35.59841221477811],[139.8044265234155,35.59763843012504],[139.79448249247199,35.59217551047435]]],[[[139.81019585308002,35.59375403116662],[139.8099629298327,35.59404806933478],[139.80695284479035,35.597746759976474],[139.80559113965214,35.59940265913404],[139.82031905575226,35.607388116753754],[139.82146575481602,35.60562388774474],[139.81953070014592,35.60457154061657],[139.82056989617246,35.602962068538176],[139.81523057865684,35.600068113935684],[139.8170043787711,35.597886041214025],[139.81186215015705,35.59510041646296],[139.80886998228755,35.598783631411585],[139.80786662060677,35.598241982154434],[139.81110962889647,35.59426472903765],[139.81019585308002,35.59375403116662]]],[[[139.81727313636415,35.609740422099094],[139.81870651019386,35.60867259927785],[139.79157991046685,35.593955215176415],[139.79113198114507,35.59712773225401],[139.79854969071374,35.60707860289252],[139.79894386851691,35.606877418882725],[139.8105900308832,35.61319150165179],[139.81727313636415,35.609740422099094]]],[[[139.7976359148973,35.61738541447144],[139.79437498943474,35.6139498106118],[139.78529098278904,35.62513873669523],[139.78987777904408,35.62763032327812],[139.79792258966324,35.6177258797188],[139.7976359148973,35.61738541447144]]],[[[139.77344773152117,35.62026389338087],[139.77135142229525,35.6231423722903],[139.78237048361103,35.62950288213855],[139.7849505565045,35.62634584075402],[139.78099086129995,35.62388520555725],[139.79263702366623,35.609585665168474],[139.78672435661875,35.60184781863775],[139.77316105675524,35.61849966437187],[139.77344773152117,35.62026389338087]]],[[[139.84011753177495,35.63115878129613],[139.83868415794527,35.61421289739385],[139.8355307355199,35.61249509546403],[139.8306214301532,35.618484188678806],[139.8329327454536,35.61973771981678],[139.83171437769835,35.62123886204374],[139.82741425620927,35.61979962258903],[139.82585546216947,35.630694510504284],[139.83701786086823,35.63177780901859],[139.84011753177495,35.63115878129613]]],[[[139.82481626614293,35.63967041247992],[139.83295066262647,35.64036681866769],[139.83277149089776,35.63820022163909],[139.82512085808176,35.63745738837214],[139.82555087023064,35.634486055304336],[139.82116116287722,35.63406821159168],[139.82044447596238,35.63908233614359],[139.82286329429996,35.642316755993434],[139.82616005410827,35.64262626985466],[139.82481626614293,35.63967041247992]]],[[[139.7824600694754,35.63900495767828],[139.78969860731536,35.64343100589386],[139.79014653663714,35.64312149203263],[139.7824600694754,35.63900495767828]]],[[[139.83540531530983,35.70301242418042],[139.84380846938643,35.699530393241595],[139.84771441307234,35.694965063788466],[139.84758899286226,35.68809385606919],[139.84551060080918,35.68128455112215],[139.84823401108562,35.67913342978661],[139.84689022312028,35.673856218452656],[139.84554643515492,35.65670915054058],[139.84296636226148,35.65681748039201],[139.84173007733335,35.65075100871192],[139.84097755607277,35.642982210795076],[139.84026086915793,35.63389797896801],[139.82159117502613,35.63194804164226],[139.82125074874156,35.63343370817616],[139.83366734954132,35.634625336541895],[139.83447362232053,35.64406550930937],[139.82168076089047,35.64293578371589],[139.8204086416166,35.641635825498724],[139.80811746102697,35.640459672826054],[139.8077232832238,35.64335362742855],[139.80917457422638,35.645674981387764],[139.80603906897392,35.64488572104163],[139.80698867913608,35.63690026342193],[139.80136268685453,35.63635861416478],[139.8014881070646,35.632814680453706],[139.80034140800086,35.63106592713776],[139.8021868768066,35.62622203520953],[139.7985676078866,35.62181146268702],[139.79202783978863,35.62987429877203],[139.7872977061506,35.6272743823377],[139.77869746317245,35.63741096129296],[139.7812058673744,35.638788297975424],[139.7826392412041,35.63768952376806],[139.7843772069726,35.639438277084004],[139.79444665812625,35.64490119673469],[139.79588003195593,35.64312149203263],[139.79810176139196,35.64474643980408],[139.79768966641592,35.64785705410943],[139.79482291875652,35.65042601915763],[139.79312078733378,35.65028673792008],[139.79469749854644,35.64722255069391],[139.78016667134787,35.6393608986187],[139.77880496620966,35.6393608986187],[139.77613530745185,35.6424096101518],[139.78659893640864,35.649497477573945],[139.79242201759178,35.65293308143358],[139.78959110427814,35.656260355441795],[139.78907150626486,35.665638625437026],[139.7872977061506,35.67147296172119],[139.78717228594053,35.674506197561236],[139.78908942343773,35.67916438117273],[139.79186658523278,35.682569033646246],[139.79265494083913,35.68646890829773],[139.79039737705733,35.68928548443492],[139.79347913079118,35.690817578048],[139.79672213908088,35.688542651167964],[139.79917679176424,35.689718803840634],[139.80048474538384,35.688295040078984],[139.8048027840458,35.68849622408878],[139.80499987294738,35.686778422158966],[139.8094612489923,35.686995081861824],[139.81188006732992,35.688558126861025],[139.81146797235388,35.69191635225536],[139.8133851098511,35.69267466121538],[139.81969195470177,35.69303060215579],[139.818688593021,35.708011073039266],[139.83067518167184,35.70301242418042],[139.83540531530983,35.70301242418042]]]],"type":"MultiPolygon"},"id":"geoshape:13:2021-01-01:82fa349400ebf80acc8d","properties":{"administrativeCode":"13108","jurisdictionId":"geoshape:13:2021-01-01:82fa349400ebf80acc8d","municipalityName":"江東区","prefectureName":"東京都","snapshotDate":"2021-01-01","sourceDataset":"historical-administrative-areas-beta","sourceProvider":"Geoshape","sourceResourceId":"gci:13108A1968"},"type":"Feature"},{"geometry":{"coordinates":[[[[139.77314313958237,35.59575039557154],[139.76680046038595,35.59256240280089],[139.76542083807487,35.594481388740505],[139.76255409041548,35.594605194284995],[139.76257200758835,35.5850102645869],[139.75597848797176,35.58493288612159],[139.7560143223175,35.589250604485734],[139.7494745542195,35.5888637121592],[139.75019124113433,35.59132434735597],[139.74838160667434,35.59194337507843],[139.74908037641632,35.600718093044264],[139.75175003517413,35.604664394774936],[139.753022154448,35.617648501253484],[139.75798521133333,35.617679452639614],[139.76194490653785,35.61464621679957],[139.76348578340478,35.608719026357036],[139.77314313958237,35.59575039557154]]],[[[139.77344773152117,35.62026389338087],[139.77063473538038,35.61873179976779],[139.76766048468377,35.62207454946906],[139.7675888159923,35.62580419149687],[139.76873551505605,35.62643869491239],[139.77135142229525,35.6231423722903],[139.77344773152117,35.62026389338087]]],[[[139.7535059181155,35.624055438180925],[139.75755519918442,35.62408638956705],[139.7574297789743,35.62792436144629],[139.75941858516302,35.628001739911596],[139.7597410942747,35.61935082749025],[139.75312965748523,35.618994886549835],[139.7535059181155,35.624055438180925]]],[[[139.75024499265297,35.624829222833995],[139.7518396210385,35.62475184436869],[139.75038833003592,35.60565483913087],[139.7477186712781,35.602714457449196],[139.74653613786862,35.59016367037636],[139.73587542001025,35.58736256993224],[139.7301060903457,35.5873780456253],[139.7289414741091,35.58883276077308],[139.7305540196675,35.59216003478129],[139.72824270436712,35.59438853458214],[139.7210937523915,35.59429568042377],[139.71917661489428,35.59185052092006],[139.717546152163,35.59623014205645],[139.71534233989985,35.59691107255115],[139.71448231560203,35.59997525977732],[139.71183057401709,35.60065619027202],[139.70106235312147,35.601414499232035],[139.69821352263497,35.60358109626063],[139.69540052649418,35.60749644660518],[139.6955796982229,35.612108203137495],[139.7039828522995,35.621873365459265],[139.6961351305819,35.624813747140934],[139.70145653092464,35.625897045655236],[139.70401868664524,35.624705417289505],[139.70713627472483,35.62547920194258],[139.71462565298498,35.629054087039776],[139.7144464812563,35.63413011436393],[139.71322811350103,35.63755024253051],[139.71763573802735,35.64166677688485],[139.71919453206715,35.64185248520159],[139.71690113393964,35.63994897495503],[139.71783282692894,35.635043180254556],[139.7199649705006,35.63457890946271],[139.72220461710953,35.63597172183824],[139.72600305775822,35.635027704561494],[139.7263255668699,35.63286110753289],[139.7309302802978,35.63027666679163],[139.73114528637225,35.62648512199157],[139.73395828251302,35.6261137053581],[139.73539165634273,35.62320427506255],[139.73779255750748,35.62453518466583],[139.74332896392468,35.62513873669523],[139.74676906111594,35.62323522644867],[139.75024499265297,35.624829222833995]]]],"type":"MultiPolygon"},"id":"geoshape:13:2021-01-01:83b02217869923c74943","properties":{"administrativeCode":"13109","jurisdictionId":"geoshape:13:2021-01-01:83b02217869923c74943","municipalityName":"品川区","prefectureName":"東京都","snapshotDate":"2021-01-01","sourceDataset":"historical-administrative-areas-beta","sourceProvider":"Geoshape","sourceResourceId":"gci:13109A1968"},"type":"Feature"},{"geometry":{"coordinates":[[[[139.53393096457884,35.69897326829138],[139.5341997221719,35.69488768532316],[139.53136880885825,35.69460912284806],[139.5321571644646,35.68877478656389],[139.5285378955446,35.69067829681045],[139.52488279227887,35.69010569616717],[139.5269253499862,35.68420945711076],[139.52450653164857,35.687939099138575],[139.52226688503967,35.687366498495294],[139.5180742665878,35.69139017869127],[139.5152791876199,35.689997366315744],[139.51456250070504,35.686097491664256],[139.5051918192934,35.68697960616876],[139.5028984211659,35.68458087374424],[139.50112462105164,35.68458087374424],[139.5029521726845,35.687273644336926],[139.49988833612352,35.68718079017856],[139.49870580271403,35.68563322087242],[139.49544487725146,35.686902227703456],[139.49578530353602,35.6886509810194],[139.4890305293636,35.69095685928555],[139.48781216160833,35.69197825502761],[139.48958596172258,35.69544481027337],[139.49144934770118,35.70024227512242],[139.48446165028142,35.702254115220406],[139.48743590097803,35.70646350373312],[139.4857158523824,35.70838248967274],[139.4916285194299,35.70807297581151],[139.49232728917187,35.70996101036501],[139.49539112573285,35.70963602081072],[139.49589280657324,35.71316447882873],[139.50228923728827,35.71218951016586],[139.50827357302725,35.71248354833402],[139.50859608213895,35.71636794729245],[139.51493876133534,35.717250061796946],[139.52314482651036,35.719060717885135],[139.52300148912738,35.71760600273736],[139.52645950349154,35.71728101318307],[139.5252232185634,35.713056148977294],[139.52739119648083,35.712808537888314],[139.5271582732335,35.70991458328582],[139.53255134226774,35.70910984724663],[139.5322646675018,35.70219221244816],[139.53393096457884,35.69897326829138]],[[139.49718284301997,35.687258168643865],[139.49718284301997,35.687258168643865]]]],"type":"MultiPolygon"},"id":"geoshape:13:2021-01-01:8402289dc584d89f0e90","properties":{"administrativeCode":"13210","jurisdictionId":"geoshape:13:2021-01-01:8402289dc584d89f0e90","municipalityName":"小金井市","prefectureName":"東京都","snapshotDate":"2021-01-01","sourceDataset":"historical-administrative-areas-beta","sourceProvider":"Geoshape","sourceResourceId":"gci:13210A1968"},"type":"Feature"},{"geometry":{"coordinates":[[[[139.71656070765508,35.67343837474],[139.7149302449238,35.67298957964122],[139.7138193802058,35.66935279177178],[139.70856964855452,35.66406010474476],[139.71378354586005,35.65975786207368],[139.7149839964424,35.657142469946294],[139.72172085344198,35.65568775479852],[139.72356632224773,35.64669637712982],[139.71919453206715,35.64185248520159],[139.71763573802735,35.64166677688485],[139.7152348368626,35.64262626985466],[139.70862340007312,35.6420072421322],[139.69970064798326,35.64808918950535],[139.69294587381083,35.65387709871033],[139.68733779870215,35.66156851816187],[139.67993800630632,35.66376606657659],[139.67501078376674,35.66387439642803],[139.67282488867644,35.66740285444604],[139.67269946846636,35.672293173453454],[139.66205666778086,35.67144201033507],[139.66175207584206,35.67252530884937],[139.6615908212862,35.67475380865022],[139.66411714266104,35.67634780503555],[139.66784391461826,35.679953641518864],[139.67130192898242,35.68148573513195],[139.6803321841095,35.68979618230595],[139.68398728737523,35.69199373072067],[139.68321684894175,35.688712883791645],[139.68597609356394,35.68789267205939],[139.684990649056,35.6858808319614],[139.68767822498668,35.68159406498338],[139.69502426586388,35.686654616614476],[139.702101549148,35.68917715458349],[139.70271073302564,35.687768866514894],[139.70577456958662,35.688047428990004],[139.7074050323179,35.68445706819975],[139.71140056186817,35.683373769685446],[139.71478690754083,35.68086670740949],[139.71290560438936,35.6772918223123],[139.7128876872165,35.67461452741267],[139.71485857623233,35.67507879820451],[139.71656070765508,35.67343837474]]]],"type":"MultiPolygon"},"id":"geoshape:13:2021-01-01:84a3d58bbe05ee0d5fe8","properties":{"administrativeCode":"13113","jurisdictionId":"geoshape:13:2021-01-01:84a3d58bbe05ee0d5fe8","municipalityName":"渋谷区","prefectureName":"東京都","snapshotDate":"2021-01-01","sourceDataset":"historical-administrative-areas-beta","sourceProvider":"Geoshape","sourceResourceId":"gci:13113A1968"},"type":"Feature"},{"geometry":{"coordinates":[[[[139.49677074804393,35.77870403894394],[139.49768452386036,35.772142345085896],[139.49926123507305,35.77167807429405],[139.501214206916,35.76562707830703],[139.49720076019284,35.76243908553637],[139.50479764149026,35.76110817593308],[139.49476402468235,35.758291599795896],[139.49388608321166,35.75381912450114],[139.48731048076795,35.74899070826597],[139.48573376955528,35.74386825386263],[139.4851604200234,35.74088144510178],[139.48732839794081,35.7409123964879],[139.4862175332228,35.73450545956046],[139.47883565799987,35.735217341441285],[139.4771335265771,35.73750774401438],[139.4772589467872,35.739906476438904],[139.47100585345513,35.74275400396221],[139.46638322285438,35.744084913565494],[139.45099237135798,35.73699704614335],[139.45068777941918,35.7419956950022],[139.45138654916116,35.74561700717858],[139.44753435699386,35.74923831935496],[139.44753435699386,35.75259654474929],[139.44619056902852,35.75566073197545],[139.4441480113212,35.75575358613382],[139.44049290805546,35.760272488507766],[139.44000914438794,35.76358428682292],[139.4407795828214,35.76700441498949],[139.44499011844613,35.76666394974214],[139.44620848620139,35.767948432266245],[139.45135071481542,35.76932576894871],[139.45855341830963,35.76968170988913],[139.45948511129896,35.77245185894712],[139.4613305801047,35.77344230330306],[139.46994874025575,35.774185136570004],[139.4711491908381,35.773411351916934],[139.4794985933961,35.779942094388865],[139.48498124829467,35.7808087332003],[139.48958596172258,35.779152834042726],[139.49037431732893,35.78090158735867],[139.49379649734732,35.77961710483457],[139.49349190540852,35.78170632339787],[139.4959823924376,35.78159799354644],[139.49677074804393,35.77870403894394]]]],"type":"MultiPolygon"},"id":"geoshape:13:2021-01-01:87b80e063bba919cd23d","properties":{"administrativeCode":"13213","jurisdictionId":"geoshape:13:2021-01-01:87b80e063bba919cd23d","municipalityName":"東村山市","prefectureName":"東京都","snapshotDate":"2021-01-01","sourceDataset":"historical-administrative-areas-beta","sourceProvider":"Geoshape","sourceResourceId":"gci:13213A1968"},"type":"Feature"},{"geometry":{"coordinates":[[[[139.75843314065511,32.47346741765277],[139.76246450455113,32.471424626168655],[139.76990013129267,32.46902589374413],[139.7718172687899,32.46569861973592],[139.7774790954172,32.46169041523301],[139.78081168957124,32.457156037166],[139.78016667134787,32.45497396444434],[139.781402956276,32.45217286400022],[139.7791633096671,32.447298020685864],[139.77074223841763,32.44336719464826],[139.768466757463,32.442856496777225],[139.76420247031962,32.44570402430053],[139.76031444380658,32.44658613880504],[139.75461678283352,32.4513371765749],[139.75484970608085,32.462943946370984],[139.75443761110483,32.46707595641839],[139.75510054650107,32.47164128587151],[139.75843314065511,32.47346741765277]]]],"type":"MultiPolygon"},"id":"geoshape:13:2021-01-01:89bc3899160a8b2313bf","properties":{"administrativeCode":"13402","jurisdictionId":"geoshape:13:2021-01-01:89bc3899160a8b2313bf","municipalityName":"青ヶ島村","parentJurisdictionName":"八丈支庁","prefectureName":"東京都","snapshotDate":"2021-01-01","sourceDataset":"historical-administrative-areas-beta","sourceProvider":"Geoshape","sourceResourceId":"gci:13402A1968"},"type":"Feature"},{"geometry":{"coordinates":[[[[139.73804339792767,35.78022065686397],[139.73788214337182,35.777435032112905],[139.73569624828153,35.77220424785814],[139.73673544430807,35.77022335914627],[139.7464107176585,35.76700441498949],[139.75497512629096,35.76838175167197],[139.7579314598147,35.77017693206709],[139.76009943773212,35.76675680390051],[139.75816438306202,35.76459020687191],[139.74888328751476,35.75980821771592],[139.74999415223277,35.756496419400776],[139.75796729416044,35.75485599593626],[139.75759103353016,35.75316914539256],[139.75089001087633,35.75371079464971],[139.74977914615832,35.75012043385946],[139.7547063686979,35.749191892275775],[139.75780603960462,35.747613371583505],[139.757196855727,35.74546225024796],[139.76031444380658,35.743450410149975],[139.7638441268622,35.74413134064468],[139.76588668456952,35.741624278368725],[139.76818008269703,35.741469521438106],[139.77111849904793,35.73789463634092],[139.76131780548738,35.733809053372696],[139.76094154485708,35.7321995812943],[139.75993818317627,35.731580553571845],[139.75275339685493,35.73506258451067],[139.74956414008386,35.73654825104457],[139.74657197221435,35.73984457366666],[139.74105348297002,35.74235163594261],[139.73555291089858,35.74054097985442],[139.73179030459562,35.743311128912424],[139.73263241172054,35.74509083361449],[139.72790227808255,35.74471941698101],[139.72362007376634,35.739937427825026],[139.72001872201923,35.74177903529934],[139.71951704117882,35.7450444065353],[139.72141626150318,35.746313413366344],[139.7227062979499,35.75323104816481],[139.71629195006201,35.76072128360655],[139.71326394784677,35.763089064644944],[139.7108988810278,35.76361523820904],[139.7064016706371,35.76666394974214],[139.70625833325414,35.76841270305809],[139.70238822391394,35.781071819982344],[139.70226280370386,35.784105055822394],[139.6984464458823,35.782124167110524],[139.69498843151814,35.78261938928849],[139.6912795767338,35.78441456968362],[139.6894699422738,35.78679782641508],[139.69063455851045,35.79057389552207],[139.69685181749676,35.79889981838913],[139.70525497157334,35.79340594735232],[139.709196749605,35.79201313497679],[139.71924828358576,35.79179647527393],[139.72224045145526,35.790728652452685],[139.7244621808913,35.78727757289999],[139.73386869664867,35.79004772195799],[139.73854507876806,35.78740137844448],[139.73804339792767,35.78022065686397]]]],"type":"MultiPolygon"},"id":"geoshape:13:2021-01-01:8d67305c30f1fb1b6d65","properties":{"administrativeCode":"13117","jurisdictionId":"geoshape:13:2021-01-01:8d67305c30f1fb1b6d65","municipalityName":"北区","prefectureName":"東京都","snapshotDate":"2021-01-01","sourceDataset":"historical-administrative-areas-beta","sourceProvider":"Geoshape","sourceResourceId":"gci:13117A1968"},"type":"Feature"},{"geometry":{"coordinates":[[[[139.8467468857373,35.79650108596461],[139.84427431588108,35.7938547424511],[139.84525976038898,35.78771089230571],[139.8496673849153,35.779679007606816],[139.85776594705308,35.770826911175675],[139.85880514307962,35.767902005187054],[139.85656549647072,35.764419974248234],[139.85217578911727,35.76575088385152],[139.85129784764658,35.769882893898924],[139.84579727557514,35.769511477265446],[139.84169424298761,35.76644729003928],[139.83768079626446,35.76576635954458],[139.83748370736288,35.76318191880332],[139.83173229487122,35.76370809236741],[139.8309976907835,35.759080860142035],[139.82755759359225,35.75734758251915],[139.82542545002056,35.75912728722122],[139.82624963997264,35.761680776576355],[139.82436833682115,35.761789106427784],[139.82354414686907,35.75586191598525],[139.8202473870608,35.75598572152975],[139.81974570622037,35.76044272113144],[139.81354636440693,35.75966893647837],[139.81347469571546,35.75446910360972],[139.81716563332694,35.74914546519659],[139.820354890098,35.743434934456914],[139.81657436662218,35.741469521438106],[139.81449597456913,35.73880770223154],[139.81302676639368,35.740742163864226],[139.80910290553487,35.740865969408716],[139.8024377172268,35.738637469607866],[139.79480500158365,35.7398290979736],[139.79242201759178,35.74077311525035],[139.7889281688819,35.74439442742673],[139.78869524563459,35.74702529524717],[139.79113198114507,35.75030614217619],[139.7888027486718,35.75250369059092],[139.78398302916946,35.75403578420401],[139.77165601423405,35.753617940491345],[139.75796729416044,35.75485599593626],[139.74999415223277,35.756496419400776],[139.74888328751476,35.75980821771592],[139.75816438306202,35.76459020687191],[139.76009943773212,35.76675680390051],[139.7579314598147,35.77017693206709],[139.75497512629096,35.76838175167197],[139.7464107176585,35.76700441498949],[139.73673544430807,35.77022335914627],[139.73569624828153,35.77220424785814],[139.73788214337182,35.777435032112905],[139.73804339792767,35.78022065686397],[139.7426122770098,35.78169084770481],[139.7463032146213,35.78388839611953],[139.74669739242447,35.78681330210814],[139.7500299865785,35.78593118760364],[139.75499304346383,35.78689068057345],[139.75560222734146,35.79003224626493],[139.759974017522,35.794334488936],[139.76076237312836,35.797414151855236],[139.75529763540263,35.80318658536715],[139.750657087629,35.80666861630598],[139.75191128972997,35.810939907590935],[139.75520804953828,35.81073872358114],[139.7612819711416,35.81288984491668],[139.7657791815323,35.81573737243998],[139.7671588038434,35.8176563583796],[139.77129767077662,35.817207563280824],[139.77923497835857,35.80824713699825],[139.78149254214034,35.80714836279088],[139.78722603745913,35.80688527600884],[139.79399872880447,35.80519842546514],[139.79883636547967,35.80618886982107],[139.8023122970167,35.80855665085947],[139.81329552398674,35.80832451546355],[139.81965612035603,35.81177559501626],[139.82105365983998,35.81507191763834],[139.82492376918017,35.81189940056075],[139.82074906790118,35.80553889071249],[139.81963820318316,35.799580748883834],[139.8204803103081,35.797537957399726],[139.82605255107106,35.793359520273135],[139.83277149089776,35.79568087423235],[139.83800330537616,35.80080332863569],[139.84337845723752,35.7997974085867],[139.8467468857373,35.79650108596461]]]],"type":"MultiPolygon"},"id":"geoshape:13:2021-01-01:8e0a51623f9d92693a43","properties":{"administrativeCode":"13121","jurisdictionId":"geoshape:13:2021-01-01:8e0a51623f9d92693a43","municipalityName":"足立区","prefectureName":"東京都","snapshotDate":"2021-01-01","sourceDataset":"historical-administrative-areas-beta","sourceProvider":"Geoshape","sourceResourceId":"gci:13121A1968"},"type":"Feature"},{"geometry":{"coordinates":[[[[139.59418641694472,35.68213571424053],[139.60327042359043,35.680650047706635],[139.6083768178587,35.67636328072861],[139.60891433304485,35.67035871182077],[139.61618870523057,35.66989444102893],[139.61656496586085,35.6726336387008],[139.61328612322544,35.67289672548284],[139.6103118725288,35.67664184320372],[139.6216355257834,35.67264911439386],[139.62503978862892,35.669136132068914],[139.63260083558058,35.668083784940734],[139.63910476933285,35.66583980944683],[139.64127274725024,35.667201670436235],[139.6477229294839,35.66842425018809],[139.6503209195502,35.66990991672199],[139.6551227218797,35.6705444201375],[139.66175207584206,35.67252530884937],[139.66205666778086,35.67144201033507],[139.67269946846636,35.672293173453454],[139.67282488867644,35.66740285444604],[139.67501078376674,35.66387439642803],[139.67949007698454,35.657328178263036],[139.68316309742315,35.65372234177972],[139.6843097964869,35.64377147114121],[139.68608359660115,35.64053705129137],[139.68610151377402,35.63804546470847],[139.68203431553226,35.63112782991001],[139.67959758002178,35.62506135822992],[139.6720006987244,35.629704066148356],[139.66384838506798,35.63194804164226],[139.66148331824897,35.63170043055328],[139.66180582736067,35.62749104204057],[139.66349004161054,35.626701781694436],[139.66650012665292,35.61853061575799],[139.6647621608844,35.61826752897595],[139.6632033668446,35.6156366611555],[139.66318544967174,35.6087345020501],[139.6683097611129,35.606490526556186],[139.67339823820834,35.608177377099885],[139.67725043037564,35.60794524170396],[139.67931090525585,35.60551555789331],[139.68027843259088,35.60067166596508],[139.68061885887542,35.59485280537398],[139.6756558019901,35.59178861814782],[139.6697610521155,35.59901576680751],[139.664403817427,35.59966574591609],[139.66263001731275,35.598427690471176],[139.65961993227037,35.599959784084255],[139.65576774010307,35.596477753145436],[139.65297266113515,35.59593610388828],[139.65705777654978,35.59341356591926],[139.65514063905258,35.5901481946833],[139.65042842258745,35.59257787849395],[139.6488517113748,35.59497661091847],[139.63998271080354,35.600068113935684],[139.6370084601069,35.60305492269654],[139.6317945628014,35.60579412036842],[139.63136455065248,35.607140505664766],[139.62478894820873,35.60983327625746],[139.62340932589765,35.61136536987054],[139.61864335791392,35.61373315090894],[139.6157945274274,35.61333078288935],[139.6121931756803,35.61585332085836],[139.60966685430543,35.61641044580857],[139.60586841365674,35.61545095283876],[139.599991580955,35.61842228590656],[139.59309346939958,35.61757112278818],[139.59022672174018,35.61843776159962],[139.58933086309662,35.62122338635068],[139.5902088045673,35.62453518466583],[139.59228719662036,35.624225670804606],[139.59354139872136,35.626562500456885],[139.59140925514967,35.633062291542686],[139.5877899862297,35.63496580178925],[139.58445739207565,35.641016797776274],[139.5865895356473,35.64264174554772],[139.58764664884671,35.64617020356573],[139.59200052185443,35.64581426262532],[139.5919646875087,35.65135456074132],[139.5930755522267,35.65152479336499],[139.59234094813897,35.65542466801648],[139.5898862954556,35.65725079979772],[139.58974295807266,35.660934014746346],[139.58655370130157,35.663951774893334],[139.59011921870294,35.665793382367646],[139.58888293377484,35.669414694544024],[139.58280901217148,35.67388716983878],[139.58664328716594,35.673980023997146],[139.5867866245489,35.67780252018333],[139.58813041251423,35.68004649567723],[139.58531741637347,35.68204286008216],[139.59418641694472,35.68213571424053]]]],"type":"MultiPolygon"},"id":"geoshape:13:2021-01-01:8f21291334355e02fc3d","properties":{"administrativeCode":"13112","jurisdictionId":"geoshape:13:2021-01-01:8f21291334355e02fc3d","municipalityName":"世田谷区","prefectureName":"東京都","snapshotDate":"2021-01-01","sourceDataset":"historical-administrative-areas-beta","sourceProvider":"Geoshape","sourceResourceId":"gci:13112A1968"},"type":"Feature"},{"geometry":{"coordinates":[[[[153.98391587913585,24.29755044343994],[153.98486548929802,24.297132599727277],[153.985008826681,24.28999830522595],[153.98660345506653,24.283730649536068],[153.98457881453209,24.28088312201276],[153.97757319993943,24.2832354273581],[153.97151719550897,24.284303250179338],[153.97259222588124,24.2866865069108],[153.97777028884101,24.290803041265146],[153.98391587913585,24.29755044343994]]],[[[142.1320464511145,26.703154075683194],[142.13201061676875,26.702844561821966],[142.1334619077713,26.70233386395094],[142.13410692599467,26.699625617665184],[142.13951791220177,26.70075534325867],[142.14247424572554,26.69796971850761],[142.1418113103293,26.702349339644],[142.14064669409268,26.70805987038367],[142.1433701043691,26.707843210680814],[142.14333427002336,26.707843210680814],[142.14354927609781,26.706280165681605],[142.14767022585818,26.70761107528489],[142.15132532912392,26.70675991216651],[142.1513432462968,26.70674443647345],[142.15223910494035,26.706326592760792],[142.15225702211322,26.70631111706773],[142.15277662012647,26.706713485087327],[142.15261536557063,26.707208707265295],[142.15261536557063,26.707239658651417],[142.1548191778338,26.70889555780899],[142.1562525516635,26.70805987038367],[142.15648547491082,26.707347988502846],[142.15861761848248,26.703649297861162],[142.16207563284664,26.703401686772178],[142.16510363506188,26.702473145188492],[142.16320441473752,26.700136315536213],[142.1599972407936,26.70142079806031],[142.1599972407936,26.70138984667419],[142.156879652714,26.699223249645588],[142.1539412363631,26.69894468717048],[142.15130741195105,26.697257836626783],[142.1507161452463,26.694069843856127],[142.14881692492193,26.6946424444994],[142.14580683987958,26.693404389054486],[142.14693562177047,26.689024767918095],[142.14682811873323,26.68500108772212],[142.14888859361344,26.683902313514757],[142.15386956767162,26.684072546138434],[142.15926263670585,26.686873646582555],[142.1660174108783,26.687384344453584],[142.16857956659888,26.689891406729537],[142.16779121099256,26.68577487237519],[142.1662144997799,26.683221383020054],[142.16630408564424,26.680002438863273],[142.16537239265494,26.679909584704905],[142.16401068751674,26.677681084904055],[142.16162770352486,26.672930047134194],[142.1627744025886,26.670082519610887],[142.16189646111792,26.66681714837492],[142.16453028553,26.66087448223933],[142.16653700889157,26.658243614418883],[142.17021002933018,26.658166235953573],[142.17264676484066,26.65620082293477],[142.17624811658777,26.656541288182122],[142.1792044501115,26.655457989667823],[142.18225036949963,26.656757947884984],[142.1819457775608,26.659373340012365],[142.18871846890613,26.65963642679441],[142.1873746809408,26.65716031590458],[142.18793011329979,26.655163951499652],[142.18466918783724,26.656154395855587],[142.18558296365367,26.654235409915966],[142.18103200174437,26.653275916946157],[142.17798608235628,26.654761583480056],[142.17562101553727,26.65500919456904],[142.17425931039907,26.653121160015544],[142.17476099123945,26.647905851453835],[142.17246759311195,26.64419168511909],[142.17239592442044,26.644129782346845],[142.17123130818382,26.64343337615908],[142.17325594871826,26.63919303626024],[142.17284385374222,26.63670144967735],[142.17723356109568,26.634117008936087],[142.18006447440933,26.631517092501767],[142.18097825022576,26.628762419136827],[142.18026156331092,26.62418161399064],[142.18137242802894,26.62404233275309],[142.18140826237467,26.61656757300441],[142.182196617981,26.611971292165162],[142.1833791513905,26.611708205383117],[142.17848776319667,26.60757619533571],[142.17646312266223,26.60961898681982],[142.17343512044698,26.608179747365106],[142.17443848212778,26.611646302610872],[142.17744856717013,26.615360468945617],[142.1764093711436,26.61734135765748],[142.1774127328244,26.619647235923637],[142.17458181951073,26.621736454486932],[142.1761047792048,26.622943558545725],[142.17309469416244,26.62823624557274],[142.16936792220523,26.63233730423402],[142.1618427095993,26.630309988442974],[142.16071392770843,26.635881237945092],[142.1614126974504,26.639425171656164],[142.1584921982724,26.638929949478197],[142.15644964056509,26.635680053935296],[142.15408457374608,26.635943140717337],[142.15166575540846,26.645569021801556],[142.15191659582865,26.647751094523223],[142.14930068858945,26.648277268087313],[142.1489065107863,26.650908135907756],[142.1463443550657,26.65307473293636],[142.1488527592677,26.6539413717478],[142.14519765600195,26.65641748263763],[142.14521557317482,26.658290041498066],[142.1492648542437,26.662097061991183],[142.14867358753898,26.666863575454105],[142.14165005577345,26.666631440058183],[142.14439138322274,26.670933682729267],[142.14512598731048,26.67481808168769],[142.14270716897286,26.677123959953846],[142.1364540756408,26.681503581090233],[142.1365794958509,26.684180875989863],[142.13319315017824,26.686873646582555],[142.13020098230876,26.69198062529283],[142.12848093371312,26.69722688524066],[142.12823009329293,26.701358895288067],[142.12638462448717,26.701993398703586],[142.1253812628064,26.704361179741987],[142.12534542846066,26.704423082514232],[142.12328495358045,26.705738516424457],[142.12303411316026,26.709189595977158],[142.1225682666656,26.710876446520857],[142.12303411316026,26.712996616470274],[142.12534542846066,26.7135073143413],[142.12740590334084,26.709545536917574],[142.13046973990183,26.70802891899755],[142.1304876570747,26.707997967611426],[142.12996805906144,26.707425366968153],[142.12996805906144,26.70739441558203],[142.13202853394162,26.703154075683194],[142.1320464511145,26.703154075683194]]],[[[142.12697589119193,27.680830984839982],[142.1258112749553,27.67759656499014],[142.12360746269215,27.679391745385267],[142.12697589119193,27.680830984839982]]],[[[141.46214127463278,24.245072368268577],[141.47093860651256,24.241853424111795],[141.47292741270127,24.2395630215387],[141.47199571971194,24.232970376294528],[141.46882438011374,24.227197942782606],[141.45868326026866,24.224706356199714],[141.4549744054843,24.22548014085279],[141.45325435688866,24.229380015504272],[141.45345144579025,24.23526077886762],[141.45506399134865,24.24191532688404],[141.45893410068885,24.244933087031022],[141.46214127463278,24.245072368268577]]],[[[141.2876817623858,24.806607891003107],[141.28752050782998,24.803218714222652],[141.28597963096306,24.79837482229442],[141.28468959451632,24.799396218036474],[141.28635589159333,24.80620552298351],[141.2876817623858,24.806607891003107]]],[[[141.32348027378248,24.812612459910948],[141.32993045601611,24.81067799827827],[141.33577145437215,24.80619004729045],[141.34091368298618,24.799783110363013],[141.34354750739826,24.79356188175231],[141.34632466919328,24.781970587649287],[141.34632466919328,24.77889092473006],[141.3442104427945,24.777544539433716],[141.3430099922121,24.77477439037572],[141.33627313521254,24.77073523448668],[141.3252719910696,24.770518574783818],[141.31916223512053,24.766077050875182],[141.30445223619327,24.7574416141469],[141.30199758350992,24.756698780879947],[141.29391693854498,24.751870364644777],[141.29230439298658,24.74910021558678],[141.28816552605332,24.74612888251898],[141.28580045923434,24.74577294157857],[141.28520919252958,24.750647784892923],[141.28614088551888,24.75512026018768],[141.28854178668362,24.757395187067715],[141.29103227371272,24.761898613748592],[141.29352276074184,24.77085904003117],[141.29382735268064,24.77726597695861],[141.29327192032162,24.78167654948112],[141.29047684135372,24.78648949002323],[141.28890013014106,24.787309701755486],[141.28605129965453,24.785638326904852],[141.28739508761987,24.790002472348178],[141.28979598878462,24.790961965317987],[141.29656868012992,24.79558919754336],[141.3057960241586,24.798854568779326],[141.30900319810254,24.80085093318425],[141.3137691660863,24.80533888417207],[141.31753177238926,24.806112668825143],[141.32152730193954,24.8084185470913],[141.32348027378248,24.812612459910948]]],[[[141.28411624498443,25.44877177458777],[141.28809385736184,25.44737896221224],[141.28988557464896,25.444655240233423],[141.29053059287233,25.440693462809694],[141.29309274859293,25.437350713108422],[141.29234022733232,25.433868682169596],[141.2934690092232,25.426208214104182],[141.28988557464896,25.421936922819224],[141.28142866905375,25.41888821128612],[141.27689562431735,25.41908939529592],[141.27501432116586,25.421503603413505],[141.27221924219796,25.42938073118178],[141.27284634324846,25.43965659137458],[141.27367053320052,25.441591053007258],[141.28001321239694,25.447905135776328],[141.28411624498443,25.44877177458777]]],[[[142.2125662259977,26.564460914466526],[142.21806679806917,26.56331571317998],[142.2150567130268,26.55667664085662],[142.21061325415474,26.55485050907537],[142.20407348605676,26.554618373679446],[142.20213843138666,26.55296247452187],[142.20158299902766,26.55659926239131],[142.20398390019238,26.55882776219216],[142.2031776274132,26.562108609121186],[142.20588312051675,26.561690765408528],[142.20914404597931,26.563888313823252],[142.2125662259977,26.564460914466526]]],[[[142.1549983495625,26.564538292931832],[142.15677214967675,26.56195385219057],[142.16074976205417,26.561334824468112],[142.15908346497713,26.554370762590462],[142.16017641252228,26.554695752144752],[142.16092893378288,26.5481340582867],[142.15788301439477,26.546911478534845],[142.15782926287616,26.543893718387864],[142.154371248512,26.543785388536435],[142.15331413531263,26.547762641653225],[142.15517752129122,26.55037803378061],[142.1534395555227,26.553271988383102],[142.15507001825398,26.554092200115356],[142.15209576755737,26.558611102489298],[142.15360081007856,26.55981820654809],[142.15284828881795,26.564244254763665],[142.1549983495625,26.564538292931832]]],[[[142.2306804877705,26.57564984054995],[142.2352314496798,26.570805948621718],[142.2397824115891,26.56952146609762],[142.23842070645085,26.56826793495964],[142.2311821686109,26.566426327485328],[142.2292471139408,26.564213303377542],[142.22682829560318,26.563810935357942],[142.2258249339224,26.56653465733676],[142.22847667550735,26.569057195305774],[142.22654162083725,26.570604764611918],[142.2287454331004,26.57433440663973],[142.2306804877705,26.57564984054995]]],[[[142.16143061462327,26.588463714404824],[142.1620397985009,26.585554284109275],[142.1581696891607,26.583372211387612],[142.15395915353596,26.584269801585172],[142.15127157760529,26.581932971932897],[142.1471685450178,26.582319864259432],[142.14922901989797,26.585755468119075],[142.15152241802548,26.585260245941107],[142.15480126066092,26.58778278391012],[142.16143061462327,26.588463714404824]]],[[[142.16381359861515,26.5928897626204],[142.16633991998998,26.590986252373842],[142.1651573865805,26.588711325493808],[142.16381359861515,26.5928897626204]]],[[[142.1775919045531,26.605502452465476],[142.17787857931904,26.603103720040952],[142.1754776781543,26.601927567368282],[142.1775919045531,26.605502452465476]]],[[[142.13106100660656,26.610624906868814],[142.1340352573032,26.608009514741433],[142.1334619077713,26.606879789147946],[142.13593447762753,26.601401393804196],[142.1335335764628,26.59677416157882],[142.1288751115163,26.595087311035122],[142.12758507506956,26.598166973954353],[142.12715506292065,26.595953949846567],[142.1252558425963,26.59559800890615],[142.1258112749553,26.59858481766701],[142.12747757203232,26.59945145647845],[142.12633087296857,26.602360886774004],[142.12298036164165,26.60350608806055],[142.1241987293969,26.606570275286717],[142.12616961841272,26.60757619533571],[142.12602628102977,26.60991302498799],[142.1282480104658,26.610501101324324],[142.12975305298698,26.608674969543074],[142.13106100660656,26.610624906868814]]],[[[142.22188315589074,27.09391532548468],[142.22397946511666,27.09154754444628],[142.22390779642518,27.09143921459485],[142.22394363077092,27.09133088474342],[142.22390779642518,27.09131540905036],[142.22397946511666,27.090742808407086],[142.22449906312994,27.08993807236789],[142.22487532376022,27.089040482170326],[142.22485740658735,27.089040482170326],[142.2230298549545,27.085527499845377],[142.22580701674954,27.080699083610206],[142.2295696230525,27.08147286826328],[142.23145092620396,27.078842000442833],[142.23252595657624,27.078099167175885],[142.23252595657624,27.078114642868947],[142.23272304547783,27.077712274849347],[142.23272304547783,27.07761942069098],[142.23272304547783,27.077588469304857],[142.23263345961345,27.072713625990502],[142.23077007363486,27.06904588673494],[142.23184510400714,27.063877005252415],[142.2311284170923,27.061911592233614],[142.23014297258436,27.05949738411603],[142.23333222935545,27.05664985659272],[142.23700524979404,27.054220172782074],[142.23632439722493,27.050923850159986],[142.2346581001479,27.049809600259564],[142.23039381300455,27.05386423184166],[142.22867376440894,27.05685104060252],[142.22509032983467,27.053554717980433],[142.22191899023647,27.053446388129004],[142.22630869758993,27.049825075952626],[142.22517991569904,27.04806084694362],[142.22586076826815,27.045337124964806],[142.223656956005,27.046064482538693],[142.2229044347444,27.043959788282336],[142.22697163298616,27.041081309372906],[142.22498282679746,27.03928612897778],[142.2283154209515,27.03906946927492],[142.2298204634727,27.037459997196528],[142.22940836849665,27.03594337927651],[142.21946433755312,27.036299320216923],[142.21878348498402,27.038156403384296],[142.2205393679254,27.04046228165045],[142.2187297334654,27.041483677392506],[142.21871181629254,27.041483677392506],[142.21765470309313,27.041607482936996],[142.21419668872898,27.03917779912635],[142.212387054269,27.04066346566025],[142.20815860147138,27.04033847610596],[142.20636688418426,27.044068118133765],[142.2013142414346,27.044594291697855],[142.19918209786292,27.045631163132974],[142.19574200067163,27.04409906951989],[142.19405778642175,27.041375347541077],[142.187482183978,27.044826427093778],[142.18626381622278,27.043820507044785],[142.18572630103662,27.040446805957387],[142.18406000395962,27.04538355204399],[142.18560088082654,27.047906090013004],[142.18776885874396,27.047875138626882],[142.1897934992784,27.050691714764064],[142.18932765278376,27.053369009663697],[142.18943515582097,27.05451421095024],[142.18943515582097,27.054529686643303],[142.18757176984238,27.056061780256385],[142.1878584446083,27.059033113324183],[142.18784052743544,27.059048589017245],[142.18771510722533,27.059481908422967],[142.18724926073068,27.06119971035279],[142.1942190409776,27.05931167579929],[142.1948282248552,27.0628401338173],[142.19129854179957,27.065053157925085],[142.1932694308154,27.067173327874507],[142.18995475383423,27.06785425836921],[142.18714175769347,27.07164580316926],[142.18452585045426,27.070624407427207],[142.18250120991982,27.071243435149665],[142.18233995536397,27.07452428207869],[142.18395250092237,27.075220688266455],[142.18665799402595,27.072713625990502],[142.19106561855224,27.073812400197866],[142.19382486317443,27.075746861830545],[142.1985729139853,27.0752825910387],[142.20210259704092,27.072899334307237],[142.20573978313377,27.074756417474614],[142.20489767600884,27.07740276098812],[142.20720899130922,27.078702719205282],[142.20679689633317,27.080528850986532],[142.2082302701629,27.084181114549033],[142.20643855287577,27.086208430340083],[142.20378681129083,27.08493942350904],[142.2019234253122,27.087384583012753],[142.2037330597722,27.0898142668234],[142.20376889411796,27.09357486023733],[142.20133215860747,27.09580336003818],[142.20281928395576,27.098573509096177],[142.20059755451973,27.099440147907618],[142.1981249846635,27.098325898007193],[142.19814290183638,27.096050971127163],[142.19167480242987,27.092460610336907],[142.1922302347889,27.08948927726911],[142.1878584446083,27.08800361073521],[142.18621006470417,27.088994055091142],[142.18610256166693,27.09112970073362],[142.18187410886932,27.09445697474183],[142.18287747055012,27.09730450226514],[142.18187410886932,27.1007710575109],[142.18298497358734,27.103138838549302],[142.18796594764552,27.105305435577904],[142.1954015743871,27.103726914885637],[142.20471850428012,27.10546019250852],[142.20548894271357,27.10341740102441],[142.21054158546326,27.10256623790603],[142.21686634748679,27.10012107840232],[142.21958975776323,27.09580336003818],[142.221847321545,27.09393080117774],[142.22186523871787,27.09391532548468],[142.221847321545,27.09393080117774],[142.22188315589074,27.09391532548468]]],[[[142.17400846997887,27.04409906951989],[142.1777173247632,27.036810018087948],[142.17515516904263,27.035479108484665],[142.17692896915688,27.031935174773594],[142.17513725186976,27.03208993170421],[142.17264676484066,27.042257462045576],[142.17400846997887,27.04409906951989]]],[[[142.24130537128312,27.0958343114243],[142.24648343424292,27.09444149904877],[142.2488485010619,27.091516593060156],[142.2457309129823,27.090309489001363],[142.2447454684744,27.092120145089552],[142.2411441167273,27.09462720736551],[142.24130537128312,27.0958343114243]]],[[[142.18567254951802,27.1187538128483],[142.1883063739301,27.115983663790303],[142.1841854241697,27.11811930943278],[142.18567254951802,27.1187538128483]]],[[[142.16841831204306,27.121570388985482],[142.17176882336997,27.116355080423777],[142.16945750806957,27.114730132652326],[142.16730744732502,27.115132500671923],[142.1655873987294,27.112904000871076],[142.16159186917912,27.11327541750455],[142.16189646111792,27.1151015492858],[142.165784487631,27.116974108146234],[142.16324024908326,27.121477534827115],[142.16705660690482,27.120394236312812],[142.16841831204306,27.121570388985482]]],[[[142.17904319555566,27.129401089674573],[142.1818920260422,27.126832124626375],[142.17956279356895,27.12701783294311],[142.17694688632974,27.128983245961916],[142.17904319555566,27.129401089674573]]],[[[142.19167480242987,27.144180376548256],[142.1938965318659,27.14368515437029],[142.19416528945897,27.140326928975956],[142.19595700674608,27.1403888317482],[142.194577384435,27.13783534239306],[142.19927168372726,27.13492591209751],[142.20038254844528,27.13277479076197],[142.2048439244902,27.13483305793914],[142.20692231654328,27.134012846206886],[142.20520226794764,27.13104151313909],[142.20611604376407,27.12912252719947],[142.2092694661894,27.129401089674573],[142.21665134141233,27.133610478187286],[142.21964350928184,27.13266646091054],[142.2177980404761,27.12912252719947],[142.22329861254755,27.12548573933003],[142.22399738228955,27.123009628440197],[142.2267566269117,27.12390721863776],[142.2258249339224,27.120394236312812],[142.22729414209783,27.118258590670337],[142.22600410565113,27.116231274879286],[142.22756289969092,27.114993219434368],[142.23256179092198,27.113786115375575],[142.23533895271703,27.114173007702114],[142.2360914739776,27.11158856696085],[142.23388766171445,27.109127931764082],[142.23177343531566,27.109127931764082],[142.2266312067016,27.11103144201064],[142.22070062248125,27.110861209386965],[142.220037687085,27.108880320675098],[142.21675884444957,27.108416049883257],[142.2126199775163,27.10962315394205],[142.2090186257692,27.108741039437547],[142.2042347406126,27.110365987208997],[142.20034671409954,27.110799306614716],[142.20269386374568,27.11423491047436],[142.20550685988644,27.115828906859686],[142.2063489670114,27.11801097958135],[142.20194134248507,27.11992996552097],[142.2007408919027,27.12225131948019],[142.19699620277262,27.12338104507367],[142.19294692170374,27.123148909677752],[142.1903489316374,27.120641847401796],[142.1871238405206,27.12153943759936],[142.19018767708155,27.123319142301426],[142.19045643467464,27.1255785934884],[142.18825262241148,27.126924978784743],[142.18837804262157,27.130345106951324],[142.19300067322234,27.13340929417749],[142.1889872264992,27.13692227650244],[142.19167480242987,27.144180376548256]]],[[[142.18922014974652,27.190034855089316],[142.1888438891162,27.1875123171203],[142.195831586536,27.184649313903932],[142.1972649603657,27.182513668261453],[142.1996837787033,27.183720772320246],[142.1999346191235,27.181414894054093],[142.1979458129348,27.179542335193656],[142.19592117240035,27.1798054219757],[142.19450571574353,27.176447196581368],[142.19511489962116,27.17329015519683],[142.19760538665025,27.171046179702923],[142.19805331597203,27.168833155595138],[142.2021742657324,27.16917362084249],[142.200006287815,27.1656761142106],[142.20032879692667,27.162627402677497],[142.19746204926727,27.15954773975827],[142.19939710393737,27.1581704030758],[142.19624368151204,27.15453361520636],[142.19305442474095,27.15249082372225],[142.19235565499898,27.15054088639651],[142.18791219612692,27.150184945456097],[142.1874284324594,27.14767788318014],[142.18877222042474,27.144474414716424],[142.18182035735072,27.14605293540869],[142.1797061309519,27.14801834842749],[142.18060198959546,27.150695643327122],[142.18466918783724,27.149519490654455],[142.1846871050101,27.15258367788062],[142.18635340208712,27.15465742075085],[142.1844541817628,27.1568859205517],[142.18115742195448,27.15792279198682],[142.18438251307128,27.159284652976226],[142.18327164835327,27.166063006537136],[142.1842570928612,27.166573704408165],[142.18391666657664,27.17186639143518],[142.18760760418812,27.171943769900487],[142.1875538526695,27.17669480767035],[142.18492002825744,27.179635189352027],[142.18757176984238,27.182095824548796],[142.18771510722533,27.184463605587197],[142.1857442182095,27.184680265290055],[142.1842033413426,27.18729565741744],[142.18922014974652,27.190034855089316]]],[[[142.19855499681242,27.196766781571046],[142.19841165942944,27.19480136855224],[142.19511489962116,27.192928809691807],[142.19344860254412,27.193903778354677],[142.19522240265837,27.196441792016756],[142.19855499681242,27.196766781571046]]],[[[140.87504927116183,27.25401137020533],[140.87981523914556,27.253500672334305],[140.8857099890202,27.251705491939177],[140.88997427616354,27.246134242437055],[140.89008177920078,27.244462867586417],[140.88667751635523,27.23892256947042],[140.88438411822773,27.2372047675406],[140.88114110993803,27.23709643768917],[140.87366964885075,27.238133309124287],[140.86929785867017,27.242930773973335],[140.87119707899453,27.247109211099925],[140.87087456988283,27.250297203870584],[140.87336505691192,27.253717332037162],[140.87504927116183,27.25401137020533]]],[[[142.20695815088902,27.48950499152134],[142.2088394540405,27.487910995136012],[142.20482600731734,27.487880043749886],[142.20695815088902,27.48950499152134]]],[[[142.21140160976108,27.502241486910908],[142.21312165835673,27.49863565042759],[142.21211829667592,27.496175015230822],[142.21511046454543,27.48961332137277],[142.211688284527,27.490108543550736],[142.21199287646584,27.49348224463813],[142.21036241373454,27.49543218196387],[142.20538143967636,27.496391674933683],[142.2041630719211,27.498326136566362],[142.20525601946625,27.50043083082272],[142.2082840216815,27.499548716318216],[142.21140160976108,27.502241486910908]]],[[[142.17506558317825,27.635889572189548],[142.17818317125784,27.633722975160943],[142.17958071074182,27.630411176845797],[142.1817666058321,27.630829020558455],[142.18594130711108,27.6261553612539],[142.18608464449406,27.622503097691396],[142.1874284324594,27.622348340760784],[142.1854933777893,27.619469861851353],[142.18142617954754,27.621930497048123],[142.17811150256637,27.62629464249145],[142.17583602161173,27.623245930958348],[142.17347095479272,27.624298278086524],[142.17065795865196,27.634806273675245],[142.17295135677946,27.632964666200934],[142.17506558317825,27.635889572189548]]],[[[142.15707674161558,27.664426750194853],[142.15906554780426,27.662631569799725],[142.15815177198783,27.659118587474776],[142.15707674161558,27.664426750194853]]],[[[142.13124017833528,27.688739063994383],[142.13281688954794,27.68548916845148],[142.13631073825783,27.687361727311913],[142.13871163942258,27.68562844968903],[142.14005542738792,27.68839859874703],[142.14252799724414,27.68881644245969],[142.14319093264038,27.68637128295598],[142.1481539895257,27.683570182511858],[142.14756272282096,27.682007137512652],[142.14881692492193,27.673418127863552],[142.14568141966947,27.670586076033306],[142.14091545168574,27.67149914192393],[142.13781578077902,27.674454999298668],[142.13942832633742,27.676141849842367],[142.13860413638534,27.67919056137547],[142.1330318956224,27.681047644542843],[142.13106100660656,27.678385825336274],[142.1289288630349,27.68163572087918],[142.12715506292065,27.68179047780979],[142.12582919212818,27.684297540085748],[142.12392997180382,27.683508279739613],[142.12527375976916,27.687067689143745],[142.13124017833528,27.688739063994383]]],[[[142.1067115686746,27.718019075266636],[142.11054584366903,27.717678610019284],[142.10861078899893,27.716208419178447],[142.1067115686746,27.718019075266636]]],[[[142.09657044882948,27.720541613235653],[142.10094223901007,27.71944283902829],[142.10260853608708,27.71730719338581],[142.10144391985045,27.71582152685191],[142.09651669731088,27.719226179325428],[142.09657044882948,27.720541613235653]]]],"type":"MultiPolygon"},"id":"geoshape:13:2021-01-01:900036412143a720d4f1","properties":{"administrativeCode":"13421","jurisdictionId":"geoshape:13:2021-01-01:900036412143a720d4f1","municipalityName":"小笠原村","parentJurisdictionName":"小笠原支庁","prefectureName":"東京都","snapshotDate":"2021-01-01","sourceDataset":"historical-administrative-areas-beta","sourceProvider":"Geoshape","sourceResourceId":"gci:13421A1968"},"type":"Feature"},{"geometry":{"coordinates":[[[[139.71951704117882,35.7450444065353],[139.72001872201923,35.74177903529934],[139.72362007376634,35.739937427825026],[139.72790227808255,35.74471941698101],[139.73263241172054,35.74509083361449],[139.73179030459562,35.743311128912424],[139.73555291089858,35.74054097985442],[139.74105348297002,35.74235163594261],[139.74657197221435,35.73984457366666],[139.74956414008386,35.73654825104457],[139.75275339685493,35.73506258451067],[139.74918787945356,35.732880511789006],[139.7446190003714,35.73583636916374],[139.742451022454,35.733793577679634],[139.74352605282624,35.73289598748207],[139.74085639406843,35.73035797381999],[139.7390825939542,35.73184364035389],[139.7359650058746,35.729352053770995],[139.7373983797043,35.726891418574226],[139.7319694763243,35.72410579382317],[139.7298731670984,35.72628786654483],[139.72648682142574,35.72704617550484],[139.72274213229565,35.72514266525829],[139.72473093848436,35.720004735161886],[139.71831659059646,35.717760759667975],[139.7174744834715,35.7146191939765],[139.72250920904833,35.71226688863116],[139.71441064691055,35.71317995452179],[139.71211724878302,35.714758475214055],[139.71054053757035,35.7135358954622],[139.70536247461058,35.713706128085875],[139.70455620183137,35.71587272511448],[139.70593582414244,35.71885953387534],[139.7045920361771,35.72300701961581],[139.6998081510205,35.72354866887296],[139.69572303560585,35.72173801278477],[139.68662111178728,35.722728457140704],[139.68271516810137,35.723641523031326],[139.68135346296316,35.72704617550484],[139.67734001624,35.72936752946406],[139.6779671172905,35.730682963374285],[139.67873755572396,35.73442808109515],[139.6807621962584,35.738761275152356],[139.68961327965678,35.741330240200554],[139.69256961318052,35.74363611846671],[139.69454050219636,35.74222783039812],[139.69885854085834,35.742398063021795],[139.69921688431575,35.73972076812217],[139.70099068443,35.739906476438904],[139.70233447239534,35.736145883024975],[139.70830089096145,35.74163975406179],[139.71043303453314,35.745787239802254],[139.71951704117882,35.7450444065353]]]],"type":"MultiPolygon"},"id":"geoshape:13:2021-01-01:91460f79e222ea7fb8c3","properties":{"administrativeCode":"13116","jurisdictionId":"geoshape:13:2021-01-01:91460f79e222ea7fb8c3","municipalityName":"豊島区","prefectureName":"東京都","snapshotDate":"2021-01-01","sourceDataset":"historical-administrative-areas-beta","sourceProvider":"Geoshape","sourceResourceId":"gci:13116A1968"},"type":"Feature"},{"geometry":{"coordinates":[[[[139.25685980329843,35.76070580791348],[139.25571310423467,35.759622509399186],[139.2618586945295,35.75558335351015],[139.26854180001047,35.75445362791666],[139.27029768295185,35.75340128078848],[139.27556533177597,35.75358698910522],[139.2799012876108,35.74934664920639],[139.28047463714267,35.744378951733665],[139.27931002090605,35.74211950054669],[139.28464933842167,35.74058740693361],[139.2836459767409,35.737693452331115],[139.28443433234722,35.732230532680425],[139.2836459767409,35.73136389386899],[139.27805581880506,35.733669772135144],[139.270136428396,35.733282879808606],[139.2629158077289,35.732385289611045],[139.2582394256095,35.73526376852047],[139.25286427374814,35.73634706703477],[139.24537489548797,35.736656580895996],[139.2440490246955,35.73879222653848],[139.23944431126762,35.73976719520135],[139.23480376349397,35.7388231779246],[139.22611393465144,35.740045757676455],[139.2221004879283,35.74306351782344],[139.21566822286752,35.74440990311979],[139.2123714630592,35.74854191316719],[139.2129268954182,35.75174538163091],[139.20506125652776,35.75380364880808],[139.20432665244005,35.755800013213005],[139.19965027032066,35.75810589147916],[139.18918664136388,35.76225337721963],[139.1816435115851,35.76281050216984],[139.1803355579655,35.765719932465394],[139.1807655701144,35.76845913013727],[139.1761608566865,35.77122927919527],[139.16304548614477,35.778239768152105],[139.16666475506474,35.780963490130915],[139.17227283017345,35.7822943997342],[139.17582043040196,35.78495621894077],[139.1819481035239,35.787633513840404],[139.18608697045715,35.787772795077956],[139.1887924635607,35.789072753295116],[139.19217880923335,35.789196558839606],[139.19552932056027,35.786828777801205],[139.19825273083669,35.78644188547467],[139.19889774906005,35.78444552106974],[139.2022303432141,35.782418205278695],[139.2083400991632,35.77632078221248],[139.2105259942535,35.77317921652101],[139.21434235207505,35.77409228241164],[139.21799745534076,35.77296255681815],[139.2209000373459,35.77401490394633],[139.22299634657185,35.772420907561],[139.2274398054439,35.772018539541406],[139.22828191256886,35.770811435482614],[139.23374665029456,35.768613887067886],[139.238279695031,35.76838175167197],[139.23831552937673,35.76700441498949],[139.24469404291887,35.76737583162297],[139.24946001090262,35.76660204696989],[139.25429764757786,35.764033081921696],[139.25685980329843,35.76070580791348]]]],"type":"MultiPolygon"},"id":"geoshape:13:2021-01-01:93e213662e098efa1f92","properties":{"administrativeCode":"13305","jurisdictionId":"geoshape:13:2021-01-01:93e213662e098efa1f92","municipalityName":"日の出町","parentJurisdictionName":"西多摩郡","prefectureName":"東京都","snapshotDate":"2021-01-01","sourceDataset":"historical-administrative-areas-beta","sourceProvider":"Geoshape","sourceResourceId":"gci:13305A1974"},"type":"Feature"},{"geometry":{"coordinates":[[[[139.78254965533975,35.69657453586686],[139.7825854896855,35.694717452699486],[139.77771201866452,35.69176159532475],[139.77043764647883,35.68930096012798],[139.76966720804535,35.68691770339652],[139.77090349297347,35.68450349527893],[139.77033014344158,35.678437023598846],[139.76368287230636,35.67250983315631],[139.75431219089472,35.66990991672199],[139.749958317887,35.670838458305674],[139.74780825714248,35.66961587855382],[139.74316770936883,35.67145748602813],[139.7390646767813,35.67401097538327],[139.7367712786538,35.67887034300456],[139.73383286230293,35.67887034300456],[139.73150362982966,35.68150121082501],[139.7299985873085,35.68554036671405],[139.73157529852116,35.68957952260308],[139.7362875149863,35.69219491473047],[139.74587320247238,35.702904094328986],[139.74906245924345,35.70312075403185],[139.757196855727,35.701712465963254],[139.76129988831448,35.701588660418764],[139.7660300219525,35.699638723093024],[139.76850259180873,35.70013394527099],[139.76640628258278,35.70178984442856],[139.76990013129267,35.70336836512083],[139.77013305454,35.70534925383269],[139.77303563654513,35.70510164274371],[139.7731789739281,35.701882698586935],[139.7803995945952,35.70033512928079],[139.77996958244628,35.698075678093815],[139.78254965533975,35.69657453586686]]]],"type":"MultiPolygon"},"id":"geoshape:13:2021-01-01:94f54d66e848409c1b84","properties":{"administrativeCode":"13101","jurisdictionId":"geoshape:13:2021-01-01:94f54d66e848409c1b84","municipalityName":"千代田区","prefectureName":"東京都","snapshotDate":"2021-01-01","sourceDataset":"historical-administrative-areas-beta","sourceProvider":"Geoshape","sourceResourceId":"gci:13101A1968"},"type":"Feature"},{"geometry":{"coordinates":[[[[139.16304548614477,35.778239768152105],[139.1761608566865,35.77122927919527],[139.1807655701144,35.76845913013727],[139.1803355579655,35.765719932465394],[139.1816435115851,35.76281050216984],[139.18918664136388,35.76225337721963],[139.19965027032066,35.75810589147916],[139.20432665244005,35.755800013213005],[139.20506125652776,35.75380364880808],[139.2129268954182,35.75174538163091],[139.2123714630592,35.74854191316719],[139.21566822286752,35.74440990311979],[139.2221004879283,35.74306351782344],[139.22611393465144,35.740045757676455],[139.23480376349397,35.7388231779246],[139.23944431126762,35.73976719520135],[139.2440490246955,35.73879222653848],[139.24537489548797,35.736656580895996],[139.25286427374814,35.73634706703477],[139.2582394256095,35.73526376852047],[139.2629158077289,35.732385289611045],[139.270136428396,35.733282879808606],[139.27805581880506,35.733669772135144],[139.2836459767409,35.73136389386899],[139.28443433234722,35.732230532680425],[139.2836459767409,35.737693452331115],[139.28464933842167,35.74058740693361],[139.27931002090605,35.74211950054669],[139.28047463714267,35.744378951733665],[139.2799012876108,35.74934664920639],[139.27556533177597,35.75358698910522],[139.27029768295185,35.75340128078848],[139.26854180001047,35.75445362791666],[139.2618586945295,35.75558335351015],[139.25571310423467,35.759622509399186],[139.25685980329843,35.76070580791348],[139.26151826824494,35.759839169102044],[139.26719801204513,35.76004035311185],[139.26904348085085,35.7610617488539],[139.27443654988508,35.760891516230224],[139.276120764135,35.76161887380411],[139.28773109215552,35.760922467616346],[139.29009615897454,35.76007130449797],[139.29654634120817,35.75454648207503],[139.30260234563863,35.755196461183615],[139.31104133406097,35.750631131730486],[139.31387224737463,35.74711814940554],[139.31666732634253,35.74337303168467],[139.3201074235338,35.73332930688779],[139.32198872668528,35.73272575485839],[139.32824182001733,35.728036619860774],[139.32845682609178,35.72370342580357],[139.33123398788683,35.713458516996894],[139.3276326361397,35.71039432977073],[139.32293833684744,35.71627509313408],[139.31922948206312,35.719060717885135],[139.31666732634253,35.71474299952099],[139.31358557260867,35.71395373917486],[139.30849709551325,35.71588820080754],[139.30502116397625,35.71161690952258],[139.30263817998437,35.712297840017285],[139.29584757146617,35.71146215259197],[139.29425294308064,35.71338113853159],[139.28672773047472,35.71339661422465],[139.27189231133738,35.71441800996671],[139.27074561227363,35.7106883679389],[139.26542421193088,35.70979077774133],[139.2608553328487,35.71044075684991],[139.25802441953505,35.71226688863116],[139.25195049793172,35.71226688863116],[139.24963918263134,35.7104871839291],[139.24652159455175,35.710889551948696],[139.2450523863763,35.713350187145465],[139.24320691757057,35.71248354833402],[139.24109269117176,35.71404659333323],[139.23734800204167,35.71330376006628],[139.23562795344606,35.71483585367936],[139.21912623723165,35.71681674239123],[139.21724493408018,35.7188750095684],[139.2103289053519,35.71369065239281],[139.20690672533348,35.71276211080913],[139.20443415547726,35.70714443422783],[139.2053479312937,35.70319813249716],[139.2049000019719,35.699778004330575],[139.2004923774456,35.69915897660812],[139.20016986833392,35.690136647553295],[139.1994352642462,35.68827956438592],[139.19336134264285,35.68908430042512],[139.19137253645414,35.68783076928714],[139.18673198868052,35.68803195329694],[139.18433108751577,35.68906882473206],[139.1825752045744,35.68810933176225],[139.17895593565441,35.689223581662674],[139.17141280587563,35.68874383517777],[139.16956733706988,35.68991998785044],[139.17221907865482,35.69344844586845],[139.1724161675564,35.700938681310184],[139.1702302724661,35.703290986655524],[139.1653209670994,35.70624684403026],[139.1652134640622,35.71155500675034],[139.1664497489903,35.71420135026384],[139.16571514490258,35.71850359293492],[139.1669514298307,35.72280583560601],[139.16550013882812,35.722573700210084],[139.16533888427227,35.72710807827709],[139.1661989085701,35.72939848085018],[139.16437135693724,35.732632900700025],[139.16587639945843,35.736022077480484],[139.16451469432022,35.73775535510336],[139.16410259934418,35.741330240200554],[139.15672072412124,35.74464203851571],[139.15397939667193,35.750104958166396],[139.1488371680579,35.75429887098605],[139.14073860592012,35.755444072272596],[139.1399323331409,35.75764162068732],[139.14218989692267,35.7599784503396],[139.1472246224995,35.76205219320983],[139.14349785054227,35.76632348449479],[139.1391439775346,35.76801033503849],[139.13609805814647,35.770254310532394],[139.1376389350134,35.77243638325406],[139.13946648664626,35.772142345085896],[139.14281699797317,35.77635173359861],[139.1444116263587,35.776939809934944],[139.1483354872175,35.7754696190941],[139.14914175999672,35.7788433201815],[139.15460649772243,35.77324111929326],[139.15801076056795,35.773426827609995],[139.15863786161844,35.77791477859781],[139.16304548614477,35.778239768152105]]]],"type":"MultiPolygon"},"id":"geoshape:13:2021-01-01:a01a2b33ff7ed544639d","properties":{"administrativeCode":"13228","jurisdictionId":"geoshape:13:2021-01-01:a01a2b33ff7ed544639d","municipalityName":"あきる野市","prefectureName":"東京都","snapshotDate":"2021-01-01","sourceDataset":"historical-administrative-areas-beta","sourceProvider":"Geoshape","sourceResourceId":"gci:13228A1995"},"type":"Feature"},{"geometry":{"coordinates":[[[[139.0767742987699,34.18815873316781],[139.07666679573265,34.185744525050225],[139.07500049865564,34.187199240198005],[139.0767742987699,34.18815873316781]]],[[[139.1923938153078,34.209344956968934],[139.19185630012169,34.20603315865378],[139.1892224757096,34.208540220929734],[139.1923938153078,34.209344956968934]]],[[[139.1678293713014,34.23399773601581],[139.17035569267622,34.231119257106386],[139.17234449886493,34.218877983894785],[139.1723624160378,34.21886250820172],[139.1749066545855,34.21598402929229],[139.1732941090271,34.211836543551826],[139.17623252537797,34.20770453350442],[139.17368828683027,34.205553412168875],[139.17033777550336,34.20457844350601],[139.16849230669763,34.20861759939504],[139.16562555903823,34.20832356122688],[139.1566669726026,34.20474867612968],[139.15378230777034,34.20187019722025],[139.15351355017728,34.19957979464716],[139.1565594695654,34.19817150657857],[139.15528735029153,34.19520017351077],[139.15152474398857,34.19281691677931],[139.15143515812423,34.19416330207565],[139.14715295380802,34.19653108311405],[139.1460958406086,34.19413235068953],[139.14641834972028,34.189520594157216],[139.14537915369377,34.18788017069271],[139.14346201619654,34.1897682052462],[139.13932314926328,34.18610046599064],[139.13690433092566,34.186409979851874],[139.13685057940705,34.18658021247555],[139.13307005593123,34.187152813118814],[139.13031081130907,34.184676702228984],[139.12696029998216,34.18693615341596],[139.1269423828093,34.186920677722895],[139.12692446563642,34.18688972633677],[139.12515066552217,34.18959797262253],[139.1227676815303,34.18818968455393],[139.11981134800655,34.190836028067444],[139.12040261471128,34.19520017351077],[139.12034886319267,34.195370406134444],[139.12221224917127,34.199301232172054],[139.1261719443758,34.200895228557386],[139.13163668210154,34.20123569380473],[139.13312380744983,34.20505818999091],[139.13280129833817,34.21059848810691],[139.13088416084094,34.21285793929388],[139.13088416084094,34.21640187300495],[139.13360757111738,34.21836728602375],[139.12878785161502,34.220023185181326],[139.12837575663897,34.22280880993239],[139.13423467216785,34.22339688626872],[139.1368864137528,34.22596585131692],[139.13649223594965,34.23074784047291],[139.13491552473698,34.23184661468027],[139.13618764401082,34.232929913194575],[139.13418092064924,34.235111985916234],[139.13742392893894,34.237340485717084],[139.13713725417298,34.241240360368565],[139.13971732706645,34.24326767615962],[139.14308575556623,34.24377837403065],[139.14890883674937,34.23961541259712],[139.15478566945114,34.23973921814161],[139.15820784946953,34.237758329429745],[139.1678293713014,34.23399773601581]]]],"type":"MultiPolygon"},"id":"geoshape:13:2021-01-01:a34b85c86c74d60364d3","properties":{"administrativeCode":"13364","jurisdictionId":"geoshape:13:2021-01-01:a34b85c86c74d60364d3","municipalityName":"神津島村","parentJurisdictionName":"大島支庁","prefectureName":"東京都","snapshotDate":"2021-01-01","sourceDataset":"historical-administrative-areas-beta","sourceProvider":"Geoshape","sourceResourceId":"gci:13364A1968"},"type":"Feature"},{"geometry":{"coordinates":[[[[139.7627870136628,35.73074486614653],[139.76473998550577,35.730141314117134],[139.76604793912537,35.72752592198975],[139.7697747110826,35.72812947401914],[139.77674449132948,35.724941481248486],[139.7814567077946,35.72461649169419],[139.7844488756641,35.7278663872371],[139.78946568406803,35.728748501741606],[139.79120364983655,35.731224612631436],[139.79507375917672,35.728965161444464],[139.801434355546,35.72925919961263],[139.8097120894125,35.72812947401914],[139.80842205296577,35.720376151795364],[139.80664825285152,35.71743577011369],[139.79702673101968,35.70777893764334],[139.79347913079118,35.701217243785294],[139.78891025170904,35.694701977006424],[139.78254965533975,35.69657453586686],[139.77996958244628,35.698075678093815],[139.7803995945952,35.70033512928079],[139.7731789739281,35.701882698586935],[139.77303563654513,35.70510164274371],[139.77013305454,35.70534925383269],[139.771243919258,35.70898604170213],[139.76662128865723,35.70870747922703],[139.76823383421566,35.710456232542974],[139.76762465033804,35.71296329481893],[139.76568959566794,35.713582322541384],[139.76450706225845,35.71728101318307],[139.76868176353744,35.715810822342235],[139.76325286015745,35.72187729402232],[139.7649191572345,35.72721640812852],[139.7627870136628,35.73074486614653]]]],"type":"MultiPolygon"},"id":"geoshape:13:2021-01-01:a613e2476b28e490d232","properties":{"administrativeCode":"13106","jurisdictionId":"geoshape:13:2021-01-01:a613e2476b28e490d232","municipalityName":"台東区","prefectureName":"東京都","snapshotDate":"2021-01-01","sourceDataset":"historical-administrative-areas-beta","sourceProvider":"Geoshape","sourceResourceId":"gci:13106A1968"},"type":"Feature"},{"geometry":{"coordinates":[[[[139.69685181749676,35.79889981838913],[139.69063455851045,35.79057389552207],[139.6894699422738,35.78679782641508],[139.6912795767338,35.78441456968362],[139.69498843151814,35.78261938928849],[139.6984464458823,35.782124167110524],[139.70226280370386,35.784105055822394],[139.70238822391394,35.781071819982344],[139.70625833325414,35.76841270305809],[139.7064016706371,35.76666394974214],[139.7108988810278,35.76361523820904],[139.71326394784677,35.763089064644944],[139.71629195006201,35.76072128360655],[139.7227062979499,35.75323104816481],[139.72141626150318,35.746313413366344],[139.71951704117882,35.7450444065353],[139.71043303453314,35.745787239802254],[139.70830089096145,35.74163975406179],[139.70233447239534,35.736145883024975],[139.70099068443,35.739906476438904],[139.69921688431575,35.73972076812217],[139.69885854085834,35.742398063021795],[139.69454050219636,35.74222783039812],[139.69256961318052,35.74363611846671],[139.68961327965678,35.741330240200554],[139.6807621962584,35.738761275152356],[139.6792034022186,35.74018503891401],[139.68083386494988,35.743821826783446],[139.67587080806456,35.745400347475716],[139.67207236741586,35.74521463915898],[139.6750287009396,35.75188466286846],[139.67334448668973,35.754515530688906],[139.67370283014714,35.75839992964733],[139.6706927451048,35.76205219320983],[139.66900853085488,35.76654014419765],[139.66112497479156,35.76867578984013],[139.65112719232943,35.7691710120181],[139.64792001838546,35.768613887067886],[139.64295696150015,35.77091976533404],[139.64052022598966,35.769109109245846],[139.6348225650166,35.76879959538462],[139.63473297915226,35.76986741820586],[139.63019993441586,35.77234352909569],[139.6293578272909,35.7717399770663],[139.62939366163664,35.7768779071627],[139.6251831260119,35.77793025429087],[139.62471727951726,35.77981828884437],[139.62907115252497,35.7857454792869],[139.63168705976415,35.78633355562324],[139.63156163955406,35.78820611448367],[139.63423129831187,35.790341760126154],[139.63754597529305,35.79085245799718],[139.63940936127165,35.79284882240211],[139.64057397750827,35.79769271433034],[139.64369156558786,35.79821888789443],[139.64824252749716,35.79763081155809],[139.65336683893833,35.800230727992414],[139.65777446346465,35.800509290467524],[139.6697610521155,35.800246203685475],[139.6784150466123,35.798822439923825],[139.68920118468074,35.800880707101],[139.6938417324544,35.800230727992414],[139.69685181749676,35.79889981838913]]]],"type":"MultiPolygon"},"id":"geoshape:13:2021-01-01:ac34a8de387a65747b08","properties":{"administrativeCode":"13119","jurisdictionId":"geoshape:13:2021-01-01:ac34a8de387a65747b08","municipalityName":"板橋区","prefectureName":"東京都","snapshotDate":"2021-01-01","sourceDataset":"historical-administrative-areas-beta","sourceProvider":"Geoshape","sourceResourceId":"gci:13119A1968"},"type":"Feature"},{"geometry":{"coordinates":[[[[139.88998102387552,35.75077041296804],[139.88075367984686,35.74973354153292],[139.8850179669902,35.74560153148552],[139.881846627392,35.744378951733665],[139.88050283942667,35.74027789307238],[139.87758234024867,35.7409123964879],[139.87654314422213,35.737043473222535],[139.87294179247502,35.73736846277683],[139.8739451541558,35.736022077480484],[139.87193843079422,35.73243171669023],[139.8721892712144,35.730048459958766],[139.8702721337172,35.728748501741606],[139.87055880848314,35.72470934585257],[139.86874917402315,35.72379627996194],[139.86627660416693,35.718534544321045],[139.86857000229443,35.71458824259038],[139.8665991132786,35.71291686773974],[139.8622452402709,35.71283948927444],[139.85626090453192,35.71446443704589],[139.8513515991652,35.710858600562574],[139.84216008948226,35.71930832897412],[139.82976140585538,35.73117818555225],[139.82383082163503,35.737708928024176],[139.820354890098,35.743434934456914],[139.81716563332694,35.74914546519659],[139.81347469571546,35.75446910360972],[139.81354636440693,35.75966893647837],[139.81974570622037,35.76044272113144],[139.8202473870608,35.75598572152975],[139.82354414686907,35.75586191598525],[139.82436833682115,35.761789106427784],[139.82624963997264,35.761680776576355],[139.82542545002056,35.75912728722122],[139.82755759359225,35.75734758251915],[139.8309976907835,35.759080860142035],[139.83173229487122,35.76370809236741],[139.83748370736288,35.76318191880332],[139.83768079626446,35.76576635954458],[139.84169424298761,35.76644729003928],[139.84579727557514,35.769511477265446],[139.85129784764658,35.769882893898924],[139.85217578911727,35.76575088385152],[139.85656549647072,35.764419974248234],[139.85880514307962,35.767902005187054],[139.85776594705308,35.770826911175675],[139.8496673849153,35.779679007606816],[139.84525976038898,35.78771089230571],[139.84427431588108,35.7938547424511],[139.8467468857373,35.79650108596461],[139.85264163561192,35.79215241621434],[139.85649382777925,35.79096078784861],[139.85989809062477,35.795340408985],[139.86389362017505,35.79484518680704],[139.8677099779966,35.79668679428134],[139.87136508126235,35.79735224908299],[139.874751426935,35.79654751304379],[139.87659689574073,35.79382379106498],[139.8732643015867,35.79038818720534],[139.87118590953364,35.78662759379141],[139.87453642086055,35.781768226170115],[139.8772419139641,35.78116467414072],[139.88723969642624,35.78401220166403],[139.89377946452421,35.78274319483298],[139.8945499029577,35.780328986715396],[139.8934211210668,35.77831714661741],[139.88284998907278,35.773535157461424],[139.88075367984686,35.77166259860099],[139.87939197470865,35.76801033503849],[139.88267081734406,35.76200576613065],[139.88320833253022,35.75861658935019],[139.88998102387552,35.75077041296804]]]],"type":"MultiPolygon"},"id":"geoshape:13:2021-01-01:ae9c7ae780fc93208189","properties":{"administrativeCode":"13122","jurisdictionId":"geoshape:13:2021-01-01:ae9c7ae780fc93208189","municipalityName":"葛飾区","prefectureName":"東京都","snapshotDate":"2021-01-01","sourceDataset":"historical-administrative-areas-beta","sourceProvider":"Geoshape","sourceResourceId":"gci:13122A1968"},"type":"Feature"},{"geometry":{"coordinates":[[[[139.4303159538646,35.70353859774451],[139.43563735420736,35.70372430606125],[139.4282733961573,35.717358391648375],[139.43334395607985,35.718395263083494],[139.4365511300238,35.714773950907116],[139.44160377277348,35.715826298035296],[139.4438792537281,35.71174071506707],[139.44611890033704,35.722867738378255],[139.4578904829134,35.72080947120108],[139.45866092134688,35.71788456521247],[139.4720271323088,35.71537750293651],[139.47193754644445,35.71102883318625],[139.4784952317153,35.70870747922703],[139.4802331974838,35.71437158288752],[139.4857158523824,35.70838248967274],[139.48743590097803,35.70646350373312],[139.48446165028142,35.702254115220406],[139.49144934770118,35.70024227512242],[139.48958596172258,35.69544481027337],[139.4866475453717,35.69225681750272],[139.47820855694937,35.69036878294922],[139.47747395286166,35.68940928997941],[139.4665444774102,35.688449797009596],[139.4638031499609,35.68954857121696],[139.4677986795112,35.6925044285917],[139.46684906934902,35.69529005334276],[139.46376731561517,35.69542933458031],[139.46297896000883,35.69987085848895],[139.4602555497324,35.69985538279589],[139.45941344260746,35.69238062304721],[139.45470122614233,35.69544481027337],[139.44853771867463,35.700954157003245],[139.44149626973626,35.700412507746094],[139.44117376062457,35.70120176809223],[139.4320001681145,35.70165056319101],[139.4303159538646,35.70353859774451]]]],"type":"MultiPolygon"},"id":"geoshape:13:2021-01-01:b2c0dc85d6cba2a3ccb1","properties":{"administrativeCode":"13214","jurisdictionId":"geoshape:13:2021-01-01:b2c0dc85d6cba2a3ccb1","municipalityName":"国分寺市","prefectureName":"東京都","snapshotDate":"2021-01-01","sourceDataset":"historical-administrative-areas-beta","sourceProvider":"Geoshape","sourceResourceId":"gci:13214A1968"},"type":"Feature"},{"geometry":{"coordinates":[[[[139.4298321901971,35.67082298261261],[139.42241448062842,35.67914890547967],[139.41757684395319,35.68275474196299],[139.421500704812,35.688589078247155],[139.42470787875592,35.68671651938672],[139.42841673354027,35.69112709190923],[139.43121181250817,35.690275928790854],[139.4299038588886,35.69395914373948],[139.43164182465708,35.69693047680727],[139.4273954546866,35.69844709472729],[139.42558582022662,35.701882698586935],[139.42727003447652,35.70363145190288],[139.4303159538646,35.70353859774451],[139.4320001681145,35.70165056319101],[139.44117376062457,35.70120176809223],[139.44149626973626,35.700412507746094],[139.44853771867463,35.700954157003245],[139.45470122614233,35.69544481027337],[139.45941344260746,35.69238062304721],[139.45604501410767,35.69128184883984],[139.4536799472887,35.688047428990004],[139.45287367450948,35.683513050923],[139.4513686319883,35.680665523399696],[139.4523719936691,35.678560829143336],[139.4509207026665,35.67690492998576],[139.45066986224631,35.673190763651014],[139.45351869273284,35.67159676726568],[139.45066986224631,35.67159676726568],[139.445706805361,35.67350027751225],[139.44051082522833,35.671612242958744],[139.43606736635627,35.67151938880038],[139.43173141052145,35.672680065779986],[139.4298321901971,35.67082298261261]]]],"type":"MultiPolygon"},"id":"geoshape:13:2021-01-01:b5a60e9c999bf6233749","properties":{"administrativeCode":"13215","jurisdictionId":"geoshape:13:2021-01-01:b5a60e9c999bf6233749","municipalityName":"国立市","prefectureName":"東京都","snapshotDate":"2021-01-01","sourceDataset":"historical-administrative-areas-beta","sourceProvider":"Geoshape","sourceResourceId":"gci:13215A1968"},"type":"Feature"},{"geometry":{"coordinates":[[[[139.75275339685493,35.73506258451067],[139.75993818317627,35.731580553571845],[139.76094154485708,35.7321995812943],[139.7627870136628,35.73074486614653],[139.7649191572345,35.72721640812852],[139.76325286015745,35.72187729402232],[139.76868176353744,35.715810822342235],[139.76450706225845,35.71728101318307],[139.76568959566794,35.713582322541384],[139.76762465033804,35.71296329481893],[139.76823383421566,35.710456232542974],[139.76662128865723,35.70870747922703],[139.771243919258,35.70898604170213],[139.77013305454,35.70534925383269],[139.76990013129267,35.70336836512083],[139.76640628258278,35.70178984442856],[139.76850259180873,35.70013394527099],[139.7660300219525,35.699638723093024],[139.76129988831448,35.701588660418764],[139.757196855727,35.701712465963254],[139.74906245924345,35.70312075403185],[139.74587320247238,35.702904094328986],[139.7428093659114,35.708134878583756],[139.73585750283738,35.709187225711936],[139.73245323999186,35.70739204531681],[139.73184405611423,35.70926460417724],[139.72598514058535,35.709202701405],[139.7232617303089,35.71040980546379],[139.72250920904833,35.71226688863116],[139.7174744834715,35.7146191939765],[139.71831659059646,35.717760759667975],[139.72473093848436,35.720004735161886],[139.72274213229565,35.72514266525829],[139.72648682142574,35.72704617550484],[139.7298731670984,35.72628786654483],[139.7319694763243,35.72410579382317],[139.7373983797043,35.726891418574226],[139.7359650058746,35.729352053770995],[139.7390825939542,35.73184364035389],[139.74085639406843,35.73035797381999],[139.74352605282624,35.73289598748207],[139.742451022454,35.733793577679634],[139.7446190003714,35.73583636916374],[139.74918787945356,35.732880511789006],[139.75275339685493,35.73506258451067]]]],"type":"MultiPolygon"},"id":"geoshape:13:2021-01-01:b5b6aa9cad69624416e0","properties":{"administrativeCode":"13105","jurisdictionId":"geoshape:13:2021-01-01:b5b6aa9cad69624416e0","municipalityName":"文京区","prefectureName":"東京都","snapshotDate":"2021-01-01","sourceDataset":"historical-administrative-areas-beta","sourceProvider":"Geoshape","sourceResourceId":"gci:13105A1968"},"type":"Feature"},{"geometry":{"coordinates":[[[[139.66411714266104,35.67634780503555],[139.6615908212862,35.67475380865022],[139.66175207584206,35.67252530884937],[139.6551227218797,35.6705444201375],[139.6503209195502,35.66990991672199],[139.6477229294839,35.66842425018809],[139.64127274725024,35.667201670436235],[139.63910476933285,35.66583980944683],[139.63260083558058,35.668083784940734],[139.62503978862892,35.669136132068914],[139.6216355257834,35.67264911439386],[139.6103118725288,35.67664184320372],[139.61328612322544,35.67289672548284],[139.61656496586085,35.6726336387008],[139.61618870523057,35.66989444102893],[139.60891433304485,35.67035871182077],[139.6083768178587,35.67636328072861],[139.60327042359043,35.680650047706635],[139.59418641694472,35.68213571424053],[139.59361306741283,35.684132078645455],[139.59056714802472,35.686995081861824],[139.5940609967346,35.68899144626675],[139.58671495585742,35.69395914373948],[139.58829166707008,35.695615042897046],[139.59026255608592,35.694825782550915],[139.59284262897938,35.701093438240804],[139.59547645339143,35.70544210799107],[139.58664328716594,35.711910947690754],[139.58495907291604,35.71644532575775],[139.58680454172176,35.7197571240729],[139.5894562833067,35.72028329763699],[139.59384599066016,35.718286933232065],[139.59565562512014,35.721552304468034],[139.60194455279796,35.72600930406973],[139.61540034962422,35.730280595354685],[139.62453810778854,35.730141314117134],[139.6243947704056,35.72927467530569],[139.62899948383347,35.721010655210875],[139.63186623149286,35.71972617268678],[139.63218874060456,35.71694054793572],[139.63688303989682,35.71650722853],[139.64179234526353,35.714758475214055],[139.64284945846293,35.711508579671154],[139.65060759431614,35.70934198264255],[139.65822239278643,35.70921817709806],[139.65820447561356,35.70503973997147],[139.6609099687171,35.70468379903106],[139.66108914044582,35.70143390348815],[139.66254043144838,35.699236355073424],[139.66062329395118,35.696528108787675],[139.6611608091373,35.69519719918439],[139.66510258716897,35.69542933458031],[139.66753932267946,35.69174611963169],[139.66092788588998,35.686778422158966],[139.6592257544672,35.6866855680006],[139.6592795059858,35.68190357884461],[139.66257626579412,35.67942746795478],[139.66411714266104,35.67634780503555]]]],"type":"MultiPolygon"},"id":"geoshape:13:2021-01-01:c03247fd2b12474cbc84","properties":{"administrativeCode":"13115","jurisdictionId":"geoshape:13:2021-01-01:c03247fd2b12474cbc84","municipalityName":"杉並区","prefectureName":"東京都","snapshotDate":"2021-01-01","sourceDataset":"historical-administrative-areas-beta","sourceProvider":"Geoshape","sourceResourceId":"gci:13115A1968"},"type":"Feature"},{"geometry":{"coordinates":[[[[139.68585067335383,33.13661634102875],[139.68988203724984,33.13124627553643],[139.69579470429736,33.12895587296333],[139.69901979541416,33.12454530044082],[139.69939605604446,33.119360943265235],[139.70127735919593,33.11826216905787],[139.70014857730504,33.11642056158356],[139.69176334040134,33.11747290871174],[139.68882492405044,33.11617295049458],[139.68382603281938,33.118571682919104],[139.68104887102433,33.125117901084096],[139.67518995549545,33.131091518605814],[139.67673083236238,33.136430632712006],[139.67879130724256,33.13427951137647],[139.6830018428673,33.13661634102875],[139.68585067335383,33.13661634102875]]],[[[139.76000985186778,33.158978717502535],[139.76126405396874,33.15928823136376],[139.76812633117842,33.1575085266617],[139.77185310313564,33.15871563072049],[139.7788408005554,33.15348484646572],[139.78371427157637,33.14865643023055],[139.78677810813736,33.147774315726046],[139.78896400322765,33.145282729143155],[139.7908453063791,33.145298204836216],[139.79498417331237,33.142156639144744],[139.7978867553175,33.13367595934707],[139.80376358801925,33.131602216476836],[139.8055553053064,33.1294510951413],[139.80953291768378,33.130302258259675],[139.81078711978478,33.12869278618129],[139.81548141907703,33.12737735227107],[139.81736272222852,33.121960859699556],[139.81702229594396,33.12022758207668],[139.82404582770948,33.11928356479993],[139.8273246703449,33.11738005455337],[139.83040642407875,33.117116967771324],[139.83574574159437,33.11810741212726],[139.84273343901415,33.11628128034601],[139.84545684929057,33.116637221286425],[139.84896861517333,33.11163857242757],[139.85154868806677,33.10462808347074],[139.85749718946002,33.09904135827556],[139.85437960138043,33.09357843862487],[139.8546483589735,33.09076186248768],[139.85866180569664,33.08582511640108],[139.85859013700517,33.07934080100834],[139.85506045394953,33.0774682421479],[139.84995405968124,33.07800989140505],[139.8453135119076,33.075440926356855],[139.8400279459106,33.07599805130707],[139.8374120386714,33.07011728794372],[139.833434426294,33.067223333341225],[139.8343661192833,33.06295204205627],[139.833434426294,33.054873730278196],[139.83691035783102,33.05063339037936],[139.83420486472744,33.04690374835155],[139.83210855550152,33.04589782830256],[139.82709174709757,33.05012269250833],[139.81933361124436,33.05844861537539],[139.81265050576337,33.05970214651337],[139.80926416009072,33.05883550770192],[139.80207937376937,33.063849632253834],[139.79892595134405,33.06287466359096],[139.79523501373257,33.06315322606606],[139.79349704796405,33.06570671542121],[139.79045112857597,33.06649597576734],[139.78391136047796,33.069838725468614],[139.78106252999143,33.07315052378376],[139.7802741743851,33.07559568328747],[139.78045334611383,33.08175500912593],[139.77957540464314,33.08693936630151],[139.78011291982926,33.089492855656644],[139.77876913186392,33.09596169535633],[139.77615322462472,33.0984223305531],[139.7794679016059,33.10086749005681],[139.77253395570474,33.09803543822656],[139.76787549075823,33.10164127470988],[139.75832563761787,33.10235315659071],[139.75372092418996,33.10493759733197],[139.75259214229908,33.11179332935819],[139.75097959674068,33.11581700955416],[139.74789784300683,33.11903595371095],[139.7446906690629,33.12107874519506],[139.7434902184805,33.12609286974696],[139.73985303238766,33.13132365400173],[139.73849132724945,33.13756035830549],[139.73847341007658,33.142032833600254],[139.73960219196746,33.14539105899459],[139.7420030931322,33.148021926815034],[139.74383064476507,33.1533300895351],[139.74739616216644,33.156270471216786],[139.7528967342379,33.1579882731466],[139.76000985186778,33.158978717502535]]]],"type":"MultiPolygon"},"id":"geoshape:13:2021-01-01:c4b15d6d2145923bf5ff","properties":{"administrativeCode":"13401","jurisdictionId":"geoshape:13:2021-01-01:c4b15d6d2145923bf5ff","municipalityName":"八丈町","parentJurisdictionName":"八丈支庁","prefectureName":"東京都","snapshotDate":"2021-01-01","sourceDataset":"historical-administrative-areas-beta","sourceProvider":"Geoshape","sourceResourceId":"gci:13401A1968"},"type":"Feature"},{"geometry":{"coordinates":[[[[139.52017057581375,35.73343763673922],[139.5167125614496,35.73059010921591],[139.51768008878463,35.72744854352444],[139.52332399823908,35.72325463070479],[139.52466778620442,35.71940118313249],[139.52314482651036,35.719060717885135],[139.51493876133534,35.717250061796946],[139.50859608213895,35.71636794729245],[139.50827357302725,35.71248354833402],[139.50228923728827,35.71218951016586],[139.49589280657324,35.71316447882873],[139.49539112573285,35.70963602081072],[139.49232728917187,35.70996101036501],[139.4916285194299,35.70807297581151],[139.4857158523824,35.70838248967274],[139.4802331974838,35.71437158288752],[139.4784952317153,35.70870747922703],[139.47193754644445,35.71102883318625],[139.4720271323088,35.71537750293651],[139.45866092134688,35.71788456521247],[139.4578904829134,35.72080947120108],[139.44611890033704,35.722867738378255],[139.4356194370345,35.72475577293175],[139.43384563692024,35.72695332134647],[139.4229161614688,35.73018774119632],[139.42644584452444,35.730172265503256],[139.4287034083062,35.73006393565183],[139.44248171424417,35.73634706703477],[139.44552763363228,35.73503163312455],[139.45099237135798,35.73699704614335],[139.46638322285438,35.744084913565494],[139.47100585345513,35.74275400396221],[139.4772589467872,35.739906476438904],[139.4771335265771,35.73750774401438],[139.47883565799987,35.735217341441285],[139.4862175332228,35.73450545956046],[139.48732839794081,35.7409123964879],[139.4851604200234,35.74088144510178],[139.48573376955528,35.74386825386263],[139.48942470716673,35.74490512529775],[139.490643074922,35.74182546237852],[139.4981682875279,35.74434800034754],[139.4980966188364,35.74586461826756],[139.50379427980945,35.74284685812058],[139.50472597279875,35.74102072633933],[139.50443929803282,35.7321995812943],[139.50560391426944,35.73206030005675],[139.50673269616033,35.742026646388325],[139.50857816496608,35.74126833742831],[139.50816606999004,35.738389858518886],[139.51262744603497,35.737972014806225],[139.5151000158912,35.73911721609277],[139.52110226880305,35.73894698346909],[139.52017057581375,35.73343763673922]]]],"type":"MultiPolygon"},"id":"geoshape:13:2021-01-01:cb20748510e2221b2363","properties":{"administrativeCode":"13211","jurisdictionId":"geoshape:13:2021-01-01:cb20748510e2221b2363","municipalityName":"小平市","prefectureName":"東京都","snapshotDate":"2021-01-01","sourceDataset":"historical-administrative-areas-beta","sourceProvider":"Geoshape","sourceResourceId":"gci:13211A1968"},"type":"Feature"},{"geometry":{"coordinates":[[[[139.39390825859033,35.608192852792946],[139.4006988671085,35.61045230397992],[139.40148722271485,35.60865712358479],[139.40793740494848,35.61204630036524],[139.41080415260788,35.610251119970115],[139.4127033729322,35.61227843576117],[139.4173797550516,35.611535602494214],[139.42053317747693,35.60978684917828],[139.4231132503704,35.60662980779374],[139.42614125258564,35.60546913081413],[139.42823756181156,35.608053571555395],[139.4338635540931,35.60587149883373],[139.436103200702,35.606583380714554],[139.4388624453242,35.61008088734644],[139.44593972860832,35.608703550663975],[139.44927232276237,35.6117832135832],[139.45287367450948,35.607450019526],[139.45351869273284,35.6044786864582],[139.45737088490014,35.60721788413007],[139.4638031499609,35.60916782145581],[139.4666698976203,35.60862617219867],[139.4664190572001,35.60690837026885],[139.4702712493674,35.603488242102266],[139.47118502518384,35.60105855829162],[139.47802938522065,35.59896933972833],[139.48016152879234,35.59486828106704],[139.48394205226816,35.59506946507684],[139.48517833719626,35.59285644096905],[139.49182560833148,35.58855419829797],[139.49320523064256,35.58920417740655],[139.49444151557068,35.58620189295263],[139.49392191755743,35.58278176478605],[139.49920748355441,35.58097110869787],[139.50546057688646,35.574780831473284],[139.5070193709263,35.5758177029084],[139.50657144160448,35.57171664424712],[139.5018413079665,35.571020238059354],[139.50085586345858,35.56859055424871],[139.49806078449066,35.567894148060944],[139.4961794813392,35.564628776824975],[139.494674438818,35.5648609122209],[139.49103725272516,35.56142530836126],[139.48924553543804,35.5618122006878],[139.48641462212439,35.568946495189124],[139.48286702189588,35.57137617899977],[139.48374496336658,35.5719642553361],[139.48612794735845,35.57844857072885],[139.4884034283131,35.57852594919416],[139.4898726364885,35.58357102513219],[139.48498124829467,35.584607896567306],[139.48220408649965,35.581713941964814],[139.47795771652918,35.58063064345051],[139.47648850835373,35.58200798013298],[139.47335300310127,35.57687005003658],[139.47324550006405,35.5738522898896],[139.46966206548979,35.56950362013933],[139.46964414831692,35.56529423162662],[139.46837202904308,35.56291097489516],[139.47023541502168,35.560496766777575],[139.47521638907986,35.55975393351062],[139.47636308814364,35.5624931311825],[139.47976735098916,35.55935156549103],[139.48186366021508,35.55596238871057],[139.48240117540124,35.54741980614065],[139.48034070052103,35.543148514855694],[139.48163073696776,35.53994504639197],[139.4849633311218,35.538057011838475],[139.4845333189729,35.536091598819674],[139.48671921406319,35.53561185233477],[139.48576960390102,35.53135603674287],[139.48779424443546,35.527889481497105],[139.48759715553388,35.524778867191756],[139.48575168672815,35.52234918338111],[139.48634295343288,35.51984212110516],[139.48327911687193,35.51914571491739],[139.48035861769392,35.51473514239488],[139.4769901891941,35.51120668437687],[139.48112905612737,35.50531044532046],[139.48494541394894,35.50396406002412],[139.4763810053165,35.50134866789673],[139.4677986795112,35.50226173378736],[139.46826452600584,35.50620803551802],[139.46484234598745,35.51089717051564],[139.46328355194765,35.517845756700225],[139.46081098209143,35.51937785031331],[139.45643919191085,35.52024448912475],[139.45473706048807,35.52251941600478],[139.4583384122352,35.52793590857629],[139.44921857124373,35.534636883671894],[139.44814354087148,35.537809400749495],[139.44509762148337,35.5411366747577],[139.44068999695705,35.54296280653895],[139.43601361483766,35.54683172980432],[139.43339770759846,35.54635198331941],[139.43198225094164,35.548735240050874],[139.42778963248978,35.55114944816846],[139.42716253143928,35.553300569504],[139.42343575948206,35.55653498935384],[139.4218590482694,35.559815836282866],[139.41580304383893,35.56238480133107],[139.41623305598785,35.56380856509272],[139.41342005984706,35.56625372459643],[139.40920952422232,35.57510582102758],[139.40333269152057,35.57552366474023],[139.40118263077602,35.5777057374619],[139.39930132762456,35.58350912235994],[139.39987467715642,35.584329334092196],[139.39482203440676,35.58411267438934],[139.39415909901052,35.58564476800242],[139.39107734527667,35.585257875675886],[139.38862269259332,35.58853872260491],[139.385325932785,35.58819825735756],[139.37704819891852,35.59171123968251],[139.37471896644524,35.59432663180989],[139.3698275782514,35.59466709705724],[139.36615455781282,35.59756105165973],[139.3623023656455,35.59923242651037],[139.35923852908454,35.59859792309485],[139.35479507021248,35.60056333611365],[139.35081745783506,35.60093475274713],[139.34252180679567,35.60317872824103],[139.33929671567887,35.60551555789331],[139.33782750750342,35.60433940522064],[139.33030229489754,35.60316325254797],[139.3242104561213,35.60481915170555],[139.3205553528556,35.60652147794231],[139.3143201766964,35.60429297814146],[139.3048061579018,35.60469534616106],[139.29914433127448,35.60625839116027],[139.29661800989965,35.60992613041583],[139.29258664600363,35.611829640662386],[139.28271428375157,35.613237928730975],[139.27988337043794,35.61147369972197],[139.27406028925478,35.61102490462319],[139.26879264043066,35.609353529772555],[139.26881055760353,35.61212367883056],[139.27153396787995,35.61398076199792],[139.27443654988508,35.61425932447303],[139.27776914403913,35.61945915734168],[139.28592145769554,35.62089839679639],[139.28703232241355,35.62202812238988],[139.28934363771393,35.620171039222505],[139.29351833899293,35.62052698016292],[139.29475462392105,35.616921143679605],[139.2935362561658,35.615466428531825],[139.29796179786499,35.616100931947344],[139.30348028710932,35.615172390363654],[139.30761915404256,35.616240213184895],[139.3136214069544,35.61446050848283],[139.31530562120432,35.61291293917669],[139.3174915162946,35.6152342931359],[139.32277708229162,35.614816449423245],[139.32637843403873,35.615760466699996],[139.33737957818164,35.61421289739385],[139.33858002876403,35.61958296288617],[139.3369674832056,35.62255429595397],[139.33841877420818,35.623405459072345],[139.34130343904044,35.620062709371076],[139.33951172175333,35.61707590061022],[139.3399058995565,35.61419742170079],[139.3430234876361,35.61274270655301],[139.34716235456932,35.6090130645252],[139.35939978364036,35.60656790502149],[139.36122733527324,35.60509771418066],[139.36583204870112,35.608719026357036],[139.37339309565277,35.60421559967615],[139.37746029389456,35.60406084274554],[139.3816708295193,35.60212638111286],[139.3868847268248,35.59794794398627],[139.38835393500025,35.60240494358796],[139.38754766222104,35.60491200586392],[139.39390825859033,35.608192852792946]]]],"type":"MultiPolygon"},"id":"geoshape:13:2021-01-01:cbb0e097e0f606624d33","properties":{"administrativeCode":"13209","jurisdictionId":"geoshape:13:2021-01-01:cbb0e097e0f606624d33","municipalityName":"町田市","prefectureName":"東京都","snapshotDate":"2021-01-01","sourceDataset":"historical-administrative-areas-beta","sourceProvider":"Geoshape","sourceResourceId":"gci:13209A1968"},"type":"Feature"},{"geometry":{"coordinates":[[[[139.2878744295385,34.41518715037921],[139.28647689005453,34.411720595133445],[139.29136827824837,34.40816118572931],[139.28925405184958,34.406350529641124],[139.28988115290008,34.40241970360352],[139.2881252699587,34.40081023152513],[139.28810735278583,34.40081023152513],[139.28334138480207,34.39804008246713],[139.28391473433396,34.39458900291443],[139.28197967966386,34.39599729098302],[139.27839624508962,34.39147838860907],[139.27662244497537,34.38316794143508],[139.2757982550233,34.36848150871977],[139.27601326109775,34.35305224273751],[139.27638952172805,34.34875000006643],[139.27543991156588,34.342513295762664],[139.27318234778411,34.34074906675366],[139.27223273762192,34.33677181363687],[139.27189231133738,34.330922001659644],[139.2609090843673,34.33414094581642],[139.25771982759625,34.33578136928094],[139.2553726779501,34.33827295586383],[139.25255968180934,34.339294351605886],[139.24906583309945,34.34525249343454],[139.2444790368444,34.348502388977444],[139.2457332389454,34.35433672526161],[139.2450523863763,34.35955203382332],[139.24202438416106,34.36410188758338],[139.24333233778066,34.36787795669037],[139.2398922405894,34.37064810574837],[139.24164812353078,34.37052430020388],[139.24564365308106,34.36776962683894],[139.25037378671905,34.37300041109371],[139.2524521787721,34.376436014953356],[139.25558768402456,34.383833396236724],[139.2572539811016,34.39232955172746],[139.25580269009902,34.39551754449811],[139.25555184967882,34.40014477672349],[139.26010281158813,34.404044651374974],[139.2671442605265,34.40823856419462],[139.26610506449998,34.410157550134244],[139.26784303026847,34.411581313895894],[139.2670188403164,34.41337649429102],[139.2693839071354,34.41636330305188],[139.2747411418239,34.416812098150665],[139.2764253560738,34.415775226715546],[139.2794712754619,34.417988250823335],[139.28174675641654,34.42403924681036],[139.28054630583418,34.42937836091656],[139.27861125116408,34.43131282254924],[139.28319804741912,34.43055451358923],[139.28851944776187,34.426871298640606],[139.29059783981492,34.42414757666179],[139.29111743782818,34.41922630626825],[139.29226413689193,34.4186846570111],[139.2878744295385,34.41518715037921]]],[[[139.27601326109775,34.327393543641634],[139.28049255431554,34.324809102900375],[139.27741080058172,34.324143648098726],[139.2751890711457,34.32593882849386],[139.27601326109775,34.327393543641634]]],[[[139.21862455639126,34.33284098759926],[139.22088212017303,34.33257790081721],[139.22287092636174,34.33003988715514],[139.2255047507738,34.330937477352705],[139.2267589528748,34.32589240141468],[139.22485973255044,34.32419007517791],[139.21957416655343,34.32185324552564],[139.21969958676354,34.320646141466845],[139.2173524371174,34.318123603497824],[139.2135002449501,34.31615819047902],[139.20696047685212,34.31976402696234],[139.20705006271646,34.31981045404152],[139.20669171925903,34.321667537208896],[139.2041116463656,34.31994973527908],[139.2028574442646,34.32098660671419],[139.2009223895945,34.3161272390929],[139.19785855303354,34.31611176339984],[139.1977510499963,34.31756647854762],[139.19486638516403,34.31824740904232],[139.19393469217474,34.32033662760561],[139.19552932056027,34.32287464126769],[139.19954276728342,34.3251186167616],[139.20165699368223,34.325691217404874],[139.20025945419826,34.32904944279921],[139.20418331505707,34.32682094299836],[139.20511500804636,34.32886373448247],[139.20792800418715,34.329885130224525],[139.20807134157013,34.33203625156007],[139.20807134157013,34.33205172725313],[139.20669171925903,34.334961157548676],[139.20685297381488,34.33514686586542],[139.206835056642,34.3351932929446],[139.20920012346102,34.336694435171566],[139.21283730955386,34.33695752195361],[139.21410942882773,34.33250052235191],[139.21862455639126,34.33285646329232],[139.21862455639126,34.33284098759926]]],[[[139.22634685789876,34.36744463728465],[139.22602434878706,34.36773867545282],[139.2259526800956,34.36776962683894],[139.22790565193856,34.3711588036194],[139.22369511631382,34.37451702901373],[139.22480598103184,34.375615803221095],[139.22933902576824,34.372613518767174],[139.22876567623638,34.36732083174016],[139.22634685789876,34.36744463728465]]],[[[139.28651272440027,34.47835892945603],[139.28860903362622,34.47682683584294],[139.29568631691035,34.473901929854335],[139.29935933734893,34.471425818964505],[139.29783637765487,34.46975444411387],[139.2916728701872,34.470125860747345],[139.28945114075117,34.475062606833944],[139.28651272440027,34.47835892945603]]]],"type":"MultiPolygon"},"id":"geoshape:13:2021-01-01:ce435b51ff89b5eed7de","properties":{"administrativeCode":"13363","jurisdictionId":"geoshape:13:2021-01-01:ce435b51ff89b5eed7de","municipalityName":"新島村","parentJurisdictionName":"大島支庁","prefectureName":"東京都","snapshotDate":"2021-01-01","sourceDataset":"historical-administrative-areas-beta","sourceProvider":"Geoshape","sourceResourceId":"gci:13363A1992"},"type":"Feature"},{"geometry":{"coordinates":[[[[139.4247974646203,34.77943853796644],[139.4266608505989,34.776885048611305],[139.43303936414105,34.772536378861034],[139.43660488154242,34.76786271955648],[139.44008081307942,34.75815946000696],[139.4410304232416,34.7524025021881],[139.44341340723346,34.747666940111294],[139.44549179928654,34.747666940111294],[139.44812562369862,34.744432520261455],[139.44832271260017,34.73884579506627],[139.4442734315313,34.734156660068656],[139.4438792537281,34.73199006304005],[139.44549179928654,34.7280747126955],[139.44484678106318,34.72511885532077],[139.44610098316414,34.72242608472808],[139.44900356516928,34.71987259537294],[139.4493619086267,34.716158429038195],[139.44832271260017,34.71249068978263],[139.44454218912435,34.710169335823416],[139.44370008199942,34.702973138549844],[139.44948732883682,34.69836138201753],[139.45000692685008,34.69651977454322],[139.44662058117743,34.693053219297454],[139.44429134870416,34.6885807440027],[139.44477511237167,34.68457253949978],[139.43932829181884,34.68537727553898],[139.4392924574731,34.68772958088432],[139.43721406542002,34.68873550093331],[139.43714239672855,34.68571774078633],[139.4403495706725,34.68280831049078],[139.44025998480814,34.68039410237319],[139.4387191079412,34.67867630044337],[139.43544026530577,34.67813465118623],[139.4300113619258,34.67876915460174],[139.42805839008284,34.68140002242219],[139.42519164242344,34.68268450494629],[139.42074818355138,34.68240594247118],[139.41718266615,34.681198838412385],[139.4129004618338,34.68181786613485],[139.41049956066905,34.68079647039279],[139.40662945132888,34.681090508560956],[139.4048735683875,34.68232856400587],[139.40091387318296,34.682266661233626],[139.3993909134889,34.684092793014884],[139.3957358102232,34.6839225603912],[139.39389034141746,34.687358164250846],[139.39086233920222,34.6866153309839],[139.38878394714916,34.68919977172516],[139.38634721163868,34.69015926469497],[139.38398214481967,34.69344011162399],[139.379484934429,34.69616383360281],[139.3747368836181,34.696875715483635],[139.37265849156506,34.69956848607632],[139.36430908900707,34.70060535751144],[139.35889810279997,34.70294218716372],[139.3588801856271,34.70329812810413],[139.3601881392467,34.70808011726012],[139.36103024637166,34.71035504414015],[139.35268084381366,34.7184024045321],[139.352358334702,34.72508790393465],[139.35325419334555,34.73104604576331],[139.3568913794384,34.73534828843439],[139.3560671894863,34.739851715115265],[139.3568913794384,34.74190998229244],[139.35269876098653,34.74681577699292],[139.35294960140672,34.75087040857501],[139.34909740923942,34.759026098818396],[139.34890032033783,34.76603658777523],[139.35130122150258,34.76719726475484],[139.3515341447499,34.77168521574266],[139.34933033248674,34.77499701405781],[139.34956325573407,34.78254915227179],[139.35228666601049,34.78423600281549],[139.3540783832976,34.78994653355517],[139.3571959713772,34.79175718964335],[139.36004480186372,34.794976133800134],[139.36094066050728,34.79910814384754],[139.36678165886332,34.796415373254845],[139.37230014810763,34.7984426890459],[139.37677944132545,34.79426425191931],[139.38045246176404,34.794357106077676],[139.38201125580383,34.79149410286131],[139.38480633477175,34.789776300931486],[139.38993064621292,34.78861562395188],[139.39313782015685,34.78966797108006],[139.39801129117782,34.78787279068493],[139.40098554187443,34.78849181840739],[139.403135602619,34.7870835303388],[139.40797323929422,34.78618594014123],[139.41175376277005,34.787037103259614],[139.4137784033045,34.784545516676715],[139.41793518741062,34.781945600242395],[139.42205613717098,34.7817444162326],[139.4247974646203,34.77943853796644]]]],"type":"MultiPolygon"},"id":"geoshape:13:2021-01-01:d2eaae6136e955113cb2","properties":{"administrativeCode":"13361","jurisdictionId":"geoshape:13:2021-01-01:d2eaae6136e955113cb2","municipalityName":"大島町","parentJurisdictionName":"大島支庁","prefectureName":"東京都","snapshotDate":"2021-01-01","sourceDataset":"historical-administrative-areas-beta","sourceProvider":"Geoshape","sourceResourceId":"gci:13361A1968"},"type":"Feature"},{"geometry":{"coordinates":[[[[139.39390825859033,35.608192852792946],[139.4007705358,35.61453788694814],[139.40471231383165,35.6207745912519],[139.41318713659973,35.62561848318013],[139.41897438343713,35.62696486847648],[139.41983440773495,35.62860529194099],[139.42501247069475,35.62985882307897],[139.42692960819195,35.63196351733532],[139.42977843867848,35.63196351733532],[139.4295813497769,35.633975357433314],[139.42680418798187,35.637983561936224],[139.42382993728523,35.639562082628494],[139.420246502711,35.64307506495344],[139.41759476112605,35.64319887049793],[139.41499677105975,35.647036842377176],[139.41680640551974,35.64904868247516],[139.4269654425377,35.643740519755085],[139.42770004662543,35.64536546752654],[139.43053095993906,35.6460618737143],[139.42979635585135,35.647392783317585],[139.43309311565966,35.64827489782209],[139.43404272582183,35.65085933856335],[139.43769782908757,35.65003912683109],[139.43834284731093,35.654573504898096],[139.44201586774952,35.657962681678555],[139.4691603846494,35.65081291148417],[139.47380093242305,35.649327244950264],[139.47378301525018,35.64678923128819],[139.4688557927106,35.64462263425959],[139.4689095442292,35.640862040845654],[139.47159712015988,35.63351108664147],[139.46451983687575,35.62962668768304],[139.46416149341835,35.62451970897277],[139.46247727916844,35.62506135822992],[139.46073931339993,35.62216740362743],[139.45516707263698,35.61809729635227],[139.45317826644828,35.6186079942233],[139.45233615932335,35.61566761254162],[139.44927232276237,35.6117832135832],[139.44593972860832,35.608703550663975],[139.4388624453242,35.61008088734644],[139.436103200702,35.606583380714554],[139.4338635540931,35.60587149883373],[139.42823756181156,35.608053571555395],[139.42614125258564,35.60546913081413],[139.4231132503704,35.60662980779374],[139.42053317747693,35.60978684917828],[139.4173797550516,35.611535602494214],[139.4127033729322,35.61227843576117],[139.41080415260788,35.610251119970115],[139.40793740494848,35.61204630036524],[139.40148722271485,35.60865712358479],[139.4006988671085,35.61045230397992],[139.39390825859033,35.608192852792946]]]],"type":"MultiPolygon"},"id":"geoshape:13:2021-01-01:d33ffabd015678ff89ca","properties":{"administrativeCode":"13224","jurisdictionId":"geoshape:13:2021-01-01:d33ffabd015678ff89ca","municipalityName":"多摩市","prefectureName":"東京都","snapshotDate":"2021-01-01","sourceDataset":"historical-administrative-areas-beta","sourceProvider":"Geoshape","sourceResourceId":"gci:13224A1971"},"type":"Feature"},{"geometry":{"coordinates":[[[[139.81666395248655,35.53325954698943],[139.8109662915135,35.52819899535834],[139.8070961821733,35.53110842565389],[139.819799457739,35.542390205895686],[139.8230962175473,35.54384492104346],[139.8260346338982,35.541569994163424],[139.81666395248655,35.53325954698943]]],[[[139.76422038749251,35.57499749117615],[139.77346564869404,35.57488916132472],[139.76561792697646,35.56489186360702],[139.75848689217372,35.568435797318095],[139.75714310420838,35.57149998454426],[139.75760895070303,35.574455841919],[139.76422038749251,35.57499749117615]]],[[[139.7494745542195,35.5888637121592],[139.7560143223175,35.589250604485734],[139.75597848797176,35.58493288612159],[139.76257200758835,35.5850102645869],[139.76255409041548,35.594605194284995],[139.76542083807487,35.594481388740505],[139.76680046038595,35.59256240280089],[139.77314313958237,35.59575039557154],[139.77678032567522,35.59028747592085],[139.77377024063287,35.58751732686285],[139.7754902892285,35.58518049721057],[139.7785362086166,35.58648045542774],[139.78753062939793,35.5800735185003],[139.78509389388745,35.57722599097699],[139.766657123003,35.577148612511685],[139.76918344437783,35.58008899419336],[139.76760673316517,35.58149728226195],[139.762482421724,35.577148612511685],[139.75583515058878,35.57707123404638],[139.75411510199314,35.57829381379823],[139.7494745542195,35.5888637121592]]],[[[139.80582406289946,35.58544358399262],[139.79448249247199,35.59217551047435],[139.8044265234155,35.59763843012504],[139.805609056825,35.59615276359114],[139.81171881277407,35.58863157676328],[139.80582406289946,35.58544358399262]]],[[[139.69540052649418,35.60749644660518],[139.69821352263497,35.60358109626063],[139.70106235312147,35.601414499232035],[139.71183057401709,35.60065619027202],[139.71448231560203,35.59997525977732],[139.71534233989985,35.59691107255115],[139.717546152163,35.59623014205645],[139.71917661489428,35.59185052092006],[139.7210937523915,35.59429568042377],[139.72824270436712,35.59438853458214],[139.7305540196675,35.59216003478129],[139.7289414741091,35.58883276077308],[139.7301060903457,35.5873780456253],[139.73587542001025,35.58736256993224],[139.74653613786862,35.59016367037636],[139.74789784300683,35.58858514968409],[139.7519471240757,35.5794699664709],[139.7502808269987,35.575446286274925],[139.75409718482027,35.57448679330512],[139.75635474860204,35.569070300733614],[139.74977914615832,35.566625141229906],[139.75527971822976,35.56159554098493],[139.75859439521093,35.56436569004293],[139.76373662382497,35.56046581539145],[139.77099307883782,35.568977446575246],[139.78543432017202,35.57055596726751],[139.8012551838173,35.54830192064515],[139.80396067692084,35.546026993765125],[139.8089058166333,35.538443904165014],[139.7949125046209,35.53212982139594],[139.78441304131834,35.53537971693885],[139.781958388635,35.53883079649155],[139.7764936509093,35.53446665104822],[139.76807257965982,35.539341494362574],[139.75648016881215,35.54455680292428],[139.75008373809712,35.544587754310406],[139.74676906111594,35.5438294453504],[139.73940510306588,35.54512940356756],[139.73463913508215,35.54098191782709],[139.7307331913962,35.542761622529156],[139.72611056079543,35.54347350440998],[139.71820908755925,35.538304622927456],[139.7107555436448,35.53654039391846],[139.70573873524086,35.536246355750286],[139.6999335712306,35.53836652569971],[139.69794476504188,35.541446188618934],[139.6984464458823,35.54540796604266],[139.70301532496444,35.54892094836761],[139.7042336927197,35.55164467034643],[139.7026748986799,35.55367198613747],[139.69778351048606,35.55613262133424],[139.69045538678174,35.556952833066504],[139.68155055186475,35.56119317296534],[139.67879130724256,35.56298835336047],[139.6764083232507,35.56603706489357],[139.67139151484676,35.578185483946804],[139.6693131227937,35.584716226418735],[139.66449340329135,35.589529166960844],[139.6587957423183,35.589436312802476],[139.65514063905258,35.5901481946833],[139.65705777654978,35.59341356591926],[139.65297266113515,35.59593610388828],[139.65576774010307,35.596477753145436],[139.65961993227037,35.599959784084255],[139.66263001731275,35.598427690471176],[139.664403817427,35.59966574591609],[139.6697610521155,35.59901576680751],[139.6756558019901,35.59178861814782],[139.68061885887542,35.59485280537398],[139.68027843259088,35.60067166596508],[139.680403852801,35.60440130799289],[139.68198056401366,35.60580959606148],[139.68475772580868,35.60534532526964],[139.6840052045481,35.61309864749342],[139.6861194309469,35.611690359424834],[139.6912974939067,35.610932050464825],[139.69540052649418,35.60749644660518]]]],"type":"MultiPolygon"},"id":"geoshape:13:2021-01-01:d5b1807fcdd54d5eedbe","properties":{"administrativeCode":"13111","jurisdictionId":"geoshape:13:2021-01-01:d5b1807fcdd54d5eedbe","municipalityName":"大田区","prefectureName":"東京都","snapshotDate":"2021-01-01","sourceDataset":"historical-administrative-areas-beta","sourceProvider":"Geoshape","sourceResourceId":"gci:13111A1968"},"type":"Feature"},{"geometry":{"coordinates":[[[[139.37901908793435,35.771198327809145],[139.3802195385167,35.766369911573975],[139.38525426409353,35.76527113736661],[139.39166861198143,35.76740678300909],[139.39045024422617,35.76407950900088],[139.3916865291543,35.76335215142699],[139.39270780800794,35.762330755684935],[139.39632707692795,35.76279502647678],[139.40261600460573,35.76107722454696],[139.40498107142471,35.762083144595955],[139.4075432271453,35.76084508915104],[139.40958578485262,35.75688331172731],[139.40725655237938,35.75222512811581],[139.40734613824372,35.74872762148393],[139.41062498087916,35.74776812851412],[139.41101915868234,35.74089692079484],[139.41243461533915,35.7390243619344],[139.41119833041103,35.7372601329254],[139.41356339723004,35.73643992119314],[139.41442342152786,35.73303526871962],[139.40946036464254,35.7326019493139],[139.40881534641917,35.73362334505596],[139.4003226064782,35.7336078693629],[139.39828004877089,35.73493877896618],[139.39530579807428,35.73349953951146],[139.3878880885056,35.739504108419304],[139.38351629832502,35.74413134064468],[139.3848959206361,35.741515948517296],[139.38482425194462,35.73787916064786],[139.38729682180085,35.737043473222535],[139.39114901396815,35.733391209660034],[139.38385672460956,35.73552685530252],[139.38349838115215,35.73303526871962],[139.38116914867888,35.734861400500876],[139.3784815727482,35.73351501520453],[139.37796197473494,35.735093535896794],[139.37027550757318,35.73735298708377],[139.369469234794,35.735882796242926],[139.36545578807085,35.73907078901359],[139.3598835473079,35.73958148688462],[139.3549025732497,35.74276947965527],[139.35466965000236,35.74560153148552],[139.35665845619107,35.75081684004722],[139.35812766436652,35.750754937274976],[139.35750056331602,35.75363341618441],[139.35902352301008,35.75448457930278],[139.3588264341085,35.75793565885549],[139.36095857768015,35.76110817593308],[139.36289363235025,35.76192838766534],[139.36739084274092,35.767793675335625],[139.36855545897757,35.77440179627287],[139.37090260862368,35.771430463205064],[139.37330350978843,35.77129118196751],[139.3736260189001,35.76879959538462],[139.37901908793435,35.771198327809145]],[[139.35724972289583,35.744626562822646],[139.35724972289583,35.744626562822646]]]],"type":"MultiPolygon"},"id":"geoshape:13:2021-01-01:d69cef420d0b0192798d","properties":{"administrativeCode":"13223","jurisdictionId":"geoshape:13:2021-01-01:d69cef420d0b0192798d","municipalityName":"武蔵村山市","prefectureName":"東京都","snapshotDate":"2021-01-01","sourceDataset":"historical-administrative-areas-beta","sourceProvider":"Geoshape","sourceResourceId":"gci:13223A1970"},"type":"Feature"},{"geometry":{"coordinates":[[[[139.53237217053905,34.12463101315058],[139.53593768794042,34.12339295770566],[139.53934195078594,34.12381080141832],[139.5467596603546,34.119802596915406],[139.5471359209849,34.11729553463945],[139.5512568707453,34.11622771181821],[139.55539573767854,34.11257544825571],[139.5592837641916,34.111089781721816],[139.56189967143078,34.10855176805974],[139.56335096243336,34.105503056526636],[139.56322554222325,34.102624577617206],[139.56566227773374,34.10199007420169],[139.56378097458227,34.10070559167759],[139.56553685752365,34.09744022044162],[139.5645693301886,34.092580852820326],[139.56286719876584,34.0899035579207],[139.56320762505038,34.08798457198108],[139.56116506734307,34.08519894723002],[139.56388847761949,34.079441989411166],[139.56293886745732,34.0777396631744],[139.56378097458227,34.07452071901762],[139.56268802703713,34.07058989298002],[139.55874624900545,34.06435318867625],[139.55073727273202,34.05844147392678],[139.54561296129086,34.05820933853086],[139.54039906398535,34.056228449818995],[139.53776523957328,34.05378329031529],[139.53373387567726,34.052715467494046],[139.5340205504432,34.049713183040126],[139.53167340079705,34.046912082596],[139.52911124507648,34.04649423888334],[139.52527697008205,34.049450096258084],[139.52033183036957,34.04686565551682],[139.5120361793302,34.048784641456436],[139.50635643553005,34.047763245714386],[139.50119628974312,34.04568950284415],[139.4949790307568,34.048908447000926],[139.49290063870376,34.048134662347856],[139.48779424443546,34.05237500224669],[139.48510666850478,34.05266904041486],[139.4821682521539,34.05144646066301],[139.48066320963272,34.057404602491665],[139.47915816711154,34.056986758779004],[139.477563538726,34.06190802917254],[139.47851314888817,34.06560671981423],[139.48087821570718,34.06528173025994],[139.48182782586935,34.06754118144691],[139.48008986010083,34.06856257718896],[139.47847731454243,34.072508878919635],[139.47455345368363,34.073932642681285],[139.47331716875553,34.077569430550724],[139.47822647412224,34.080215774064236],[139.48163073696776,34.08310972866673],[139.48032278334816,34.086050110348395],[139.4822399208454,34.08769053381291],[139.48326119969906,34.09196182509787],[139.48829592527585,34.09559861296731],[139.48831384244872,34.10042702920248],[139.49297230739523,34.1025471991519],[139.49395775190317,34.10554948360582],[139.48922761826515,34.112498069790405],[139.49282897001228,34.11963236429173],[139.49750535213167,34.12063828434073],[139.49825787339225,34.121783485627276],[139.50151879885482,34.12127278775625],[139.50648185574013,34.12274297859709],[139.5112478237239,34.12029781909338],[139.51753675140168,34.122015621023195],[139.5192030484787,34.123826277111384],[139.52264314566997,34.124894099932625],[139.52611907720697,34.124244120824045],[139.5274807823452,34.12520361379386],[139.53237217053905,34.12463101315058]]]],"type":"MultiPolygon"},"id":"geoshape:13:2021-01-01:e06fb38ed0378a868628","properties":{"administrativeCode":"13381","jurisdictionId":"geoshape:13:2021-01-01:e06fb38ed0378a868628","municipalityName":"三宅村","parentJurisdictionName":"三宅支庁","prefectureName":"東京都","snapshotDate":"2021-01-01","sourceDataset":"historical-administrative-areas-beta","sourceProvider":"Geoshape","sourceResourceId":"gci:13381A1968"},"type":"Feature"},{"geometry":{"coordinates":[[[[139.34262930983292,35.74984187138435],[139.34232471789412,35.74614318074266],[139.34551397466518,35.74707172232635],[139.35207165993603,35.74123738604219],[139.3533437792099,35.74253734425935],[139.3504232800319,35.745137260693674],[139.34990368201863,35.74772170143493],[139.35466965000236,35.74560153148552],[139.3549025732497,35.74276947965527],[139.3598835473079,35.73958148688462],[139.3590056058372,35.737337511390706],[139.35291376706098,35.73605302886661],[139.3533437792099,35.72795924139547],[139.35504591063267,35.72508076248604],[139.35255542360358,35.72289868976438],[139.34628441309863,35.72094875243863],[139.3416259481521,35.72130469337905],[139.3385979459369,35.718952388033706],[139.33886670352996,35.71585724942142],[139.3324881899878,35.71260735387851],[139.33123398788683,35.713458516996894],[139.32845682609178,35.72370342580357],[139.32824182001733,35.728036619860774],[139.32198872668528,35.73272575485839],[139.3201074235338,35.73332930688779],[139.31666732634253,35.74337303168467],[139.31387224737463,35.74711814940554],[139.3187994699142,35.75069303450273],[139.32094953065874,35.75004305539415],[139.32206039537675,35.753602464798284],[139.32492714303615,35.7548405202432],[139.32938851908108,35.75237988504643],[139.3357849497961,35.751141829601515],[139.33775583881194,35.75194656564071],[139.33874128331985,35.750104958166396],[139.34262930983292,35.74984187138435]]]],"type":"MultiPolygon"},"id":"geoshape:13:2021-01-01:e64afe3df5e6158311a3","properties":{"administrativeCode":"13218","jurisdictionId":"geoshape:13:2021-01-01:e64afe3df5e6158311a3","municipalityName":"福生市","prefectureName":"東京都","snapshotDate":"2021-01-01","sourceDataset":"historical-administrative-areas-beta","sourceProvider":"Geoshape","sourceResourceId":"gci:13218A1970"},"type":"Feature"},{"geometry":{"coordinates":[[[[139.330373963589,35.793622607055184],[139.32847474326465,35.791765523887804],[139.33006937165018,35.790604846908195],[139.3262709310015,35.787029961811],[139.32204247820388,35.78978463517594],[139.32275916511875,35.786302604237115],[139.32057327002846,35.78990844072043],[139.3206628558928,35.78336222255544],[139.32412087025696,35.781087295675405],[139.32107495086885,35.77721837241005],[139.31844112645678,35.77841000077578],[139.31227761898907,35.77553152186635],[139.30917794808235,35.77570175449003],[139.3080312490186,35.77723384810311],[139.30331903255347,35.778131438300676],[139.29989685253508,35.78116467414072],[139.29754970288894,35.78077778181418],[139.29550714518163,35.77765169181577],[139.29213871668185,35.77534581354961],[139.29314207836262,35.771972112462215],[139.29511296737846,35.76999122375035],[139.29663592707251,35.76627705741561],[139.29744219985173,35.76008678019103],[139.29654634120817,35.75454648207503],[139.29009615897454,35.76007130449797],[139.28773109215552,35.760922467616346],[139.276120764135,35.76161887380411],[139.27443654988508,35.760891516230224],[139.26904348085085,35.7610617488539],[139.26719801204513,35.76004035311185],[139.26151826824494,35.759839169102044],[139.25685980329843,35.76070580791348],[139.25429764757786,35.764033081921696],[139.24946001090262,35.76660204696989],[139.24469404291887,35.76737583162297],[139.23831552937673,35.76700441498949],[139.238279695031,35.76838175167197],[139.23374665029456,35.768613887067886],[139.22828191256886,35.770811435482614],[139.2274398054439,35.772018539541406],[139.22299634657185,35.772420907561],[139.2209000373459,35.77401490394633],[139.21799745534076,35.77296255681815],[139.21434235207505,35.77409228241164],[139.2105259942535,35.77317921652101],[139.2083400991632,35.77632078221248],[139.2022303432141,35.782418205278695],[139.19889774906005,35.78444552106974],[139.19825273083669,35.78644188547467],[139.19552932056027,35.786828777801205],[139.19217880923335,35.789196558839606],[139.1887924635607,35.789072753295116],[139.18608697045715,35.787772795077956],[139.1819481035239,35.787633513840404],[139.17582043040196,35.78495621894077],[139.17227283017345,35.7822943997342],[139.16666475506474,35.780963490130915],[139.16304548614477,35.778239768152105],[139.15863786161844,35.77791477859781],[139.15801076056795,35.773426827609995],[139.15460649772243,35.77324111929326],[139.14914175999672,35.7788433201815],[139.1483354872175,35.7754696190941],[139.1444116263587,35.776939809934944],[139.14281699797317,35.77635173359861],[139.13946648664626,35.772142345085896],[139.1376389350134,35.77243638325406],[139.13715517134588,35.77803858414231],[139.14054151701853,35.779029028498236],[139.14281699797317,35.78105634428928],[139.14781588920425,35.78203131295216],[139.14647210123888,35.78576095497996],[139.14774422051275,35.79074412814575],[139.1469200305607,35.79303453071884],[139.15021679036897,35.79667131858828],[139.15639821500955,35.79863673160709],[139.16093125974598,35.7991938565573],[139.16474761756754,35.8015616375957],[139.17144864022137,35.80346514784226],[139.17358078379303,35.806761470464345],[139.17582043040196,35.80813880714682],[139.17420788484353,35.81282794214443],[139.17739714161462,35.82055031298209],[139.17524708087007,35.82683344436504],[139.17843633764113,35.83059403777897],[139.1768954607742,35.83305467297574],[139.1774150587875,35.83502008599454],[139.1753366667344,35.83607243312272],[139.17200407258036,35.83995683208114],[139.16610932270575,35.84297459222813],[139.16641391464455,35.8443519289106],[139.16257963965012,35.84955176177924],[139.16352924981229,35.85086719568947],[139.16910149057523,35.84998508118496],[139.1743512222265,35.848313706334324],[139.1836323177738,35.84357814425752],[139.18689324323634,35.842866262376695],[139.19244756682642,35.840266345942375],[139.19549348621453,35.84003421054645],[139.1993098440361,35.84124131460524],[139.20314411903053,35.84119488752606],[139.2049000019719,35.844568588613456],[139.2074621576925,35.84642567178083],[139.21265813782514,35.84661138009757],[139.21955624938056,35.842324613119544],[139.2243938860558,35.840544908417485],[139.2306648965607,35.836737887924365],[139.23252828253933,35.836629558072936],[139.23702549293,35.840158016090946],[139.24096727096168,35.840158016090946],[139.24252606500147,35.83678431500355],[139.24680826931768,35.836892644854984],[139.25225508987052,35.83825450584439],[139.2588127751414,35.837264061488455],[139.26049698939127,35.83599505465742],[139.26330998553206,35.83737239133988],[139.2687747232578,35.838409262775],[139.27151605070708,35.83967826960604],[139.27991920478368,35.83924495020032],[139.28025963106822,35.840684189655036],[139.28287553830742,35.83717120733009],[139.28615438094286,35.836908120548046],[139.29090243175372,35.83796046767622],[139.29559673104598,35.83384393332187],[139.29661800989965,35.835453405400266],[139.30116897180892,35.8349581832223],[139.30118688898182,35.82977382604672],[139.30258442846576,35.82404781961398],[139.30477032355606,35.822391920456404],[139.31147134620988,35.825285875058896],[139.314929360574,35.82523944797971],[139.31616564550214,35.82366092728744],[139.3164881546138,35.81935868461636],[139.31501894643839,35.81426718159915],[139.3167569122069,35.81268866090688],[139.32261582773577,35.80019977660629],[139.32573341581536,35.79521660344051],[139.330373963589,35.793622607055184]]]],"type":"MultiPolygon"},"id":"geoshape:13:2021-01-01:e894a4334bba8b09155a","properties":{"administrativeCode":"13205","jurisdictionId":"geoshape:13:2021-01-01:e894a4334bba8b09155a","municipalityName":"青梅市","prefectureName":"東京都","snapshotDate":"2021-01-01","sourceDataset":"historical-administrative-areas-beta","sourceProvider":"Geoshape","sourceResourceId":"gci:13205A1968"},"type":"Feature"},{"geometry":{"coordinates":[[[[139.27565491764034,34.532291719775166],[139.28310846155475,34.53264766071558],[139.29088451458085,34.52884064022246],[139.293088326844,34.524693154481994],[139.2907949287165,34.52049924166234],[139.28126299274902,34.512049513250794],[139.27633577020944,34.511043593201805],[139.27148021636134,34.513101860378974],[139.26816553938016,34.51724934611944],[139.26737718377382,34.521876578344816],[139.26864930304768,34.527277595223254],[139.27223273762192,34.53117746987474],[139.27565491764034,34.532291719775166]]]],"type":"MultiPolygon"},"id":"geoshape:13:2021-01-01:ed07b9da1ae3f885a217","properties":{"administrativeCode":"13362","jurisdictionId":"geoshape:13:2021-01-01:ed07b9da1ae3f885a217","municipalityName":"利島村","parentJurisdictionName":"大島支庁","prefectureName":"東京都","snapshotDate":"2021-01-01","sourceDataset":"historical-administrative-areas-beta","sourceProvider":"Geoshape","sourceResourceId":"gci:13362A1968"},"type":"Feature"},{"geometry":{"coordinates":[[[[139.33123398788683,35.713458516996894],[139.3324881899878,35.71260735387851],[139.33132357375118,35.70975982635521],[139.33307945669256,35.70452904210044],[139.33682414582265,35.70151128195346],[139.33558786089452,35.69905064675669],[139.3360357902163,35.69611026507501],[139.34038966322402,35.693649629878244],[139.34644566765448,35.69197825502761],[139.3552250823614,35.69323178616558],[139.36332364449916,35.69374248403661],[139.36762376598824,35.69214848765128],[139.37625984331217,35.69163778978026],[139.37964618898482,35.686762946465905],[139.3780515605993,35.687676012356526],[139.37520273011276,35.68578797780303],[139.37513106142129,35.68157858929032],[139.37670777263395,35.6783751208266],[139.3764390150409,35.676316853649425],[139.3726405743922,35.67272649285917],[139.37047259647477,35.66856353142564],[139.37242556831774,35.66574695528846],[139.35889810279997,35.65935549405408],[139.359453535159,35.656894858857314],[139.3573213915873,35.65551752217485],[139.36129900396472,35.65053434900906],[139.36543787089798,35.64640233896165],[139.36880629939776,35.64431312039836],[139.37396644518466,35.64409646069549],[139.37638526352228,35.64541189460572],[139.37857115861257,35.64409646069549],[139.3771736191286,35.641016797776274],[139.37808739494503,35.639329947232575],[139.3820291729767,35.64131083594444],[139.3898589775214,35.641156079013825],[139.39163277763566,35.63980969371748],[139.39935507914316,35.64118703039995],[139.40469439665878,35.64367861698284],[139.40639652808156,35.6452571376751],[139.4106070637063,35.644916672427755],[139.41499677105975,35.647036842377176],[139.41759476112605,35.64319887049793],[139.420246502711,35.64307506495344],[139.42382993728523,35.639562082628494],[139.42680418798187,35.637983561936224],[139.4295813497769,35.633975357433314],[139.42977843867848,35.63196351733532],[139.42692960819195,35.63196351733532],[139.42501247069475,35.62985882307897],[139.41983440773495,35.62860529194099],[139.41897438343713,35.62696486847648],[139.41318713659973,35.62561848318013],[139.40471231383165,35.6207745912519],[139.4007705358,35.61453788694814],[139.39390825859033,35.608192852792946],[139.38754766222104,35.60491200586392],[139.38835393500025,35.60240494358796],[139.3868847268248,35.59794794398627],[139.3816708295193,35.60212638111286],[139.37746029389456,35.60406084274554],[139.37339309565277,35.60421559967615],[139.36583204870112,35.608719026357036],[139.36122733527324,35.60509771418066],[139.35939978364036,35.60656790502149],[139.34716235456932,35.6090130645252],[139.3430234876361,35.61274270655301],[139.3399058995565,35.61419742170079],[139.33951172175333,35.61707590061022],[139.34130343904044,35.620062709371076],[139.33841877420818,35.623405459072345],[139.3369674832056,35.62255429595397],[139.33858002876403,35.61958296288617],[139.33737957818164,35.61421289739385],[139.32637843403873,35.615760466699996],[139.32277708229162,35.614816449423245],[139.3174915162946,35.6152342931359],[139.31530562120432,35.61291293917669],[139.3136214069544,35.61446050848283],[139.30761915404256,35.616240213184895],[139.30348028710932,35.615172390363654],[139.29796179786499,35.616100931947344],[139.2935362561658,35.615466428531825],[139.29475462392105,35.616921143679605],[139.29351833899293,35.62052698016292],[139.28934363771393,35.620171039222505],[139.28703232241355,35.62202812238988],[139.28592145769554,35.62089839679639],[139.27776914403913,35.61945915734168],[139.27443654988508,35.61425932447303],[139.27153396787995,35.61398076199792],[139.26881055760353,35.61212367883056],[139.26879264043066,35.609353529772555],[139.2661588160186,35.60811547432764],[139.2647791937075,35.60245137066715],[139.25770191042338,35.60423107536921],[139.25221925552478,35.601662110321016],[139.2468620208363,35.60522151972515],[139.2386380384884,35.60697027304109],[139.23779593136345,35.60980232487134],[139.2298765409544,35.614568838334264],[139.230485724832,35.616890192293475],[139.2288731792736,35.62023294199475],[139.2254509992552,35.6237459243197],[139.2194129119976,35.62622203520953],[139.2214733868778,35.629162416891205],[139.21853497052692,35.63365036787902],[139.21545321679307,35.63694669050111],[139.21446777228513,35.641403690102806],[139.215739891559,35.645566651536335],[139.21127851551407,35.64918796371271],[139.20753382638398,35.649621283118435],[139.2021765916955,35.65294855712664],[139.198485654084,35.653025935591955],[139.19572640946186,35.651292657969066],[139.19413178107632,35.65181883153316],[139.192089223369,35.64801181104004],[139.1840623299227,35.64508690505143],[139.1790813558645,35.645566651536335],[139.1757129273647,35.649342720643325],[139.16956733706988,35.65149384197887],[139.1669514298307,35.65106052257315],[139.16863564408058,35.65681748039201],[139.16709476721365,35.65918526143041],[139.16716643590516,35.66183160494391],[139.1651417953707,35.66495769494232],[139.16161211231508,35.66791355231706],[139.16474761756754,35.670327760434645],[139.16598390249564,35.67510974959063],[139.16997943204592,35.68004649567723],[139.17141280587563,35.68874383517777],[139.17895593565441,35.689223581662674],[139.1825752045744,35.68810933176225],[139.18433108751577,35.68906882473206],[139.18673198868052,35.68803195329694],[139.19137253645414,35.68783076928714],[139.19336134264285,35.68908430042512],[139.1994352642462,35.68827956438592],[139.20016986833392,35.690136647553295],[139.2004923774456,35.69915897660812],[139.2049000019719,35.699778004330575],[139.2053479312937,35.70319813249716],[139.20443415547726,35.70714443422783],[139.20690672533348,35.71276211080913],[139.2103289053519,35.71369065239281],[139.21724493408018,35.7188750095684],[139.21912623723165,35.71681674239123],[139.23562795344606,35.71483585367936],[139.23734800204167,35.71330376006628],[139.24109269117176,35.71404659333323],[139.24320691757057,35.71248354833402],[139.2450523863763,35.713350187145465],[139.24652159455175,35.710889551948696],[139.24963918263134,35.7104871839291],[139.25195049793172,35.71226688863116],[139.25802441953505,35.71226688863116],[139.2608553328487,35.71044075684991],[139.26542421193088,35.70979077774133],[139.27074561227363,35.7106883679389],[139.27189231133738,35.71441800996671],[139.28672773047472,35.71339661422465],[139.29425294308064,35.71338113853159],[139.29584757146617,35.71146215259197],[139.30263817998437,35.712297840017285],[139.30502116397625,35.71161690952258],[139.30849709551325,35.71588820080754],[139.31358557260867,35.71395373917486],[139.31666732634253,35.71474299952099],[139.31922948206312,35.719060717885135],[139.32293833684744,35.71627509313408],[139.3276326361397,35.71039432977073],[139.33123398788683,35.713458516996894]]]],"type":"MultiPolygon"},"id":"geoshape:13:2021-01-01:ee56eb9b659ccbd5756d","properties":{"administrativeCode":"13201","jurisdictionId":"geoshape:13:2021-01-01:ee56eb9b659ccbd5756d","municipalityName":"八王子市","prefectureName":"東京都","snapshotDate":"2021-01-01","sourceDataset":"historical-administrative-areas-beta","sourceProvider":"Geoshape","sourceResourceId":"gci:13201A1968"},"type":"Feature"},{"geometry":{"coordinates":[[[[139.58671495585742,35.69395914373948],[139.5940609967346,35.68899144626675],[139.59056714802472,35.686995081861824],[139.59361306741283,35.684132078645455],[139.59418641694472,35.68213571424053],[139.58531741637347,35.68204286008216],[139.58813041251423,35.68004649567723],[139.5867866245489,35.67780252018333],[139.58664328716594,35.673980023997146],[139.58280901217148,35.67388716983878],[139.58888293377484,35.669414694544024],[139.5851740789905,35.67128725340446],[139.58046186252537,35.670714652761184],[139.5784551391638,35.671906281126915],[139.57979892712913,35.6655302955856],[139.58214607677525,35.665019597714576],[139.57549880564005,35.660036424548785],[139.57300831861093,35.66413748321007],[139.56885153450483,35.66350297979455],[139.5655726918694,35.66506602479376],[139.5643901584599,35.66854805573258],[139.56446182715138,35.67226222206733],[139.56087839257714,35.682847596121356],[139.55458946489932,35.68212023854747],[139.55217064656173,35.68083575602337],[139.54543378956214,35.682058335775224],[139.54294330253305,35.68046433938989],[139.54140242566612,35.66989444102893],[139.54193994085227,35.667959979396244],[139.54443042788137,35.66659811840684],[139.5415995145677,35.66427676444762],[139.53744273046158,35.66546839281335],[139.53796232847486,35.66768141692114],[139.53559726165585,35.66929088899953],[139.5343968110735,35.66754213568359],[139.53136880885825,35.6676968926142],[139.53244383923052,35.66989444102893],[139.52945167136102,35.67272649285917],[139.52945167136102,35.6756049717686],[139.52676409543034,35.67467643018492],[139.52660284087452,35.67913342978661],[139.52538447311926,35.680897658795615],[139.52868123292757,35.68119169696378],[139.5269253499862,35.68420945711076],[139.52488279227887,35.69010569616717],[139.5285378955446,35.69067829681045],[139.5321571644646,35.68877478656389],[139.53136880885825,35.69460912284806],[139.5341997221719,35.69488768532316],[139.53393096457884,35.69897326829138],[139.53642145160794,35.69829233779668],[139.53651103747228,35.69533648042194],[139.54219078127247,35.69529005334276],[139.5422803671368,35.69669834141135],[139.55066560404055,35.69501149086765],[139.5500026686443,35.70675754190129],[139.57051783158184,35.6989268412122],[139.57257830646202,35.698880414133015],[139.57666342187667,35.70143390348815],[139.57990643016635,35.69881851136077],[139.58483365270595,35.69725546636156],[139.58671495585742,35.69395914373948]]]],"type":"MultiPolygon"},"id":"geoshape:13:2021-01-01:ee652d0ecf54e78f0d31","properties":{"administrativeCode":"13204","jurisdictionId":"geoshape:13:2021-01-01:ee652d0ecf54e78f0d31","municipalityName":"三鷹市","prefectureName":"東京都","snapshotDate":"2021-01-01","sourceDataset":"historical-administrative-areas-beta","sourceProvider":"Geoshape","sourceResourceId":"gci:13204A1968"},"type":"Feature"},{"geometry":{"coordinates":[[[[139.56197134012228,35.63259802075085],[139.56320762505038,35.637395485599896],[139.56336887960623,35.64137273871668],[139.56589520098106,35.64637138757553],[139.5694786355553,35.6490332067821],[139.57451336113212,35.65073553301886],[139.5765200844937,35.65033316499926],[139.58062311708122,35.64729992915922],[139.58433197186554,35.64839870336658],[139.58558617396653,35.64550474876409],[139.58764664884671,35.64617020356573],[139.5865895356473,35.64264174554772],[139.58445739207565,35.641016797776274],[139.5877899862297,35.63496580178925],[139.59140925514967,35.633062291542686],[139.59354139872136,35.626562500456885],[139.59228719662036,35.624225670804606],[139.5902088045673,35.62453518466583],[139.58933086309662,35.62122338635068],[139.59022672174018,35.61843776159962],[139.5827910949986,35.621594802984156],[139.57653800166656,35.621981695310694],[139.5711090982866,35.62441137912134],[139.56770483544108,35.626933917090355],[139.565626443388,35.627197003872396],[139.56618187574702,35.62945645505937],[139.56197134012228,35.63259802075085]]]],"type":"MultiPolygon"},"id":"geoshape:13:2021-01-01:f59d13ff06784ea34517","properties":{"administrativeCode":"13219","jurisdictionId":"geoshape:13:2021-01-01:f59d13ff06784ea34517","municipalityName":"狛江市","prefectureName":"東京都","snapshotDate":"2021-01-01","sourceDataset":"historical-administrative-areas-beta","sourceProvider":"Geoshape","sourceResourceId":"gci:13219A1970"},"type":"Feature"},{"geometry":{"coordinates":[[[[139.8555979691357,35.638556162579505],[139.85828554506637,35.63804546470847],[139.8588230602525,35.636327662778655],[139.85584880955588,35.63804546470847],[139.8499182253355,35.638385929955824],[139.85213995477153,35.640351342974625],[139.8555979691357,35.638556162579505]]],[[[139.84943446166798,35.64276555109221],[139.85038407183015,35.656523442223836],[139.84554643515492,35.65670915054058],[139.84689022312028,35.673856218452656],[139.84823401108562,35.67913342978661],[139.84551060080918,35.68128455112215],[139.84758899286226,35.68809385606919],[139.84771441307234,35.694965063788466],[139.84380846938643,35.699530393241595],[139.83540531530983,35.70301242418042],[139.83438403645616,35.70473022611024],[139.83888124684682,35.709156274325814],[139.83931125899574,35.710874076255635],[139.83363151519558,35.71401564194711],[139.83415111320883,35.71715720763858],[139.83676702044804,35.71796194367778],[139.83904250140267,35.717110780559395],[139.84216008948226,35.71930832897412],[139.8513515991652,35.710858600562574],[139.85626090453192,35.71446443704589],[139.8622452402709,35.71283948927444],[139.8665991132786,35.71291686773974],[139.86857000229443,35.71458824259038],[139.86627660416693,35.718534544321045],[139.86874917402315,35.72379627996194],[139.87055880848314,35.72470934585257],[139.8702721337172,35.728748501741606],[139.8721892712144,35.730048459958766],[139.87193843079422,35.73243171669023],[139.8739451541558,35.736022077480484],[139.87294179247502,35.73736846277683],[139.87654314422213,35.737043473222535],[139.87758234024867,35.7409123964879],[139.88050283942667,35.74027789307238],[139.881846627392,35.744378951733665],[139.8850179669902,35.74560153148552],[139.88075367984686,35.74973354153292],[139.88998102387552,35.75077041296804],[139.89288360588066,35.74807764237535],[139.89666412935648,35.746700305692876],[139.8994592083244,35.744378951733665],[139.9009642508456,35.74006123336952],[139.90089258215409,35.737461316935196],[139.89793624863034,35.73187459174002],[139.89720164454263,35.726752137336675],[139.8986529355452,35.72345581471459],[139.90397433588794,35.719586891449225],[139.90813111999407,35.713860885016494],[139.91621176495897,35.707995597346205],[139.91873808633383,35.697704261460345],[139.91384669814,35.69092590789943],[139.90865071800732,35.68550941532793],[139.90379516415925,35.683110682903404],[139.89356445844976,35.68199643300298],[139.8879384661682,35.68000006859805],[139.88643342364702,35.678560829143336],[139.8856450680407,35.67207651375059],[139.88723969642624,35.668795666821566],[139.88738303380921,35.65616750128343],[139.88689927014167,35.65373781747278],[139.88349500729615,35.64511785643755],[139.8714546671267,35.63864901673787],[139.86903584878908,35.63912876322277],[139.86204815136932,35.63846330842113],[139.8549708680852,35.64025848881626],[139.84943446166798,35.64276555109221]]]],"type":"MultiPolygon"},"id":"geoshape:13:2021-01-01:f90329f6643096ab4260","properties":{"administrativeCode":"13123","jurisdictionId":"geoshape:13:2021-01-01:f90329f6643096ab4260","municipalityName":"江戸川区","prefectureName":"東京都","snapshotDate":"2021-01-01","sourceDataset":"historical-administrative-areas-beta","sourceProvider":"Geoshape","sourceResourceId":"gci:13123A1968"},"type":"Feature"},{"geometry":{"coordinates":[[[[139.41442342152786,35.73303526871962],[139.41623305598785,35.732091251442874],[139.42580082630107,35.731038904314694],[139.42644584452444,35.730172265503256],[139.4229161614688,35.73018774119632],[139.43384563692024,35.72695332134647],[139.4356194370345,35.72475577293175],[139.44611890033704,35.722867738378255],[139.4438792537281,35.71174071506707],[139.44160377277348,35.715826298035296],[139.4365511300238,35.714773950907116],[139.43334395607985,35.718395263083494],[139.4282733961573,35.717358391648375],[139.43563735420736,35.70372430606125],[139.4303159538646,35.70353859774451],[139.42727003447652,35.70363145190288],[139.42558582022662,35.701882698586935],[139.4273954546866,35.69844709472729],[139.43164182465708,35.69693047680727],[139.4299038588886,35.69395914373948],[139.43121181250817,35.690275928790854],[139.42841673354027,35.69112709190923],[139.42470787875592,35.68671651938672],[139.421500704812,35.688589078247155],[139.41757684395319,35.68275474196299],[139.41248836685776,35.6835904293883],[139.39514454351843,35.68917715458349],[139.38509300953768,35.69128184883984],[139.38803142588856,35.69265918552232],[139.39023523815172,35.69878755997465],[139.39295864842813,35.69908159814281],[139.39561039001308,35.70668016343598],[139.39844130332673,35.711647860908705],[139.39569997587745,35.71288591635362],[139.39449952529506,35.711647860908705],[139.39104151093093,35.71533107585733],[139.38898103605072,35.714387058580584],[139.38709973289926,35.71667746115367],[139.38883769866777,35.71790004090553],[139.38550510451373,35.72045353026067],[139.38206500732244,35.720236870557805],[139.37932367987315,35.72172253709171],[139.38179624972938,35.723115349467236],[139.3800941183066,35.725591460357066],[139.37771113431475,35.7242141236746],[139.37645693221376,35.72542122773339],[139.37004258432586,35.72450816184276],[139.37029342474605,35.725839071446046],[139.36541995372508,35.72501885971379],[139.36181860197797,35.72625691515871],[139.36246362020134,35.724167696595416],[139.35716013703146,35.725808120059924],[139.35504591063267,35.72508076248604],[139.3533437792099,35.72795924139547],[139.35291376706098,35.73605302886661],[139.3590056058372,35.737337511390706],[139.3598835473079,35.73958148688462],[139.36545578807085,35.73907078901359],[139.369469234794,35.735882796242926],[139.37027550757318,35.73735298708377],[139.37796197473494,35.735093535896794],[139.3784815727482,35.73351501520453],[139.38116914867888,35.734861400500876],[139.38349838115215,35.73303526871962],[139.38385672460956,35.73552685530252],[139.39114901396815,35.733391209660034],[139.38729682180085,35.737043473222535],[139.38482425194462,35.73787916064786],[139.3848959206361,35.741515948517296],[139.38351629832502,35.74413134064468],[139.3878880885056,35.739504108419304],[139.39530579807428,35.73349953951146],[139.39828004877089,35.73493877896618],[139.4003226064782,35.7336078693629],[139.40881534641917,35.73362334505596],[139.40946036464254,35.7326019493139],[139.41442342152786,35.73303526871962]]]],"type":"MultiPolygon"},"id":"geoshape:13:2021-01-01:f9f106582034841d8080","properties":{"administrativeCode":"13202","jurisdictionId":"geoshape:13:2021-01-01:f9f106582034841d8080","municipalityName":"立川市","prefectureName":"東京都","snapshotDate":"2021-01-01","sourceDataset":"historical-administrative-areas-beta","sourceProvider":"Geoshape","sourceResourceId":"gci:13202A1968"},"type":"Feature"}],"type":"FeatureCollection"}
