{"features":[{"geometry":{"coordinates":[[[[139.54459168243733,35.75476314177801],[139.53307094028114,35.744580135743576],[139.52841247533462,35.74471941698113],[139.5271761904065,35.743651594159886],[139.53131505733975,35.74026241737943],[139.52970251178135,35.73972076812228],[139.52017057581386,35.73343763673933],[139.52110226880316,35.738946983469205],[139.5151000158913,35.739117216092886],[139.51262744603508,35.73797201480634],[139.50816606999015,35.738389858519],[139.5085781649662,35.74126833742842],[139.50673269616044,35.74202664638844],[139.50560391426956,35.732060300056865],[139.50443929803293,35.73219958129442],[139.50472597279887,35.74102072633944],[139.50379427980957,35.74284685812069],[139.4980966188365,35.745864618267674],[139.49816828752802,35.74434800034766],[139.4906430749221,35.741825462378635],[139.48942470716685,35.74490512529786],[139.4857337695554,35.74386825386274],[139.48731048076806,35.748990708266085],[139.49388608321178,35.753819124501256],[139.49476402468247,35.75829159979601],[139.50479764149037,35.761108175933195],[139.50859608213906,35.762052193209946],[139.51637213516517,35.76558065122796],[139.52137102639622,35.76757701563288],[139.53029377848608,35.76835080028595],[139.547834690727,35.77398395256032],[139.54702841794779,35.7680103350386],[139.54763760182541,35.76616872756429],[139.54697466642918,35.760303439894],[139.54459168243733,35.75476314177801]]]],"type":"MultiPolygon"},"id":"geoshape:13:2023-01-01:0a84aa7e0a2275c7ce08","properties":{"administrativeCode":"13222","jurisdictionId":"geoshape:13:2023-01-01:0a84aa7e0a2275c7ce08","municipalityName":"東久留米市","prefectureName":"東京都","snapshotDate":"2023-01-01","sourceDataset":"historical-administrative-areas-beta","sourceProvider":"Geoshape","sourceResourceId":"gci:13222A1970"},"type":"Feature"},{"geometry":{"coordinates":[[[[139.39390825859044,35.60819285279306],[139.40077053580012,35.614537886948256],[139.40471231383177,35.620774591252015],[139.41318713659984,35.62561848318025],[139.41897438343725,35.62696486847659],[139.41983440773507,35.628605291941106],[139.42501247069487,35.62985882307908],[139.42692960819207,35.631963517335436],[139.4297784386786,35.631963517335436],[139.429581349777,35.63397535743343],[139.426804187982,35.63798356193634],[139.42382993728535,35.63956208262861],[139.4202465027111,35.64307506495356],[139.41759476112617,35.64319887049805],[139.41499677105986,35.64703684237729],[139.41680640551985,35.649048682475275],[139.4269654425378,35.6437405197552],[139.42770004662555,35.64536546752665],[139.43053095993918,35.646061873714416],[139.42979635585147,35.6473927833177],[139.43309311565977,35.648274897822205],[139.43404272582194,35.650859338563464],[139.43769782908768,35.6500391268312],[139.43834284731105,35.65457350489821],[139.44201586774963,35.65796268167867],[139.4691603846495,35.65081291148428],[139.47380093242316,35.64932724495038],[139.4737830152503,35.6467892312883],[139.4688557927107,35.644622634259704],[139.46890954422932,35.64086204084577],[139.47159712016,35.63351108664158],[139.46451983687587,35.62962668768316],[139.46416149341846,35.62451970897288],[139.46247727916855,35.625061358230035],[139.46073931340004,35.62216740362754],[139.4551670726371,35.61809729635238],[139.4531782664484,35.61860799422341],[139.45233615932347,35.615667612541735],[139.44927232276248,35.611783213583315],[139.44593972860844,35.60870355066409],[139.4388624453243,35.610080887346555],[139.43610320070212,35.60658338071467],[139.43386355409322,35.60587149883384],[139.42823756181167,35.60805357155551],[139.42614125258575,35.60546913081424],[139.4231132503705,35.60662980779385],[139.42053317747704,35.60978684917839],[139.4173797550517,35.61153560249433],[139.41270337293233,35.61227843576128],[139.410804152608,35.61025111997023],[139.4079374049486,35.61204630036536],[139.40148722271496,35.608657123584905],[139.40069886710862,35.61045230398003],[139.39390825859044,35.60819285279306]]]],"type":"MultiPolygon"},"id":"geoshape:13:2023-01-01:0bd504f9628ee29f494d","properties":{"administrativeCode":"13224","jurisdictionId":"geoshape:13:2023-01-01:0bd504f9628ee29f494d","municipalityName":"多摩市","prefectureName":"東京都","snapshotDate":"2023-01-01","sourceDataset":"historical-administrative-areas-beta","sourceProvider":"Geoshape","sourceResourceId":"gci:13224A1971"},"type":"Feature"},{"geometry":{"coordinates":[[[[139.84554643515503,35.65670915054069],[139.85038407183026,35.65652344222395],[139.8494344616681,35.642765551092324],[139.8409775560729,35.64298221079519],[139.84173007733347,35.650751008712035],[139.8429663622616,35.65681748039212],[139.84554643515503,35.65670915054069]]]],"type":"MultiPolygon"},"id":"geoshape:13:2023-01-01:11a2a2aa210df6f6dfef","properties":{"administrativeCode":"13805","jurisdictionId":"geoshape:13:2023-01-01:11a2a2aa210df6f6dfef","municipalityName":"荒川河口部","prefectureName":"東京都","snapshotDate":"2023-01-01","sourceDataset":"historical-administrative-areas-beta","sourceProvider":"Geoshape","sourceResourceId":"gci:13B9998050"},"type":"Feature"},{"geometry":{"coordinates":[[[[139.73804339792778,35.78022065686408],[139.73788214337193,35.77743503211302],[139.73569624828164,35.772204247858255],[139.73673544430818,35.770223359146385],[139.74641071765862,35.76700441498961],[139.75497512629107,35.76838175167208],[139.7579314598148,35.7701769320672],[139.76009943773224,35.76675680390063],[139.75816438306214,35.76459020687202],[139.74888328751487,35.759808217716035],[139.7499941522329,35.75649641940089],[139.75796729416055,35.754855995936374],[139.75759103353028,35.753169145392675],[139.75089001087645,35.75371079464983],[139.74977914615843,35.75012043385957],[139.754706368698,35.74919189227589],[139.75780603960473,35.74761337158362],[139.7571968557271,35.745462250248075],[139.7603144438067,35.74345041015009],[139.76384412686232,35.74413134064479],[139.76588668456964,35.74162427836884],[139.76818008269714,35.74146952143822],[139.77111849904804,35.73789463634103],[139.7613178054875,35.73380905337281],[139.7609415448572,35.73219958129442],[139.7599381831764,35.73158055357196],[139.75275339685504,35.735062584510786],[139.74956414008398,35.73654825104468],[139.74657197221447,35.73984457366677],[139.74105348297013,35.742351635942725],[139.7355529108987,35.740540979854536],[139.73179030459573,35.74331112891254],[139.73263241172066,35.745090833614604],[139.72790227808267,35.74471941698113],[139.72362007376645,35.73993742782514],[139.72001872201935,35.74177903529945],[139.71951704117893,35.74504440653541],[139.7214162615033,35.74631341336646],[139.72270629795003,35.75323104816492],[139.71629195006213,35.760721283606664],[139.71326394784688,35.76308906464506],[139.7108988810279,35.763615238209155],[139.7064016706372,35.76666394974225],[139.70625833325425,35.7684127030582],[139.70238822391406,35.78107181998246],[139.70226280370397,35.78410505582251],[139.6984464458824,35.78212416711064],[139.69498843151825,35.782619389288605],[139.6912795767339,35.78441456968373],[139.68946994227392,35.786797826415196],[139.69063455851057,35.790573895522186],[139.69685181749688,35.798899818389245],[139.70525497157345,35.79340594735243],[139.70919674960513,35.792013134976905],[139.71924828358587,35.79179647527404],[139.72224045145538,35.7907286524528],[139.7244621808914,35.7872775729001],[139.73386869664878,35.7900477219581],[139.73854507876817,35.78740137844459],[139.73804339792778,35.78022065686408]]]],"type":"MultiPolygon"},"id":"geoshape:13:2023-01-01:13de01f0a4b3ce274f86","properties":{"administrativeCode":"13117","jurisdictionId":"geoshape:13:2023-01-01:13de01f0a4b3ce274f86","municipalityName":"北区","prefectureName":"東京都","snapshotDate":"2023-01-01","sourceDataset":"historical-administrative-areas-beta","sourceProvider":"Geoshape","sourceResourceId":"gci:13117A1968"},"type":"Feature"},{"geometry":{"coordinates":[[[[139.7165607076552,35.673438374740115],[139.71493024492392,35.67298957964133],[139.7138193802059,35.66935279177189],[139.70856964855463,35.66406010474488],[139.71378354586017,35.659757862073796],[139.71498399644253,35.65714246994641],[139.7217208534421,35.655687754798635],[139.72356632224785,35.646696377129935],[139.71919453206726,35.6418524852017],[139.71763573802747,35.64166677688496],[139.71523483686272,35.64262626985477],[139.70862340007324,35.642007242132316],[139.69970064798338,35.64808918950546],[139.69294587381094,35.653877098710446],[139.68733779870226,35.661568518161985],[139.67993800630643,35.663766066576706],[139.67501078376685,35.66387439642814],[139.67282488867656,35.66740285444615],[139.67269946846648,35.67229317345357],[139.66205666778097,35.671442010335184],[139.66175207584217,35.67252530884949],[139.66159082128632,35.67475380865034],[139.66411714266115,35.67634780503566],[139.66784391461837,35.67995364151898],[139.67130192898253,35.681485735132064],[139.6803321841096,35.68979618230606],[139.68398728737534,35.69199373072078],[139.68321684894187,35.68871288379176],[139.68597609356405,35.687892672059505],[139.68499064905612,35.68588083196151],[139.6876782249868,35.68159406498349],[139.695024265864,35.68665461661459],[139.70210154914813,35.689177154583604],[139.70271073302575,35.68776886651501],[139.70577456958674,35.68804742899012],[139.707405032318,35.68445706819986],[139.7114005618683,35.68337376968556],[139.71478690754094,35.680866707409606],[139.71290560438948,35.67729182231241],[139.7128876872166,35.674614527412785],[139.71485857623244,35.67507879820462],[139.7165607076552,35.673438374740115]]]],"type":"MultiPolygon"},"id":"geoshape:13:2023-01-01:13febe5588b86f0192f6","properties":{"administrativeCode":"13113","jurisdictionId":"geoshape:13:2023-01-01:13febe5588b86f0192f6","municipalityName":"渋谷区","prefectureName":"東京都","snapshotDate":"2023-01-01","sourceDataset":"historical-administrative-areas-beta","sourceProvider":"Geoshape","sourceResourceId":"gci:13113A1968"},"type":"Feature"},{"geometry":{"coordinates":[[[[139.66411714266115,35.67634780503566],[139.66159082128632,35.67475380865034],[139.66175207584217,35.67252530884949],[139.65512272187982,35.67054442013762],[139.65032091955032,35.669909916722105],[139.64772292948402,35.6684242501882],[139.64127274725035,35.66720167043635],[139.63910476933296,35.66583980944694],[139.6326008355807,35.66808378494085],[139.62503978862904,35.66913613206903],[139.62163552578352,35.67264911439398],[139.6103118725289,35.67664184320383],[139.61328612322555,35.67289672548296],[139.61656496586096,35.672633638700916],[139.61618870523068,35.669894441029044],[139.60891433304496,35.67035871182088],[139.6083768178588,35.67636328072872],[139.60327042359054,35.68065004770675],[139.59418641694484,35.682135714240644],[139.59361306741295,35.68413207864557],[139.59056714802483,35.68699508186194],[139.59406099673473,35.68899144626686],[139.58671495585753,35.69395914373959],[139.5882916670702,35.69561504289716],[139.59026255608603,35.69482578255103],[139.5928426289795,35.70109343824092],[139.59547645339154,35.70544210799118],[139.58664328716605,35.71191094769087],[139.58495907291615,35.71644532575787],[139.58680454172188,35.71975712407301],[139.58945628330682,35.7202832976371],[139.59384599066027,35.71828693323218],[139.59565562512026,35.72155230446815],[139.60194455279807,35.72600930406984],[139.61540034962434,35.7302805953548],[139.62453810778865,35.73014131411725],[139.6243947704057,35.7292746753058],[139.62899948383358,35.72101065521099],[139.63186623149298,35.71972617268689],[139.63218874060468,35.716940547935835],[139.63688303989693,35.71650722853011],[139.64179234526364,35.71475847521417],[139.64284945846305,35.71150857967127],[139.65060759431626,35.70934198264266],[139.65822239278654,35.70921817709817],[139.65820447561367,35.70503973997158],[139.66090996871722,35.70468379903117],[139.66108914044594,35.701433903488265],[139.6625404314485,35.69923635507354],[139.6606232939513,35.69652810878779],[139.6611608091374,35.695197199184506],[139.6651025871691,35.695429334580425],[139.66753932267957,35.6917461196318],[139.6609278858901,35.68677842215908],[139.65922575446731,35.68668556800071],[139.65927950598592,35.681903578844725],[139.66257626579423,35.679427467954895],[139.66411714266115,35.67634780503566]]]],"type":"MultiPolygon"},"id":"geoshape:13:2023-01-01:1496d15e2ccf6d8a36d7","properties":{"administrativeCode":"13115","jurisdictionId":"geoshape:13:2023-01-01:1496d15e2ccf6d8a36d7","municipalityName":"杉並区","prefectureName":"東京都","snapshotDate":"2023-01-01","sourceDataset":"historical-administrative-areas-beta","sourceProvider":"Geoshape","sourceResourceId":"gci:13115A1968"},"type":"Feature"},{"geometry":{"coordinates":[[[[139.76278701366292,35.730744866146644],[139.76473998550588,35.73014131411725],[139.76604793912549,35.727525921989866],[139.7697747110827,35.728129474019255],[139.7767444913296,35.7249414812486],[139.78145670779472,35.724616491694306],[139.78444887566422,35.72786638723721],[139.78946568406815,35.72874850174172],[139.79120364983666,35.73122461263155],[139.79507375917683,35.72896516144458],[139.80143435554612,35.72925919961274],[139.8097120894126,35.728129474019255],[139.80842205296588,35.72037615179548],[139.80664825285163,35.7174357701138],[139.7970267310198,35.707778937643454],[139.7934791307913,35.70121724378541],[139.78891025170915,35.69470197700654],[139.78254965533986,35.69657453586697],[139.7799695824464,35.69807567809393],[139.7803995945953,35.7003351292809],[139.77317897392822,35.70188269858705],[139.77303563654525,35.70510164274383],[139.7701330545401,35.70534925383281],[139.77124391925813,35.708986041702246],[139.76662128865735,35.708707479227144],[139.76823383421578,35.71045623254309],[139.76762465033815,35.71296329481904],[139.76568959566805,35.7135823225415],[139.76450706225856,35.71728101318318],[139.76868176353756,35.71581082234235],[139.76325286015756,35.721877294022434],[139.7649191572346,35.72721640812863],[139.76278701366292,35.730744866146644]]]],"type":"MultiPolygon"},"id":"geoshape:13:2023-01-01:151417777dd578d3c6f2","properties":{"administrativeCode":"13106","jurisdictionId":"geoshape:13:2023-01-01:151417777dd578d3c6f2","municipalityName":"台東区","prefectureName":"東京都","snapshotDate":"2023-01-01","sourceDataset":"historical-administrative-areas-beta","sourceProvider":"Geoshape","sourceResourceId":"gci:13106A1968"},"type":"Feature"},{"geometry":{"coordinates":[[[[139.60362876704795,33.90114652965037],[139.60959518561407,33.89893350554258],[139.61658288303383,33.892774179704126],[139.61851793770393,33.89241823876371],[139.62530854622213,33.883767326342365],[139.6299849283415,33.87394026124835],[139.63191998301158,33.8713093934279],[139.63140038499833,33.867734508330706],[139.62371391783657,33.85510634279257],[139.61968255394055,33.85170169031905],[139.61117189682673,33.85349687071418],[139.60176538106936,33.85450279076317],[139.59237678248485,33.85436350952562],[139.58859625900902,33.85552418650523],[139.57979892712925,33.8593466826914],[139.57831180178093,33.86104900892816],[139.57669925622253,33.86606313348007],[139.57729052292729,33.87313552520915],[139.57680675925974,33.879310326740665],[139.57879556544844,33.88379827772849],[139.58202065656528,33.88808504470651],[139.59088965713653,33.8980049639589],[139.60362876704795,33.90114652965037]]]],"type":"MultiPolygon"},"id":"geoshape:13:2023-01-01:161b2b2bd80ba0a39060","properties":{"administrativeCode":"13382","jurisdictionId":"geoshape:13:2023-01-01:161b2b2bd80ba0a39060","municipalityName":"御蔵島村","parentJurisdictionName":"三宅支庁","prefectureName":"東京都","snapshotDate":"2023-01-01","sourceDataset":"historical-administrative-areas-beta","sourceProvider":"Geoshape","sourceResourceId":"gci:13382A1968"},"type":"Feature"},{"geometry":{"coordinates":[[[[139.7458732024725,35.7029040943291],[139.7362875149864,35.692194914730585],[139.73157529852128,35.689579522603196],[139.72999858730861,35.685540366714164],[139.73150362982977,35.681501210825125],[139.72852937913316,35.68283212042841],[139.7267555790189,35.679288186717336],[139.71958870987044,35.67831321805447],[139.7194812068332,35.67449072186829],[139.7165607076552,35.673438374740115],[139.71485857623244,35.67507879820462],[139.7128876872166,35.674614527412785],[139.71290560438948,35.67729182231241],[139.71478690754094,35.680866707409606],[139.7114005618683,35.68337376968556],[139.707405032318,35.68445706819986],[139.70577456958674,35.68804742899012],[139.70271073302575,35.68776886651501],[139.70210154914813,35.689177154583604],[139.695024265864,35.68665461661459],[139.6876782249868,35.68159406498349],[139.68499064905612,35.68588083196151],[139.68597609356405,35.687892672059505],[139.68321684894187,35.68871288379176],[139.68398728737534,35.69199373072078],[139.68841282907454,35.699329209231905],[139.68749905325808,35.70400286853646],[139.68887867556919,35.70750037516835],[139.6942179930848,35.71104430887942],[139.69007912615155,35.711477628285145],[139.68278683679296,35.71011576729573],[139.68035010128247,35.71126096858228],[139.68185514380366,35.71314900313578],[139.6790958991815,35.715238221699074],[139.6790958991815,35.71827145753912],[139.67368491297438,35.72026782194404],[139.67576330502746,35.72195467248774],[139.67518995549557,35.723703425803684],[139.67734001624012,35.72936752946417],[139.68135346296327,35.72704617550495],[139.68271516810148,35.72364152303144],[139.6866211117874,35.72272845714082],[139.69572303560597,35.72173801278488],[139.69980815102062,35.72354866887307],[139.70459203617722,35.72300701961592],[139.70593582414256,35.71885953387545],[139.70455620183148,35.71587272511459],[139.7053624746107,35.71370612808599],[139.71054053757047,35.713535895462314],[139.71211724878313,35.71475847521417],[139.71441064691066,35.713179954521905],[139.72250920904844,35.71226688863128],[139.72326173030902,35.710409805463904],[139.72598514058546,35.70920270140511],[139.73184405611434,35.709264604177356],[139.73245323999197,35.70739204531692],[139.7358575028375,35.70918722571205],[139.7428093659115,35.70813487858387],[139.7458732024725,35.7029040943291]]]],"type":"MultiPolygon"},"id":"geoshape:13:2023-01-01:1ae8b208abc679727945","properties":{"administrativeCode":"13104","jurisdictionId":"geoshape:13:2023-01-01:1ae8b208abc679727945","municipalityName":"新宿区","prefectureName":"東京都","snapshotDate":"2023-01-01","sourceDataset":"historical-administrative-areas-beta","sourceProvider":"Geoshape","sourceResourceId":"gci:13104A1968"},"type":"Feature"},{"geometry":{"coordinates":[[[[139.1635292498124,35.85086719568958],[139.16257963965023,35.84955176177935],[139.16641391464466,35.84435192891071],[139.16610932270586,35.842974592228245],[139.17200407258048,35.839956832081256],[139.17533666673452,35.83607243312284],[139.1774150587876,35.83502008599466],[139.17689546077432,35.833054672975855],[139.17843633764124,35.830594037779086],[139.17524708087018,35.82683344436516],[139.17739714161473,35.820550312982206],[139.17420788484364,35.812827942144544],[139.17582043040207,35.80813880714693],[139.17358078379314,35.80676147046446],[139.17144864022148,35.803465147842374],[139.16474761756766,35.80156163759581],[139.1609312597461,35.799193856557416],[139.15639821500966,35.7986367316072],[139.1502167903691,35.796671318588395],[139.1469200305608,35.793034530718955],[139.14774422051286,35.79074412814586],[139.146472101239,35.78576095498008],[139.14781588920437,35.78203131295227],[139.14281699797328,35.7810563442894],[139.14054151701865,35.77902902849835],[139.137155171346,35.77803858414242],[139.1376389350135,35.772436383254174],[139.1360980581466,35.77025431053251],[139.13075874063097,35.76511638043611],[139.12816075056463,35.76700441498961],[139.1251327483494,35.767607967019],[139.11434661028093,35.7735506331546],[139.10753808458986,35.77683148008363],[139.10585387033998,35.779106406963656],[139.1022166842471,35.77837904938977],[139.09653694044695,35.775856511420756],[139.09341935236736,35.769960272364344],[139.08847421265492,35.77019240776026],[139.08677208123214,35.77124475488844],[139.08290197189194,35.7698983695921],[139.0800710585783,35.770099553601895],[139.0750363330015,35.77200306384846],[139.0736029591718,35.77002217513659],[139.06903408008964,35.766849658058995],[139.06362309388254,35.76559612692102],[139.06095343512473,35.764110460387116],[139.05681456819147,35.7635533354369],[139.05487951352137,35.76017963434951],[139.04918185254834,35.76005582880502],[139.04312584811788,35.75767257207356],[139.04269583596897,35.755103607025355],[139.03970366809946,35.750058531087326],[139.04140579952224,35.7461741321289],[139.0396857509266,35.74439442742684],[139.03445393644822,35.742459965794154],[139.0317663605175,35.744332524654595],[139.02757374206567,35.74396110802112],[139.0272333157811,35.74249091718028],[139.02167899219103,35.74013861183494],[139.01229039360652,35.7386684209941],[139.01039117328216,35.74228973317048],[139.00517727597665,35.74895975687996],[139.00515935880378,35.750445423413865],[139.0021492737614,35.75012043385957],[138.99883459678023,35.75114182960163],[138.99243816606523,35.755521450738016],[138.98935641233138,35.76349143266466],[138.98439335544603,35.767762723949616],[138.98365875135832,35.77201853954152],[138.98532504843536,35.774417271966044],[138.98641799598047,35.78224797265513],[138.9850383736694,35.78526573280212],[138.98188495124407,35.7870763888903],[138.97951988442506,35.78709186458336],[138.97686814284012,35.789026326216046],[138.9771369004332,35.792384551610375],[138.9717975829176,35.79899267254761],[138.97032837474214,35.8045793977428],[138.97108089600272,35.809980414621236],[138.97220967789363,35.811125615907784],[138.97176174857185,35.814530268381304],[138.96977294238314,35.815845702291526],[138.96964752217303,35.82273238570387],[138.97047171212512,35.82735961792925],[138.9692891787156,35.83138329812522],[138.9645590450776,35.82947978787866],[138.9621939782586,35.82960359342315],[138.95325330899587,35.83652122822162],[138.94911444206264,35.840467529952285],[138.9473406419484,35.84329958178253],[138.94854109253075,35.84955176177935],[138.94628352874898,35.85354449058921],[138.94393637910284,35.854813497420245],[138.94289718307633,35.86018356291257],[138.94658812068778,35.86447032989059],[138.94513682968523,35.86792140944329],[138.9492577794456,35.869020183650655],[138.95445375957826,35.87491642270707],[138.9600797518598,35.8767889815675],[138.96520406330097,35.877779425923435],[138.96801705944176,35.88222094983207],[138.97249635265956,35.88197333874308],[138.97892861772033,35.88500657458313],[138.98525337974385,35.88118407839695],[138.98874722845375,35.881153127010826],[138.99532283089746,35.88421731423699],[139.0011638292535,35.88420183854393],[139.00666440132497,35.889618331115436],[139.00680773870792,35.893642011311414],[139.01031950459068,35.897170469329424],[139.01315041790434,35.89820734076454],[139.0184001495556,35.8984240004674],[139.0208906365847,35.89715499363636],[139.0240082246643,35.897294274873914],[139.02932962500702,35.89291465373752],[139.03760735887354,35.889092157551346],[139.04034868632283,35.88630653280029],[139.0430362622535,35.88548632106803],[139.04832182825052,35.88121502978307],[139.04984478794458,35.87883177305161],[139.05781792987227,35.877500863448326],[139.05917963501048,35.87504022825156],[139.06163428769383,35.87363194018296],[139.07044953674645,35.87154272161967],[139.0724204257623,35.871635575778036],[139.0777597432779,35.87533426641972],[139.08254362843454,35.874869995627876],[139.0839949194371,35.873430756173164],[139.0892267339155,35.87103202374864],[139.09166346942598,35.869035659343716],[139.09449438273964,35.86949993013556],[139.09909909616752,35.8686797184033],[139.10144624581366,35.8657083853355],[139.10268253074176,35.86657502414695],[139.11558289520906,35.86451675696977],[139.1291103607268,35.86556910409795],[139.13124250429848,35.86447032989059],[139.13536345405888,35.865383395781215],[139.13891105428735,35.86400605909874],[139.14754713161128,35.86270610088158],[139.1528326976083,35.85954905949705],[139.15940830005204,35.85705747291416],[139.1635292498124,35.85086719568958]]]],"type":"MultiPolygon"},"id":"geoshape:13:2023-01-01:20ebb9328f9d50d4070e","properties":{"administrativeCode":"13308","jurisdictionId":"geoshape:13:2023-01-01:20ebb9328f9d50d4070e","municipalityName":"奥多摩町","parentJurisdictionName":"西多摩郡","prefectureName":"東京都","snapshotDate":"2023-01-01","sourceDataset":"historical-administrative-areas-beta","sourceProvider":"Geoshape","sourceResourceId":"gci:13308A1968"},"type":"Feature"},{"geometry":{"coordinates":[[[[139.8097120894126,35.728129474019255],[139.81139630366252,35.73297336594749],[139.8141376311118,35.73620778579733],[139.81449597456924,35.738807702231654],[139.8165743666223,35.74146952143822],[139.82035489009812,35.74343493445703],[139.82383082163514,35.73770892802429],[139.8297614058555,35.731178185552366],[139.84216008948238,35.719308328974236],[139.8390425014028,35.71711078055951],[139.83676702044815,35.71796194367789],[139.83415111320895,35.71715720763869],[139.8336315151957,35.71401564194722],[139.83931125899585,35.71087407625575],[139.83888124684694,35.70915627432593],[139.83438403645627,35.70473022611036],[139.83540531530994,35.703012424180535],[139.83067518167195,35.703012424180535],[139.8186885930211,35.70801107303938],[139.81969195470188,35.6930306021559],[139.81338510985123,35.69267466121549],[139.811467972354,35.691916352255475],[139.81188006733004,35.68855812686114],[139.80946124899242,35.68699508186194],[139.8049998729475,35.68677842215908],[139.8048027840459,35.688496224088894],[139.80048474538395,35.6882950400791],[139.79917679176435,35.68971880384075],[139.796722139081,35.68854265116808],[139.7934791307913,35.69081757804811],[139.79039737705745,35.68928548443503],[139.78891025170915,35.691653265473434],[139.78891025170915,35.69470197700654],[139.7934791307913,35.70121724378541],[139.7970267310198,35.707778937643454],[139.80664825285163,35.7174357701138],[139.80842205296588,35.72037615179548],[139.8097120894126,35.728129474019255]]]],"type":"MultiPolygon"},"id":"geoshape:13:2023-01-01:219f19a29ea14f60d6e3","properties":{"administrativeCode":"13107","jurisdictionId":"geoshape:13:2023-01-01:219f19a29ea14f60d6e3","municipalityName":"墨田区","prefectureName":"東京都","snapshotDate":"2023-01-01","sourceDataset":"historical-administrative-areas-beta","sourceProvider":"Geoshape","sourceResourceId":"gci:13107A1968"},"type":"Feature"},{"geometry":{"coordinates":[[[[139.53237217053916,34.12463101315069],[139.53608102532348,34.12331557924047],[139.53934195078605,34.123810801418436],[139.54663424014464,34.11995735384614],[139.54761968465255,34.116769361075484],[139.55125687074542,34.116227711818325],[139.55539573767865,34.112575448255825],[139.55928376419172,34.11108978172193],[139.56335096243347,34.10550305652675],[139.56322554222336,34.10262457761732],[139.56566227773385,34.1019900742018],[139.5637809745824,34.1007055916777],[139.56553685752377,34.09744022044173],[139.5645693301887,34.09258085282044],[139.56286719876596,34.08990355792081],[139.5632076250505,34.087984571981195],[139.56116506734318,34.08519894723013],[139.5638884776196,34.07944198941128],[139.56293886745743,34.07773966317451],[139.56374514023665,34.07370050728548],[139.56322554222336,34.06908875075317],[139.56093214409586,34.06874828550582],[139.55874624900557,34.064353188676364],[139.55073727273214,34.05844147392689],[139.54561296129097,34.05820933853097],[139.54039906398546,34.05622844981911],[139.5377652395734,34.0537832903154],[139.53373387567737,34.05271546749416],[139.5340205504433,34.04971318304024],[139.53167340079716,34.046912082596116],[139.5291112450766,34.046494238883454],[139.52527697008216,34.0494500962582],[139.52033183036968,34.04686565551693],[139.51239452278776,34.04881559284267],[139.50927693470817,34.04760848878388],[139.50635643553017,34.0477632457145],[139.50119628974323,34.04568950284426],[139.49497903075692,34.04890844700104],[139.49290063870387,34.04813466234797],[139.48779424443558,34.052375002246805],[139.48145156523915,34.05197263422721],[139.4813082278562,34.05612011996767],[139.47915816711165,34.05698675877912],[139.47758145589899,34.06045331402488],[139.47851314888828,34.06560671981434],[139.4808782157073,34.065281730260054],[139.48182782586946,34.06754118144703],[139.48008986010095,34.06856257718908],[139.47847731454254,34.07250887891975],[139.47455345368374,34.0739326426814],[139.47329925158277,34.07750752777859],[139.47822647412235,34.08021577406435],[139.48163073696787,34.08310972866684],[139.48209658346252,34.08988808222775],[139.48838551114034,34.09606288375927],[139.48831384244883,34.10042702920259],[139.49297230739535,34.10254719915201],[139.49395775190328,34.105549483605934],[139.48922761826526,34.11249806979052],[139.4925781295922,34.11953951013348],[139.49750535213178,34.12063828434084],[139.49825787339236,34.12178348562739],[139.5015367160278,34.12127278775636],[139.50648185574025,34.1227429785972],[139.511247823724,34.120297819093494],[139.5175367514018,34.12201562102331],[139.5192030484788,34.1238262771115],[139.5226431456701,34.12489409993274],[139.52611907720708,34.12424412082416],[139.52946958853403,34.125141711021726],[139.53237217053916,34.12463101315069]]]],"type":"MultiPolygon"},"id":"geoshape:13:2023-01-01:2581110d3d931174fbc5","properties":{"administrativeCode":"13381","jurisdictionId":"geoshape:13:2023-01-01:2581110d3d931174fbc5","municipalityName":"三宅村","parentJurisdictionName":"三宅支庁","prefectureName":"東京都","snapshotDate":"2023-01-01","sourceDataset":"historical-administrative-areas-beta","sourceProvider":"Geoshape","sourceResourceId":"gci:13381A1968"},"type":"Feature"},{"geometry":{"coordinates":[[[[139.25685980329854,35.760705807913595],[139.2557131042348,35.7596225093993],[139.26185869452962,35.75558335351026],[139.26854180001058,35.754453627916774],[139.27029768295196,35.753401280788594],[139.27556533177608,35.75358698910534],[139.27990128761093,35.7493466492065],[139.2804746371428,35.74437895173378],[139.27931002090617,35.742119500546806],[139.2846493384218,35.74058740693372],[139.283645976741,35.73769345233123],[139.28443433234733,35.73223053268054],[139.283645976741,35.7313638938691],[139.27805581880517,35.73366977213526],[139.2701364283961,35.73328287980872],[139.262915807729,35.73238528961116],[139.25823942560962,35.73526376852058],[139.25286427374826,35.736347067034885],[139.24537489548808,35.73665658089611],[139.2440490246956,35.73879222653859],[139.23944431126773,35.739767195201466],[139.23480376349409,35.738823177924715],[139.22611393465155,35.74004575767657],[139.2221004879284,35.74306351782355],[139.21566822286763,35.7444099031199],[139.21237146305933,35.7485419131673],[139.21292689541832,35.751745381631025],[139.20506125652787,35.753803648808194],[139.20432665244016,35.75580001321312],[139.19965027032077,35.758105891479275],[139.189186641364,35.76225337721974],[139.1816435115852,35.762810502169955],[139.1803355579656,35.76571993246551],[139.18076557011452,35.76845913013739],[139.1761608566866,35.77122927919538],[139.16304548614488,35.77823976815222],[139.16666475506486,35.78096349013103],[139.17227283017357,35.78229439973431],[139.17582043040207,35.784956218940884],[139.181948103524,35.78763351384052],[139.18608697045727,35.78777279507807],[139.18879246356082,35.78907275329523],[139.19217880923347,35.78919655883972],[139.19552932056038,35.78682877780132],[139.1982527308368,35.78644188547479],[139.19889774906017,35.784445521069856],[139.2022303432142,35.78241820527881],[139.2083400991633,35.77632078221259],[139.2105259942536,35.77317921652112],[139.21434235207516,35.77409228241175],[139.21799745534088,35.772962556818264],[139.220900037346,35.774014903946444],[139.22299634657196,35.77242090756111],[139.22743980544402,35.77201853954152],[139.22828191256897,35.77081143548273],[139.23374665029468,35.768613887068],[139.2382796950311,35.76838175167208],[139.23831552937685,35.76700441498961],[139.24469404291898,35.767375831623085],[139.24946001090274,35.76660204697001],[139.25429764757797,35.76403308192181],[139.25685980329854,35.760705807913595]]]],"type":"MultiPolygon"},"id":"geoshape:13:2023-01-01:2751bfcadf0702b17773","properties":{"administrativeCode":"13305","jurisdictionId":"geoshape:13:2023-01-01:2751bfcadf0702b17773","municipalityName":"日の出町","parentJurisdictionName":"西多摩郡","prefectureName":"東京都","snapshotDate":"2023-01-01","sourceDataset":"historical-administrative-areas-beta","sourceProvider":"Geoshape","sourceResourceId":"gci:13305A1974"},"type":"Feature"},{"geometry":{"coordinates":[[[[139.80899540249777,35.58333888973638],[139.82187784979217,35.58333888973638],[139.81342094419696,35.57872713320407],[139.80899540249777,35.58333888973638]]],[[[139.82714549861632,35.59697297532351],[139.81354636440705,35.58965297250545],[139.81019585308013,35.59375403116673],[139.8111096288966,35.59426472903776],[139.8078666206069,35.59824198215455],[139.80886998228766,35.5987836314117],[139.81186215015717,35.595100416463076],[139.8170043787712,35.59788604121414],[139.81523057865695,35.6000681139358],[139.82056989617257,35.60296206853829],[139.81953070014603,35.60457154061668],[139.82146575481613,35.605623887744855],[139.82714549861632,35.59697297532351]]]],"type":"MultiPolygon"},"id":"geoshape:13:2023-01-01:2a361fd0b3aafe4f0bb1","properties":{"administrativeCode":"13807","jurisdictionId":"geoshape:13:2023-01-01:2a361fd0b3aafe4f0bb1","municipalityName":"中央防波堤外側廃棄物処理場（中潮橋南側）","prefectureName":"東京都","snapshotDate":"2023-01-01","sourceDataset":"historical-administrative-areas-beta","sourceProvider":"Geoshape","sourceResourceId":"gci:13B9998070"},"type":"Feature"},{"geometry":{"coordinates":[[[[139.51637213516517,35.76558065122796],[139.50859608213906,35.762052193209946],[139.50479764149037,35.761108175933195],[139.49720076019295,35.762439085536485],[139.5012142069161,35.76562707830714],[139.49926123507316,35.771678074294165],[139.49768452386047,35.77214234508601],[139.49677074804404,35.778704038944056],[139.49938665528325,35.78217059418982],[139.5066968618147,35.78277414621922],[139.50847066192895,35.78466218077271],[139.5119107591202,35.785080024485374],[139.5140429026919,35.788500152651956],[139.52117393749464,35.78845372557277],[139.52927249963244,35.79413330492632],[139.53685146375696,35.80394489432727],[139.54168910043217,35.80730311972161],[139.5442870904985,35.80663766491997],[139.5472075896765,35.802660411803174],[139.5462221451686,35.7992402836366],[139.5440900015969,35.79650108596472],[139.53982571445357,35.79374641259979],[139.53758606784467,35.79075960383892],[139.5437854096581,35.788190638790724],[139.54380332683098,35.78283604899147],[139.5429791368789,35.77980281315142],[139.53749648198033,35.77687790716281],[139.5343251423821,35.77418513657012],[139.5228223173988,35.77189473399702],[139.51637213516517,35.76558065122796]]]],"type":"MultiPolygon"},"id":"geoshape:13:2023-01-01:2d03973ff9a2313d9b1e","properties":{"administrativeCode":"13221","jurisdictionId":"geoshape:13:2023-01-01:2d03973ff9a2313d9b1e","municipalityName":"清瀬市","prefectureName":"東京都","snapshotDate":"2023-01-01","sourceDataset":"historical-administrative-areas-beta","sourceProvider":"Geoshape","sourceResourceId":"gci:13221A1970"},"type":"Feature"},{"geometry":{"coordinates":[[[[139.49677074804404,35.778704038944056],[139.49768452386047,35.77214234508601],[139.49926123507316,35.771678074294165],[139.5012142069161,35.76562707830714],[139.49720076019295,35.762439085536485],[139.50479764149037,35.761108175933195],[139.49476402468247,35.75829159979601],[139.49388608321178,35.753819124501256],[139.48731048076806,35.748990708266085],[139.4857337695554,35.74386825386274],[139.4851604200235,35.74088144510189],[139.48732839794093,35.740912396488014],[139.4862175332229,35.73450545956057],[139.47883565799998,35.7352173414414],[139.4771335265772,35.73750774401449],[139.47725894678732,35.73990647643902],[139.47100585345524,35.742754003962325],[139.4663832228545,35.74408491356561],[139.4509923713581,35.736997046143465],[139.4506877794193,35.741995695002316],[139.45138654916127,35.745617007178694],[139.44753435699397,35.74923831935507],[139.44753435699397,35.7525965447494],[139.44619056902863,35.75566073197557],[139.44414801132132,35.755753586133935],[139.44049290805557,35.76027248850788],[139.44000914438806,35.76358428682303],[139.4407795828215,35.76700441498961],[139.44499011844624,35.76666394974225],[139.4462084862015,35.76794843226636],[139.45135071481553,35.769325768948825],[139.45855341830975,35.76968170988924],[139.45948511129907,35.772451858947235],[139.4613305801048,35.77344230330317],[139.46994874025586,35.77418513657012],[139.47114919083822,35.77341135191705],[139.47949859339622,35.77994209438898],[139.4849812482948,35.780808733200416],[139.4895859617227,35.77915283404284],[139.49037431732904,35.780901587358784],[139.49379649734743,35.779617104834685],[139.49349190540863,35.781706323397984],[139.49598239243772,35.781597993546555],[139.49677074804404,35.778704038944056]]]],"type":"MultiPolygon"},"id":"geoshape:13:2023-01-01:2e6ef6075176848290bf","properties":{"administrativeCode":"13213","jurisdictionId":"geoshape:13:2023-01-01:2e6ef6075176848290bf","municipalityName":"東村山市","prefectureName":"東京都","snapshotDate":"2023-01-01","sourceDataset":"historical-administrative-areas-beta","sourceProvider":"Geoshape","sourceResourceId":"gci:13213A1968"},"type":"Feature"},{"geometry":{"coordinates":[[[[139.49718284302008,35.68725816864398],[139.49718284302008,35.68725816864398]]],[[[139.4895859617227,35.695444810273486],[139.48781216160845,35.69197825502772],[139.4890305293637,35.69095685928566],[139.49578530353614,35.688650981019514],[139.49544487725157,35.68690222770357],[139.49870580271414,35.68563322087253],[139.49988833612363,35.68718079017867],[139.50295217268462,35.68727364433704],[139.50112462105176,35.68458087374435],[139.502898421166,35.68458087374435],[139.50519181929351,35.686979606168876],[139.51456250070515,35.68609749166437],[139.51527918762002,35.68999736631586],[139.51807426658792,35.691390178691385],[139.52226688503978,35.68736649849541],[139.52049308492553,35.68164049206268],[139.52434527709283,35.679690554736936],[139.52645950349165,35.672386027611935],[139.52516946704492,35.668981375138415],[139.52321649520195,35.667789746772684],[139.5170350705614,35.65531633816516],[139.52079767686433,35.653598536235336],[139.5208335112101,35.64620115495197],[139.51683798165982,35.64931176925732],[139.51228701975052,35.65116885242469],[139.50331051614205,35.6500391268312],[139.49945832397472,35.6514474148998],[139.49103725272528,35.65208191831532],[139.48901261219083,35.65149384197898],[139.48625336756865,35.652685470344714],[139.47924775297602,35.65197358846389],[139.47399802132475,35.650751008712035],[139.47380093242316,35.64932724495038],[139.4691603846495,35.65081291148428],[139.44201586774963,35.65796268167867],[139.44092292020449,35.659974521776654],[139.4298321901972,35.67082298261273],[139.43173141052156,35.6726800657801],[139.43606736635638,35.67151938880049],[139.44051082522844,35.67161224295886],[139.4457068053611,35.67350027751236],[139.45066986224643,35.6715967672658],[139.45351869273296,35.6715967672658],[139.45066986224643,35.67319076365113],[139.45092070266662,35.676904929985874],[139.4523719936692,35.67856082914345],[139.4513686319884,35.68066552339981],[139.4528736745096,35.68351305092311],[139.4536799472888,35.68804742899012],[139.4560450141078,35.69128184883996],[139.45941344260757,35.69238062304732],[139.46025554973252,35.699855382796],[139.46297896000894,35.699870858489064],[139.46376731561529,35.695429334580425],[139.46684906934914,35.69529005334287],[139.4677986795113,35.69250442859181],[139.46380314996102,35.689548571217074],[139.4665444774103,35.68844979700971],[139.47747395286177,35.68940928997952],[139.47820855694948,35.690368782949335],[139.48664754537182,35.69225681750283],[139.4895859617227,35.695444810273486]]]],"type":"MultiPolygon"},"id":"geoshape:13:2023-01-01:37262742e9552bbf34f7","properties":{"administrativeCode":"13206","jurisdictionId":"geoshape:13:2023-01-01:37262742e9552bbf34f7","municipalityName":"府中市","prefectureName":"東京都","snapshotDate":"2023-01-01","sourceDataset":"historical-administrative-areas-beta","sourceProvider":"Geoshape","sourceResourceId":"gci:13206A1968"},"type":"Feature"},{"geometry":{"coordinates":[[[[139.27565491764045,34.53229171977528],[139.28310846155486,34.532647660715696],[139.29088451458097,34.528840640222576],[139.29308832684413,34.52469315448211],[139.29079492871662,34.520499241662456],[139.28126299274913,34.51204951325091],[139.27633577020956,34.51104359320192],[139.27148021636145,34.51310186037909],[139.26816553938028,34.517249346119556],[139.26737718377393,34.52187657834493],[139.2686493030478,34.52727759522337],[139.27223273762203,34.531177469874855],[139.27565491764045,34.53229171977528]]]],"type":"MultiPolygon"},"id":"geoshape:13:2023-01-01:3d56e075c33948f9762e","properties":{"administrativeCode":"13362","jurisdictionId":"geoshape:13:2023-01-01:3d56e075c33948f9762e","municipalityName":"利島村","parentJurisdictionName":"大島支庁","prefectureName":"東京都","snapshotDate":"2023-01-01","sourceDataset":"historical-administrative-areas-beta","sourceProvider":"Geoshape","sourceResourceId":"gci:13362A1968"},"type":"Feature"},{"geometry":{"coordinates":[[[[139.81666395248666,35.53325954698954],[139.8109662915136,35.52819899535845],[139.8070961821734,35.531108425654004],[139.81979945773912,35.5423902058958],[139.8230962175474,35.54384492104357],[139.8260346338983,35.54156999416354],[139.81666395248666,35.53325954698954]]],[[[139.76422038749263,35.57499749117626],[139.77346564869416,35.57488916132483],[139.76561792697657,35.56489186360714],[139.75848689217383,35.56843579731821],[139.7571431042085,35.571499984544374],[139.75760895070314,35.57445584191911],[139.76422038749263,35.57499749117626]]],[[[139.7494745542196,35.588863712159316],[139.7560143223176,35.58925060448585],[139.75597848797187,35.584932886121706],[139.76257200758846,35.58501026458701],[139.7625540904156,35.59460519428511],[139.765420838075,35.59448138874062],[139.76680046038607,35.592562402801],[139.7731431395825,35.595750395571656],[139.77678032567533,35.59028747592097],[139.77377024063298,35.587517326862965],[139.7754902892286,35.585180497210686],[139.7785362086167,35.58648045542785],[139.78753062939805,35.58007351850041],[139.78509389388756,35.577225990977105],[139.7666571230031,35.5771486125118],[139.76918344437794,35.580088994193474],[139.76760673316528,35.58149728226206],[139.76248242172412,35.5771486125118],[139.7558351505889,35.57707123404649],[139.75411510199325,35.578293813798346],[139.7494745542196,35.588863712159316]]],[[[139.80582406289957,35.585443583992735],[139.7944824924721,35.59217551047446],[139.8044265234156,35.59763843012515],[139.80560905682512,35.596152763591256],[139.8117188127742,35.58863157676339],[139.80582406289957,35.585443583992735]]],[[[139.6954005264943,35.607496446605296],[139.6982135226351,35.60358109626075],[139.70106235312159,35.60141449923215],[139.7118305740172,35.60065619027213],[139.71448231560214,35.59997525977743],[139.71534233989996,35.596911072551265],[139.71754615216312,35.59623014205656],[139.7191766148944,35.591850520920175],[139.72109375239162,35.59429568042388],[139.72824270436723,35.59438853458225],[139.7305540196676,35.5921600347814],[139.7289414741092,35.588832760773194],[139.73010609034583,35.587378045625414],[139.73587542001036,35.58736256993235],[139.74653613786873,35.59016367037648],[139.74789784300694,35.58858514968421],[139.75194712407583,35.57946996647102],[139.75028082699882,35.57544628627504],[139.75409718482038,35.57448679330523],[139.75635474860215,35.56907030073373],[139.74977914615843,35.56662514123002],[139.75527971822987,35.561595540985046],[139.75859439521105,35.56436569004305],[139.76373662382508,35.56046581539157],[139.77099307883793,35.56897744657536],[139.78543432017213,35.57055596726762],[139.8012551838174,35.548301920645265],[139.80396067692095,35.54602699376524],[139.80890581663343,35.53844390416513],[139.794912504621,35.532129821396055],[139.78441304131846,35.53537971693896],[139.7819583886351,35.538830796491666],[139.7764936509094,35.534466651048334],[139.76807257965993,35.53934149436269],[139.75648016881226,35.5445568029244],[139.75008373809723,35.54458775431052],[139.74676906111605,35.54382944535051],[139.739405103066,35.54512940356767],[139.73463913508226,35.5409819178272],[139.73073319139633,35.54276162252927],[139.72611056079555,35.543473504410095],[139.71820908755936,35.53830462292757],[139.71075554364492,35.53654039391857],[139.70573873524097,35.5362463557504],[139.6999335712307,35.53836652569982],[139.697944765042,35.54144618861905],[139.6984464458824,35.545407966042774],[139.70301532496455,35.54892094836772],[139.7042336927198,35.55164467034654],[139.70267489868002,35.55367198613759],[139.69778351048618,35.556132621334356],[139.69045538678185,35.55695283306662],[139.68155055186486,35.56119317296545],[139.67879130724268,35.56298835336058],[139.67640832325083,35.566037064893685],[139.67139151484687,35.57818548394692],[139.66931312279382,35.58471622641885],[139.66449340329146,35.58952916696096],[139.6587957423184,35.58943631280259],[139.6551406390527,35.590148194683415],[139.6570577765499,35.59341356591938],[139.65297266113527,35.59593610388839],[139.6557677401032,35.59647775314555],[139.6596199322705,35.59995978408437],[139.66263001731286,35.59842769047129],[139.66440381742711,35.599665745916205],[139.6697610521156,35.599015766807625],[139.67565580199022,35.59178861814793],[139.68061885887553,35.594852805374096],[139.680278432591,35.600671665965194],[139.6804038528011,35.604401307993],[139.68198056401377,35.6058095960616],[139.6847577258088,35.60534532526975],[139.6840052045482,35.61309864749354],[139.686119430947,35.61169035942495],[139.6912974939068,35.61093205046494],[139.6954005264943,35.607496446605296]]]],"type":"MultiPolygon"},"id":"geoshape:13:2023-01-01:3f4b568e4883a561587a","properties":{"administrativeCode":"13111","jurisdictionId":"geoshape:13:2023-01-01:3f4b568e4883a561587a","municipalityName":"大田区","prefectureName":"東京都","snapshotDate":"2023-01-01","sourceDataset":"historical-administrative-areas-beta","sourceProvider":"Geoshape","sourceResourceId":"gci:13111A1968"},"type":"Feature"},{"geometry":{"coordinates":[[[[142.12697589119205,27.680830984840096],[142.12581127495542,27.677596564990253],[142.12360746269226,27.67939174538538],[142.12697589119205,27.680830984840096]]],[[[141.4621412746329,24.24507236826869],[141.47093860651268,24.24185342411191],[141.47292741270138,24.239563021538814],[141.47199571971206,24.23297037629464],[141.46882438011386,24.22719794278272],[141.45868326026877,24.224706356199828],[141.45497440548442,24.225480140852902],[141.45325435688878,24.229380015504386],[141.45345144579036,24.235260778867733],[141.45506399134877,24.241915326884154],[141.45893410068896,24.244933087031136],[141.4621412746329,24.24507236826869]]],[[[153.98391587913596,24.297550443440052],[153.98486548929813,24.29713259972739],[153.9850088266811,24.289998305226064],[153.98660345506664,24.28373064953618],[153.9845788145322,24.280883122012874],[153.97757319993954,24.283235427358214],[153.97151719550908,24.284303250179452],[153.97259222588136,24.286686506910915],[153.97777028884113,24.29080304126526],[153.98391587913596,24.297550443440052]]],[[[141.28768176238592,24.80660789100322],[141.2875205078301,24.803218714222766],[141.28597963096317,24.798374822294534],[141.28468959451644,24.799396218036588],[141.28635589159344,24.806205522983625],[141.28768176238592,24.80660789100322]]],[[[141.3234802737826,24.812612459911062],[141.32993045601623,24.810677998278383],[141.33577145437226,24.806190047290563],[141.3409136829863,24.799783110363126],[141.34354750739837,24.793561881752424],[141.3463246691934,24.7819705876494],[141.3463246691934,24.778890924730174],[141.3442104427946,24.77754453943383],[141.34300999221222,24.774774390375832],[141.33627313521265,24.770735234486793],[141.3252719910697,24.77051857478393],[141.31916223512064,24.766077050875296],[141.30445223619338,24.757441614147012],[141.30199758351003,24.75669878088006],[141.2939169385451,24.75187036464489],[141.2923043929867,24.749100215586893],[141.28816552605343,24.746128882519095],[141.28580045923445,24.745772941578682],[141.2852091925297,24.750647784893037],[141.286140885519,24.755120260187795],[141.28854178668374,24.75739518706783],[141.29103227371283,24.761898613748706],[141.29352276074195,24.770859040031283],[141.29382735268075,24.777265976958724],[141.29327192032173,24.781676549481233],[141.29047684135384,24.786489490023342],[141.28890013014117,24.7873097017556],[141.28605129965464,24.785638326904966],[141.28739508761998,24.79000247234829],[141.28979598878473,24.7909619653181],[141.29656868013004,24.795589197543475],[141.30579602415872,24.79885456877944],[141.30900319810266,24.800850933184364],[141.31376916608642,24.805338884172183],[141.31753177238937,24.806112668825257],[141.32152730193965,24.808418547091414],[141.3234802737826,24.812612459911062]]],[[[141.28411624498455,25.448771774587883],[141.28809385736196,25.447378962212355],[141.28988557464908,25.444655240233537],[141.29053059287244,25.440693462809808],[141.29309274859304,25.437350713108536],[141.29234022733243,25.43386868216971],[141.29346900922332,25.426208214104296],[141.28988557464908,25.421936922819338],[141.28142866905387,25.418888211286234],[141.27689562431746,25.419089395296034],[141.27501432116597,25.42150360341362],[141.27221924219808,25.429380731181894],[141.27284634324857,25.439656591374693],[141.27367053320063,25.44159105300737],[141.28001321239705,25.44790513577644],[141.28411624498455,25.448771774587883]]],[[[142.21256622599782,26.56446091446664],[142.2180667980693,26.563315713180092],[142.2150567130269,26.556676640856733],[142.21061325415485,26.554850509075482],[142.20407348605687,26.55461837367956],[142.20213843138677,26.552962474521983],[142.20158299902778,26.556599262391423],[142.2039839001925,26.558827762192273],[142.2031776274133,26.5621086091213],[142.20588312051686,26.561690765408642],[142.20914404597943,26.563888313823366],[142.21256622599782,26.56446091446664]]],[[[142.15499834956262,26.564538292931946],[142.15677214967687,26.561953852190683],[142.16074976205428,26.561334824468226],[142.15908346497724,26.554370762590576],[142.1601764125224,26.554695752144866],[142.160928933783,26.548134058286813],[142.15788301439488,26.54691147853496],[142.15782926287628,26.543893718387977],[142.15437124851212,26.54378538853655],[142.15331413531274,26.54776264165334],[142.15517752129134,26.550378033780724],[142.15343955552282,26.553271988383216],[142.1550700182541,26.55409220011547],[142.15209576755748,26.55861110248941],[142.15360081007867,26.559818206548204],[142.15284828881806,26.56424425476378],[142.15499834956262,26.564538292931946]]],[[[142.23068048777063,26.575649840550064],[142.2352314496799,26.57080594862183],[142.2397824115892,26.569521466097733],[142.23842070645097,26.568267934959753],[142.231182168611,26.56642632748544],[142.22924711394091,26.564213303377656],[142.2268282956033,26.563810935358056],[142.22582493392252,26.566534657336874],[142.22847667550747,26.569057195305888],[142.22654162083737,26.570604764612032],[142.22874543310053,26.574334406639842],[142.23068048777063,26.575649840550064]]],[[[142.16143061462338,26.588463714404938],[142.162039798501,26.58555428410939],[142.15816968916081,26.583372211387726],[142.15395915353608,26.584269801585286],[142.1512715776054,26.58193297193301],[142.1471685450179,26.582319864259546],[142.1492290198981,26.58575546811919],[142.1515224180256,26.58526024594122],[142.15480126066103,26.587782783910235],[142.16143061462338,26.588463714404938]]],[[[142.16381359861526,26.592889762620512],[142.1663399199901,26.590986252373956],[142.1651573865806,26.58871132549392],[142.16381359861526,26.592889762620512]]],[[[142.17759190455322,26.60550245246559],[142.17787857931916,26.603103720041066],[142.1754776781544,26.601927567368396],[142.17759190455322,26.60550245246559]]],[[[142.13106100660667,26.610624906868928],[142.1340352573033,26.608009514741546],[142.13346190777142,26.60687978914806],[142.13593447762764,26.60140139380431],[142.13353357646292,26.596774161578935],[142.1288751115164,26.595087311035236],[142.12758507506967,26.598166973954466],[142.12715506292076,26.59595394984668],[142.1252558425964,26.595598008906265],[142.12581127495542,26.598584817667124],[142.12747757203243,26.599451456478565],[142.12633087296868,26.602360886774118],[142.12298036164177,26.603506088060662],[142.12419872939702,26.60657027528683],[142.12616961841283,26.607576195335824],[142.12602628102988,26.609913024988103],[142.1282480104659,26.610501101324438],[142.1297530529871,26.608674969543188],[142.13106100660667,26.610624906868928]]],[[[142.18567254951813,27.118753812848414],[142.1883063739302,27.115983663790416],[142.1841854241698,27.118119309432895],[142.18567254951813,27.118753812848414]]],[[[142.16841831204317,27.121570388985596],[142.1717688233701,27.11635508042389],[142.16945750806968,27.11473013265244],[142.16730744732513,27.115132500672036],[142.1655873987295,27.11290400087119],[142.16159186917923,27.113275417504664],[142.16189646111803,27.115101549285914],[142.1657844876311,27.116974108146348],[142.16324024908337,27.12147753482723],[142.16705660690494,27.120394236312926],[142.16841831204317,27.121570388985596]]],[[[142.17904319555578,27.129401089674687],[142.1818920260423,27.12683212462649],[142.17956279356906,27.127017832943224],[142.17694688632986,27.12898324596203],[142.17904319555578,27.129401089674687]]],[[[142.1320464511146,26.703154075683308],[142.13201061676887,26.70284456182208],[142.13346190777142,26.702333863951054],[142.1341069259948,26.699625617665298],[142.13951791220188,26.700755343258784],[142.14247424572565,26.697969718507725],[142.14181131032942,26.702349339644115],[142.1406466940928,26.708059870383785],[142.1433701043692,26.707843210680927],[142.14333427002347,26.707843210680927],[142.14354927609793,26.70628016568172],[142.1476702258583,26.707611075285005],[142.15132532912403,26.706759912166625],[142.1513432462969,26.706744436473564],[142.15223910494046,26.706326592760906],[142.15225702211333,26.706311117067845],[142.1527766201266,26.70671348508744],[142.15261536557074,26.70720870726541],[142.15261536557074,26.70723965865153],[142.1548191778339,26.708895557809104],[142.1562525516636,26.708059870383785],[142.15648547491094,26.70734798850296],[142.1586176184826,26.703649297861276],[142.16207563284675,26.703401686772292],[142.165103635062,26.702473145188605],[142.16320441473763,26.700136315536326],[142.1599972407937,26.701420798060425],[142.1599972407937,26.701389846674303],[142.1568796527141,26.6992232496457],[142.1539412363632,26.698944687170595],[142.15130741195117,26.697257836626896],[142.1507161452464,26.69406984385624],[142.14881692492204,26.694642444499515],[142.1458068398797,26.6934043890546],[142.14693562177058,26.68902476791821],[142.14682811873334,26.685001087722235],[142.14888859361355,26.68390231351487],[142.15386956767173,26.684072546138548],[142.15926263670596,26.68687364658267],[142.16601741087842,26.687384344453697],[142.168579566599,26.68989140672965],[142.16779121099268,26.685774872375305],[142.16621449978,26.683221383020168],[142.16630408564436,26.680002438863387],[142.16537239265506,26.67990958470502],[142.16401068751685,26.67768108490417],[142.16162770352497,26.672930047134308],[142.16277440258872,26.670082519611],[142.16189646111803,26.666817148375035],[142.1645302855301,26.660874482239443],[142.16653700889168,26.658243614418996],[142.1702100293303,26.658166235953686],[142.17264676484078,26.656200822934885],[142.17624811658789,26.656541288182236],[142.17920445011163,26.655457989667937],[142.18225036949974,26.656757947885097],[142.1819457775609,26.65937334001248],[142.18871846890625,26.659636426794524],[142.1873746809409,26.657160315904694],[142.1879301132999,26.655163951499766],[142.18466918783736,26.6561543958557],[142.1855829636538,26.65423540991608],[142.18103200174448,26.65327591694627],[142.1779860823564,26.65476158348017],[142.1756210155374,26.655009194569153],[142.17425931039918,26.653121160015658],[142.17476099123957,26.64790585145395],[142.17246759311206,26.644191685119203],[142.17239592442056,26.64412978234696],[142.17123130818393,26.643433376159194],[142.17325594871838,26.639193036260355],[142.17284385374234,26.636701449677464],[142.1772335610958,26.6341170089362],[142.18006447440945,26.63151709250188],[142.18097825022588,26.62876241913694],[142.18026156331103,26.624181613990753],[142.18137242802905,26.624042332753202],[142.1814082623748,26.616567573004524],[142.1821966179811,26.611971292165276],[142.18337915139062,26.61170820538323],[142.17848776319678,26.607576195335824],[142.17646312266234,26.609618986819935],[142.1734351204471,26.60817974736522],[142.1744384821279,26.611646302610986],[142.17744856717025,26.61536046894573],[142.1764093711437,26.617341357657594],[142.1774127328245,26.61964723592375],[142.17458181951085,26.621736454487046],[142.1761047792049,26.62294355854584],[142.17309469416256,26.628236245572854],[142.16936792220534,26.632337304234134],[142.16184270959943,26.630309988443088],[142.16071392770854,26.635881237945206],[142.16141269745052,26.639425171656278],[142.1584921982725,26.63892994947831],[142.1564496405652,26.63568005393541],[142.1540845737462,26.63594314071745],[142.15166575540857,26.64556902180167],[142.15191659582877,26.647751094523336],[142.14930068858956,26.648277268087426],[142.14890651078642,26.65090813590787],[142.14634435506582,26.653074732936474],[142.1488527592678,26.653941371747912],[142.14519765600207,26.656417482637742],[142.14521557317494,26.65829004149818],[142.14926485424382,26.662097061991297],[142.1486735875391,26.66686357545422],[142.14165005577357,26.666631440058296],[142.14439138322285,26.67093368272938],[142.1451259873106,26.674818081687803],[142.14270716897298,26.67712395995396],[142.13645407564093,26.681503581090347],[142.136579495851,26.684180875989977],[142.13319315017836,26.68687364658267],[142.13020098230888,26.691980625292945],[142.12848093371323,26.697226885240774],[142.12823009329304,26.70135889528818],[142.1263846244873,26.7019933987037],[142.1253812628065,26.7043611797421],[142.12534542846078,26.704423082514346],[142.12328495358057,26.70573851642457],[142.12303411316037,26.70918959597727],[142.12256826666572,26.71087644652097],[142.12303411316037,26.712996616470388],[142.12534542846078,26.713507314341413],[142.12740590334096,26.709545536917688],[142.13046973990194,26.708028918997663],[142.1304876570748,26.70799796761154],[142.12996805906155,26.707425366968266],[142.12996805906155,26.707394415582144],[142.13202853394174,26.703154075683308],[142.1320464511146,26.703154075683308]]],[[[142.22188315589085,27.093915325484794],[142.22397946511677,27.091547544446392],[142.2239077964253,27.091439214594963],[142.22394363077103,27.091330884743535],[142.2239077964253,27.091315409050473],[142.22397946511677,27.0907428084072],[142.22449906313005,27.089938072368003],[142.22487532376033,27.08904048217044],[142.22485740658746,27.08904048217044],[142.2230298549546,27.08552749984549],[142.22580701674966,27.08069908361032],[142.2295696230526,27.081472868263393],[142.23145092620408,27.078842000442947],[142.23252595657635,27.078099167176],[142.23252595657635,27.07811464286906],[142.23272304547794,27.07771227484946],[142.23272304547794,27.077619420691093],[142.23272304547794,27.07758846930497],[142.23263345961357,27.072713625990616],[142.23077007363497,27.069045886735054],[142.23184510400725,27.06387700525253],[142.2311284170924,27.061911592233727],[142.23014297258447,27.059497384116142],[142.23333222935557,27.056649856592834],[142.23700524979415,27.054220172782188],[142.23632439722505,27.0509238501601],[142.234658100148,27.049809600259678],[142.23039381300467,27.053864231841775],[142.22867376440905,27.056851040602634],[142.22509032983479,27.053554717980546],[142.2219189902366,27.053446388129117],[142.22630869759004,27.04982507595274],[142.22517991569916,27.048060846943734],[142.22586076826826,27.04533712496492],[142.2236569560051,27.046064482538807],[142.22290443474452,27.04395978828245],[142.22697163298628,27.04108130937302],[142.22498282679757,27.039286128977892],[142.22831542095162,27.039069469275034],[142.2298204634728,27.037459997196642],[142.22940836849676,27.035943379276624],[142.21946433755323,27.036299320217037],[142.21878348498413,27.03815640338441],[142.2205393679255,27.040462281650562],[142.21872973346552,27.04148367739262],[142.21871181629265,27.04148367739262],[142.21765470309325,27.04160748293711],[142.2141966887291,27.039177799126463],[142.2123870542691,27.040663465660362],[142.2081586014715,27.040338476106072],[142.20636688418438,27.04406811813388],[142.20131424143472,27.04459429169797],[142.19918209786303,27.045631163133088],[142.19574200067174,27.044099069520005],[142.19405778642187,27.04137534754119],[142.18748218397812,27.04482642709389],[142.1862638162229,27.0438205070449],[142.18572630103674,27.0404468059575],[142.18406000395973,27.045383552044104],[142.18560088082666,27.047906090013118],[142.18776885874408,27.047875138626996],[142.18979349927852,27.050691714764177],[142.18932765278387,27.05336900966381],[142.1894351558211,27.054514210950355],[142.1894351558211,27.054529686643416],[142.1875717698425,27.0560617802565],[142.18785844460842,27.059033113324297],[142.18784052743555,27.059048589017358],[142.18771510722544,27.05948190842308],[142.1872492607308,27.061199710352902],[142.1942190409777,27.059311675799403],[142.1948282248553,27.062840133817414],[142.19129854179968,27.0650531579252],[142.19326943081552,27.06717332787462],[142.18995475383434,27.067854258369323],[142.18714175769358,27.071645803169375],[142.18452585045438,27.07062440742732],[142.18250120991993,27.07124343514978],[142.18233995536409,27.074524282078805],[142.1839525009225,27.07522068826657],[142.18665799402606,27.072713625990616],[142.19106561855236,27.07381240019798],[142.19382486317454,27.07574686183066],[142.1985729139854,27.075282591038814],[142.20210259704103,27.07289933430735],[142.20573978313388,27.074756417474727],[142.20489767600895,27.077402760988235],[142.20720899130933,27.078702719205396],[142.2067968963333,27.080528850986646],[142.208230270163,27.084181114549146],[142.20643855287588,27.086208430340196],[142.20378681129094,27.084939423509155],[142.20192342531232,27.087384583012867],[142.2037330597723,27.089814266823513],[142.20376889411807,27.093574860237442],[142.20133215860758,27.095803360038293],[142.20281928395588,27.09857350909629],[142.20059755451985,27.099440147907732],[142.19812498466362,27.098325898007307],[142.1981429018365,27.096050971127276],[142.19167480243,27.09246061033702],[142.192230234789,27.089489277269223],[142.18785844460842,27.088003610735324],[142.18621006470428,27.088994055091256],[142.18610256166704,27.091129700733735],[142.18187410886944,27.094456974741945],[142.18287747055024,27.097304502265253],[142.18187410886944,27.100771057511015],[142.18298497358745,27.103138838549416],[142.18796594764564,27.105305435578018],[142.1954015743872,27.10372691488575],[142.20471850428024,27.105460192508634],[142.20548894271369,27.103417401024522],[142.21054158546337,27.102566237906142],[142.2168663474869,27.100121078402434],[142.21958975776334,27.095803360038293],[142.2218473215451,27.093930801177855],[142.22186523871798,27.093915325484794],[142.2218473215451,27.093930801177855],[142.22188315589085,27.093915325484794]]],[[[142.174008469979,27.044099069520005],[142.1777173247633,27.03681001808806],[142.17515516904274,27.03547910848478],[142.176928969157,27.031935174773707],[142.17513725186987,27.032089931704324],[142.17264676484078,27.04225746204569],[142.174008469979,27.044099069520005]]],[[[142.24130537128323,27.095834311424415],[142.24648343424303,27.094441499048884],[142.248848501062,27.09151659306027],[142.24573091298242,27.090309489001477],[142.24474546847452,27.092120145089666],[142.2411441167274,27.094627207365622],[142.24130537128323,27.095834311424415]]],[[[142.19167480243,27.14418037654837],[142.19389653186602,27.143685154370402],[142.19416528945908,27.14032692897607],[142.1959570067462,27.140388831748314],[142.19457738443512,27.137835342393174],[142.19927168372737,27.134925912097625],[142.2003825484454,27.132774790762085],[142.20484392449032,27.134833057939254],[142.2069223165434,27.134012846207],[142.20520226794775,27.131041513139202],[142.20611604376418,27.129122527199584],[142.2092694661895,27.129401089674687],[142.21665134141244,27.1336104781874],[142.21964350928195,27.132666460910652],[142.21779804047623,27.129122527199584],[142.22329861254767,27.125485739330145],[142.22399738228967,27.12300962844031],[142.22675662691182,27.123907218637875],[142.22582493392252,27.120394236312926],[142.22729414209795,27.11825859067045],[142.22600410565124,27.1162312748794],[142.22756289969104,27.11499321943448],[142.2325617909221,27.11378611537569],[142.23533895271714,27.114173007702227],[142.23609147397772,27.111588566960965],[142.23388766171456,27.109127931764196],[142.23177343531577,27.109127931764196],[142.2266312067017,27.111031442010752],[142.22070062248136,27.110861209387078],[142.22003768708512,27.108880320675212],[142.21675884444969,27.10841604988337],[142.21261997751643,27.109623153942163],[142.20901862576932,27.10874103943766],[142.20423474061272,27.11036598720911],[142.20034671409965,27.11079930661483],[142.2026938637458,27.114234910474472],[142.20550685988655,27.1158289068598],[142.2063489670115,27.118010979581463],[142.20194134248518,27.119929965521084],[142.20074089190283,27.122251319480302],[142.19699620277274,27.123381045073785],[142.19294692170385,27.123148909677866],[142.19034893163752,27.12064184740191],[142.1871238405207,27.121539437599473],[142.19018767708167,27.12331914230154],[142.19045643467476,27.125578593488513],[142.1882526224116,27.126924978784857],[142.18837804262168,27.130345106951438],[142.19300067322246,27.133409294177603],[142.1889872264993,27.136922276502553],[142.19167480243,27.14418037654837]]],[[[142.18922014974663,27.19003485508943],[142.18884388911633,27.187512317120415],[142.19583158653612,27.184649313904046],[142.1972649603658,27.182513668261567],[142.19968377870342,27.18372077232036],[142.1999346191236,27.181414894054207],[142.1979458129349,27.17954233519377],[142.19592117240046,27.179805421975814],[142.19450571574365,27.17644719658148],[142.19511489962127,27.173290155196945],[142.19760538665037,27.171046179703037],[142.19805331597215,27.16883315559525],[142.2021742657325,27.169173620842603],[142.2000062878151,27.165676114210715],[142.20032879692678,27.16262740267761],[142.1974620492674,27.159547739758384],[142.19939710393749,27.158170403075914],[142.19624368151216,27.154533615206475],[142.19305442474106,27.152490823722363],[142.1923556549991,27.150540886396623],[142.18791219612703,27.15018494545621],[142.1874284324595,27.147677883180254],[142.18877222042485,27.144474414716537],[142.18182035735083,27.146052935408804],[142.179706130952,27.148018348427605],[142.18060198959557,27.150695643327236],[142.18466918783736,27.14951949065457],[142.18468710501023,27.152583677880735],[142.18635340208724,27.154657420750965],[142.1844541817629,27.156885920551815],[142.1811574219546,27.157922791986934],[142.1843825130714,27.15928465297634],[142.18327164835338,27.16606300653725],[142.18425709286132,27.16657370440828],[142.18391666657675,27.171866391435294],[142.18760760418823,27.1719437699006],[142.18755385266962,27.176694807670465],[142.18492002825755,27.17963518935214],[142.1875717698425,27.18209582454891],[142.18771510722544,27.18446360558731],[142.1857442182096,27.18468026529017],[142.1842033413427,27.187295657417554],[142.18922014974663,27.19003485508943]]],[[[142.19855499681253,27.19676678157116],[142.19841165942955,27.194801368552355],[142.19511489962127,27.19292880969192],[142.19344860254424,27.19390377835479],[142.1952224026585,27.19644179201687],[142.19855499681253,27.19676678157116]]],[[[140.87504927116194,27.254011370205443],[140.87981523914567,27.253500672334418],[140.8857099890203,27.25170549193929],[140.88997427616366,27.24613424243717],[140.8900817792009,27.24446286758653],[140.88667751635535,27.238922569470535],[140.88438411822784,27.237204767540714],[140.88114110993814,27.237096437689285],[140.87366964885086,27.2381333091244],[140.86929785867028,27.24293077397345],[140.87119707899464,27.24710921110004],[140.87087456988294,27.250297203870698],[140.87336505691204,27.253717332037276],[140.87504927116194,27.254011370205443]]],[[[142.20695815088914,27.489504991521454],[142.2088394540406,27.487910995136126],[142.20482600731745,27.48788004375],[142.20695815088914,27.489504991521454]]],[[[142.2114016097612,27.50224148691102],[142.21312165835684,27.498635650427705],[142.21211829667604,27.496175015230936],[142.21511046454555,27.489613321372882],[142.21168828452713,27.49010854355085],[142.21199287646596,27.493482244638244],[142.21036241373466,27.495432181963984],[142.20538143967647,27.496391674933797],[142.20416307192122,27.498326136566476],[142.20525601946636,27.500430830822832],[142.2082840216816,27.49954871631833],[142.2114016097612,27.50224148691102]]],[[[142.17506558317837,27.63588957218966],[142.17818317125796,27.633722975161056],[142.17958071074193,27.63041117684591],[142.18176660583222,27.63082902055857],[142.1859413071112,27.626155361254014],[142.18608464449417,27.62250309769151],[142.1874284324595,27.622348340760897],[142.1854933777894,27.619469861851467],[142.18142617954766,27.621930497048236],[142.17811150256648,27.626294642491565],[142.17583602161184,27.62324593095846],[142.17347095479283,27.624298278086638],[142.17065795865207,27.63480627367536],[142.17295135677958,27.632964666201048],[142.17506558317837,27.63588957218966]]],[[[142.1570767416157,27.664426750194966],[142.15906554780437,27.66263156979984],[142.15815177198795,27.65911858747489],[142.1570767416157,27.664426750194966]]],[[[142.1312401783354,27.688739063994497],[142.13281688954805,27.685489168451593],[142.13631073825795,27.687361727312027],[142.1387116394227,27.685628449689144],[142.14005542738803,27.688398598747142],[142.14252799724426,27.688816442459803],[142.1431909326405,27.686371282956095],[142.1481539895258,27.68357018251197],[142.14756272282108,27.682007137512766],[142.14881692492204,27.673418127863666],[142.1456814196696,27.67058607603342],[142.14091545168586,27.671499141924045],[142.13781578077914,27.67445499929878],[142.13942832633754,27.67614184984248],[142.13860413638545,27.679190561375584],[142.1330318956225,27.681047644542957],[142.13106100660667,27.678385825336388],[142.12892886303501,27.681635720879292],[142.12715506292076,27.681790477809905],[142.1258291921283,27.68429754008586],[142.12392997180393,27.683508279739726],[142.12527375976927,27.68706768914386],[142.1312401783354,27.688739063994497]]],[[[142.1067115686747,27.71801907526675],[142.11054584366914,27.717678610019398],[142.10861078899904,27.71620841917856],[142.1067115686747,27.71801907526675]]],[[[142.0965704488296,27.720541613235767],[142.10094223901018,27.719442839028403],[142.1026085360872,27.717307193385924],[142.10144391985057,27.715821526852025],[142.096516697311,27.719226179325542],[142.0965704488296,27.720541613235767]]]],"type":"MultiPolygon"},"id":"geoshape:13:2023-01-01:41ebe3d3423118a0576b","properties":{"administrativeCode":"13421","jurisdictionId":"geoshape:13:2023-01-01:41ebe3d3423118a0576b","municipalityName":"小笠原村","parentJurisdictionName":"小笠原支庁","prefectureName":"東京都","snapshotDate":"2023-01-01","sourceDataset":"historical-administrative-areas-beta","sourceProvider":"Geoshape","sourceResourceId":"gci:13421A1968"},"type":"Feature"},{"geometry":{"coordinates":[[[[139.75843314065523,32.473467417652884],[139.76246450455125,32.47142462616877],[139.7699001312928,32.469025893744245],[139.77181726879002,32.46569861973603],[139.7774790954173,32.46169041523312],[139.78081168957135,32.457156037166115],[139.78016667134798,32.454973964444456],[139.7814029562761,32.45217286400033],[139.7791633096672,32.44729802068598],[139.77074223841774,32.443367194648374],[139.7684667574631,32.44285649677734],[139.76420247031973,32.445704024300646],[139.7603144438067,32.44658613880515],[139.75461678283364,32.45133717657502],[139.75484970608096,32.4629439463711],[139.75443761110495,32.467075956418505],[139.75510054650118,32.47164128587163],[139.75843314065523,32.473467417652884]]]],"type":"MultiPolygon"},"id":"geoshape:13:2023-01-01:454400740988ee5d60fc","properties":{"administrativeCode":"13402","jurisdictionId":"geoshape:13:2023-01-01:454400740988ee5d60fc","municipalityName":"青ヶ島村","parentJurisdictionName":"八丈支庁","prefectureName":"東京都","snapshotDate":"2023-01-01","sourceDataset":"historical-administrative-areas-beta","sourceProvider":"Geoshape","sourceResourceId":"gci:13402A1968"},"type":"Feature"},{"geometry":{"coordinates":[[[[139.67796711729062,35.7306829633744],[139.67734001624012,35.72936752946417],[139.67518995549557,35.723703425803684],[139.67576330502746,35.72195467248774],[139.67368491297438,35.72026782194404],[139.6790958991815,35.71827145753912],[139.6790958991815,35.715238221699074],[139.68185514380366,35.71314900313578],[139.68035010128247,35.71126096858228],[139.68278683679296,35.71011576729573],[139.69007912615155,35.711477628285145],[139.6942179930848,35.71104430887942],[139.68887867556919,35.70750037516835],[139.68749905325808,35.70400286853646],[139.68841282907454,35.699329209231905],[139.68398728737534,35.69199373072078],[139.6803321841096,35.68979618230606],[139.67130192898253,35.681485735132064],[139.66784391461837,35.67995364151898],[139.66411714266115,35.67634780503566],[139.66257626579423,35.679427467954895],[139.65927950598592,35.681903578844725],[139.65922575446731,35.68668556800071],[139.6609278858901,35.68677842215908],[139.66753932267957,35.6917461196318],[139.6651025871691,35.695429334580425],[139.6611608091374,35.695197199184506],[139.6606232939513,35.69652810878779],[139.6625404314485,35.69923635507354],[139.66108914044594,35.701433903488265],[139.66090996871722,35.70468379903117],[139.65820447561367,35.70503973997158],[139.65822239278654,35.70921817709817],[139.65060759431626,35.70934198264266],[139.64284945846305,35.71150857967127],[139.64179234526364,35.71475847521417],[139.63688303989693,35.71650722853011],[139.63218874060468,35.716940547935835],[139.63186623149298,35.71972617268689],[139.62899948383358,35.72101065521099],[139.6243947704057,35.7292746753058],[139.62453810778865,35.73014131411725],[139.62717193220072,35.73510901158997],[139.63355044574288,35.73527924421364],[139.63643511057515,35.73227695975972],[139.63992895928502,35.72630334223801],[139.6435661453779,35.72531289788208],[139.64740042037232,35.72548313050575],[139.64743625471806,35.72675213733679],[139.6596199322705,35.7258235957531],[139.66225375668256,35.72692236996046],[139.66512050434196,35.73131746678992],[139.66816642373004,35.731394845255224],[139.67146318353835,35.73354596659077],[139.67468827465518,35.73306622010586],[139.67796711729062,35.7306829633744]]]],"type":"MultiPolygon"},"id":"geoshape:13:2023-01-01:461908e106b176afadb0","properties":{"administrativeCode":"13114","jurisdictionId":"geoshape:13:2023-01-01:461908e106b176afadb0","municipalityName":"中野区","prefectureName":"東京都","snapshotDate":"2023-01-01","sourceDataset":"historical-administrative-areas-beta","sourceProvider":"Geoshape","sourceResourceId":"gci:13114A1968"},"type":"Feature"},{"geometry":{"coordinates":[[[[139.39390825859044,35.60819285279306],[139.40069886710862,35.61045230398003],[139.40148722271496,35.608657123584905],[139.4079374049486,35.61204630036536],[139.410804152608,35.61025111997023],[139.41270337293233,35.61227843576128],[139.4173797550517,35.61153560249433],[139.42053317747704,35.60978684917839],[139.4231132503705,35.60662980779385],[139.42614125258575,35.60546913081424],[139.42823756181167,35.60805357155551],[139.43386355409322,35.60587149883384],[139.43610320070212,35.60658338071467],[139.4388624453243,35.610080887346555],[139.44593972860844,35.60870355066409],[139.44927232276248,35.611783213583315],[139.4528736745096,35.60745001952611],[139.45351869273296,35.604478686458314],[139.45737088490026,35.607217884130186],[139.46380314996102,35.60916782145593],[139.46666989762042,35.60862617219878],[139.46641905720023,35.60690837026896],[139.47027124936753,35.60348824210238],[139.47118502518396,35.60105855829173],[139.47802938522076,35.59896933972844],[139.48016152879245,35.59486828106716],[139.48394205226828,35.59506946507695],[139.48517833719637,35.592856440969165],[139.4918256083316,35.588554198298084],[139.49320523064267,35.589204177406664],[139.4944415155708,35.586201892952744],[139.49392191755754,35.58278176478616],[139.49920748355453,35.58097110869798],[139.50546057688658,35.5747808314734],[139.5070193709264,35.575817702908516],[139.5065714416046,35.57171664424723],[139.5018413079666,35.57102023805947],[139.5008558634587,35.56859055424882],[139.49806078449078,35.56789414806106],[139.4961794813393,35.56462877682509],[139.49467443881812,35.564860912221015],[139.49103725272528,35.56142530836137],[139.48924553543816,35.56181220068791],[139.4864146221245,35.56894649518924],[139.482867021896,35.571376178999884],[139.4837449633667,35.57196425533621],[139.48612794735857,35.578448570728966],[139.4884034283132,35.57852594919427],[139.48987263648863,35.5835710251323],[139.4849812482948,35.58460789656742],[139.48220408649976,35.58171394196493],[139.4779577165293,35.580630643450625],[139.47648850835384,35.58200798013309],[139.47335300310138,35.576870050036696],[139.47324550006417,35.573852289889714],[139.4696620654899,35.56950362013944],[139.46964414831703,35.56529423162674],[139.4683720290432,35.562910974895274],[139.4702354150218,35.56049676677769],[139.47521638907997,35.559753933510734],[139.47636308814376,35.56249313118261],[139.47976735098928,35.55935156549114],[139.4818636602152,35.55596238871068],[139.48240117540135,35.547419806140766],[139.48034070052114,35.54314851485581],[139.48163073696787,35.539945046392084],[139.48496333112192,35.53805701183859],[139.484533318973,35.53609159881979],[139.4867192140633,35.53561185233488],[139.48576960390113,35.531356036742984],[139.48779424443558,35.52788948149722],[139.487597155534,35.52477886719187],[139.48575168672826,35.52234918338122],[139.486342953433,35.51984212110527],[139.48327911687204,35.51914571491751],[139.48035861769404,35.514735142395],[139.47699018919423,35.51120668437699],[139.4811290561275,35.505310445320575],[139.48494541394905,35.50396406002423],[139.47638100531663,35.50134866789684],[139.4677986795113,35.50226173378747],[139.46826452600595,35.506208035518135],[139.46484234598756,35.510897170515754],[139.46328355194777,35.51784575670034],[139.46081098209154,35.519377850313425],[139.45643919191096,35.52024448912486],[139.45473706048818,35.5225194160049],[139.45833841223532,35.5279359085764],[139.44921857124385,35.53463688367201],[139.4481435408716,35.53780940074961],[139.44509762148348,35.541136674757816],[139.44068999695716,35.542962806539066],[139.43601361483778,35.54683172980443],[139.43339770759857,35.546351983319525],[139.43198225094176,35.54873524005099],[139.4277896324899,35.55114944816857],[139.4271625314394,35.55330056950412],[139.42343575948217,35.556534989353956],[139.4218590482695,35.55981583628298],[139.41580304383905,35.562384801331184],[139.41623305598796,35.563808565092835],[139.41342005984717,35.56625372459654],[139.40920952422243,35.57510582102769],[139.4033326915207,35.575523664740345],[139.40118263077613,35.57770573746201],[139.39930132762467,35.583509122360056],[139.39987467715653,35.58432933409231],[139.39482203440687,35.58411267438945],[139.39415909901064,35.58564476800253],[139.39107734527678,35.585257875676],[139.38862269259343,35.58853872260502],[139.38532593278512,35.588198257357675],[139.37704819891863,35.591711239682624],[139.37471896644536,35.594326631810006],[139.36982757825152,35.59466709705735],[139.36615455781293,35.597561051659845],[139.3623023656456,35.59923242651048],[139.35923852908465,35.598597923094964],[139.3547950702126,35.600563336113765],[139.35081745783518,35.60093475274724],[139.3425218067958,35.60317872824115],[139.33929671567898,35.605515557893426],[139.33782750750353,35.604339405220756],[139.33030229489765,35.603163252548086],[139.32421045612142,35.60481915170566],[139.3205553528557,35.60652147794242],[139.31432017669653,35.60429297814157],[139.3048061579019,35.60469534616117],[139.2991443312746,35.60625839116038],[139.29661800989976,35.60992613041594],[139.29258664600374,35.6118296406625],[139.2827142837517,35.61323792873109],[139.27988337043806,35.61147369972208],[139.2740602892549,35.61102490462331],[139.26879264043077,35.60935352977267],[139.26881055760364,35.61212367883067],[139.27153396788006,35.613980761998036],[139.2744365498852,35.614259324473146],[139.27776914403924,35.619459157341794],[139.28592145769565,35.620898396796505],[139.28703232241367,35.62202812238999],[139.28934363771404,35.62017103922262],[139.29351833899304,35.620526980163035],[139.29475462392116,35.61692114367972],[139.2935362561659,35.61546642853194],[139.2979617978651,35.61610093194746],[139.30348028710944,35.61517239036377],[139.30761915404267,35.61624021318501],[139.31362140695452,35.61446050848294],[139.31530562120443,35.6129129391768],[139.31749151629472,35.61523429313601],[139.32277708229174,35.61481644942336],[139.32637843403884,35.61576046670011],[139.33737957818175,35.61421289739396],[139.33858002876414,35.619582962886284],[139.3369674832057,35.62255429595408],[139.3384187742083,35.62340545907246],[139.34130343904056,35.62006270937119],[139.33951172175344,35.61707590061033],[139.3399058995566,35.6141974217009],[139.3430234876362,35.61274270655312],[139.34716235456943,35.609013064525314],[139.35939978364047,35.606567905021606],[139.36122733527336,35.60509771418077],[139.36583204870124,35.60871902635715],[139.3733930956529,35.604215599676266],[139.37746029389467,35.60406084274565],[139.3816708295194,35.602126381112974],[139.38688472682492,35.597947943986384],[139.38835393500037,35.60240494358808],[139.38754766222115,35.60491200586404],[139.39390825859044,35.60819285279306]]]],"type":"MultiPolygon"},"id":"geoshape:13:2023-01-01:4679152e4946d8e6fc11","properties":{"administrativeCode":"13209","jurisdictionId":"geoshape:13:2023-01-01:4679152e4946d8e6fc11","municipalityName":"町田市","prefectureName":"東京都","snapshotDate":"2023-01-01","sourceDataset":"historical-administrative-areas-beta","sourceProvider":"Geoshape","sourceResourceId":"gci:13209A1968"},"type":"Feature"},{"geometry":{"coordinates":[[[[139.78891025170915,35.69470197700654],[139.78891025170915,35.691653265473434],[139.79039737705745,35.68928548443503],[139.79265494083924,35.68646890829785],[139.7918665852329,35.68256903364636],[139.78908942343784,35.679164381172846],[139.78717228594064,35.67450619756135],[139.78729770615072,35.67147296172131],[139.78907150626497,35.66563862543714],[139.78959110427826,35.65626035544191],[139.78853399107885,35.6561829769766],[139.78018458852085,35.65054982470223],[139.77278479612505,35.646046398021355],[139.76948803631674,35.64926534217813],[139.77276687895218,35.65147836628592],[139.7716380970613,35.65259261618635],[139.76835925442586,35.65037959207856],[139.76730214122645,35.65106052257326],[139.76723047253498,35.65520800831373],[139.7706526525534,35.65494492153169],[139.7672125553621,35.65811743860928],[139.76457873095003,35.65616750128354],[139.7590064901871,35.65899955311379],[139.7580747971978,35.66867186127719],[139.75431219089484,35.669909916722105],[139.76368287230648,35.672509833156425],[139.7703301434417,35.67843702359896],[139.7709034929736,35.684503495279046],[139.76812633117854,35.68863550532645],[139.77771201866463,35.69176159532486],[139.7825854896856,35.6947174526996],[139.78254965533986,35.69657453586697],[139.78891025170915,35.69470197700654]]]],"type":"MultiPolygon"},"id":"geoshape:13:2023-01-01:47470a597e3f1f13377d","properties":{"administrativeCode":"13102","jurisdictionId":"geoshape:13:2023-01-01:47470a597e3f1f13377d","municipalityName":"中央区","prefectureName":"東京都","snapshotDate":"2023-01-01","sourceDataset":"historical-administrative-areas-beta","sourceProvider":"Geoshape","sourceResourceId":"gci:13102A1968"},"type":"Feature"},{"geometry":{"coordinates":[[[[139.7944824924721,35.59217551047446],[139.7934253792727,35.59281001388998],[139.80378150519226,35.59841221477822],[139.8044265234156,35.59763843012515],[139.7944824924721,35.59217551047446]]],[[[139.81019585308013,35.59375403116673],[139.80743660845798,35.597143207947184],[139.80559113965225,35.59940265913416],[139.82031905575238,35.60738811675387],[139.82146575481613,35.605623887744855],[139.81953070014603,35.60457154061668],[139.82056989617257,35.60296206853829],[139.81523057865695,35.6000681139358],[139.8170043787712,35.59788604121414],[139.81186215015717,35.595100416463076],[139.80886998228766,35.5987836314117],[139.8078666206069,35.59824198215455],[139.8111096288966,35.59426472903776],[139.81019585308013,35.59375403116673]]],[[[139.81727313636426,35.60974042209921],[139.81870651019398,35.608672599277966],[139.79157991046696,35.59395521517653],[139.79113198114518,35.59712773225412],[139.79854969071386,35.607078602892635],[139.79894386851703,35.60687741888284],[139.8105900308833,35.613191501651905],[139.81727313636426,35.60974042209921]]],[[[139.79763591489743,35.617385414471556],[139.79437498943486,35.61394981061191],[139.78529098278915,35.62513873669534],[139.7898777790442,35.62763032327823],[139.79792258966336,35.61772587971891],[139.79763591489743,35.617385414471556]]],[[[139.7734477315213,35.62026389338099],[139.77135142229537,35.62314237229042],[139.78237048361115,35.62950288213867],[139.7849505565046,35.626345840754134],[139.78099086130007,35.623885205557364],[139.79263702366634,35.60958566516859],[139.78672435661886,35.601847818637864],[139.77316105675536,35.61849966437198],[139.7734477315213,35.62026389338099]]],[[[139.84011753177506,35.63115878129624],[139.83868415794538,35.61421289739396],[139.83553073552002,35.61249509546414],[139.83062143015331,35.61848418867892],[139.83293274545372,35.6197377198169],[139.83171437769846,35.62123886204385],[139.82741425620938,35.61979962258914],[139.82585546216959,35.6306945105044],[139.83701786086834,35.6317778090187],[139.84011753177506,35.63115878129624]]],[[[139.82481626614305,35.63967041248004],[139.8329506626266,35.6403668186678],[139.83277149089787,35.6382002216392],[139.82512085808187,35.637457388372255],[139.82555087023076,35.63448605530445],[139.82116116287733,35.634068211591796],[139.8204444759625,35.6390823361437],[139.82286329430008,35.64231675599355],[139.82616005410839,35.64262626985477],[139.82481626614305,35.63967041248004]]],[[[139.78246006947552,35.639004957678395],[139.78969860731547,35.64343100589397],[139.79014653663725,35.64312149203274],[139.78246006947552,35.639004957678395]]],[[[139.83540531530994,35.703012424180535],[139.84380846938654,35.69953039324171],[139.84771441307245,35.69496506378858],[139.84758899286237,35.6880938560693],[139.8455106008093,35.68128455112226],[139.84823401108574,35.679133429786724],[139.8468902231204,35.67385621845277],[139.84554643515503,35.65670915054069],[139.8429663622616,35.65681748039212],[139.84173007733347,35.650751008712035],[139.8409775560729,35.64298221079519],[139.84026086915804,35.63389797896812],[139.82159117502624,35.631948041642374],[139.82125074874168,35.63343370817628],[139.83366734954143,35.63462533654201],[139.83447362232064,35.644065509309485],[139.8216807608906,35.642935783716005],[139.82040864161672,35.64163582549884],[139.80811746102708,35.64045967282617],[139.8077232832239,35.64335362742867],[139.8091745742265,35.64567498138788],[139.80603906897403,35.644885721041746],[139.8069886791362,35.63690026342204],[139.80136268685465,35.63635861416489],[139.80148810706473,35.63281468045382],[139.80034140800097,35.631065927137875],[139.8021868768067,35.62622203520964],[139.79856760788672,35.621811462687134],[139.79202783978874,35.629874298772144],[139.78729770615072,35.627274382337816],[139.77869746317256,35.63741096129307],[139.78120586737452,35.63878829797554],[139.7826392412042,35.637689523768174],[139.78437720697272,35.63943827708412],[139.79444665812636,35.64490119673481],[139.79588003195605,35.64312149203274],[139.79810176139208,35.644746439804194],[139.79768966641603,35.647857054109544],[139.79482291875664,35.65042601915774],[139.7931207873339,35.65028673792019],[139.79469749854655,35.647222550694025],[139.78016667134798,35.63936089861881],[139.77880496620978,35.63936089861881],[139.77613530745197,35.642409610151915],[139.78659893640875,35.64949747757406],[139.7924220175919,35.652933081433694],[139.78959110427826,35.65626035544191],[139.78907150626497,35.66563862543714],[139.78729770615072,35.67147296172131],[139.78717228594064,35.67450619756135],[139.78908942343784,35.679164381172846],[139.7918665852329,35.68256903364636],[139.79265494083924,35.68646890829785],[139.79039737705745,35.68928548443503],[139.7934791307913,35.69081757804811],[139.796722139081,35.68854265116808],[139.79917679176435,35.68971880384075],[139.80048474538395,35.6882950400791],[139.8048027840459,35.688496224088894],[139.8049998729475,35.68677842215908],[139.80946124899242,35.68699508186194],[139.81188006733004,35.68855812686114],[139.811467972354,35.691916352255475],[139.81338510985123,35.69267466121549],[139.81969195470188,35.6930306021559],[139.8186885930211,35.70801107303938],[139.83067518167195,35.703012424180535],[139.83540531530994,35.703012424180535]]]],"type":"MultiPolygon"},"id":"geoshape:13:2023-01-01:4cc0669ee29ba410b175","properties":{"administrativeCode":"13108","jurisdictionId":"geoshape:13:2023-01-01:4cc0669ee29ba410b175","municipalityName":"江東区","prefectureName":"東京都","snapshotDate":"2023-01-01","sourceDataset":"historical-administrative-areas-beta","sourceProvider":"Geoshape","sourceResourceId":"gci:13108A1968"},"type":"Feature"},{"geometry":{"coordinates":[[[[140.30395730306498,30.495766698558576],[140.30707489114457,30.495101243756935],[140.3128442208091,30.48956094564094],[140.31443884919463,30.48703840767192],[140.31384758248987,30.481931428961644],[140.31089124896613,30.47622089822197],[140.30890244277742,30.474642377529705],[140.30402897175645,30.474255485203166],[140.2982058905733,30.472909099906822],[140.29008941126264,30.47928508544814],[140.28976690215097,30.480786227675097],[140.28647014234267,30.48330876564411],[140.29163028812957,30.491882299600153],[140.2938520175656,30.493692955688342],[140.29806255319033,30.494110799401],[140.29847464816638,30.495317903459792],[140.30395730306498,30.495766698558576]]]],"type":"MultiPolygon"},"id":"geoshape:13:2023-01-01:4fcb6665a39238feb21f","properties":{"administrativeCode":"13801","jurisdictionId":"geoshape:13:2023-01-01:4fcb6665a39238feb21f","municipalityName":"鳥島","prefectureName":"東京都","snapshotDate":"2023-01-01","sourceDataset":"historical-administrative-areas-beta","sourceProvider":"Geoshape","sourceResourceId":"gci:13B9998010"},"type":"Feature"},{"geometry":{"coordinates":[[[[139.4407795828215,35.76700441498961],[139.44000914438806,35.76358428682303],[139.44049290805557,35.76027248850788],[139.44414801132132,35.755753586133935],[139.44619056902863,35.75566073197557],[139.44753435699397,35.7525965447494],[139.44753435699397,35.74923831935507],[139.45138654916127,35.745617007178694],[139.4506877794193,35.741995695002316],[139.4509923713581,35.736997046143465],[139.4455276336324,35.73503163312466],[139.44248171424428,35.736347067034885],[139.42870340830632,35.73006393565194],[139.42644584452455,35.73017226550337],[139.42580082630118,35.73103890431481],[139.41623305598796,35.73209125144299],[139.41442342152797,35.73303526871973],[139.41356339723015,35.73643992119325],[139.41119833041114,35.73726013292551],[139.41243461533927,35.73902436193451],[139.41101915868245,35.74089692079495],[139.41062498087928,35.74776812851423],[139.40734613824384,35.74872762148404],[139.4072565523795,35.752225128115924],[139.40958578485274,35.75688331172742],[139.40754322714542,35.760845089151154],[139.40498107142483,35.76208314459607],[139.40261600460585,35.76107722454707],[139.39632707692806,35.762795026476894],[139.39270780800805,35.76233075568505],[139.3916865291544,35.76335215142711],[139.39845922049972,35.76440449855529],[139.4004659438613,35.768041286424726],[139.40489148556048,35.76915553632515],[139.40987245961867,35.76864483845412],[139.4159105468763,35.76627705741572],[139.4197627390436,35.765921116475305],[139.42221739172695,35.7678091510288],[139.42762837793404,35.766447290039395],[139.43610320070212,35.76714369622716],[139.43956121506628,35.76923291479046],[139.4407795828215,35.76700441498961]]]],"type":"MultiPolygon"},"id":"geoshape:13:2023-01-01:54459268d890ebe3be87","properties":{"administrativeCode":"13220","jurisdictionId":"geoshape:13:2023-01-01:54459268d890ebe3be87","municipalityName":"東大和市","prefectureName":"東京都","snapshotDate":"2023-01-01","sourceDataset":"historical-administrative-areas-beta","sourceProvider":"Geoshape","sourceResourceId":"gci:13220A1970"},"type":"Feature"},{"geometry":{"coordinates":[[[[139.80582406289957,35.585443583992735],[139.8117188127742,35.58863157676339],[139.80560905682512,35.596152763591256],[139.80743660845798,35.597143207947184],[139.81019585308013,35.59375403116673],[139.81354636440705,35.58965297250545],[139.82714549861632,35.59697297532351],[139.83219814136598,35.58894109062462],[139.82187784979217,35.58333888973638],[139.80899540249777,35.58333888973638],[139.80582406289957,35.585443583992735]]]],"type":"MultiPolygon"},"id":"geoshape:13:2023-01-01:5697b967383adde0c063","properties":{"administrativeCode":"13808","jurisdictionId":"geoshape:13:2023-01-01:5697b967383adde0c063","municipalityName":"所属未定地","prefectureName":"東京都","snapshotDate":"2023-01-01","sourceDataset":"historical-administrative-areas-beta","sourceProvider":"Geoshape","sourceResourceId":"gci:13B9990001"},"type":"Feature"},{"geometry":{"coordinates":[[[[139.52017057581386,35.73343763673933],[139.5167125614497,35.730590109216024],[139.51768008878474,35.72744854352455],[139.5233239982392,35.7232546307049],[139.52466778620453,35.719401183132604],[139.52314482651047,35.71906071788525],[139.51493876133546,35.71725006179706],[139.50859608213906,35.71636794729256],[139.50827357302737,35.712483548334134],[139.50228923728838,35.71218951016597],[139.49589280657335,35.713164478828844],[139.49539112573297,35.709636020810834],[139.49232728917198,35.70996101036512],[139.49162851943,35.708072975811625],[139.48571585238253,35.70838248967286],[139.48023319748393,35.71437158288764],[139.4784952317154,35.708707479227144],[139.47193754644456,35.71102883318636],[139.4720271323089,35.715377502936626],[139.458660921347,35.717884565212586],[139.4578904829135,35.72080947120119],[139.44611890033715,35.72286773837837],[139.4356194370346,35.724755772931864],[139.43384563692035,35.726953321346585],[139.42291616146892,35.73018774119643],[139.42644584452455,35.73017226550337],[139.42870340830632,35.73006393565194],[139.44248171424428,35.736347067034885],[139.4455276336324,35.73503163312466],[139.4509923713581,35.736997046143465],[139.4663832228545,35.74408491356561],[139.47100585345524,35.742754003962325],[139.47725894678732,35.73990647643902],[139.4771335265772,35.73750774401449],[139.47883565799998,35.7352173414414],[139.4862175332229,35.73450545956057],[139.48732839794093,35.740912396488014],[139.4851604200235,35.74088144510189],[139.4857337695554,35.74386825386274],[139.48942470716685,35.74490512529786],[139.4906430749221,35.741825462378635],[139.49816828752802,35.74434800034766],[139.4980966188365,35.745864618267674],[139.50379427980957,35.74284685812069],[139.50472597279887,35.74102072633944],[139.50443929803293,35.73219958129442],[139.50560391426956,35.732060300056865],[139.50673269616044,35.74202664638844],[139.5085781649662,35.74126833742842],[139.50816606999015,35.738389858519],[139.51262744603508,35.73797201480634],[139.5151000158913,35.739117216092886],[139.52110226880316,35.738946983469205],[139.52017057581386,35.73343763673933]]]],"type":"MultiPolygon"},"id":"geoshape:13:2023-01-01:58b80f981aa4daeabea3","properties":{"administrativeCode":"13211","jurisdictionId":"geoshape:13:2023-01-01:58b80f981aa4daeabea3","municipalityName":"小平市","prefectureName":"東京都","snapshotDate":"2023-01-01","sourceDataset":"historical-administrative-areas-beta","sourceProvider":"Geoshape","sourceResourceId":"gci:13211A1968"},"type":"Feature"},{"geometry":{"coordinates":[[[[139.5208335112101,35.64620115495197],[139.52538447311937,35.642641745547834],[139.52339566693067,35.63881924936166],[139.52099476576592,35.63776690223348],[139.52346733562217,35.632350409661974],[139.51905971109585,35.63143734377135],[139.5166050584125,35.629595736297034],[139.51615712909071,35.62569586164555],[139.51040571659905,35.62334355630021],[139.5096173609927,35.62408638956716],[139.50341801917926,35.62286380981531],[139.49940457245611,35.62040317461854],[139.49795328145356,35.61834490744137],[139.49467443881812,35.61729256031319],[139.49565988332603,35.6125105711572],[139.5000316735066,35.60727978690243],[139.49757702082326,35.604865578784846],[139.49379649734743,35.60582507175466],[139.48906636370944,35.60466439477505],[139.48804508485577,35.60751192229836],[139.48127239351047,35.61004993596043],[139.47965984795204,35.61326888011721],[139.4769543548485,35.61302126902823],[139.47507305169702,35.61998533090588],[139.46727908149805,35.6208210183312],[139.46416149341846,35.62451970897288],[139.46451983687587,35.62962668768316],[139.47159712016,35.63351108664158],[139.46890954422932,35.64086204084577],[139.4688557927107,35.644622634259704],[139.4737830152503,35.6467892312883],[139.47380093242316,35.64932724495038],[139.47399802132475,35.650751008712035],[139.47924775297602,35.65197358846389],[139.48625336756865,35.652685470344714],[139.48901261219083,35.65149384197898],[139.49103725272528,35.65208191831532],[139.49945832397472,35.6514474148998],[139.50331051614205,35.6500391268312],[139.51228701975052,35.65116885242469],[139.51683798165982,35.64931176925732],[139.5208335112101,35.64620115495197]]]],"type":"MultiPolygon"},"id":"geoshape:13:2023-01-01:5936643475243c07e84a","properties":{"administrativeCode":"13225","jurisdictionId":"geoshape:13:2023-01-01:5936643475243c07e84a","municipalityName":"稲城市","prefectureName":"東京都","snapshotDate":"2023-01-01","sourceDataset":"historical-administrative-areas-beta","sourceProvider":"Geoshape","sourceResourceId":"gci:13225A1971"},"type":"Feature"},{"geometry":{"coordinates":[[[[139.56564436056098,35.721660634319576],[139.55761746711468,35.72181539125019],[139.55458946489944,35.72077851981507],[139.54941140193966,35.71692507224277],[139.53735314459735,35.711322871354525],[139.5294158370154,35.71279306219537],[139.53000710372015,35.71749767288605],[139.52690743281343,35.7185190686281],[139.52645950349165,35.71728101318318],[139.5230014891275,35.717606002737476],[139.52314482651047,35.71906071788525],[139.52466778620453,35.719401183132604],[139.5233239982392,35.7232546307049],[139.51768008878474,35.72744854352455],[139.5167125614497,35.730590109216024],[139.52017057581386,35.73343763673933],[139.52970251178135,35.73972076812228],[139.53131505733975,35.74026241737943],[139.5271761904065,35.743651594159886],[139.52841247533462,35.74471941698113],[139.53307094028114,35.744580135743576],[139.54459168243733,35.75476314177801],[139.5471538381579,35.75338580509553],[139.55204522635174,35.7559702458368],[139.55525240029567,35.75573811044087],[139.55539573767865,35.757749950538866],[139.55777872167053,35.759576082320116],[139.5618459199123,35.75960703370624],[139.56277761290158,35.7615879224181],[139.56777650413267,35.75507265563923],[139.56928154665385,35.74999662831508],[139.56883361733207,35.747582420197496],[139.56677314245186,35.747427663266876],[139.56817068193584,35.742754003962325],[139.56826026780018,35.73808034465777],[139.5673285748109,35.736362542727946],[139.5694248840368,35.73414951862016],[139.5660743727099,35.72732473798006],[139.56564436056098,35.721660634319576]]]],"type":"MultiPolygon"},"id":"geoshape:13:2023-01-01:5c2b2a051fcb20bb9666","properties":{"administrativeCode":"13229","jurisdictionId":"geoshape:13:2023-01-01:5c2b2a051fcb20bb9666","municipalityName":"西東京市","prefectureName":"東京都","snapshotDate":"2023-01-01","sourceDataset":"historical-administrative-areas-beta","sourceProvider":"Geoshape","sourceResourceId":"gci:13229A2001"},"type":"Feature"},{"geometry":{"coordinates":[[[[139.58671495585753,35.69395914373959],[139.59406099673473,35.68899144626686],[139.59056714802483,35.68699508186194],[139.59361306741295,35.68413207864557],[139.59418641694484,35.682135714240644],[139.58531741637358,35.68204286008228],[139.58813041251435,35.680046495677345],[139.586786624549,35.67780252018344],[139.58664328716605,35.67398002399726],[139.5828090121716,35.67388716983889],[139.58888293377495,35.66941469454414],[139.5851740789906,35.67128725340457],[139.58046186252548,35.6707146527613],[139.5784551391639,35.67190628112703],[139.57979892712925,35.66553029558571],[139.58214607677536,35.66501959771469],[139.57549880564017,35.6600364245489],[139.57300831861104,35.66413748321018],[139.56885153450494,35.663502979794664],[139.5655726918695,35.66506602479387],[139.56439015846001,35.66854805573269],[139.5644618271515,35.672262222067445],[139.56087839257725,35.68284759612147],[139.55458946489944,35.68212023854758],[139.55217064656185,35.680835756023484],[139.54543378956225,35.68205833577534],[139.54294330253316,35.68046433939001],[139.54140242566623,35.669894441029044],[139.5419399408524,35.66795997939636],[139.54443042788148,35.66659811840695],[139.54159951456782,35.664276764447735],[139.5374427304617,35.665468392813466],[139.53796232847498,35.667681416921255],[139.53559726165597,35.66929088899964],[139.5343968110736,35.6675421356837],[139.53136880885836,35.667696892614316],[139.53244383923064,35.669894441029044],[139.52945167136113,35.67272649285928],[139.52945167136113,35.67560497176871],[139.52676409543045,35.67467643018503],[139.52660284087463,35.679133429786724],[139.52538447311937,35.68089765879573],[139.52868123292768,35.68119169696389],[139.5269253499863,35.684209457110875],[139.524882792279,35.69010569616729],[139.5285378955447,35.69067829681056],[139.5321571644647,35.688774786564004],[139.53136880885836,35.69460912284817],[139.53419972217202,35.69488768532327],[139.53393096457896,35.698973268291496],[139.53642145160805,35.698292337796794],[139.5365110374724,35.69533648042206],[139.54219078127258,35.69529005334287],[139.54228036713693,35.69669834141146],[139.55066560404066,35.69501149086776],[139.55000266864442,35.7067575419014],[139.57051783158195,35.69892684121231],[139.57257830646213,35.69888041413313],[139.5766634218768,35.701433903488265],[139.57990643016646,35.698818511360884],[139.58483365270607,35.697255466361675],[139.58671495585753,35.69395914373959]]]],"type":"MultiPolygon"},"id":"geoshape:13:2023-01-01:611ced511248e888d9bb","properties":{"administrativeCode":"13204","jurisdictionId":"geoshape:13:2023-01-01:611ced511248e888d9bb","municipalityName":"三鷹市","prefectureName":"東京都","snapshotDate":"2023-01-01","sourceDataset":"historical-administrative-areas-beta","sourceProvider":"Geoshape","sourceResourceId":"gci:13204A1968"},"type":"Feature"},{"geometry":{"coordinates":[[[[139.32107495086896,35.77721837241016],[139.3287793352036,35.77133760904681],[139.33152066265288,35.77291612973908],[139.33363488905167,35.77095071672028],[139.3331869597299,35.767607967019],[139.3364299680196,35.7660449220198],[139.33478158811545,35.76493067211938],[139.33583870131483,35.759297519845006],[139.3403538288784,35.75372627034289],[139.3430772391548,35.75321557247186],[139.34262930983303,35.74984187138446],[139.33874128331996,35.75010495816651],[139.33775583881206,35.75194656564082],[139.33578494979622,35.75114182960163],[139.3293885190812,35.752379885046544],[139.32492714303626,35.75484052024331],[139.32206039537687,35.7536024647984],[139.32094953065885,35.750043055394265],[139.31879946991432,35.750693034502845],[139.31387224737475,35.74711814940565],[139.3110413340611,35.7506311317306],[139.30260234563875,35.75519646118373],[139.29654634120828,35.75454648207514],[139.29744219985184,35.760086780191145],[139.29663592707263,35.76627705741572],[139.29511296737857,35.769991223750466],[139.29314207836273,35.77197211246233],[139.29213871668196,35.77534581354973],[139.29550714518174,35.77765169181588],[139.29754970288906,35.780777781814294],[139.2998968525352,35.78116467414083],[139.3033190325536,35.77813143830079],[139.3080312490187,35.77723384810322],[139.30917794808246,35.77570175449014],[139.31227761898919,35.77553152186646],[139.3184411264569,35.77841000077589],[139.32107495086896,35.77721837241016]]]],"type":"MultiPolygon"},"id":"geoshape:13:2023-01-01:69352ee72c768259be6b","properties":{"administrativeCode":"13227","jurisdictionId":"geoshape:13:2023-01-01:69352ee72c768259be6b","municipalityName":"羽村市","prefectureName":"東京都","snapshotDate":"2023-01-01","sourceDataset":"historical-administrative-areas-beta","sourceProvider":"Geoshape","sourceResourceId":"gci:13227A1991"},"type":"Feature"},{"geometry":{"coordinates":[[[[139.27601326109786,34.32739354364175],[139.28049255431566,34.32480910290049],[139.27741080058183,34.32414364809884],[139.2751890711458,34.325938828493975],[139.27601326109786,34.32739354364175]]],[[[139.21862455639138,34.332840987599376],[139.22088212017314,34.33257790081733],[139.22287092636185,34.33003988715525],[139.22550475077392,34.33093747735282],[139.22675895287492,34.32589240141479],[139.22485973255056,34.324190075178024],[139.21957416655354,34.32185324552575],[139.21969958676365,34.32064614146696],[139.2173524371175,34.31812360349794],[139.2135002449502,34.316158190479136],[139.20696047685223,34.31976402696245],[139.20705006271658,34.31981045404164],[139.20669171925914,34.32166753720901],[139.2041116463657,34.319949735279195],[139.2028574442647,34.32098660671431],[139.2009223895946,34.316127239093014],[139.19785855303365,34.31611176339995],[139.1977510499964,34.31756647854773],[139.19486638516415,34.318247409042435],[139.19393469217485,34.32033662760573],[139.19552932056038,34.3228746412678],[139.19954276728353,34.32511861676171],[139.20165699368235,34.32569121740499],[139.20025945419837,34.329049442799324],[139.20418331505718,34.326820942998474],[139.20511500804648,34.32886373448258],[139.20792800418727,34.32988513022464],[139.20807134157025,34.33203625156018],[139.20807134157025,34.332051727253244],[139.20669171925914,34.33496115754879],[139.206852973815,34.33514686586553],[139.20683505664212,34.335193292944716],[139.20920012346113,34.33669443517168],[139.21283730955398,34.33695752195372],[139.21410942882784,34.33250052235202],[139.21862455639138,34.33285646329244],[139.21862455639138,34.332840987599376]]],[[[139.22634685789887,34.36744463728476],[139.22602434878718,34.367738675452934],[139.2259526800957,34.367769626839056],[139.22790565193867,34.371158803619515],[139.22369511631393,34.374517029013845],[139.22480598103195,34.37561580322121],[139.22933902576835,34.37261351876729],[139.2287656762365,34.36732083174027],[139.22634685789887,34.36744463728476]]],[[[139.28787442953862,34.415187150379325],[139.28647689005464,34.41172059513356],[139.29136827824848,34.408161185729426],[139.2892540518497,34.40635052964124],[139.2898811529002,34.402419703603634],[139.2881252699588,34.40081023152524],[139.28810735278594,34.40081023152524],[139.28334138480218,34.39804008246725],[139.28391473433408,34.39458900291454],[139.28197967966398,34.39599729098313],[139.27839624508974,34.39147838860919],[139.2766224449755,34.3831679414352],[139.2757982550234,34.36848150871988],[139.27601326109786,34.353052242737625],[139.27638952172816,34.348750000066545],[139.275439911566,34.34251329576278],[139.27318234778423,34.34074906675377],[139.27223273762203,34.336771813636986],[139.2718923113375,34.33092200165976],[139.26090908436743,34.334140945816536],[139.25771982759636,34.33578136928105],[139.25537267795022,34.33827295586394],[139.25255968180946,34.339294351606],[139.24906583309956,34.34525249343466],[139.24447903684452,34.34850238897756],[139.24573323894552,34.354336725261724],[139.24505238637641,34.359552033823434],[139.24202438416117,34.364101887583494],[139.24333233778077,34.367877956690485],[139.2398922405895,34.37064810574849],[139.2416481235309,34.370524300203996],[139.24564365308117,34.367769626839056],[139.25037378671917,34.37300041109383],[139.25245217877222,34.37643601495347],[139.25558768402468,34.38383339623684],[139.2572539811017,34.39232955172757],[139.25580269009913,34.395517544498226],[139.25555184967894,34.4001447767236],[139.26010281158824,34.40404465137509],[139.2671442605266,34.40823856419473],[139.2661050645001,34.41015755013436],[139.26784303026858,34.41158131389601],[139.26701884031652,34.413376494291136],[139.2693839071355,34.416363303051995],[139.27474114182402,34.41681209815078],[139.2764253560739,34.41577522671566],[139.27947127546202,34.41798825082345],[139.28174675641665,34.42403924681047],[139.2805463058343,34.42937836091667],[139.2786112511642,34.43131282254935],[139.28319804741923,34.43055451358934],[139.28851944776198,34.42687129864072],[139.29059783981504,34.4241475766619],[139.2911174378283,34.419226306268364],[139.29226413689204,34.41868465701121],[139.28787442953862,34.415187150379325]]],[[[139.28651272440038,34.47835892945614],[139.28860903362633,34.476826835843056],[139.29568631691046,34.47390192985445],[139.29935933734905,34.47142581896462],[139.297836377655,34.46975444411398],[139.2916728701873,34.47012586074746],[139.28945114075128,34.47506260683406],[139.28651272440038,34.47835892945614]]]],"type":"MultiPolygon"},"id":"geoshape:13:2023-01-01:70d8534f03c516902e92","properties":{"administrativeCode":"13363","jurisdictionId":"geoshape:13:2023-01-01:70d8534f03c516902e92","municipalityName":"新島村","parentJurisdictionName":"大島支庁","prefectureName":"東京都","snapshotDate":"2023-01-01","sourceDataset":"historical-administrative-areas-beta","sourceProvider":"Geoshape","sourceResourceId":"gci:13363A1992"},"type":"Feature"},{"geometry":{"coordinates":[[[[139.1360980581466,35.77025431053251],[139.1391439775347,35.7680103350386],[139.1434978505424,35.766323484494905],[139.1472246224996,35.762052193209946],[139.1421898969228,35.759978450339716],[139.13993233314102,35.75764162068744],[139.14073860592023,35.75544407227271],[139.148837168058,35.75429887098616],[139.15397939667204,35.75010495816651],[139.15672072412136,35.74464203851582],[139.1641025993443,35.74133024020067],[139.16451469432033,35.737755355103474],[139.16587639945854,35.7360220774806],[139.16437135693735,35.73263290070014],[139.1661989085702,35.72939848085029],[139.1653388842724,35.727108078277205],[139.16550013882824,35.7225737002102],[139.16695142983082,35.722805835606124],[139.1657151449027,35.718503592935036],[139.1664497489904,35.714201350263956],[139.1652134640623,35.71155500675045],[139.16532096709952,35.706246844030375],[139.17023027246623,35.70329098665564],[139.17241616755652,35.7009386813103],[139.17221907865493,35.69344844586856],[139.16956733707,35.68991998785055],[139.17141280587575,35.68874383517788],[139.16997943204603,35.680046495677345],[139.16598390249575,35.675109749590746],[139.16474761756766,35.67032776043476],[139.1616121123152,35.667913552317174],[139.15360313604177,35.66602551776368],[139.14715295380813,35.66681477810981],[139.14265574341744,35.67008014934578],[139.13892897146025,35.67054442013762],[139.13672515919708,35.67241697899806],[139.13102749822403,35.67204556236458],[139.12703196867375,35.67676564874832],[139.1197217621423,35.68012387414265],[139.11633541646964,35.68388446755659],[139.11260864451242,35.68496776607088],[139.1081472684675,35.689827133692184],[139.10562094709266,35.691018762057915],[139.09711028997881,35.69227229319589],[139.09223681895784,35.69056996695913],[139.08438909724026,35.693077029235084],[139.08200611324838,35.695553140124915],[139.07654137552268,35.694903161016335],[139.0721158338235,35.69541385888736],[139.0706824599938,35.69759593160903],[139.06511021923083,35.69795187254944],[139.06272723523898,35.70072202160744],[139.05203068303487,35.70490045873403],[139.05068689506953,35.70737656962386],[139.04669136551925,35.70948126388022],[139.04387836937846,35.70946578818715],[139.03871822359156,35.7112919199684],[139.03273388785257,35.71608938481745],[139.02897128154962,35.71677031531216],[139.02465324288764,35.71988092961751],[139.02198358412983,35.72286773837837],[139.0220731699942,35.72480220001105],[139.01793430306094,35.73122461263155],[139.0149779695372,35.733236452729535],[139.01229039360652,35.7386684209941],[139.02167899219103,35.74013861183494],[139.0272333157811,35.74249091718028],[139.02757374206567,35.74396110802112],[139.0317663605175,35.744332524654595],[139.03445393644822,35.742459965794154],[139.0396857509266,35.74439442742684],[139.04140579952224,35.7461741321289],[139.03970366809946,35.750058531087326],[139.04269583596897,35.755103607025355],[139.04312584811788,35.75767257207356],[139.04918185254834,35.76005582880502],[139.05487951352137,35.76017963434951],[139.05681456819147,35.7635533354369],[139.06095343512473,35.764110460387116],[139.06362309388254,35.76559612692102],[139.06903408008964,35.766849658058995],[139.0736029591718,35.77002217513659],[139.0750363330015,35.77200306384846],[139.0800710585783,35.770099553601895],[139.08290197189194,35.7698983695921],[139.08677208123214,35.77124475488844],[139.08847421265492,35.77019240776026],[139.09341935236736,35.769960272364344],[139.09653694044695,35.775856511420756],[139.1022166842471,35.77837904938977],[139.10585387033998,35.779106406963656],[139.10753808458986,35.77683148008363],[139.11434661028093,35.7735506331546],[139.1251327483494,35.767607967019],[139.12816075056463,35.76700441498961],[139.13075874063097,35.76511638043611],[139.1360980581466,35.77025431053251]]]],"type":"MultiPolygon"},"id":"geoshape:13:2023-01-01:796e16676d8c59c230c8","properties":{"administrativeCode":"13307","jurisdictionId":"geoshape:13:2023-01-01:796e16676d8c59c230c8","municipalityName":"檜原村","parentJurisdictionName":"西多摩郡","prefectureName":"東京都","snapshotDate":"2023-01-01","sourceDataset":"historical-administrative-areas-beta","sourceProvider":"Geoshape","sourceResourceId":"gci:13307A1968"},"type":"Feature"},{"geometry":{"coordinates":[[[[139.680278432591,35.600671665965194],[139.67931090525596,35.605515557893426],[139.67725043037575,35.60794524170407],[139.67339823820845,35.6081773771],[139.66830976111302,35.6064905265563],[139.66318544967186,35.60873450205021],[139.66320336684473,35.61563666115561],[139.66476216088452,35.61826752897606],[139.66650012665303,35.618530615758104],[139.66349004161066,35.62670178169455],[139.66180582736078,35.62749104204068],[139.66148331824908,35.631700430553394],[139.6638483850681,35.631948041642374],[139.6720006987245,35.62970406614847],[139.6795975800219,35.625061358230035],[139.68203431553238,35.63112782991012],[139.68610151377413,35.63804546470858],[139.68608359660126,35.64053705129148],[139.684309796487,35.64377147114132],[139.68316309742326,35.65372234177983],[139.67949007698465,35.65732817826315],[139.67501078376685,35.66387439642814],[139.67993800630643,35.663766066576706],[139.68733779870226,35.661568518161985],[139.69294587381094,35.653877098710446],[139.69970064798338,35.64808918950546],[139.70862340007324,35.642007242132316],[139.71523483686272,35.64262626985477],[139.71763573802747,35.64166677688496],[139.71322811350115,35.63755024253062],[139.7144464812564,35.63413011436404],[139.7146256529851,35.62905408703989],[139.70713627472495,35.625479201942696],[139.70401868664536,35.62470541728962],[139.70145653092476,35.62589704565535],[139.696135130582,35.62481374714105],[139.70398285229962,35.62187336545938],[139.695579698223,35.61210820313761],[139.6954005264943,35.607496446605296],[139.6912974939068,35.61093205046494],[139.686119430947,35.61169035942495],[139.6840052045482,35.61309864749354],[139.6847577258088,35.60534532526975],[139.68198056401377,35.6058095960616],[139.6804038528011,35.604401307993],[139.680278432591,35.600671665965194]]]],"type":"MultiPolygon"},"id":"geoshape:13:2023-01-01:80db690d7b67d033ed6b","properties":{"administrativeCode":"13110","jurisdictionId":"geoshape:13:2023-01-01:80db690d7b67d033ed6b","municipalityName":"目黒区","prefectureName":"東京都","snapshotDate":"2023-01-01","sourceDataset":"historical-administrative-areas-beta","sourceProvider":"Geoshape","sourceResourceId":"gci:13110A1968"},"type":"Feature"},{"geometry":{"coordinates":[[[[139.16304548614488,35.77823976815222],[139.1761608566866,35.77122927919538],[139.18076557011452,35.76845913013739],[139.1803355579656,35.76571993246551],[139.1816435115852,35.762810502169955],[139.189186641364,35.76225337721974],[139.19965027032077,35.758105891479275],[139.20432665244016,35.75580001321312],[139.20506125652787,35.753803648808194],[139.21292689541832,35.751745381631025],[139.21237146305933,35.7485419131673],[139.21566822286763,35.7444099031199],[139.2221004879284,35.74306351782355],[139.22611393465155,35.74004575767657],[139.23480376349409,35.738823177924715],[139.23944431126773,35.739767195201466],[139.2440490246956,35.73879222653859],[139.24537489548808,35.73665658089611],[139.25286427374826,35.736347067034885],[139.25823942560962,35.73526376852058],[139.262915807729,35.73238528961116],[139.2701364283961,35.73328287980872],[139.27805581880517,35.73366977213526],[139.283645976741,35.7313638938691],[139.28443433234733,35.73223053268054],[139.283645976741,35.73769345233123],[139.2846493384218,35.74058740693372],[139.27931002090617,35.742119500546806],[139.2804746371428,35.74437895173378],[139.27990128761093,35.7493466492065],[139.27556533177608,35.75358698910534],[139.27029768295196,35.753401280788594],[139.26854180001058,35.754453627916774],[139.26185869452962,35.75558335351026],[139.2557131042348,35.7596225093993],[139.25685980329854,35.760705807913595],[139.26151826824506,35.75983916910216],[139.26719801204524,35.76004035311196],[139.26904348085097,35.76106174885401],[139.2744365498852,35.76089151623034],[139.2761207641351,35.761618873804224],[139.28773109215564,35.76092246761646],[139.29009615897465,35.760071304498084],[139.29654634120828,35.75454648207514],[139.30260234563875,35.75519646118373],[139.3110413340611,35.7506311317306],[139.31387224737475,35.74711814940565],[139.31666732634264,35.74337303168478],[139.32010742353393,35.7333293068879],[139.3219887266854,35.73272575485851],[139.32824182001744,35.72803661986089],[139.3284568260919,35.723703425803684],[139.33123398788695,35.71345851699701],[139.3276326361398,35.71039432977084],[139.32293833684756,35.71627509313419],[139.31922948206324,35.71906071788525],[139.31666732634264,35.71474299952111],[139.3135855726088,35.713953739174976],[139.30849709551336,35.715888200807655],[139.30502116397636,35.7116169095227],[139.30263817998448,35.7122978400174],[139.29584757146628,35.711462152592084],[139.29425294308075,35.7133811385317],[139.28672773047484,35.71339661422476],[139.2718923113375,35.71441800996682],[139.27074561227374,35.710688367939014],[139.265424211931,35.709790777741446],[139.26085533284882,35.710440756850026],[139.25802441953516,35.71226688863128],[139.25195049793183,35.71226688863128],[139.24963918263146,35.71048718392921],[139.24652159455187,35.71088955194881],[139.24505238637641,35.71335018714558],[139.2432069175707,35.712483548334134],[139.24109269117187,35.71404659333334],[139.23734800204178,35.713303760066395],[139.23562795344617,35.714835853679475],[139.21912623723176,35.716816742391345],[139.2172449340803,35.718875009568514],[139.21032890535201,35.71369065239293],[139.2069067253336,35.712762110809244],[139.20443415547737,35.70714443422794],[139.2053479312938,35.70319813249727],[139.20490000197202,35.69977800433069],[139.20049237744573,35.69915897660823],[139.20016986833403,35.69013664755341],[139.19943526424632,35.688279564386036],[139.19336134264296,35.689084300425236],[139.19137253645425,35.68783076928725],[139.18673198868063,35.688031953297056],[139.1843310875159,35.689068824732175],[139.1825752045745,35.68810933176236],[139.17895593565453,35.68922358166279],[139.17141280587575,35.68874383517788],[139.16956733707,35.68991998785055],[139.17221907865493,35.69344844586856],[139.17241616755652,35.7009386813103],[139.17023027246623,35.70329098665564],[139.16532096709952,35.706246844030375],[139.1652134640623,35.71155500675045],[139.1664497489904,35.714201350263956],[139.1657151449027,35.718503592935036],[139.16695142983082,35.722805835606124],[139.16550013882824,35.7225737002102],[139.1653388842724,35.727108078277205],[139.1661989085702,35.72939848085029],[139.16437135693735,35.73263290070014],[139.16587639945854,35.7360220774806],[139.16451469432033,35.737755355103474],[139.1641025993443,35.74133024020067],[139.15672072412136,35.74464203851582],[139.15397939667204,35.75010495816651],[139.148837168058,35.75429887098616],[139.14073860592023,35.75544407227271],[139.13993233314102,35.75764162068744],[139.1421898969228,35.759978450339716],[139.1472246224996,35.762052193209946],[139.1434978505424,35.766323484494905],[139.1391439775347,35.7680103350386],[139.1360980581466,35.77025431053251],[139.1376389350135,35.772436383254174],[139.13946648664637,35.77214234508601],[139.14281699797328,35.77635173359872],[139.14441162635882,35.77693980993506],[139.14833548721762,35.77546961909422],[139.14914175999684,35.778843320181615],[139.15460649772254,35.773241119293374],[139.15801076056806,35.77342682761011],[139.15863786161856,35.777914778597925],[139.16304548614488,35.77823976815222]]]],"type":"MultiPolygon"},"id":"geoshape:13:2023-01-01:812c0d98614856ca82e1","properties":{"administrativeCode":"13228","jurisdictionId":"geoshape:13:2023-01-01:812c0d98614856ca82e1","municipalityName":"あきる野市","prefectureName":"東京都","snapshotDate":"2023-01-01","sourceDataset":"historical-administrative-areas-beta","sourceProvider":"Geoshape","sourceResourceId":"gci:13228A1995"},"type":"Feature"},{"geometry":{"coordinates":[[[[139.07677429877,34.188158733167924],[139.07666679573276,34.18574452505034],[139.07500049865575,34.18719924019812],[139.07677429877,34.188158733167924]]],[[[139.19239381530792,34.20934495696905],[139.1918563001218,34.206033158653895],[139.18922247570973,34.20854022092985],[139.19239381530792,34.20934495696905]]],[[[139.1678293713015,34.23399773601592],[139.17035569267634,34.2311192571065],[139.17234449886504,34.2188779838949],[139.1723624160379,34.21886250820183],[139.1749066545856,34.2159840292924],[139.1732941090272,34.21183654355194],[139.17623252537808,34.20770453350453],[139.17368828683038,34.20555341216899],[139.17033777550347,34.20457844350612],[139.16849230669774,34.208617599395154],[139.16562555903835,34.20832356122699],[139.15666697260272,34.204748676129796],[139.15378230777046,34.201870197220366],[139.1535135501774,34.19957979464727],[139.1565594695655,34.19817150657868],[139.15528735029164,34.195200173510884],[139.1515247439887,34.19281691677942],[139.15143515812434,34.194163302075765],[139.14715295380813,34.19653108311417],[139.14609584060872,34.19413235068964],[139.1464183497204,34.18952059415733],[139.14537915369388,34.18788017069282],[139.14346201619665,34.18976820524632],[139.1393231492634,34.186100465990755],[139.13690433092577,34.18640997985199],[139.13685057940717,34.18658021247566],[139.13307005593134,34.18715281311893],[139.1303108113092,34.1846767022291],[139.12696029998227,34.18693615341607],[139.1269423828094,34.18692067772301],[139.12692446563653,34.18688972633689],[139.12515066552228,34.18959797262264],[139.1227676815304,34.18818968455405],[139.11981134800666,34.19083602806756],[139.1204026147114,34.195200173510884],[139.1203488631928,34.19537040613456],[139.12221224917138,34.19930123217217],[139.12617194437593,34.2008952285575],[139.13163668210166,34.20123569380485],[139.13312380744995,34.20505818999102],[139.13280129833828,34.210598488107024],[139.13088416084105,34.212857939294],[139.13088416084105,34.21640187300506],[139.1336075711175,34.21836728602386],[139.12878785161513,34.22002318518144],[139.1283757566391,34.2228088099325],[139.13423467216796,34.22339688626884],[139.1368864137529,34.225965851317035],[139.13649223594976,34.23074784047302],[139.1349155247371,34.231846614680386],[139.13618764401093,34.23292991319469],[139.13418092064936,34.23511198591635],[139.13742392893906,34.2373404857172],[139.1371372541731,34.24124036036868],[139.13971732706656,34.24326767615973],[139.14308575556635,34.24377837403076],[139.14890883674948,34.23961541259723],[139.15478566945126,34.23973921814172],[139.15820784946965,34.23775832942986],[139.1678293713015,34.23399773601592]]]],"type":"MultiPolygon"},"id":"geoshape:13:2023-01-01:86d79a28bff95fe4b85f","properties":{"administrativeCode":"13364","jurisdictionId":"geoshape:13:2023-01-01:86d79a28bff95fe4b85f","municipalityName":"神津島村","parentJurisdictionName":"大島支庁","prefectureName":"東京都","snapshotDate":"2023-01-01","sourceDataset":"historical-administrative-areas-beta","sourceProvider":"Geoshape","sourceResourceId":"gci:13364A1968"},"type":"Feature"},{"geometry":{"coordinates":[[[[139.88998102387563,35.75077041296815],[139.88075367984698,35.74973354153303],[139.88501796699032,35.74560153148563],[139.88184662739212,35.74437895173378],[139.88050283942678,35.740277893072495],[139.87758234024878,35.740912396488014],[139.87654314422224,35.73704347322265],[139.87294179247513,35.73736846277694],[139.8739451541559,35.7360220774806],[139.87193843079433,35.73243171669034],[139.87218927121452,35.73004845995888],[139.87027213371732,35.72874850174172],[139.87055880848325,35.72470934585268],[139.86874917402326,35.72379627996205],[139.86627660416704,35.71853454432116],[139.86857000229455,35.714588242590494],[139.8665991132787,35.71291686773986],[139.86224524027102,35.71283948927455],[139.85626090453204,35.714464437046004],[139.85135159916533,35.71085860056269],[139.84216008948238,35.719308328974236],[139.8297614058555,35.731178185552366],[139.82383082163514,35.73770892802429],[139.82035489009812,35.74343493445703],[139.81716563332705,35.749145465196705],[139.81347469571557,35.754469103609836],[139.81354636440705,35.759668936478484],[139.8197457062205,35.760442721131554],[139.8202473870609,35.75598572152986],[139.82354414686918,35.75586191598536],[139.82436833682127,35.7617891064279],[139.82624963997276,35.76168077657647],[139.82542545002067,35.75912728722133],[139.82755759359236,35.757347582519266],[139.83099769078362,35.75908086014215],[139.83173229487133,35.76370809236752],[139.837483707363,35.76318191880343],[139.83768079626458,35.76576635954469],[139.84169424298773,35.766447290039395],[139.84579727557525,35.76951147726556],[139.8512978476467,35.76988289389904],[139.85217578911738,35.76575088385163],[139.85656549647084,35.76441997424835],[139.85880514307973,35.76790200518717],[139.8577659470532,35.77082691117579],[139.84966738491542,35.77967900760693],[139.8452597603891,35.787710892305824],[139.8442743158812,35.79385474245122],[139.84674688573742,35.79650108596472],[139.85264163561203,35.792152416214456],[139.85649382777936,35.790960787848725],[139.85989809062488,35.79534040898511],[139.86389362017516,35.79484518680715],[139.86770997799673,35.796686794281456],[139.87136508126247,35.797352249083104],[139.87475142693512,35.796547513043905],[139.87659689574085,35.793823791065094],[139.8732643015868,35.79038818720545],[139.87118590953375,35.78662759379152],[139.87453642086066,35.78176822617023],[139.8772419139642,35.78116467414083],[139.88723969642635,35.78401220166414],[139.89377946452433,35.782743194833095],[139.8945499029578,35.78032898671551],[139.89342112106692,35.778317146617525],[139.8828499890729,35.77353515746154],[139.88075367984698,35.771662598601104],[139.87939197470877,35.7680103350386],[139.88267081734418,35.76200576613076],[139.88320833253033,35.758616589350304],[139.88998102387563,35.75077041296815]]]],"type":"MultiPolygon"},"id":"geoshape:13:2023-01-01:8c0ed108ba64a4d1227e","properties":{"administrativeCode":"13122","jurisdictionId":"geoshape:13:2023-01-01:8c0ed108ba64a4d1227e","municipalityName":"葛飾区","prefectureName":"東京都","snapshotDate":"2023-01-01","sourceDataset":"historical-administrative-areas-beta","sourceProvider":"Geoshape","sourceResourceId":"gci:13122A1968"},"type":"Feature"},{"geometry":{"coordinates":[[[[139.37901908793447,35.77119832780926],[139.38021953851683,35.76636991157409],[139.38525426409365,35.765271137366724],[139.39166861198154,35.76740678300921],[139.3904502442263,35.76407950900099],[139.3916865291544,35.76335215142711],[139.39270780800805,35.76233075568505],[139.39632707692806,35.762795026476894],[139.40261600460585,35.76107722454707],[139.40498107142483,35.76208314459607],[139.40754322714542,35.760845089151154],[139.40958578485274,35.75688331172742],[139.4072565523795,35.752225128115924],[139.40734613824384,35.74872762148404],[139.41062498087928,35.74776812851423],[139.41101915868245,35.74089692079495],[139.41243461533927,35.73902436193451],[139.41119833041114,35.73726013292551],[139.41356339723015,35.73643992119325],[139.41442342152797,35.73303526871973],[139.40946036464265,35.73260194931402],[139.4088153464193,35.733623345056074],[139.4003226064783,35.73360786936301],[139.398280048771,35.734938778966296],[139.3953057980744,35.73349953951158],[139.38788808850572,35.73950410841942],[139.38351629832513,35.74413134064479],[139.3848959206362,35.74151594851741],[139.38482425194474,35.73787916064797],[139.38729682180096,35.73704347322265],[139.39114901396826,35.73339120966015],[139.38385672460967,35.73552685530263],[139.38349838115226,35.73303526871973],[139.381169148679,35.73486140050099],[139.3784815727483,35.733515015204645],[139.37796197473506,35.73509353589691],[139.3702755075733,35.73735298708388],[139.3694692347941,35.73588279624304],[139.36545578807096,35.7390707890137],[139.35988354730802,35.73958148688473],[139.3549025732498,35.74276947965539],[139.35466965000248,35.74560153148563],[139.35665845619118,35.750816840047335],[139.35812766436663,35.75075493727509],[139.35750056331614,35.75363341618452],[139.3590235230102,35.7544845793029],[139.3588264341086,35.7579356588556],[139.36095857768026,35.761108175933195],[139.36289363235036,35.761928387665456],[139.36739084274103,35.76779367533574],[139.36855545897768,35.77440179627298],[139.3709026086238,35.77143046320518],[139.37330350978854,35.77129118196763],[139.3736260189002,35.768799595384735],[139.37901908793447,35.77119832780926]],[[139.35724972289594,35.74462656282276],[139.35724972289594,35.74462656282276]]]],"type":"MultiPolygon"},"id":"geoshape:13:2023-01-01:8c4d225290a1727381fc","properties":{"administrativeCode":"13223","jurisdictionId":"geoshape:13:2023-01-01:8c4d225290a1727381fc","municipalityName":"武蔵村山市","prefectureName":"東京都","snapshotDate":"2023-01-01","sourceDataset":"historical-administrative-areas-beta","sourceProvider":"Geoshape","sourceResourceId":"gci:13223A1970"},"type":"Feature"},{"geometry":{"coordinates":[[[[139.75275339685504,35.735062584510786],[139.7599381831764,35.73158055357196],[139.7609415448572,35.73219958129442],[139.76278701366292,35.730744866146644],[139.7649191572346,35.72721640812863],[139.76325286015756,35.721877294022434],[139.76868176353756,35.71581082234235],[139.76450706225856,35.71728101318318],[139.76568959566805,35.7135823225415],[139.76762465033815,35.71296329481904],[139.76823383421578,35.71045623254309],[139.76662128865735,35.708707479227144],[139.77124391925813,35.708986041702246],[139.7701330545401,35.70534925383281],[139.7699001312928,35.703368365120944],[139.7664062825829,35.701789844428674],[139.76850259180884,35.700133945271105],[139.76603002195262,35.69963872309314],[139.7612998883146,35.70158866041888],[139.7571968557271,35.70171246596337],[139.74906245924356,35.703120754031964],[139.7458732024725,35.7029040943291],[139.7428093659115,35.70813487858387],[139.7358575028375,35.70918722571205],[139.73245323999197,35.70739204531692],[139.73184405611434,35.709264604177356],[139.72598514058546,35.70920270140511],[139.72326173030902,35.710409805463904],[139.72250920904844,35.71226688863128],[139.71747448347162,35.71461919397662],[139.71831659059657,35.71776075966809],[139.72473093848447,35.720004735162],[139.72274213229576,35.7251426652584],[139.72648682142585,35.72704617550495],[139.7298731670985,35.72628786654494],[139.73196947632442,35.724105793823284],[139.73739837970442,35.72689141857434],[139.7359650058747,35.72935205377111],[139.73908259395432,35.731843640354],[139.74085639406854,35.730357973820105],[139.74352605282635,35.73289598748218],[139.7424510224541,35.73379357767975],[139.7446190003715,35.735836369163856],[139.74918787945367,35.73288051178912],[139.75275339685504,35.735062584510786]]]],"type":"MultiPolygon"},"id":"geoshape:13:2023-01-01:96f7b22ed87c43a88717","properties":{"administrativeCode":"13105","jurisdictionId":"geoshape:13:2023-01-01:96f7b22ed87c43a88717","municipalityName":"文京区","prefectureName":"東京都","snapshotDate":"2023-01-01","sourceDataset":"historical-administrative-areas-beta","sourceProvider":"Geoshape","sourceResourceId":"gci:13105A1968"},"type":"Feature"},{"geometry":{"coordinates":[[[[139.69685181749688,35.798899818389245],[139.69063455851057,35.790573895522186],[139.68946994227392,35.786797826415196],[139.6912795767339,35.78441456968373],[139.69498843151825,35.782619389288605],[139.6984464458824,35.78212416711064],[139.70226280370397,35.78410505582251],[139.70238822391406,35.78107181998246],[139.70625833325425,35.7684127030582],[139.7064016706372,35.76666394974225],[139.7108988810279,35.763615238209155],[139.71326394784688,35.76308906464506],[139.71629195006213,35.760721283606664],[139.72270629795003,35.75323104816492],[139.7214162615033,35.74631341336646],[139.71951704117893,35.74504440653541],[139.71043303453325,35.74578723980237],[139.70830089096157,35.7416397540619],[139.70233447239545,35.73614588302509],[139.7009906844301,35.73990647643902],[139.69921688431586,35.73972076812228],[139.69885854085845,35.74239806302191],[139.69454050219647,35.742227830398235],[139.69256961318064,35.743636118466824],[139.6896132796569,35.74133024020067],[139.6807621962585,35.73876127515247],[139.67920340221872,35.74018503891412],[139.68083386495,35.74382182678356],[139.67587080806467,35.74540034747583],[139.67207236741598,35.745214639159094],[139.67502870093972,35.75188466286858],[139.67334448668984,35.75451553068902],[139.67370283014725,35.758399929647446],[139.6706927451049,35.762052193209946],[139.669008530855,35.76654014419776],[139.66112497479168,35.768675789840245],[139.65112719232954,35.76917101201821],[139.64792001838558,35.768613887068],[139.64295696150026,35.770919765334156],[139.64052022598977,35.76910910924596],[139.63482256501672,35.768799595384735],[139.63473297915237,35.769867418205976],[139.63019993441597,35.77234352909581],[139.62935782729102,35.77173997706641],[139.62939366163675,35.77687790716281],[139.62518312601202,35.777930254290986],[139.62471727951737,35.77981828884448],[139.62907115252509,35.785745479287016],[139.63168705976426,35.78633355562335],[139.63156163955418,35.788206114483785],[139.634231298312,35.79034176012627],[139.63754597529316,35.790852457997296],[139.63940936127176,35.79284882240222],[139.64057397750838,35.79769271433045],[139.64369156558797,35.79821888789454],[139.64824252749727,35.79763081155821],[139.65336683893844,35.80023072799253],[139.65777446346476,35.80050929046764],[139.6697610521156,35.80024620368559],[139.6784150466124,35.79882243992394],[139.68920118468085,35.800880707101115],[139.6938417324545,35.80023072799253],[139.69685181749688,35.798899818389245]]]],"type":"MultiPolygon"},"id":"geoshape:13:2023-01-01:97f2944e114ecb9ef2ed","properties":{"administrativeCode":"13119","jurisdictionId":"geoshape:13:2023-01-01:97f2944e114ecb9ef2ed","municipalityName":"板橋区","prefectureName":"東京都","snapshotDate":"2023-01-01","sourceDataset":"historical-administrative-areas-beta","sourceProvider":"Geoshape","sourceResourceId":"gci:13119A1968"},"type":"Feature"},{"geometry":{"coordinates":[[[[139.4247974646204,34.779438537966556],[139.426660850599,34.77688504861142],[139.43303936414117,34.77253637886115],[139.43660488154254,34.7678627195566],[139.44008081307953,34.75815946000707],[139.44103042324173,34.75240250218821],[139.44341340723358,34.74766694011141],[139.44549179928666,34.74766694011141],[139.44812562369873,34.74443252026157],[139.4483227126003,34.73884579506638],[139.4442734315314,34.73415666006877],[139.44387925372823,34.731990063040165],[139.44549179928666,34.728074712695616],[139.4448467810633,34.725118855320886],[139.44610098316426,34.72242608472819],[139.4490035651694,34.719872595373054],[139.44936190862683,34.71615842903831],[139.4483227126003,34.71249068978275],[139.44454218912446,34.71016933582353],[139.44370008199954,34.70297313854996],[139.44948732883694,34.698361382017644],[139.4500069268502,34.69651977454333],[139.44662058117754,34.69305321929757],[139.44429134870427,34.68858074400281],[139.4447751123718,34.6845725394999],[139.43932829181895,34.685377275539096],[139.43929245747321,34.68772958088444],[139.43721406542014,34.688735500933426],[139.43714239672866,34.685717740786444],[139.44034957067262,34.68280831049089],[139.44025998480825,34.680394102373306],[139.43871910794132,34.678676300443485],[139.43544026530589,34.67813465118634],[139.43001136192592,34.67876915460185],[139.42805839008295,34.6814000224223],[139.42519164242356,34.6826845049464],[139.4207481835515,34.68240594247129],[139.41718266615013,34.6811988384125],[139.4129004618339,34.68181786613496],[139.41049956066917,34.680796470392906],[139.406629451329,34.68109050856107],[139.40487356838761,34.682328564005985],[139.40091387318307,34.68226666123374],[139.39939091348901,34.684092793015],[139.3957358102233,34.683922560391316],[139.39389034141757,34.68735816425096],[139.39086233920233,34.68661533098401],[139.38878394714928,34.68919977172527],[139.3863472116388,34.69015926469508],[139.38398214481978,34.693440111624106],[139.37948493442912,34.696163833602924],[139.37473688361823,34.69687571548375],[139.37265849156518,34.69956848607644],[139.36430908900718,34.700605357511556],[139.35889810280008,34.702942187163835],[139.3588801856272,34.703298128104244],[139.36018813924682,34.70808011726023],[139.36103024637177,34.710355044140265],[139.35268084381377,34.71840240453221],[139.3523583347021,34.725087903934764],[139.35325419334566,34.73104604576342],[139.3568913794385,34.7353482884345],[139.35606718948642,34.73985171511538],[139.3568913794385,34.741909982292555],[139.35269876098664,34.74681577699303],[139.35294960140683,34.750870408575125],[139.34909740923953,34.75902609881851],[139.34890032033795,34.766036587775346],[139.3513012215027,34.767197264754955],[139.35153414475002,34.77168521574277],[139.34933033248686,34.774997014057924],[139.34956325573418,34.782549152271905],[139.3522866660106,34.784236002815604],[139.35407838329772,34.78994653355528],[139.3571959713773,34.79175718964346],[139.36004480186384,34.79497613380025],[139.3609406605074,34.799108143847654],[139.36678165886343,34.79641537325496],[139.37230014810774,34.79844268904601],[139.37677944132557,34.79426425191942],[139.38045246176415,34.79435710607779],[139.38201125580395,34.79149410286142],[139.38480633477187,34.7897763009316],[139.38993064621303,34.78861562395199],[139.39313782015697,34.78966797108017],[139.39801129117794,34.78787279068504],[139.40098554187455,34.7884918184075],[139.4031356026191,34.78708353033891],[139.40797323929434,34.786185940141344],[139.41175376277016,34.78703710325973],[139.4137784033046,34.78454551667683],[139.41793518741073,34.78194560024251],[139.4220561371711,34.78174441623271],[139.4247974646204,34.779438537966556]]]],"type":"MultiPolygon"},"id":"geoshape:13:2023-01-01:a7fd83b776a25b621392","properties":{"administrativeCode":"13361","jurisdictionId":"geoshape:13:2023-01-01:a7fd83b776a25b621392","municipalityName":"大島町","parentJurisdictionName":"大島支庁","prefectureName":"東京都","snapshotDate":"2023-01-01","sourceDataset":"historical-administrative-areas-beta","sourceProvider":"Geoshape","sourceResourceId":"gci:13361A1968"},"type":"Feature"},{"geometry":{"coordinates":[[[[139.35724972289594,35.74462656282276],[139.35724972289594,35.74462656282276]]],[[[139.37901908793447,35.77119832780926],[139.3736260189002,35.768799595384735],[139.37330350978854,35.77129118196763],[139.3709026086238,35.77143046320518],[139.36855545897768,35.77440179627298],[139.36739084274103,35.76779367533574],[139.36289363235036,35.761928387665456],[139.36095857768026,35.761108175933195],[139.3588264341086,35.7579356588556],[139.3590235230102,35.7544845793029],[139.35750056331614,35.75363341618452],[139.35812766436663,35.75075493727509],[139.35665845619118,35.750816840047335],[139.35466965000248,35.74560153148563],[139.34990368201875,35.74772170143505],[139.350423280032,35.74513726069379],[139.35334377921,35.74253734425946],[139.35207165993614,35.7412373860423],[139.3455139746653,35.74707172232647],[139.34232471789423,35.74614318074278],[139.34262930983303,35.74984187138446],[139.3430772391548,35.75321557247186],[139.3403538288784,35.75372627034289],[139.33583870131483,35.759297519845006],[139.33478158811545,35.76493067211938],[139.3364299680196,35.7660449220198],[139.3331869597299,35.767607967019],[139.33363488905167,35.77095071672028],[139.33152066265288,35.77291612973908],[139.3287793352036,35.77133760904681],[139.32107495086896,35.77721837241016],[139.32412087025708,35.78108729567552],[139.32066285589292,35.78336222255555],[139.32057327002858,35.789908440720545],[139.32275916511887,35.78630260423723],[139.322042478204,35.789784635176055],[139.3262709310016,35.787029961811115],[139.3300693716503,35.79060484690831],[139.32847474326476,35.79176552388792],[139.33037396358912,35.7936226070553],[139.33277486475387,35.79188932943241],[139.3348711739798,35.793699985520604],[139.33850836007264,35.794597575718164],[139.34288015025322,35.79402497507489],[139.34671442524765,35.79640823180635],[139.35026202547616,35.79340594735243],[139.35492049042267,35.793715461213665],[139.35984771296225,35.791626242650366],[139.3699171641159,35.791734572501795],[139.3687167135335,35.790295333047084],[139.36986341259725,35.78760256245439],[139.36782085488994,35.787045437504176],[139.36749834577827,35.78438361829761],[139.37299891784974,35.77964805622081],[139.37531023315012,35.780421840873885],[139.38012995265248,35.77875046602325],[139.3815454093093,35.77449465043135],[139.37901908793447,35.77119832780926]]]],"type":"MultiPolygon"},"id":"geoshape:13:2023-01-01:ad3de1d862f9f51bb886","properties":{"administrativeCode":"13303","jurisdictionId":"geoshape:13:2023-01-01:ad3de1d862f9f51bb886","municipalityName":"瑞穂町","parentJurisdictionName":"西多摩郡","prefectureName":"東京都","snapshotDate":"2023-01-01","sourceDataset":"historical-administrative-areas-beta","sourceProvider":"Geoshape","sourceResourceId":"gci:13303A1968"},"type":"Feature"},{"geometry":{"coordinates":[[[[139.41442342152797,35.73303526871973],[139.41623305598796,35.73209125144299],[139.42580082630118,35.73103890431481],[139.42644584452455,35.73017226550337],[139.42291616146892,35.73018774119643],[139.43384563692035,35.726953321346585],[139.4356194370346,35.724755772931864],[139.44611890033715,35.72286773837837],[139.44387925372823,35.71174071506719],[139.4416037727736,35.71582629803541],[139.4365511300239,35.71477395090723],[139.43334395607997,35.71839526308361],[139.4282733961574,35.71735839164849],[139.43563735420747,35.70372430606136],[139.43031595386472,35.703538597744625],[139.42727003447663,35.70363145190299],[139.42558582022673,35.70188269858705],[139.42739545468672,35.698447094727406],[139.4316418246572,35.69693047680738],[139.4299038588887,35.69395914373959],[139.43121181250828,35.69027592879097],[139.4284167335404,35.691127091909344],[139.42470787875604,35.686716519386835],[139.4215007048121,35.68858907824727],[139.4175768439533,35.6827547419631],[139.41248836685787,35.68359042938842],[139.39514454351854,35.689177154583604],[139.3850930095378,35.69128184883996],[139.38803142588867,35.69265918552243],[139.39023523815183,35.69878755997476],[139.39295864842825,35.699081598142925],[139.3956103900132,35.7066801634361],[139.39844130332685,35.71164786090882],[139.39569997587756,35.712885916353734],[139.39449952529517,35.71164786090882],[139.39104151093105,35.71533107585744],[139.38898103605084,35.7143870585807],[139.38709973289937,35.716677461153786],[139.38883769866788,35.71790004090565],[139.38550510451384,35.720453530260784],[139.38206500732255,35.72023687055792],[139.37932367987327,35.72172253709182],[139.3817962497295,35.72311534946735],[139.38009411830672,35.72559146035718],[139.37771113431486,35.72421412367471],[139.37645693221387,35.725421227733506],[139.37004258432597,35.72450816184288],[139.37029342474617,35.72583907144616],[139.3654199537252,35.725018859713906],[139.3618186019781,35.72625691515882],[139.36246362020145,35.72416769659553],[139.35716013703157,35.72580812006004],[139.35504591063278,35.72508076248615],[139.35334377921,35.72795924139558],[139.3529137670611,35.73605302886672],[139.35900560583732,35.73733751139082],[139.35988354730802,35.73958148688473],[139.36545578807096,35.7390707890137],[139.3694692347941,35.73588279624304],[139.3702755075733,35.73735298708388],[139.37796197473506,35.73509353589691],[139.3784815727483,35.733515015204645],[139.381169148679,35.73486140050099],[139.38349838115226,35.73303526871973],[139.38385672460967,35.73552685530263],[139.39114901396826,35.73339120966015],[139.38729682180096,35.73704347322265],[139.38482425194474,35.73787916064797],[139.3848959206362,35.74151594851741],[139.38351629832513,35.74413134064479],[139.38788808850572,35.73950410841942],[139.3953057980744,35.73349953951158],[139.398280048771,35.734938778966296],[139.4003226064783,35.73360786936301],[139.4088153464193,35.733623345056074],[139.40946036464265,35.73260194931402],[139.41442342152797,35.73303526871973]]]],"type":"MultiPolygon"},"id":"geoshape:13:2023-01-01:b325cd90fc16a88660a7","properties":{"administrativeCode":"13202","jurisdictionId":"geoshape:13:2023-01-01:b325cd90fc16a88660a7","municipalityName":"立川市","prefectureName":"東京都","snapshotDate":"2023-01-01","sourceDataset":"historical-administrative-areas-beta","sourceProvider":"Geoshape","sourceResourceId":"gci:13202A1968"},"type":"Feature"},{"geometry":{"coordinates":[[[[139.3850930095378,35.69128184883996],[139.37625984331228,35.69163778978037],[139.36762376598836,35.692148487651394],[139.36332364449927,35.693742484036726],[139.3552250823615,35.6932317861657],[139.3464456676546,35.69197825502772],[139.34038966322413,35.69364962987836],[139.3360357902164,35.69611026507513],[139.33558786089463,35.6990506467568],[139.33682414582276,35.70151128195357],[139.33307945669267,35.70452904210055],[139.3313235737513,35.709759826355324],[139.3324881899879,35.712607353878624],[139.33886670353007,35.71585724942153],[139.338597945937,35.71895238803382],[139.34162594815223,35.72130469337916],[139.34628441309874,35.720948752438744],[139.3525554236037,35.72289868976449],[139.35504591063278,35.72508076248615],[139.35716013703157,35.72580812006004],[139.36246362020145,35.72416769659553],[139.3618186019781,35.72625691515882],[139.3654199537252,35.725018859713906],[139.37029342474617,35.72583907144616],[139.37004258432597,35.72450816184288],[139.37645693221387,35.725421227733506],[139.37771113431486,35.72421412367471],[139.38009411830672,35.72559146035718],[139.3817962497295,35.72311534946735],[139.37932367987327,35.72172253709182],[139.38206500732255,35.72023687055792],[139.38550510451384,35.720453530260784],[139.38883769866788,35.71790004090565],[139.38709973289937,35.716677461153786],[139.38898103605084,35.7143870585807],[139.39104151093105,35.71533107585744],[139.39449952529517,35.71164786090882],[139.39569997587756,35.712885916353734],[139.39844130332685,35.71164786090882],[139.3956103900132,35.7066801634361],[139.39295864842825,35.699081598142925],[139.39023523815183,35.69878755997476],[139.38803142588867,35.69265918552243],[139.3850930095378,35.69128184883996]]]],"type":"MultiPolygon"},"id":"geoshape:13:2023-01-01:b5955d2d53a5309ff933","properties":{"administrativeCode":"13207","jurisdictionId":"geoshape:13:2023-01-01:b5955d2d53a5309ff933","municipalityName":"昭島市","prefectureName":"東京都","snapshotDate":"2023-01-01","sourceDataset":"historical-administrative-areas-beta","sourceProvider":"Geoshape","sourceResourceId":"gci:13207A1968"},"type":"Feature"},{"geometry":{"coordinates":[[[[139.81449597456924,35.738807702231654],[139.8141376311118,35.73620778579733],[139.81139630366252,35.73297336594749],[139.8097120894126,35.728129474019255],[139.80143435554612,35.72925919961274],[139.79507375917683,35.72896516144458],[139.79120364983666,35.73122461263155],[139.78946568406815,35.72874850174172],[139.78444887566422,35.72786638723721],[139.78145670779472,35.724616491694306],[139.7767444913296,35.7249414812486],[139.7697747110827,35.728129474019255],[139.76604793912549,35.727525921989866],[139.76473998550588,35.73014131411725],[139.76278701366292,35.730744866146644],[139.7609415448572,35.73219958129442],[139.7613178054875,35.73380905337281],[139.77111849904804,35.73789463634103],[139.76818008269714,35.74146952143822],[139.76588668456964,35.74162427836884],[139.76384412686232,35.74413134064479],[139.7603144438067,35.74345041015009],[139.7571968557271,35.745462250248075],[139.75780603960473,35.74761337158362],[139.754706368698,35.74919189227589],[139.74977914615843,35.75012043385957],[139.75089001087645,35.75371079464983],[139.75759103353028,35.753169145392675],[139.75796729416055,35.754855995936374],[139.77165601423417,35.75361794049146],[139.78398302916958,35.75403578420412],[139.7888027486719,35.752503690591034],[139.79113198114518,35.750306142176306],[139.7886952456347,35.74702529524728],[139.78892816888202,35.74439442742684],[139.7924220175919,35.74077311525046],[139.79480500158377,35.73982909797371],[139.80243771722692,35.73863746960798],[139.80910290553498,35.74086596940883],[139.8130267663938,35.74074216386434],[139.81449597456924,35.738807702231654]]]],"type":"MultiPolygon"},"id":"geoshape:13:2023-01-01:b6b35fbc57509c9d56b5","properties":{"administrativeCode":"13118","jurisdictionId":"geoshape:13:2023-01-01:b6b35fbc57509c9d56b5","municipalityName":"荒川区","prefectureName":"東京都","snapshotDate":"2023-01-01","sourceDataset":"historical-administrative-areas-beta","sourceProvider":"Geoshape","sourceResourceId":"gci:13118A1968"},"type":"Feature"},{"geometry":{"coordinates":[[[[139.5269253499863,35.684209457110875],[139.52868123292768,35.68119169696389],[139.52538447311937,35.68089765879573],[139.52660284087463,35.679133429786724],[139.52676409543045,35.67467643018503],[139.52945167136113,35.67560497176871],[139.52945167136113,35.67272649285928],[139.53244383923064,35.669894441029044],[139.53136880885836,35.667696892614316],[139.5343968110736,35.6675421356837],[139.53559726165597,35.66929088899964],[139.53796232847498,35.667681416921255],[139.5374427304617,35.665468392813466],[139.54159951456782,35.664276764447735],[139.54443042788148,35.66659811840695],[139.5419399408524,35.66795997939636],[139.54140242566623,35.669894441029044],[139.54294330253316,35.68046433939001],[139.54543378956225,35.68205833577534],[139.55217064656185,35.680835756023484],[139.55458946489944,35.68212023854758],[139.56087839257725,35.68284759612147],[139.5644618271515,35.672262222067445],[139.56439015846001,35.66854805573269],[139.5655726918695,35.66506602479387],[139.56885153450494,35.663502979794664],[139.57300831861104,35.66413748321018],[139.57549880564017,35.6600364245489],[139.58214607677536,35.66501959771469],[139.57979892712925,35.66553029558571],[139.5784551391639,35.67190628112703],[139.58046186252548,35.6707146527613],[139.5851740789906,35.67128725340457],[139.58888293377495,35.66941469454414],[139.59011921870305,35.66579338236776],[139.58655370130168,35.66395177489345],[139.58974295807278,35.66093401474646],[139.58988629545573,35.657250799797836],[139.59234094813908,35.65542466801659],[139.59307555222682,35.651524793365105],[139.5919646875088,35.65135456074143],[139.59200052185454,35.645814262625436],[139.58764664884683,35.646170203565845],[139.58558617396665,35.6455047487642],[139.58433197186565,35.648398703366695],[139.58062311708133,35.64729992915933],[139.5765200844938,35.650333164999374],[139.57451336113223,35.650735533018974],[139.5694786355554,35.649033206782214],[139.56589520098117,35.64637138757564],[139.56336887960634,35.6413727387168],[139.5632076250505,35.63739548560001],[139.5619713401224,35.63259802075096],[139.55856707727685,35.63374322203751],[139.54942931911253,35.63437772545302],[139.5477271876898,35.63669907941224],[139.5359556051134,35.6394847041633],[139.53088504519084,35.64196081505313],[139.52538447311937,35.642641745547834],[139.5208335112101,35.64620115495197],[139.52079767686433,35.653598536235336],[139.5170350705614,35.65531633816516],[139.52321649520195,35.667789746772684],[139.52516946704492,35.668981375138415],[139.52645950349165,35.672386027611935],[139.52434527709283,35.679690554736936],[139.52049308492553,35.68164049206268],[139.52226688503978,35.68736649849541],[139.52450653164868,35.68793909913869],[139.5269253499863,35.684209457110875]]]],"type":"MultiPolygon"},"id":"geoshape:13:2023-01-01:b75ae6b8675d5efbaf49","properties":{"administrativeCode":"13208","jurisdictionId":"geoshape:13:2023-01-01:b75ae6b8675d5efbaf49","municipalityName":"調布市","prefectureName":"東京都","snapshotDate":"2023-01-01","sourceDataset":"historical-administrative-areas-beta","sourceProvider":"Geoshape","sourceResourceId":"gci:13208A1968"},"type":"Feature"},{"geometry":{"coordinates":[[[[139.68585067335394,33.13661634102886],[139.68988203724996,33.13124627553654],[139.69579470429747,33.128955872963445],[139.69901979541427,33.124545300440936],[139.69939605604458,33.11936094326535],[139.70127735919604,33.118262169057985],[139.70014857730516,33.11642056158367],[139.69176334040145,33.117472908711854],[139.68882492405055,33.11617295049469],[139.6838260328195,33.11857168291922],[139.68104887102444,33.12511790108421],[139.67518995549557,33.13109151860593],[139.6767308323625,33.13643063271212],[139.67879130724268,33.13427951137658],[139.6830018428674,33.13661634102886],[139.68585067335394,33.13661634102886]]],[[[139.7600098518679,33.15897871750265],[139.76126405396886,33.159288231363874],[139.76812633117854,33.157508526661815],[139.77185310313575,33.15871563072061],[139.7788408005555,33.15348484646584],[139.78371427157649,33.148656430230666],[139.78677810813747,33.14777431572616],[139.78896400322776,33.14528272914327],[139.79084530637923,33.14529820483633],[139.79498417331249,33.14215663914486],[139.79788675531762,33.13367595934719],[139.80376358801936,33.13160221647695],[139.8055553053065,33.12945109514141],[139.8095329176839,33.13030225825979],[139.8107871197849,33.128692786181404],[139.81548141907714,33.12737735227118],[139.81736272222864,33.12196085969967],[139.81702229594407,33.120227582076794],[139.8240458277096,33.11928356480004],[139.827324670345,33.117380054553486],[139.83040642407886,33.11711696777144],[139.83574574159448,33.11810741212737],[139.84273343901427,33.11628128034612],[139.84545684929068,33.11663722128654],[139.84896861517345,33.11163857242769],[139.85154868806688,33.10462808347086],[139.85749718946013,33.09904135827567],[139.85437960138054,33.09357843862498],[139.8546483589736,33.090761862487795],[139.85866180569676,33.085825116401196],[139.85859013700528,33.079340801008456],[139.85506045394965,33.077468242148015],[139.84995405968135,33.078009891405166],[139.8453135119077,33.07544092635697],[139.84002794591072,33.07599805130718],[139.83741203867152,33.07011728794383],[139.8334344262941,33.06722333334134],[139.8343661192834,33.06295204205638],[139.8334344262941,33.05487373027831],[139.83691035783113,33.050633390379474],[139.83420486472755,33.04690374835167],[139.83210855550163,33.04589782830267],[139.82709174709768,33.050122692508445],[139.81933361124447,33.058448615375504],[139.8126505057635,33.05970214651348],[139.80926416009083,33.058835507702035],[139.8020793737695,33.06384963225395],[139.79892595134416,33.062874663591074],[139.79523501373268,33.06315322606618],[139.79349704796417,33.06570671542132],[139.79045112857608,33.06649597576745],[139.78391136047807,33.06983872546873],[139.78106252999154,33.07315052378387],[139.78027417438523,33.07559568328758],[139.78045334611394,33.08175500912604],[139.77957540464325,33.08693936630162],[139.78011291982938,33.08949285565676],[139.77876913186404,33.09596169535644],[139.77615322462484,33.09842233055321],[139.779467901606,33.10086749005692],[139.77253395570486,33.098035438226674],[139.76787549075834,33.10164127470999],[139.758325637618,33.10235315659082],[139.75372092419008,33.10493759733208],[139.7525921422992,33.111793329358306],[139.7509795967408,33.11581700955428],[139.74789784300694,33.11903595371106],[139.744690669063,33.12107874519517],[139.74349021848062,33.126092869747076],[139.73985303238777,33.13132365400185],[139.73849132724956,33.137560358305606],[139.7384734100767,33.14203283360037],[139.73960219196758,33.145391058994704],[139.74200309313233,33.14802192681515],[139.74383064476518,33.15333008953522],[139.74739616216655,33.1562704712169],[139.75289673423802,33.157988273146714],[139.7600098518679,33.15897871750265]]]],"type":"MultiPolygon"},"id":"geoshape:13:2023-01-01:b8f168bcac6ebe9f0ce4","properties":{"administrativeCode":"13401","jurisdictionId":"geoshape:13:2023-01-01:b8f168bcac6ebe9f0ce4","municipalityName":"八丈町","parentJurisdictionName":"八丈支庁","prefectureName":"東京都","snapshotDate":"2023-01-01","sourceDataset":"historical-administrative-areas-beta","sourceProvider":"Geoshape","sourceResourceId":"gci:13401A1968"},"type":"Feature"},{"geometry":{"coordinates":[[[[139.71951704117893,35.74504440653541],[139.72001872201935,35.74177903529945],[139.72362007376645,35.73993742782514],[139.72790227808267,35.74471941698113],[139.73263241172066,35.745090833614604],[139.73179030459573,35.74331112891254],[139.7355529108987,35.740540979854536],[139.74105348297013,35.742351635942725],[139.74657197221447,35.73984457366677],[139.74956414008398,35.73654825104468],[139.75275339685504,35.735062584510786],[139.74918787945367,35.73288051178912],[139.7446190003715,35.735836369163856],[139.7424510224541,35.73379357767975],[139.74352605282635,35.73289598748218],[139.74085639406854,35.730357973820105],[139.73908259395432,35.731843640354],[139.7359650058747,35.72935205377111],[139.73739837970442,35.72689141857434],[139.73196947632442,35.724105793823284],[139.7298731670985,35.72628786654494],[139.72648682142585,35.72704617550495],[139.72274213229576,35.7251426652584],[139.72473093848447,35.720004735162],[139.71831659059657,35.71776075966809],[139.71747448347162,35.71461919397662],[139.72250920904844,35.71226688863128],[139.71441064691066,35.713179954521905],[139.71211724878313,35.71475847521417],[139.71054053757047,35.713535895462314],[139.7053624746107,35.71370612808599],[139.70455620183148,35.71587272511459],[139.70593582414256,35.71885953387545],[139.70459203617722,35.72300701961592],[139.69980815102062,35.72354866887307],[139.69572303560597,35.72173801278488],[139.6866211117874,35.72272845714082],[139.68271516810148,35.72364152303144],[139.68135346296327,35.72704617550495],[139.67734001624012,35.72936752946417],[139.67796711729062,35.7306829633744],[139.67873755572407,35.73442808109527],[139.6807621962585,35.73876127515247],[139.6896132796569,35.74133024020067],[139.69256961318064,35.743636118466824],[139.69454050219647,35.742227830398235],[139.69885854085845,35.74239806302191],[139.69921688431586,35.73972076812228],[139.7009906844301,35.73990647643902],[139.70233447239545,35.73614588302509],[139.70830089096157,35.7416397540619],[139.71043303453325,35.74578723980237],[139.71951704117893,35.74504440653541]]]],"type":"MultiPolygon"},"id":"geoshape:13:2023-01-01:b90c0e98eb5814187bb3","properties":{"administrativeCode":"13116","jurisdictionId":"geoshape:13:2023-01-01:b90c0e98eb5814187bb3","municipalityName":"豊島区","prefectureName":"東京都","snapshotDate":"2023-01-01","sourceDataset":"historical-administrative-areas-beta","sourceProvider":"Geoshape","sourceResourceId":"gci:13116A1968"},"type":"Feature"},{"geometry":{"coordinates":[[[[139.4175768439533,35.6827547419631],[139.4215007048121,35.68858907824727],[139.42470787875604,35.686716519386835],[139.4284167335404,35.691127091909344],[139.43121181250828,35.69027592879097],[139.4299038588887,35.69395914373959],[139.4316418246572,35.69693047680738],[139.42739545468672,35.698447094727406],[139.42558582022673,35.70188269858705],[139.42727003447663,35.70363145190299],[139.43031595386472,35.703538597744625],[139.43200016811463,35.70165056319112],[139.44117376062468,35.701201768092346],[139.44149626973638,35.70041250774621],[139.44853771867474,35.70095415700336],[139.45470122614245,35.695444810273486],[139.45941344260757,35.69238062304732],[139.4560450141078,35.69128184883996],[139.4536799472888,35.68804742899012],[139.4528736745096,35.68351305092311],[139.4513686319884,35.68066552339981],[139.4523719936692,35.67856082914345],[139.45092070266662,35.676904929985874],[139.45066986224643,35.67319076365113],[139.45351869273296,35.6715967672658],[139.45066986224643,35.6715967672658],[139.4457068053611,35.67350027751236],[139.44051082522844,35.67161224295886],[139.43606736635638,35.67151938880049],[139.43173141052156,35.6726800657801],[139.4298321901972,35.67082298261273],[139.42241448062853,35.679148905479785],[139.4175768439533,35.6827547419631]]]],"type":"MultiPolygon"},"id":"geoshape:13:2023-01-01:b9dd1fb0a09aa39de6b7","properties":{"administrativeCode":"13215","jurisdictionId":"geoshape:13:2023-01-01:b9dd1fb0a09aa39de6b7","municipalityName":"国立市","prefectureName":"東京都","snapshotDate":"2023-01-01","sourceDataset":"historical-administrative-areas-beta","sourceProvider":"Geoshape","sourceResourceId":"gci:13215A1968"},"type":"Feature"},{"geometry":{"coordinates":[[[[139.78254965533986,35.69657453586697],[139.7825854896856,35.6947174526996],[139.77771201866463,35.69176159532486],[139.76812633117854,35.68863550532645],[139.7709034929736,35.684503495279046],[139.7703301434417,35.67843702359896],[139.76368287230648,35.672509833156425],[139.75431219089484,35.669909916722105],[139.74995831788712,35.67083845830579],[139.7478082571426,35.669615878553934],[139.74316770936895,35.671457486028245],[139.73906467678142,35.67401097538338],[139.73677127865392,35.678870343004675],[139.73383286230305,35.678870343004675],[139.73150362982977,35.681501210825125],[139.72999858730861,35.685540366714164],[139.73157529852128,35.689579522603196],[139.7362875149864,35.692194914730585],[139.7458732024725,35.7029040943291],[139.74906245924356,35.703120754031964],[139.7571968557271,35.70171246596337],[139.7612998883146,35.70158866041888],[139.76603002195262,35.69963872309314],[139.76850259180884,35.700133945271105],[139.7664062825829,35.701789844428674],[139.7699001312928,35.703368365120944],[139.7701330545401,35.70534925383281],[139.77303563654525,35.70510164274383],[139.77317897392822,35.70188269858705],[139.7803995945953,35.7003351292809],[139.7799695824464,35.69807567809393],[139.78254965533986,35.69657453586697]]]],"type":"MultiPolygon"},"id":"geoshape:13:2023-01-01:c0c139eade8bfd71a49b","properties":{"administrativeCode":"13101","jurisdictionId":"geoshape:13:2023-01-01:c0c139eade8bfd71a49b","municipalityName":"千代田区","prefectureName":"東京都","snapshotDate":"2023-01-01","sourceDataset":"historical-administrative-areas-beta","sourceProvider":"Geoshape","sourceResourceId":"gci:13101A1968"},"type":"Feature"},{"geometry":{"coordinates":[[[[139.34262930983303,35.74984187138446],[139.34232471789423,35.74614318074278],[139.3455139746653,35.74707172232647],[139.35207165993614,35.7412373860423],[139.35334377921,35.74253734425946],[139.350423280032,35.74513726069379],[139.34990368201875,35.74772170143505],[139.35466965000248,35.74560153148563],[139.3549025732498,35.74276947965539],[139.35988354730802,35.73958148688473],[139.35900560583732,35.73733751139082],[139.3529137670611,35.73605302886672],[139.35334377921,35.72795924139558],[139.35504591063278,35.72508076248615],[139.3525554236037,35.72289868976449],[139.34628441309874,35.720948752438744],[139.34162594815223,35.72130469337916],[139.338597945937,35.71895238803382],[139.33886670353007,35.71585724942153],[139.3324881899879,35.712607353878624],[139.33123398788695,35.71345851699701],[139.3284568260919,35.723703425803684],[139.32824182001744,35.72803661986089],[139.3219887266854,35.73272575485851],[139.32010742353393,35.7333293068879],[139.31666732634264,35.74337303168478],[139.31387224737475,35.74711814940565],[139.31879946991432,35.750693034502845],[139.32094953065885,35.750043055394265],[139.32206039537687,35.7536024647984],[139.32492714303626,35.75484052024331],[139.3293885190812,35.752379885046544],[139.33578494979622,35.75114182960163],[139.33775583881206,35.75194656564082],[139.33874128331996,35.75010495816651],[139.34262930983303,35.74984187138446]]]],"type":"MultiPolygon"},"id":"geoshape:13:2023-01-01:c456ebe5243848cb8c7b","properties":{"administrativeCode":"13218","jurisdictionId":"geoshape:13:2023-01-01:c456ebe5243848cb8c7b","municipalityName":"福生市","prefectureName":"東京都","snapshotDate":"2023-01-01","sourceDataset":"historical-administrative-areas-beta","sourceProvider":"Geoshape","sourceResourceId":"gci:13218A1970"},"type":"Feature"},{"geometry":{"coordinates":[[[[139.8555979691358,35.63855616257962],[139.85828554506648,35.63804546470858],[139.8588230602526,35.63632766277877],[139.855848809556,35.63804546470858],[139.8499182253356,35.63838592995594],[139.85213995477164,35.64035134297474],[139.8555979691358,35.63855616257962]]],[[[139.8494344616681,35.642765551092324],[139.85038407183026,35.65652344222395],[139.84554643515503,35.65670915054069],[139.8468902231204,35.67385621845277],[139.84823401108574,35.679133429786724],[139.8455106008093,35.68128455112226],[139.84758899286237,35.6880938560693],[139.84771441307245,35.69496506378858],[139.84380846938654,35.69953039324171],[139.83540531530994,35.703012424180535],[139.83438403645627,35.70473022611036],[139.83888124684694,35.70915627432593],[139.83931125899585,35.71087407625575],[139.8336315151957,35.71401564194722],[139.83415111320895,35.71715720763869],[139.83676702044815,35.71796194367789],[139.8390425014028,35.71711078055951],[139.84216008948238,35.719308328974236],[139.85135159916533,35.71085860056269],[139.85626090453204,35.714464437046004],[139.86224524027102,35.71283948927455],[139.8665991132787,35.71291686773986],[139.86857000229455,35.714588242590494],[139.86627660416704,35.71853454432116],[139.86874917402326,35.72379627996205],[139.87055880848325,35.72470934585268],[139.87027213371732,35.72874850174172],[139.87218927121452,35.73004845995888],[139.87193843079433,35.73243171669034],[139.8739451541559,35.7360220774806],[139.87294179247513,35.73736846277694],[139.87654314422224,35.73704347322265],[139.87758234024878,35.740912396488014],[139.88050283942678,35.740277893072495],[139.88184662739212,35.74437895173378],[139.88501796699032,35.74560153148563],[139.88075367984698,35.74973354153303],[139.88998102387563,35.75077041296815],[139.89288360588077,35.74807764237546],[139.8966641293566,35.74670030569299],[139.89945920832452,35.74437895173378],[139.9009642508457,35.74006123336963],[139.9008925821542,35.73746131693531],[139.89793624863046,35.73187459174013],[139.89720164454275,35.72675213733679],[139.8986529355453,35.723455814714704],[139.90397433588805,35.71958689144934],[139.90813111999418,35.71386088501661],[139.9162117649591,35.70799559734632],[139.91873808633395,35.69770426146046],[139.9138466981401,35.69092590789954],[139.90865071800744,35.68550941532804],[139.90379516415936,35.68311068290352],[139.89356445844987,35.68199643300309],[139.88793846616832,35.68000006859816],[139.88643342364713,35.67856082914345],[139.88564506804082,35.6720765137507],[139.88723969642635,35.66879566682168],[139.88738303380933,35.65616750128354],[139.88689927014178,35.653737817472894],[139.88349500729626,35.645117856437665],[139.8714546671268,35.638649016737986],[139.8690358487892,35.639128763222885],[139.86204815136944,35.638463308421244],[139.8549708680853,35.64025848881637],[139.8494344616681,35.642765551092324]]]],"type":"MultiPolygon"},"id":"geoshape:13:2023-01-01:c4fa5bdc77e5f62e6a8e","properties":{"administrativeCode":"13123","jurisdictionId":"geoshape:13:2023-01-01:c4fa5bdc77e5f62e6a8e","municipalityName":"江戸川区","prefectureName":"東京都","snapshotDate":"2023-01-01","sourceDataset":"historical-administrative-areas-beta","sourceProvider":"Geoshape","sourceResourceId":"gci:13123A1968"},"type":"Feature"},{"geometry":{"coordinates":[[[[139.84674688573742,35.79650108596472],[139.8442743158812,35.79385474245122],[139.8452597603891,35.787710892305824],[139.84966738491542,35.77967900760693],[139.8577659470532,35.77082691117579],[139.85880514307973,35.76790200518717],[139.85656549647084,35.76441997424835],[139.85217578911738,35.76575088385163],[139.8512978476467,35.76988289389904],[139.84579727557525,35.76951147726556],[139.84169424298773,35.766447290039395],[139.83768079626458,35.76576635954469],[139.837483707363,35.76318191880343],[139.83173229487133,35.76370809236752],[139.83099769078362,35.75908086014215],[139.82755759359236,35.757347582519266],[139.82542545002067,35.75912728722133],[139.82624963997276,35.76168077657647],[139.82436833682127,35.7617891064279],[139.82354414686918,35.75586191598536],[139.8202473870609,35.75598572152986],[139.8197457062205,35.760442721131554],[139.81354636440705,35.759668936478484],[139.81347469571557,35.754469103609836],[139.81716563332705,35.749145465196705],[139.82035489009812,35.74343493445703],[139.8165743666223,35.74146952143822],[139.81449597456924,35.738807702231654],[139.8130267663938,35.74074216386434],[139.80910290553498,35.74086596940883],[139.80243771722692,35.73863746960798],[139.79480500158377,35.73982909797371],[139.7924220175919,35.74077311525046],[139.78892816888202,35.74439442742684],[139.7886952456347,35.74702529524728],[139.79113198114518,35.750306142176306],[139.7888027486719,35.752503690591034],[139.78398302916958,35.75403578420412],[139.77165601423417,35.75361794049146],[139.75796729416055,35.754855995936374],[139.7499941522329,35.75649641940089],[139.74888328751487,35.759808217716035],[139.75816438306214,35.76459020687202],[139.76009943773224,35.76675680390063],[139.7579314598148,35.7701769320672],[139.75497512629107,35.76838175167208],[139.74641071765862,35.76700441498961],[139.73673544430818,35.770223359146385],[139.73569624828164,35.772204247858255],[139.73788214337193,35.77743503211302],[139.73804339792778,35.78022065686408],[139.74261227700993,35.78169084770492],[139.7463032146214,35.78388839611964],[139.74669739242458,35.78681330210826],[139.75002998657862,35.78593118760375],[139.75499304346394,35.78689068057356],[139.75560222734157,35.79003224626504],[139.75997401752213,35.794334488936116],[139.76076237312847,35.79741415185535],[139.75529763540274,35.803186585367264],[139.75065708762912,35.80666861630609],[139.7519112897301,35.81093990759105],[139.7552080495384,35.81073872358125],[139.76128197114173,35.812889844916796],[139.76577918153242,35.8157373724401],[139.7671588038435,35.817656358379715],[139.77129767077673,35.81720756328094],[139.7792349783587,35.80824713699836],[139.78149254214046,35.807148362791],[139.78722603745925,35.806885276008956],[139.79399872880458,35.80519842546526],[139.7988363654798,35.806188869821185],[139.8023122970168,35.808556650859586],[139.81329552398685,35.80832451546367],[139.81965612035614,35.81177559501637],[139.8210536598401,35.815071917638456],[139.8249237691803,35.81189940056086],[139.8207490679013,35.805538890712604],[139.81963820318327,35.79958074888395],[139.82048031030823,35.79753795739984],[139.82605255107117,35.79335952027325],[139.83277149089787,35.79568087423247],[139.83800330537628,35.8008033286358],[139.84337845723763,35.79979740858681],[139.84674688573742,35.79650108596472]]]],"type":"MultiPolygon"},"id":"geoshape:13:2023-01-01:c8d01ac859a9423f9e2f","properties":{"administrativeCode":"13121","jurisdictionId":"geoshape:13:2023-01-01:c8d01ac859a9423f9e2f","municipalityName":"足立区","prefectureName":"東京都","snapshotDate":"2023-01-01","sourceDataset":"historical-administrative-areas-beta","sourceProvider":"Geoshape","sourceResourceId":"gci:13121A1968"},"type":"Feature"},{"geometry":{"coordinates":[[[[139.7731431395825,35.595750395571656],[139.76680046038607,35.592562402801],[139.765420838075,35.59448138874062],[139.7625540904156,35.59460519428511],[139.76257200758846,35.58501026458701],[139.75597848797187,35.584932886121706],[139.7560143223176,35.58925060448585],[139.7494745542196,35.588863712159316],[139.75019124113444,35.591324347356085],[139.74838160667446,35.59194337507854],[139.74908037641643,35.60071809304438],[139.75175003517424,35.60466439477505],[139.7530221544481,35.6176485012536],[139.75798521133345,35.61767945263973],[139.76194490653796,35.614646216799684],[139.7634857834049,35.60871902635715],[139.7731431395825,35.595750395571656]]],[[[139.7734477315213,35.62026389338099],[139.77054514951615,35.61882465392627],[139.7676604846839,35.622074549469176],[139.7675888159924,35.62580419149698],[139.76873551505616,35.6264386949125],[139.77135142229537,35.62314237229042],[139.7734477315213,35.62026389338099]]],[[[139.75350591811562,35.62405543818104],[139.75755519918454,35.62408638956716],[139.75742977897443,35.627924361446404],[139.75941858516313,35.62800173991171],[139.7597410942748,35.619350827490365],[139.75312965748535,35.61899488654995],[139.75350591811562,35.62405543818104]]],[[[139.75024499265308,35.62482922283411],[139.7518396210386,35.6247518443688],[139.75038833003603,35.605654839130985],[139.74771867127822,35.60271445744931],[139.74653613786873,35.59016367037648],[139.73587542001036,35.58736256993235],[139.73010609034583,35.587378045625414],[139.7289414741092,35.588832760773194],[139.7305540196676,35.5921600347814],[139.72824270436723,35.59438853458225],[139.72109375239162,35.59429568042388],[139.7191766148944,35.591850520920175],[139.71754615216312,35.59623014205656],[139.71534233989996,35.596911072551265],[139.71448231560214,35.59997525977743],[139.7118305740172,35.60065619027213],[139.70106235312159,35.60141449923215],[139.6982135226351,35.60358109626075],[139.6954005264943,35.607496446605296],[139.695579698223,35.61210820313761],[139.70398285229962,35.62187336545938],[139.696135130582,35.62481374714105],[139.70145653092476,35.62589704565535],[139.70401868664536,35.62470541728962],[139.70713627472495,35.625479201942696],[139.7146256529851,35.62905408703989],[139.7144464812564,35.63413011436404],[139.71322811350115,35.63755024253062],[139.71763573802747,35.64166677688496],[139.71919453206726,35.6418524852017],[139.71690113393976,35.639948974955146],[139.71783282692905,35.63504318025467],[139.7199649705007,35.634578909462824],[139.72220461710964,35.63597172183835],[139.72600305775833,35.63502770456161],[139.72632556687,35.632861107533],[139.7309302802979,35.630276666791744],[139.73114528637237,35.626485121991685],[139.73395828251313,35.626113705358215],[139.73539165634284,35.62320427506266],[139.7377925575076,35.624535184665945],[139.7433289639248,35.62513873669534],[139.74676906111605,35.623235226448784],[139.75024499265308,35.62482922283411]]]],"type":"MultiPolygon"},"id":"geoshape:13:2023-01-01:cb3a83a4ab2bd94777ac","properties":{"administrativeCode":"13109","jurisdictionId":"geoshape:13:2023-01-01:cb3a83a4ab2bd94777ac","municipalityName":"品川区","prefectureName":"東京都","snapshotDate":"2023-01-01","sourceDataset":"historical-administrative-areas-beta","sourceProvider":"Geoshape","sourceResourceId":"gci:13109A1968"},"type":"Feature"},{"geometry":{"coordinates":[[[[139.33123398788695,35.71345851699701],[139.3324881899879,35.712607353878624],[139.3313235737513,35.709759826355324],[139.33307945669267,35.70452904210055],[139.33682414582276,35.70151128195357],[139.33558786089463,35.6990506467568],[139.3360357902164,35.69611026507513],[139.34038966322413,35.69364962987836],[139.3464456676546,35.69197825502772],[139.3552250823615,35.6932317861657],[139.36332364449927,35.693742484036726],[139.36762376598836,35.692148487651394],[139.37625984331228,35.69163778978037],[139.37964618898494,35.68676294646602],[139.3780515605994,35.68767601235664],[139.37520273011287,35.685787977803145],[139.3751310614214,35.68157858929043],[139.37670777263406,35.678375120826715],[139.376439015041,35.67631685364954],[139.3726405743923,35.67272649285928],[139.37047259647488,35.668563531425754],[139.37242556831785,35.665746955288576],[139.35889810280008,35.659355494054196],[139.3594535351591,35.65689485885743],[139.35732139158742,35.65551752217496],[139.36129900396483,35.65053434900917],[139.3654378708981,35.646402338961764],[139.36880629939787,35.64431312039847],[139.37396644518478,35.64409646069561],[139.3763852635224,35.645411894605836],[139.3785711586127,35.64409646069561],[139.3771736191287,35.64101679777639],[139.37808739494514,35.63932994723269],[139.38202917297681,35.64131083594455],[139.38985897752153,35.64115607901394],[139.39163277763578,35.639809693717595],[139.39935507914328,35.64118703040006],[139.4046943966589,35.64367861698295],[139.40639652808167,35.645257137675216],[139.4106070637064,35.64491667242787],[139.41499677105986,35.64703684237729],[139.41759476112617,35.64319887049805],[139.4202465027111,35.64307506495356],[139.42382993728535,35.63956208262861],[139.426804187982,35.63798356193634],[139.429581349777,35.63397535743343],[139.4297784386786,35.631963517335436],[139.42692960819207,35.631963517335436],[139.42501247069487,35.62985882307908],[139.41983440773507,35.628605291941106],[139.41897438343725,35.62696486847659],[139.41318713659984,35.62561848318025],[139.40471231383177,35.620774591252015],[139.40077053580012,35.614537886948256],[139.39390825859044,35.60819285279306],[139.38754766222115,35.60491200586404],[139.38835393500037,35.60240494358808],[139.38688472682492,35.597947943986384],[139.3816708295194,35.602126381112974],[139.37746029389467,35.60406084274565],[139.3733930956529,35.604215599676266],[139.36583204870124,35.60871902635715],[139.36122733527336,35.60509771418077],[139.35939978364047,35.606567905021606],[139.34716235456943,35.609013064525314],[139.3430234876362,35.61274270655312],[139.3399058995566,35.6141974217009],[139.33951172175344,35.61707590061033],[139.34130343904056,35.62006270937119],[139.3384187742083,35.62340545907246],[139.3369674832057,35.62255429595408],[139.33858002876414,35.619582962886284],[139.33737957818175,35.61421289739396],[139.32637843403884,35.61576046670011],[139.32277708229174,35.61481644942336],[139.31749151629472,35.61523429313601],[139.31530562120443,35.6129129391768],[139.31362140695452,35.61446050848294],[139.30761915404267,35.61624021318501],[139.30348028710944,35.61517239036377],[139.2979617978651,35.61610093194746],[139.2935362561659,35.61546642853194],[139.29475462392116,35.61692114367972],[139.29351833899304,35.620526980163035],[139.28934363771404,35.62017103922262],[139.28703232241367,35.62202812238999],[139.28592145769565,35.620898396796505],[139.27776914403924,35.619459157341794],[139.2744365498852,35.614259324473146],[139.27153396788006,35.613980761998036],[139.26881055760364,35.61212367883067],[139.26879264043077,35.60935352977267],[139.2661588160187,35.608115474327754],[139.26477919370762,35.60245137066726],[139.2577019104235,35.60423107536933],[139.2522192555249,35.60166211032113],[139.2468620208364,35.60522151972526],[139.23863803848852,35.606970273041206],[139.23779593136356,35.60980232487145],[139.2298765409545,35.61456883833438],[139.2304857248321,35.61689019229359],[139.2288731792737,35.620232941994864],[139.22545099925532,35.62374592431981],[139.21941291199772,35.62622203520964],[139.2214733868779,35.62916241689132],[139.21853497052703,35.633650367879135],[139.21545321679318,35.636946690501226],[139.21446777228525,35.64140369010292],[139.2157398915591,35.64556665153645],[139.21127851551418,35.649187963712826],[139.2075338263841,35.64962128311855],[139.2021765916956,35.652948557126756],[139.19848565408412,35.65302593559207],[139.19572640946197,35.65129265796918],[139.19413178107644,35.65181883153328],[139.19208922336912,35.648011811040156],[139.18406232992282,35.64508690505154],[139.1790813558646,35.64556665153645],[139.17571292736483,35.64934272064344],[139.16956733707,35.65149384197898],[139.16695142983082,35.65106052257326],[139.1686356440807,35.65681748039212],[139.16709476721377,35.65918526143052],[139.16716643590527,35.66183160494403],[139.1651417953708,35.66495769494244],[139.1616121123152,35.667913552317174],[139.16474761756766,35.67032776043476],[139.16598390249575,35.675109749590746],[139.16997943204603,35.680046495677345],[139.17141280587575,35.68874383517788],[139.17895593565453,35.68922358166279],[139.1825752045745,35.68810933176236],[139.1843310875159,35.689068824732175],[139.18673198868063,35.688031953297056],[139.19137253645425,35.68783076928725],[139.19336134264296,35.689084300425236],[139.19943526424632,35.688279564386036],[139.20016986833403,35.69013664755341],[139.20049237744573,35.69915897660823],[139.20490000197202,35.69977800433069],[139.2053479312938,35.70319813249727],[139.20443415547737,35.70714443422794],[139.2069067253336,35.712762110809244],[139.21032890535201,35.71369065239293],[139.2172449340803,35.718875009568514],[139.21912623723176,35.716816742391345],[139.23562795344617,35.714835853679475],[139.23734800204178,35.713303760066395],[139.24109269117187,35.71404659333334],[139.2432069175707,35.712483548334134],[139.24505238637641,35.71335018714558],[139.24652159455187,35.71088955194881],[139.24963918263146,35.71048718392921],[139.25195049793183,35.71226688863128],[139.25802441953516,35.71226688863128],[139.26085533284882,35.710440756850026],[139.265424211931,35.709790777741446],[139.27074561227374,35.710688367939014],[139.2718923113375,35.71441800996682],[139.28672773047484,35.71339661422476],[139.29425294308075,35.7133811385317],[139.29584757146628,35.711462152592084],[139.30263817998448,35.7122978400174],[139.30502116397636,35.7116169095227],[139.30849709551336,35.715888200807655],[139.3135855726088,35.713953739174976],[139.31666732634264,35.71474299952111],[139.31922948206324,35.71906071788525],[139.32293833684756,35.71627509313419],[139.3276326361398,35.71039432977084],[139.33123398788695,35.71345851699701]]]],"type":"MultiPolygon"},"id":"geoshape:13:2023-01-01:cd6c95560f493375a866","properties":{"administrativeCode":"13201","jurisdictionId":"geoshape:13:2023-01-01:cd6c95560f493375a866","municipalityName":"八王子市","prefectureName":"東京都","snapshotDate":"2023-01-01","sourceDataset":"historical-administrative-areas-beta","sourceProvider":"Geoshape","sourceResourceId":"gci:13201A1968"},"type":"Feature"},{"geometry":{"coordinates":[[[[139.43031595386472,35.703538597744625],[139.43563735420747,35.70372430606136],[139.4282733961574,35.71735839164849],[139.43334395607997,35.71839526308361],[139.4365511300239,35.71477395090723],[139.4416037727736,35.71582629803541],[139.44387925372823,35.71174071506719],[139.44611890033715,35.72286773837837],[139.4578904829135,35.72080947120119],[139.458660921347,35.717884565212586],[139.4720271323089,35.715377502936626],[139.47193754644456,35.71102883318636],[139.4784952317154,35.708707479227144],[139.48023319748393,35.71437158288764],[139.48571585238253,35.70838248967286],[139.48743590097814,35.70646350373323],[139.48446165028153,35.70225411522052],[139.4914493477013,35.700242275122534],[139.4895859617227,35.695444810273486],[139.48664754537182,35.69225681750283],[139.47820855694948,35.690368782949335],[139.47747395286177,35.68940928997952],[139.4665444774103,35.68844979700971],[139.46380314996102,35.689548571217074],[139.4677986795113,35.69250442859181],[139.46684906934914,35.69529005334287],[139.46376731561529,35.695429334580425],[139.46297896000894,35.699870858489064],[139.46025554973252,35.699855382796],[139.45941344260757,35.69238062304732],[139.45470122614245,35.695444810273486],[139.44853771867474,35.70095415700336],[139.44149626973638,35.70041250774621],[139.44117376062468,35.701201768092346],[139.43200016811463,35.70165056319112],[139.43031595386472,35.703538597744625]]]],"type":"MultiPolygon"},"id":"geoshape:13:2023-01-01:d9356fea8d3317bdc988","properties":{"administrativeCode":"13214","jurisdictionId":"geoshape:13:2023-01-01:d9356fea8d3317bdc988","municipalityName":"国分寺市","prefectureName":"東京都","snapshotDate":"2023-01-01","sourceDataset":"historical-administrative-areas-beta","sourceProvider":"Geoshape","sourceResourceId":"gci:13214A1968"},"type":"Feature"},{"geometry":{"coordinates":[[[[139.53393096457896,35.698973268291496],[139.53419972217202,35.69488768532327],[139.53136880885836,35.69460912284817],[139.5321571644647,35.688774786564004],[139.5285378955447,35.69067829681056],[139.524882792279,35.69010569616729],[139.5269253499863,35.684209457110875],[139.52450653164868,35.68793909913869],[139.52226688503978,35.68736649849541],[139.51807426658792,35.691390178691385],[139.51527918762002,35.68999736631586],[139.51456250070515,35.68609749166437],[139.50519181929351,35.686979606168876],[139.502898421166,35.68458087374435],[139.50112462105176,35.68458087374435],[139.50295217268462,35.68727364433704],[139.49988833612363,35.68718079017867],[139.49870580271414,35.68563322087253],[139.49544487725157,35.68690222770357],[139.49578530353614,35.688650981019514],[139.4890305293637,35.69095685928566],[139.48781216160845,35.69197825502772],[139.4895859617227,35.695444810273486],[139.4914493477013,35.700242275122534],[139.48446165028153,35.70225411522052],[139.48743590097814,35.70646350373323],[139.48571585238253,35.70838248967286],[139.49162851943,35.708072975811625],[139.49232728917198,35.70996101036512],[139.49539112573297,35.709636020810834],[139.49589280657335,35.713164478828844],[139.50228923728838,35.71218951016597],[139.50827357302737,35.712483548334134],[139.50859608213906,35.71636794729256],[139.51493876133546,35.71725006179706],[139.52314482651047,35.71906071788525],[139.5230014891275,35.717606002737476],[139.52645950349165,35.71728101318318],[139.52522321856353,35.71305614897741],[139.52739119648095,35.71280853788843],[139.52715827323362,35.709914583285936],[139.53255134226785,35.709109847246744],[139.53226466750192,35.702192212448274],[139.53393096457896,35.698973268291496]],[[139.49718284302008,35.68725816864398],[139.49718284302008,35.68725816864398]]]],"type":"MultiPolygon"},"id":"geoshape:13:2023-01-01:dbb07360378dedddaef3","properties":{"administrativeCode":"13210","jurisdictionId":"geoshape:13:2023-01-01:dbb07360378dedddaef3","municipalityName":"小金井市","prefectureName":"東京都","snapshotDate":"2023-01-01","sourceDataset":"historical-administrative-areas-beta","sourceProvider":"Geoshape","sourceResourceId":"gci:13210A1968"},"type":"Feature"},{"geometry":{"coordinates":[[[[139.4175768439533,35.6827547419631],[139.42241448062853,35.679148905479785],[139.4298321901972,35.67082298261273],[139.44092292020449,35.659974521776654],[139.44201586774963,35.65796268167867],[139.43834284731105,35.65457350489821],[139.43769782908768,35.6500391268312],[139.43404272582194,35.650859338563464],[139.43309311565977,35.648274897822205],[139.42979635585147,35.6473927833177],[139.43053095993918,35.646061873714416],[139.42770004662555,35.64536546752665],[139.4269654425378,35.6437405197552],[139.41680640551985,35.649048682475275],[139.41499677105986,35.64703684237729],[139.4106070637064,35.64491667242787],[139.40639652808167,35.645257137675216],[139.4046943966589,35.64367861698295],[139.39935507914328,35.64118703040006],[139.39163277763578,35.639809693717595],[139.38985897752153,35.64115607901394],[139.38202917297681,35.64131083594455],[139.37808739494514,35.63932994723269],[139.3771736191287,35.64101679777639],[139.3785711586127,35.64409646069561],[139.3763852635224,35.645411894605836],[139.37396644518478,35.64409646069561],[139.36880629939787,35.64431312039847],[139.3654378708981,35.646402338961764],[139.36129900396483,35.65053434900917],[139.35732139158742,35.65551752217496],[139.3594535351591,35.65689485885743],[139.35889810280008,35.659355494054196],[139.37242556831785,35.665746955288576],[139.37047259647488,35.668563531425754],[139.3726405743923,35.67272649285928],[139.376439015041,35.67631685364954],[139.37670777263406,35.678375120826715],[139.3751310614214,35.68157858929043],[139.37520273011287,35.685787977803145],[139.3780515605994,35.68767601235664],[139.37964618898494,35.68676294646602],[139.37625984331228,35.69163778978037],[139.3850930095378,35.69128184883996],[139.39514454351854,35.689177154583604],[139.41248836685787,35.68359042938842],[139.4175768439533,35.6827547419631]]]],"type":"MultiPolygon"},"id":"geoshape:13:2023-01-01:e5525bc425141684375a","properties":{"administrativeCode":"13212","jurisdictionId":"geoshape:13:2023-01-01:e5525bc425141684375a","municipalityName":"日野市","prefectureName":"東京都","snapshotDate":"2023-01-01","sourceDataset":"historical-administrative-areas-beta","sourceProvider":"Geoshape","sourceResourceId":"gci:13212A1968"},"type":"Feature"},{"geometry":{"coordinates":[[[[139.6807621962585,35.73876127515247],[139.67873755572407,35.73442808109527],[139.67796711729062,35.7306829633744],[139.67468827465518,35.73306622010586],[139.67146318353835,35.73354596659077],[139.66816642373004,35.731394845255224],[139.66512050434196,35.73131746678992],[139.66225375668256,35.72692236996046],[139.6596199322705,35.7258235957531],[139.64743625471806,35.72675213733679],[139.64740042037232,35.72548313050575],[139.6435661453779,35.72531289788208],[139.63992895928502,35.72630334223801],[139.63643511057515,35.73227695975972],[139.63355044574288,35.73527924421364],[139.62717193220072,35.73510901158997],[139.62453810778865,35.73014131411725],[139.61540034962434,35.7302805953548],[139.60194455279807,35.72600930406984],[139.59565562512026,35.72155230446815],[139.59384599066027,35.71828693323218],[139.58945628330682,35.7202832976371],[139.58680454172188,35.71975712407301],[139.58495907291615,35.71644532575787],[139.58664328716605,35.71191094769087],[139.58203857373815,35.713938263481914],[139.57395792877324,35.719432134518726],[139.56564436056098,35.721660634319576],[139.5660743727099,35.72732473798006],[139.5694248840368,35.73414951862016],[139.5673285748109,35.736362542727946],[139.56826026780018,35.73808034465777],[139.56817068193584,35.742754003962325],[139.56677314245186,35.747427663266876],[139.56883361733207,35.747582420197496],[139.56928154665385,35.74999662831508],[139.56777650413267,35.75507265563923],[139.56277761290158,35.7615879224181],[139.5635838856808,35.76284145355608],[139.56677314245186,35.76195933905158],[139.56824235062732,35.76350690835772],[139.57107326394097,35.763336675734045],[139.5699982335687,35.76536399152509],[139.5745850298237,35.76623063033654],[139.57433418940352,35.76819604335534],[139.5768963451241,35.76807223781085],[139.57816846439798,35.77085786256191],[139.58223566263973,35.77121380350232],[139.5839915455811,35.7748351156787],[139.5865357841288,35.77517558092605],[139.58875751356484,35.77853380632038],[139.59341597851136,35.77718742102404],[139.59415058259907,35.778704038944056],[139.59719650198718,35.77836357369671],[139.596945661567,35.77641363637097],[139.60438128830856,35.77502082399543],[139.5984327869153,35.77214234508601],[139.59864779298977,35.7690936335529],[139.6028583286145,35.77096619241334],[139.60635217732437,35.77095071672028],[139.60875307848912,35.76883054677086],[139.61127939986397,35.77105904657171],[139.6172279012572,35.77034716469088],[139.6177295820976,35.76664847404919],[139.62299723092173,35.766865133752056],[139.62409017846687,35.771260230581504],[139.62471727951737,35.77981828884448],[139.62518312601202,35.777930254290986],[139.62939366163675,35.77687790716281],[139.62935782729102,35.77173997706641],[139.63019993441597,35.77234352909581],[139.63473297915237,35.769867418205976],[139.63482256501672,35.768799595384735],[139.64052022598977,35.76910910924596],[139.64295696150026,35.770919765334156],[139.64792001838558,35.768613887068],[139.65112719232954,35.76917101201821],[139.66112497479168,35.768675789840245],[139.669008530855,35.76654014419776],[139.6706927451049,35.762052193209946],[139.67370283014725,35.758399929647446],[139.67334448668984,35.75451553068902],[139.67502870093972,35.75188466286858],[139.67207236741598,35.745214639159094],[139.67587080806467,35.74540034747583],[139.68083386495,35.74382182678356],[139.67920340221872,35.74018503891412],[139.6807621962585,35.73876127515247]]]],"type":"MultiPolygon"},"id":"geoshape:13:2023-01-01:ea41006accd1d889975f","properties":{"administrativeCode":"13120","jurisdictionId":"geoshape:13:2023-01-01:ea41006accd1d889975f","municipalityName":"練馬区","prefectureName":"東京都","snapshotDate":"2023-01-01","sourceDataset":"historical-administrative-areas-beta","sourceProvider":"Geoshape","sourceResourceId":"gci:13120A1968"},"type":"Feature"},{"geometry":{"coordinates":[[[[139.52645950349165,35.71728101318318],[139.52690743281343,35.7185190686281],[139.53000710372015,35.71749767288605],[139.5294158370154,35.71279306219537],[139.53735314459735,35.711322871354525],[139.54941140193966,35.71692507224277],[139.55458946489944,35.72077851981507],[139.55761746711468,35.72181539125019],[139.56564436056098,35.721660634319576],[139.57395792877324,35.719432134518726],[139.58203857373815,35.713938263481914],[139.58664328716605,35.71191094769087],[139.59547645339154,35.70544210799118],[139.5928426289795,35.70109343824092],[139.59026255608603,35.69482578255103],[139.5882916670702,35.69561504289716],[139.58671495585753,35.69395914373959],[139.58483365270607,35.697255466361675],[139.57990643016646,35.698818511360884],[139.5766634218768,35.701433903488265],[139.57257830646213,35.69888041413313],[139.57051783158195,35.69892684121231],[139.55000266864442,35.7067575419014],[139.55066560404066,35.69501149086776],[139.54228036713693,35.69669834141146],[139.54219078127258,35.69529005334287],[139.5365110374724,35.69533648042206],[139.53642145160805,35.698292337796794],[139.53393096457896,35.698973268291496],[139.53226466750192,35.702192212448274],[139.53255134226785,35.709109847246744],[139.52715827323362,35.709914583285936],[139.52739119648095,35.71280853788843],[139.52522321856353,35.71305614897741],[139.52645950349165,35.71728101318318]]]],"type":"MultiPolygon"},"id":"geoshape:13:2023-01-01:ebfa5a3767735fbc4cf9","properties":{"administrativeCode":"13203","jurisdictionId":"geoshape:13:2023-01-01:ebfa5a3767735fbc4cf9","municipalityName":"武蔵野市","prefectureName":"東京都","snapshotDate":"2023-01-01","sourceDataset":"historical-administrative-areas-beta","sourceProvider":"Geoshape","sourceResourceId":"gci:13203A1968"},"type":"Feature"},{"geometry":{"coordinates":[[[[139.33037396358912,35.7936226070553],[139.32847474326476,35.79176552388792],[139.3300693716503,35.79060484690831],[139.3262709310016,35.787029961811115],[139.322042478204,35.789784635176055],[139.32275916511887,35.78630260423723],[139.32057327002858,35.789908440720545],[139.32066285589292,35.78336222255555],[139.32412087025708,35.78108729567552],[139.32107495086896,35.77721837241016],[139.3184411264569,35.77841000077589],[139.31227761898919,35.77553152186646],[139.30917794808246,35.77570175449014],[139.3080312490187,35.77723384810322],[139.3033190325536,35.77813143830079],[139.2998968525352,35.78116467414083],[139.29754970288906,35.780777781814294],[139.29550714518174,35.77765169181588],[139.29213871668196,35.77534581354973],[139.29314207836273,35.77197211246233],[139.29511296737857,35.769991223750466],[139.29663592707263,35.76627705741572],[139.29744219985184,35.760086780191145],[139.29654634120828,35.75454648207514],[139.29009615897465,35.760071304498084],[139.28773109215564,35.76092246761646],[139.2761207641351,35.761618873804224],[139.2744365498852,35.76089151623034],[139.26904348085097,35.76106174885401],[139.26719801204524,35.76004035311196],[139.26151826824506,35.75983916910216],[139.25685980329854,35.760705807913595],[139.25429764757797,35.76403308192181],[139.24946001090274,35.76660204697001],[139.24469404291898,35.767375831623085],[139.23831552937685,35.76700441498961],[139.2382796950311,35.76838175167208],[139.23374665029468,35.768613887068],[139.22828191256897,35.77081143548273],[139.22743980544402,35.77201853954152],[139.22299634657196,35.77242090756111],[139.220900037346,35.774014903946444],[139.21799745534088,35.772962556818264],[139.21434235207516,35.77409228241175],[139.2105259942536,35.77317921652112],[139.2083400991633,35.77632078221259],[139.2022303432142,35.78241820527881],[139.19889774906017,35.784445521069856],[139.1982527308368,35.78644188547479],[139.19552932056038,35.78682877780132],[139.19217880923347,35.78919655883972],[139.18879246356082,35.78907275329523],[139.18608697045727,35.78777279507807],[139.181948103524,35.78763351384052],[139.17582043040207,35.784956218940884],[139.17227283017357,35.78229439973431],[139.16666475506486,35.78096349013103],[139.16304548614488,35.77823976815222],[139.15863786161856,35.777914778597925],[139.15801076056806,35.77342682761011],[139.15460649772254,35.773241119293374],[139.14914175999684,35.778843320181615],[139.14833548721762,35.77546961909422],[139.14441162635882,35.77693980993506],[139.14281699797328,35.77635173359872],[139.13946648664637,35.77214234508601],[139.1376389350135,35.772436383254174],[139.137155171346,35.77803858414242],[139.14054151701865,35.77902902849835],[139.14281699797328,35.7810563442894],[139.14781588920437,35.78203131295227],[139.146472101239,35.78576095498008],[139.14774422051286,35.79074412814586],[139.1469200305608,35.793034530718955],[139.1502167903691,35.796671318588395],[139.15639821500966,35.7986367316072],[139.1609312597461,35.799193856557416],[139.16474761756766,35.80156163759581],[139.17144864022148,35.803465147842374],[139.17358078379314,35.80676147046446],[139.17582043040207,35.80813880714693],[139.17420788484364,35.812827942144544],[139.17739714161473,35.820550312982206],[139.17524708087018,35.82683344436516],[139.17843633764124,35.830594037779086],[139.17689546077432,35.833054672975855],[139.1774150587876,35.83502008599466],[139.17533666673452,35.83607243312284],[139.17200407258048,35.839956832081256],[139.16610932270586,35.842974592228245],[139.16641391464466,35.84435192891071],[139.16257963965023,35.84955176177935],[139.1635292498124,35.85086719568958],[139.16910149057534,35.849985081185075],[139.17435122222662,35.84831370633444],[139.1836323177739,35.843578144257634],[139.18689324323645,35.84286626237681],[139.19244756682653,35.84026634594249],[139.19549348621464,35.84003421054656],[139.1993098440362,35.841241314605355],[139.20314411903064,35.84119488752617],[139.20490000197202,35.84456858861357],[139.20746215769262,35.84642567178094],[139.21265813782526,35.846611380097684],[139.21955624938067,35.84232461311966],[139.2243938860559,35.8405449084176],[139.23066489656082,35.83673788792448],[139.23252828253945,35.83662955807305],[139.23702549293012,35.84015801609106],[139.2409672709618,35.84015801609106],[139.24252606500158,35.83678431500366],[139.2468082693178,35.8368926448551],[139.25225508987063,35.8382545058445],[139.2588127751415,35.83726406148857],[139.26049698939138,35.83599505465753],[139.26330998553217,35.83737239134],[139.2687747232579,35.838409262775116],[139.2715160507072,35.83967826960615],[139.2799192047838,35.83924495020043],[139.28025963106833,35.84068418965515],[139.28287553830754,35.8371712073302],[139.28615438094297,35.83690812054816],[139.29090243175384,35.83796046767633],[139.2955967310461,35.83384393332199],[139.29661800989976,35.83545340540038],[139.30116897180903,35.83495818322241],[139.30118688898193,35.82977382604683],[139.30258442846588,35.824047819614094],[139.30477032355617,35.82239192045652],[139.31147134621,35.82528587505901],[139.31492936057413,35.825239447979826],[139.31616564550225,35.823660927287555],[139.31648815461392,35.819358684616475],[139.3150189464385,35.81426718159926],[139.316756912207,35.81268866090699],[139.3226158277359,35.800199776606405],[139.32573341581548,35.79521660344062],[139.33037396358912,35.7936226070553]]]],"type":"MultiPolygon"},"id":"geoshape:13:2023-01-01:ec698ad975dab6c91091","properties":{"administrativeCode":"13205","jurisdictionId":"geoshape:13:2023-01-01:ec698ad975dab6c91091","municipalityName":"青梅市","prefectureName":"東京都","snapshotDate":"2023-01-01","sourceDataset":"historical-administrative-areas-beta","sourceProvider":"Geoshape","sourceResourceId":"gci:13205A1968"},"type":"Feature"},{"geometry":{"coordinates":[[[[139.75941858516313,35.62800173991171],[139.75742977897443,35.627924361446404],[139.75755519918454,35.62408638956716],[139.75350591811562,35.62405543818104],[139.75400759895604,35.630926645900324],[139.755261801057,35.63360394079995],[139.75916774474294,35.63363489218607],[139.75941858516313,35.62800173991171]]],[[[139.78237048361115,35.62950288213867],[139.77135142229537,35.62314237229042],[139.76873551505616,35.6264386949125],[139.7771745034785,35.63142186807829],[139.77477360231376,35.634826520551805],[139.77265937591497,35.63256706936484],[139.77084974145495,35.63307776723586],[139.77701324892266,35.63609552738284],[139.78237048361115,35.62950288213867]]],[[[139.73150362982977,35.681501210825125],[139.73383286230305,35.678870343004675],[139.73677127865392,35.678870343004675],[139.73906467678142,35.67401097538338],[139.74316770936895,35.671457486028245],[139.7478082571426,35.669615878553934],[139.74995831788712,35.67083845830579],[139.75431219089484,35.669909916722105],[139.7580747971978,35.66867186127719],[139.7590064901871,35.65899955311379],[139.76457873095003,35.65616750128354],[139.76250033889698,35.65188073430552],[139.76133572266036,35.65236048079042],[139.75907815887857,35.64497857520011],[139.76035027815243,35.64497857520011],[139.7604219468439,35.636776457877545],[139.7555305586501,35.63905138475758],[139.75262797664493,35.634424152532205],[139.7519829584216,35.626345840754134],[139.75024499265308,35.62482922283411],[139.74676906111605,35.623235226448784],[139.7433289639248,35.62513873669534],[139.7377925575076,35.624535184665945],[139.73539165634284,35.62320427506266],[139.73395828251313,35.626113705358215],[139.73114528637237,35.626485121991685],[139.7309302802979,35.630276666791744],[139.72632556687,35.632861107533],[139.72600305775833,35.63502770456161],[139.72220461710964,35.63597172183835],[139.7199649705007,35.634578909462824],[139.71783282692905,35.63504318025467],[139.71690113393976,35.639948974955146],[139.71919453206726,35.6418524852017],[139.72356632224785,35.646696377129935],[139.7217208534421,35.655687754798635],[139.71498399644253,35.65714246994641],[139.71378354586017,35.659757862073796],[139.70856964855463,35.66406010474488],[139.7138193802059,35.66935279177189],[139.71493024492392,35.67298957964133],[139.7165607076552,35.673438374740115],[139.7194812068332,35.67449072186829],[139.71958870987044,35.67831321805447],[139.7267555790189,35.679288186717336],[139.72852937913316,35.68283212042841],[139.73150362982977,35.681501210825125]]]],"type":"MultiPolygon"},"id":"geoshape:13:2023-01-01:efc5c423d9e2735c5c95","properties":{"administrativeCode":"13103","jurisdictionId":"geoshape:13:2023-01-01:efc5c423d9e2735c5c95","municipalityName":"港区","prefectureName":"東京都","snapshotDate":"2023-01-01","sourceDataset":"historical-administrative-areas-beta","sourceProvider":"Geoshape","sourceResourceId":"gci:13103A1968"},"type":"Feature"},{"geometry":{"coordinates":[[[[139.5619713401224,35.63259802075096],[139.5632076250505,35.63739548560001],[139.56336887960634,35.6413727387168],[139.56589520098117,35.64637138757564],[139.5694786355554,35.649033206782214],[139.57451336113223,35.650735533018974],[139.5765200844938,35.650333164999374],[139.58062311708133,35.64729992915933],[139.58433197186565,35.648398703366695],[139.58558617396665,35.6455047487642],[139.58764664884683,35.646170203565845],[139.58658953564742,35.642641745547834],[139.58445739207576,35.64101679777639],[139.5877899862298,35.63496580178936],[139.59140925514978,35.6330622915428],[139.59354139872147,35.626562500457],[139.59228719662048,35.62422567080472],[139.59020880456742,35.624535184665945],[139.58933086309673,35.62122338635079],[139.5902267217403,35.618437761599736],[139.58279109499873,35.62159480298427],[139.57653800166668,35.62198169531081],[139.5711090982867,35.624411379121455],[139.5677048354412,35.62693391709047],[139.5656264433881,35.62719700387251],[139.56618187574713,35.62945645505948],[139.5619713401224,35.63259802075096]]]],"type":"MultiPolygon"},"id":"geoshape:13:2023-01-01:fd0831e4c5f81ba809ad","properties":{"administrativeCode":"13219","jurisdictionId":"geoshape:13:2023-01-01:fd0831e4c5f81ba809ad","municipalityName":"狛江市","prefectureName":"東京都","snapshotDate":"2023-01-01","sourceDataset":"historical-administrative-areas-beta","sourceProvider":"Geoshape","sourceResourceId":"gci:13219A1970"},"type":"Feature"},{"geometry":{"coordinates":[[[[139.59418641694484,35.682135714240644],[139.60327042359054,35.68065004770675],[139.6083768178588,35.67636328072872],[139.60891433304496,35.67035871182088],[139.61618870523068,35.669894441029044],[139.61656496586096,35.672633638700916],[139.61328612322555,35.67289672548296],[139.6103118725289,35.67664184320383],[139.62163552578352,35.67264911439398],[139.62503978862904,35.66913613206903],[139.6326008355807,35.66808378494085],[139.63910476933296,35.66583980944694],[139.64127274725035,35.66720167043635],[139.64772292948402,35.6684242501882],[139.65032091955032,35.669909916722105],[139.65512272187982,35.67054442013762],[139.66175207584217,35.67252530884949],[139.66205666778097,35.671442010335184],[139.67269946846648,35.67229317345357],[139.67282488867656,35.66740285444615],[139.67501078376685,35.66387439642814],[139.67949007698465,35.65732817826315],[139.68316309742326,35.65372234177983],[139.684309796487,35.64377147114132],[139.68608359660126,35.64053705129148],[139.68610151377413,35.63804546470858],[139.68203431553238,35.63112782991012],[139.6795975800219,35.625061358230035],[139.6720006987245,35.62970406614847],[139.6638483850681,35.631948041642374],[139.66148331824908,35.631700430553394],[139.66180582736078,35.62749104204068],[139.66349004161066,35.62670178169455],[139.66650012665303,35.618530615758104],[139.66476216088452,35.61826752897606],[139.66320336684473,35.61563666115561],[139.66318544967186,35.60873450205021],[139.66830976111302,35.6064905265563],[139.67339823820845,35.6081773771],[139.67725043037575,35.60794524170407],[139.67931090525596,35.605515557893426],[139.680278432591,35.600671665965194],[139.68061885887553,35.594852805374096],[139.67565580199022,35.59178861814793],[139.6697610521156,35.599015766807625],[139.66440381742711,35.599665745916205],[139.66263001731286,35.59842769047129],[139.6596199322705,35.59995978408437],[139.6557677401032,35.59647775314555],[139.65297266113527,35.59593610388839],[139.6570577765499,35.59341356591938],[139.6551406390527,35.590148194683415],[139.65042842258757,35.59257787849406],[139.6488517113749,35.594976610918586],[139.63998271080365,35.6000681139358],[139.637008460107,35.60305492269666],[139.6317945628015,35.605794120368536],[139.6313645506526,35.60714050566488],[139.62478894820885,35.609833276257575],[139.62340932589777,35.611365369870654],[139.61864335791404,35.613733150909056],[139.6157945274275,35.61333078288946],[139.6121931756804,35.61585332085848],[139.60966685430554,35.61641044580868],[139.60586841365685,35.61545095283888],[139.5999915809551,35.618422285906675],[139.5930934693997,35.61757112278829],[139.5902267217403,35.618437761599736],[139.58933086309673,35.62122338635079],[139.59020880456742,35.624535184665945],[139.59228719662048,35.62422567080472],[139.59354139872147,35.626562500457],[139.59140925514978,35.6330622915428],[139.5877899862298,35.63496580178936],[139.58445739207576,35.64101679777639],[139.58658953564742,35.642641745547834],[139.58764664884683,35.646170203565845],[139.59200052185454,35.645814262625436],[139.5919646875088,35.65135456074143],[139.59307555222682,35.651524793365105],[139.59234094813908,35.65542466801659],[139.58988629545573,35.657250799797836],[139.58974295807278,35.66093401474646],[139.58655370130168,35.66395177489345],[139.59011921870305,35.66579338236776],[139.58888293377495,35.66941469454414],[139.5828090121716,35.67388716983889],[139.58664328716605,35.67398002399726],[139.586786624549,35.67780252018344],[139.58813041251435,35.680046495677345],[139.58531741637358,35.68204286008228],[139.59418641694484,35.682135714240644]]]],"type":"MultiPolygon"},"id":"geoshape:13:2023-01-01:fe74b04992c60b918121","properties":{"administrativeCode":"13112","jurisdictionId":"geoshape:13:2023-01-01:fe74b04992c60b918121","municipalityName":"世田谷区","prefectureName":"東京都","snapshotDate":"2023-01-01","sourceDataset":"historical-administrative-areas-beta","sourceProvider":"Geoshape","sourceResourceId":"gci:13112A1968"},"type":"Feature"}],"type":"FeatureCollection"}
